"date","rank","code"
"2022-01-04","1","7309"
"2022-01-04","2","5947"
"2022-01-04","3","9831"
"2022-01-04","4","7267"
"2022-01-04","5","6146"
"2022-01-04","6","9064"
"2022-01-04","7","7203"
"2022-01-04","8","8227"
"2022-01-04","9","5020"
"2022-01-04","10","6273"
"2022-01-05","1","7309"
"2022-01-05","2","4519"
"2022-01-05","3","5947"
"2022-01-05","4","9831"
"2022-01-05","5","7203"
"2022-01-05","6","7267"
"2022-01-05","7","9064"
"2022-01-05","8","6146"
"2022-01-05","9","8227"
"2022-01-05","10","7701"
"2022-01-06","1","7309"
"2022-01-06","2","4519"
"2022-01-06","3","5947"
"2022-01-06","4","9831"
"2022-01-06","5","7203"
"2022-01-06","6","7267"
"2022-01-06","7","7701"
"2022-01-06","8","9064"
"2022-01-06","9","6146"
"2022-01-06","10","6861"
"2022-01-07","1","7309"
"2022-01-07","2","4519"
"2022-01-07","3","5947"
"2022-01-07","4","9831"
"2022-01-07","5","7203"
"2022-01-07","6","6146"
"2022-01-07","7","7267"
"2022-01-07","8","7701"
"2022-01-07","9","9064"
"2022-01-07","10","6273"
"2022-01-11","1","7309"
"2022-01-11","2","4519"
"2022-01-11","3","6963"
"2022-01-11","4","5947"
"2022-01-11","5","9831"
"2022-01-11","6","7203"
"2022-01-11","7","7701"
"2022-01-11","8","6146"
"2022-01-11","9","7267"
"2022-01-11","10","9064"
"2022-01-12","1","7309"
"2022-01-12","2","4519"
"2022-01-12","3","5947"
"2022-01-12","4","9831"
"2022-01-12","5","7203"
"2022-01-12","6","7701"
"2022-01-12","7","9064"
"2022-01-12","8","6146"
"2022-01-12","9","7267"
"2022-01-12","10","6273"
"2022-01-13","1","7309"
"2022-01-13","2","4519"
"2022-01-13","3","5947"
"2022-01-13","4","9831"
"2022-01-13","5","7701"
"2022-01-13","6","7203"
"2022-01-13","7","6146"
"2022-01-13","8","9064"
"2022-01-13","9","6273"
"2022-01-13","10","5020"
"2022-01-14","1","4519"
"2022-01-14","2","7309"
"2022-01-14","3","5947"
"2022-01-14","4","9831"
"2022-01-14","5","7701"
"2022-01-14","6","7203"
"2022-01-14","7","9064"
"2022-01-14","8","6273"
"2022-01-14","9","7267"
"2022-01-14","10","6146"
"2022-01-17","1","4519"
"2022-01-17","2","7309"
"2022-01-17","3","5947"
"2022-01-17","4","7701"
"2022-01-17","5","9064"
"2022-01-17","6","6273"
"2022-01-17","7","9831"
"2022-01-17","8","6146"
"2022-01-17","9","5020"
"2022-01-17","10","6752"
"2022-01-18","1","4519"
"2022-01-18","2","7309"
"2022-01-18","3","5947"
"2022-01-18","4","7701"
"2022-01-18","5","9831"
"2022-01-18","6","9064"
"2022-01-18","7","6273"
"2022-01-18","8","7203"
"2022-01-18","9","5020"
"2022-01-18","10","5333"
"2022-01-19","1","7309"
"2022-01-19","2","4519"
"2022-01-19","3","7701"
"2022-01-19","4","9831"
"2022-01-19","5","9064"
"2022-01-19","6","6273"
"2022-01-19","7","5333"
"2022-01-19","8","5020"
"2022-01-19","9","6752"
"2022-01-19","10","6146"
"2022-01-20","1","7309"
"2022-01-20","2","4519"
"2022-01-20","3","7701"
"2022-01-20","4","9064"
"2022-01-20","5","9831"
"2022-01-20","6","6273"
"2022-01-20","7","5020"
"2022-01-20","8","5333"
"2022-01-20","9","6752"
"2022-01-20","10","6586"
"2022-01-21","1","7309"
"2022-01-21","2","4519"
"2022-01-21","3","7701"
"2022-01-21","4","9831"
"2022-01-21","5","9064"
"2022-01-21","6","6273"
"2022-01-21","7","5333"
"2022-01-21","8","8113"
"2022-01-21","9","4182"
"2022-01-21","10","5020"
"2022-01-24","1","7309"
"2022-01-24","2","4519"
"2022-01-24","3","6963"
"2022-01-24","4","9831"
"2022-01-24","5","9064"
"2022-01-24","6","6273"
"2022-01-24","7","7701"
"2022-01-24","8","5333"
"2022-01-24","9","8113"
"2022-01-24","10","6752"
"2022-01-25","1","7309"
"2022-01-25","2","4519"
"2022-01-25","3","6273"
"2022-01-25","4","9831"
"2022-01-25","5","9064"
"2022-01-25","6","7701"
"2022-01-25","7","5333"
"2022-01-25","8","6752"
"2022-01-25","9","5020"
"2022-01-25","10","6326"
"2022-01-26","1","7309"
"2022-01-26","2","4519"
"2022-01-26","3","6963"
"2022-01-26","4","6273"
"2022-01-26","5","7701"
"2022-01-26","6","9831"
"2022-01-26","7","5333"
"2022-01-26","8","6752"
"2022-01-26","9","9064"
"2022-01-26","10","5020"
"2022-01-27","1","7309"
"2022-01-27","2","4519"
"2022-01-27","3","5947"
"2022-01-27","4","6273"
"2022-01-27","5","7701"
"2022-01-27","6","5333"
"2022-01-27","7","9831"
"2022-01-27","8","6326"
"2022-01-27","9","9064"
"2022-01-27","10","5020"
"2022-01-28","1","7309"
"2022-01-28","2","4519"
"2022-01-28","3","5947"
"2022-01-28","4","6273"
"2022-01-28","5","6752"
"2022-01-28","6","5333"
"2022-01-28","7","7701"
"2022-01-28","8","9831"
"2022-01-28","9","6326"
"2022-01-28","10","6146"
"2022-01-31","1","7309"
"2022-01-31","2","4519"
"2022-01-31","3","5947"
"2022-01-31","4","6273"
"2022-01-31","5","6752"
"2022-01-31","6","9831"
"2022-01-31","7","5333"
"2022-01-31","8","9064"
"2022-01-31","9","6326"
"2022-01-31","10","5020"
"2022-02-01","1","7309"
"2022-02-01","2","4519"
"2022-02-01","3","5947"
"2022-02-01","4","6273"
"2022-02-01","5","6752"
"2022-02-01","6","5333"
"2022-02-01","7","7701"
"2022-02-01","8","9831"
"2022-02-01","9","9064"
"2022-02-01","10","5711"
"2022-02-02","1","7309"
"2022-02-02","2","4519"
"2022-02-02","3","5947"
"2022-02-02","4","6273"
"2022-02-02","5","6752"
"2022-02-02","6","9064"
"2022-02-02","7","9831"
"2022-02-02","8","5333"
"2022-02-02","9","7701"
"2022-02-02","10","6326"
"2022-02-03","1","7309"
"2022-02-03","2","4519"
"2022-02-03","3","5947"
"2022-02-03","4","6273"
"2022-02-03","5","9064"
"2022-02-03","6","9831"
"2022-02-03","7","5333"
"2022-02-03","8","5711"
"2022-02-03","9","7701"
"2022-02-03","10","6146"
"2022-02-04","1","7309"
"2022-02-04","2","4519"
"2022-02-04","3","6273"
"2022-02-04","4","5947"
"2022-02-04","5","6752"
"2022-02-04","6","9064"
"2022-02-04","7","5333"
"2022-02-04","8","5711"
"2022-02-04","9","6326"
"2022-02-04","10","7272"
"2022-02-07","1","7309"
"2022-02-07","2","4519"
"2022-02-07","3","6273"
"2022-02-07","4","5947"
"2022-02-07","5","3861"
"2022-02-07","6","9064"
"2022-02-07","7","6752"
"2022-02-07","8","5711"
"2022-02-07","9","6326"
"2022-02-07","10","7272"
"2022-02-08","1","7309"
"2022-02-08","2","4519"
"2022-02-08","3","6273"
"2022-02-08","4","5947"
"2022-02-08","5","6752"
"2022-02-08","6","6326"
"2022-02-08","7","5711"
"2022-02-08","8","3861"
"2022-02-08","9","9064"
"2022-02-08","10","7701"
"2022-02-09","1","4519"
"2022-02-09","2","6273"
"2022-02-09","3","6963"
"2022-02-09","4","6752"
"2022-02-09","5","5947"
"2022-02-09","6","3861"
"2022-02-09","7","5711"
"2022-02-09","8","9064"
"2022-02-09","9","6326"
"2022-02-09","10","7272"
"2022-02-10","1","4519"
"2022-02-10","2","6273"
"2022-02-10","3","6963"
"2022-02-10","4","3861"
"2022-02-10","5","6752"
"2022-02-10","6","5947"
"2022-02-10","7","7272"
"2022-02-10","8","7267"
"2022-02-10","9","5711"
"2022-02-10","10","6326"
"2022-02-14","1","4519"
"2022-02-14","2","6273"
"2022-02-14","3","6963"
"2022-02-14","4","3861"
"2022-02-14","5","5947"
"2022-02-14","6","6752"
"2022-02-14","7","7267"
"2022-02-14","8","7272"
"2022-02-14","9","5711"
"2022-02-14","10","7701"
"2022-02-15","1","4519"
"2022-02-15","2","6273"
"2022-02-15","3","6963"
"2022-02-15","4","3861"
"2022-02-15","5","5711"
"2022-02-15","6","6752"
"2022-02-15","7","7267"
"2022-02-15","8","5947"
"2022-02-15","9","7272"
"2022-02-15","10","7701"
"2022-02-16","1","4519"
"2022-02-16","2","6273"
"2022-02-16","3","6963"
"2022-02-16","4","3861"
"2022-02-16","5","5711"
"2022-02-16","6","6752"
"2022-02-16","7","7267"
"2022-02-16","8","7272"
"2022-02-16","9","5947"
"2022-02-16","10","7701"
"2022-02-17","1","4519"
"2022-02-17","2","6273"
"2022-02-17","3","6963"
"2022-02-17","4","3861"
"2022-02-17","5","5711"
"2022-02-17","6","5947"
"2022-02-17","7","7272"
"2022-02-17","8","7701"
"2022-02-17","9","6752"
"2022-02-17","10","7267"
"2022-02-18","1","4519"
"2022-02-18","2","6273"
"2022-02-18","3","3861"
"2022-02-18","4","6963"
"2022-02-18","5","7272"
"2022-02-18","6","5711"
"2022-02-18","7","5947"
"2022-02-18","8","6752"
"2022-02-18","9","7701"
"2022-02-18","10","7267"
"2022-02-21","1","6273"
"2022-02-21","2","4519"
"2022-02-21","3","3861"
"2022-02-21","4","6963"
"2022-02-21","5","7272"
"2022-02-21","6","5711"
"2022-02-21","7","6752"
"2022-02-21","8","5947"
"2022-02-21","9","7267"
"2022-02-21","10","7701"
"2022-02-22","1","4519"
"2022-02-22","2","6273"
"2022-02-22","3","3861"
"2022-02-22","4","6963"
"2022-02-22","5","6752"
"2022-02-22","6","5711"
"2022-02-22","7","5947"
"2022-02-22","8","7267"
"2022-02-22","9","7701"
"2022-02-22","10","4063"
"2022-02-24","1","4519"
"2022-02-24","2","6273"
"2022-02-24","3","3861"
"2022-02-24","4","6963"
"2022-02-24","5","6752"
"2022-02-24","6","5711"
"2022-02-24","7","5105"
"2022-02-24","8","7267"
"2022-02-24","9","5947"
"2022-02-24","10","7701"
"2022-02-25","1","4519"
"2022-02-25","2","6273"
"2022-02-25","3","3861"
"2022-02-25","4","5711"
"2022-02-25","5","6752"
"2022-02-25","6","6963"
"2022-02-25","7","5105"
"2022-02-25","8","5947"
"2022-02-25","9","7267"
"2022-02-25","10","7701"
"2022-02-28","1","4519"
"2022-02-28","2","6273"
"2022-02-28","3","3861"
"2022-02-28","4","5711"
"2022-02-28","5","6752"
"2022-02-28","6","6963"
"2022-02-28","7","5105"
"2022-02-28","8","5947"
"2022-02-28","9","7267"
"2022-02-28","10","7701"
"2022-03-01","1","6273"
"2022-03-01","2","4519"
"2022-03-01","3","3861"
"2022-03-01","4","6963"
"2022-03-01","5","5711"
"2022-03-01","6","6752"
"2022-03-01","7","4063"
"2022-03-01","8","5105"
"2022-03-01","9","5947"
"2022-03-01","10","7701"
"2022-03-02","1","6273"
"2022-03-02","2","4519"
"2022-03-02","3","3861"
"2022-03-02","4","6752"
"2022-03-02","5","6963"
"2022-03-02","6","5711"
"2022-03-02","7","4063"
"2022-03-02","8","7701"
"2022-03-02","9","5105"
"2022-03-02","10","5947"
"2022-03-03","1","6273"
"2022-03-03","2","4519"
"2022-03-03","3","6752"
"2022-03-03","4","6963"
"2022-03-03","5","3861"
"2022-03-03","6","4063"
"2022-03-03","7","5711"
"2022-03-03","8","5105"
"2022-03-03","9","7701"
"2022-03-03","10","7267"
"2022-03-04","1","6273"
"2022-03-04","2","4519"
"2022-03-04","3","6752"
"2022-03-04","4","3861"
"2022-03-04","5","6963"
"2022-03-04","6","5711"
"2022-03-04","7","4063"
"2022-03-04","8","5105"
"2022-03-04","9","7701"
"2022-03-04","10","7267"
"2022-03-07","1","4519"
"2022-03-07","2","6752"
"2022-03-07","3","6963"
"2022-03-07","4","5711"
"2022-03-07","5","4063"
"2022-03-07","6","3861"
"2022-03-07","7","7701"
"2022-03-07","8","7267"
"2022-03-07","9","6113"
"2022-03-07","10","4182"
"2022-03-08","1","6273"
"2022-03-08","2","4519"
"2022-03-08","3","3861"
"2022-03-08","4","6752"
"2022-03-08","5","4063"
"2022-03-08","6","6963"
"2022-03-08","7","7267"
"2022-03-08","8","7701"
"2022-03-08","9","6113"
"2022-03-08","10","9831"
"2022-03-09","1","6273"
"2022-03-09","2","4519"
"2022-03-09","3","3861"
"2022-03-09","4","6752"
"2022-03-09","5","6963"
"2022-03-09","6","4063"
"2022-03-09","7","7267"
"2022-03-09","8","7701"
"2022-03-09","9","4182"
"2022-03-09","10","6113"
"2022-03-10","1","4519"
"2022-03-10","2","6963"
"2022-03-10","3","4063"
"2022-03-10","4","7267"
"2022-03-10","5","3861"
"2022-03-10","6","7701"
"2022-03-10","7","4182"
"2022-03-10","8","6113"
"2022-03-10","9","9831"
"2022-03-10","10","5101"
"2022-03-11","1","4519"
"2022-03-11","2","6963"
"2022-03-11","3","4063"
"2022-03-11","4","7267"
"2022-03-11","5","7701"
"2022-03-11","6","3861"
"2022-03-11","7","4182"
"2022-03-11","8","6113"
"2022-03-11","9","6965"
"2022-03-11","10","4927"
"2022-03-14","1","4519"
"2022-03-14","2","6963"
"2022-03-14","3","6752"
"2022-03-14","4","4063"
"2022-03-14","5","7267"
"2022-03-14","6","7701"
"2022-03-14","7","6965"
"2022-03-14","8","4182"
"2022-03-14","9","3861"
"2022-03-14","10","4927"
"2022-03-15","1","4519"
"2022-03-15","2","6752"
"2022-03-15","3","4063"
"2022-03-15","4","6963"
"2022-03-15","5","7267"
"2022-03-15","6","3861"
"2022-03-15","7","4182"
"2022-03-15","8","7701"
"2022-03-15","9","6965"
"2022-03-15","10","9831"
"2022-03-16","1","4519"
"2022-03-16","2","6963"
"2022-03-16","3","6752"
"2022-03-16","4","4063"
"2022-03-16","5","7701"
"2022-03-16","6","3861"
"2022-03-16","7","7267"
"2022-03-16","8","4182"
"2022-03-16","9","4927"
"2022-03-16","10","9831"
"2022-03-17","1","4519"
"2022-03-17","2","4063"
"2022-03-17","3","6752"
"2022-03-17","4","6963"
"2022-03-17","5","7267"
"2022-03-17","6","4182"
"2022-03-17","7","7701"
"2022-03-17","8","3861"
"2022-03-17","9","9831"
"2022-03-17","10","6965"
"2022-03-18","1","4519"
"2022-03-18","2","6752"
"2022-03-18","3","4063"
"2022-03-18","4","6963"
"2022-03-18","5","4182"
"2022-03-18","6","7701"
"2022-03-18","7","7267"
"2022-03-18","8","3861"
"2022-03-18","9","8056"
"2022-03-18","10","6965"
"2022-03-22","1","4519"
"2022-03-22","2","6752"
"2022-03-22","3","4063"
"2022-03-22","4","6963"
"2022-03-22","5","4182"
"2022-03-22","6","7701"
"2022-03-22","7","7267"
"2022-03-22","8","8056"
"2022-03-22","9","3861"
"2022-03-22","10","6965"
"2022-03-23","1","4519"
"2022-03-23","2","6752"
"2022-03-23","3","4063"
"2022-03-23","4","6963"
"2022-03-23","5","4182"
"2022-03-23","6","7701"
"2022-03-23","7","7267"
"2022-03-23","8","8056"
"2022-03-23","9","4927"
"2022-03-23","10","3861"
"2022-03-24","1","4519"
"2022-03-24","2","6752"
"2022-03-24","3","4063"
"2022-03-24","4","6963"
"2022-03-24","5","4182"
"2022-03-24","6","7267"
"2022-03-24","7","7701"
"2022-03-24","8","8056"
"2022-03-24","9","3861"
"2022-03-24","10","4927"
"2022-03-25","1","4519"
"2022-03-25","2","6752"
"2022-03-25","3","4063"
"2022-03-25","4","6963"
"2022-03-25","5","4182"
"2022-03-25","6","7701"
"2022-03-25","7","8056"
"2022-03-25","8","7267"
"2022-03-25","9","3861"
"2022-03-25","10","6965"
"2022-03-28","1","4519"
"2022-03-28","2","6752"
"2022-03-28","3","4063"
"2022-03-28","4","4182"
"2022-03-28","5","6963"
"2022-03-28","6","8056"
"2022-03-28","7","7701"
"2022-03-28","8","5101"
"2022-03-28","9","7267"
"2022-03-28","10","3861"
"2022-03-29","1","4519"
"2022-03-29","2","6752"
"2022-03-29","3","4063"
"2022-03-29","4","6963"
"2022-03-29","5","4182"
"2022-03-29","6","8056"
"2022-03-29","7","7701"
"2022-03-29","8","3861"
"2022-03-29","9","7267"
"2022-03-29","10","9831"
"2022-03-30","1","4519"
"2022-03-30","2","6752"
"2022-03-30","3","4063"
"2022-03-30","4","4182"
"2022-03-30","5","6963"
"2022-03-30","6","8056"
"2022-03-30","7","9831"
"2022-03-30","8","7701"
"2022-03-30","9","7267"
"2022-03-30","10","6965"
"2022-03-31","1","4519"
"2022-03-31","2","4063"
"2022-03-31","3","6752"
"2022-03-31","4","4182"
"2022-03-31","5","6963"
"2022-03-31","6","8056"
"2022-03-31","7","9831"
"2022-03-31","8","7701"
"2022-03-31","9","7267"
"2022-03-31","10","6965"
"2022-04-01","1","4519"
"2022-04-01","2","4063"
"2022-04-01","3","4182"
"2022-04-01","4","6752"
"2022-04-01","5","6963"
"2022-04-01","6","9831"
"2022-04-01","7","7701"
"2022-04-01","8","8056"
"2022-04-01","9","7267"
"2022-04-01","10","6594"
"2022-04-04","1","4519"
"2022-04-04","2","4182"
"2022-04-04","3","4063"
"2022-04-04","4","6752"
"2022-04-04","5","6963"
"2022-04-04","6","9831"
"2022-04-04","7","6594"
"2022-04-04","8","7701"
"2022-04-04","9","8056"
"2022-04-04","10","6965"
"2022-04-05","1","4519"
"2022-04-05","2","4182"
"2022-04-05","3","4063"
"2022-04-05","4","6752"
"2022-04-05","5","6963"
"2022-04-05","6","7701"
"2022-04-05","7","6594"
"2022-04-05","8","9831"
"2022-04-05","9","6965"
"2022-04-05","10","9143"
"2022-04-06","1","4519"
"2022-04-06","2","4182"
"2022-04-06","3","4063"
"2022-04-06","4","6752"
"2022-04-06","5","7701"
"2022-04-06","6","6963"
"2022-04-06","7","6594"
"2022-04-06","8","9831"
"2022-04-06","9","9143"
"2022-04-06","10","6965"
"2022-04-07","1","4519"
"2022-04-07","2","4182"
"2022-04-07","3","4063"
"2022-04-07","4","6752"
"2022-04-07","5","6963"
"2022-04-07","6","7701"
"2022-04-07","7","6594"
"2022-04-07","8","9831"
"2022-04-07","9","6965"
"2022-04-07","10","5947"
"2022-04-08","1","4519"
"2022-04-08","2","4182"
"2022-04-08","3","4063"
"2022-04-08","4","6752"
"2022-04-08","5","6963"
"2022-04-08","6","7701"
"2022-04-08","7","9831"
"2022-04-08","8","6594"
"2022-04-08","9","6965"
"2022-04-08","10","5101"
"2022-04-11","1","6273"
"2022-04-11","2","4182"
"2022-04-11","3","4519"
"2022-04-11","4","4063"
"2022-04-11","5","6752"
"2022-04-11","6","6963"
"2022-04-11","7","9831"
"2022-04-11","8","7701"
"2022-04-11","9","6965"
"2022-04-11","10","6594"
"2022-04-12","1","4182"
"2022-04-12","2","4519"
"2022-04-12","3","4063"
"2022-04-12","4","6752"
"2022-04-12","5","6963"
"2022-04-12","6","3391"
"2022-04-12","7","5947"
"2022-04-12","8","9831"
"2022-04-12","9","7701"
"2022-04-12","10","6965"
"2022-04-13","1","4182"
"2022-04-13","2","4063"
"2022-04-13","3","4519"
"2022-04-13","4","6752"
"2022-04-13","5","6963"
"2022-04-13","6","5947"
"2022-04-13","7","9831"
"2022-04-13","8","7701"
"2022-04-13","9","3391"
"2022-04-13","10","6965"
"2022-04-14","1","4182"
"2022-04-14","2","4063"
"2022-04-14","3","4519"
"2022-04-14","4","6752"
"2022-04-14","5","5947"
"2022-04-14","6","9831"
"2022-04-14","7","7701"
"2022-04-14","8","3391"
"2022-04-14","9","6963"
"2022-04-14","10","5101"
"2022-04-15","1","4182"
"2022-04-15","2","4063"
"2022-04-15","3","4519"
"2022-04-15","4","6752"
"2022-04-15","5","5947"
"2022-04-15","6","9831"
"2022-04-15","7","3391"
"2022-04-15","8","6963"
"2022-04-15","9","7701"
"2022-04-15","10","9143"
"2022-04-18","1","4182"
"2022-04-18","2","4063"
"2022-04-18","3","4519"
"2022-04-18","4","6752"
"2022-04-18","5","5947"
"2022-04-18","6","9831"
"2022-04-18","7","3391"
"2022-04-18","8","9143"
"2022-04-18","9","7701"
"2022-04-18","10","6963"
"2022-04-19","1","4182"
"2022-04-19","2","4063"
"2022-04-19","3","4519"
"2022-04-19","4","6752"
"2022-04-19","5","5947"
"2022-04-19","6","3391"
"2022-04-19","7","9831"
"2022-04-19","8","7701"
"2022-04-19","9","9143"
"2022-04-19","10","6963"
"2022-04-20","1","4063"
"2022-04-20","2","5947"
"2022-04-20","3","4519"
"2022-04-20","4","6752"
"2022-04-20","5","3391"
"2022-04-20","6","7701"
"2022-04-20","7","9831"
"2022-04-20","8","9143"
"2022-04-20","9","6963"
"2022-04-20","10","5101"
"2022-04-21","1","5947"
"2022-04-21","2","4063"
"2022-04-21","3","4519"
"2022-04-21","4","6752"
"2022-04-21","5","3391"
"2022-04-21","6","7701"
"2022-04-21","7","9831"
"2022-04-21","8","5101"
"2022-04-21","9","6963"
"2022-04-21","10","9143"
"2022-04-22","1","4182"
"2022-04-22","2","4063"
"2022-04-22","3","4519"
"2022-04-22","4","5947"
"2022-04-22","5","6752"
"2022-04-22","6","3391"
"2022-04-22","7","9143"
"2022-04-22","8","7701"
"2022-04-22","9","5101"
"2022-04-22","10","9831"
"2022-04-25","1","4519"
"2022-04-25","2","4182"
"2022-04-25","3","4063"
"2022-04-25","4","5947"
"2022-04-25","5","6752"
"2022-04-25","6","3391"
"2022-04-25","7","5201"
"2022-04-25","8","9831"
"2022-04-25","9","9143"
"2022-04-25","10","7701"
"2022-04-26","1","4519"
"2022-04-26","2","4063"
"2022-04-26","3","5947"
"2022-04-26","4","6752"
"2022-04-26","5","3391"
"2022-04-26","6","5201"
"2022-04-26","7","7701"
"2022-04-26","8","9831"
"2022-04-26","9","9143"
"2022-04-26","10","6963"
"2022-04-27","1","4063"
"2022-04-27","2","4182"
"2022-04-27","3","4519"
"2022-04-27","4","5947"
"2022-04-27","5","6752"
"2022-04-27","6","3391"
"2022-04-27","7","9831"
"2022-04-27","8","9143"
"2022-04-27","9","6963"
"2022-04-27","10","7701"
"2022-04-28","1","4063"
"2022-04-28","2","4519"
"2022-04-28","3","5947"
"2022-04-28","4","4182"
"2022-04-28","5","6752"
"2022-04-28","6","3391"
"2022-04-28","7","9143"
"2022-04-28","8","9831"
"2022-04-28","9","6963"
"2022-04-28","10","7701"
"2022-05-02","1","4063"
"2022-05-02","2","4519"
"2022-05-02","3","5947"
"2022-05-02","4","4182"
"2022-05-02","5","6752"
"2022-05-02","6","3391"
"2022-05-02","7","6963"
"2022-05-02","8","9143"
"2022-05-02","9","7701"
"2022-05-02","10","9831"
"2022-05-06","1","6273"
"2022-05-06","2","4063"
"2022-05-06","3","4519"
"2022-05-06","4","5947"
"2022-05-06","5","4182"
"2022-05-06","6","6752"
"2022-05-06","7","3391"
"2022-05-06","8","9143"
"2022-05-06","9","7701"
"2022-05-06","10","9831"
"2022-05-09","1","6273"
"2022-05-09","2","4063"
"2022-05-09","3","4519"
"2022-05-09","4","5947"
"2022-05-09","5","9831"
"2022-05-09","6","4182"
"2022-05-09","7","3391"
"2022-05-09","8","6752"
"2022-05-09","9","9143"
"2022-05-09","10","7701"
"2022-05-10","1","6273"
"2022-05-10","2","4063"
"2022-05-10","3","4519"
"2022-05-10","4","5947"
"2022-05-10","5","9831"
"2022-05-10","6","4182"
"2022-05-10","7","3391"
"2022-05-10","8","6752"
"2022-05-10","9","9143"
"2022-05-10","10","7701"
"2022-05-11","1","6273"
"2022-05-11","2","4063"
"2022-05-11","3","4519"
"2022-05-11","4","9831"
"2022-05-11","5","5947"
"2022-05-11","6","4182"
"2022-05-11","7","7701"
"2022-05-11","8","3391"
"2022-05-11","9","6752"
"2022-05-11","10","9143"
"2022-05-12","1","6273"
"2022-05-12","2","4063"
"2022-05-12","3","4519"
"2022-05-12","4","9831"
"2022-05-12","5","5947"
"2022-05-12","6","4182"
"2022-05-12","7","3391"
"2022-05-12","8","7701"
"2022-05-12","9","6752"
"2022-05-12","10","9143"
"2022-05-13","1","6273"
"2022-05-13","2","4519"
"2022-05-13","3","4063"
"2022-05-13","4","4182"
"2022-05-13","5","9831"
"2022-05-13","6","7701"
"2022-05-13","7","9143"
"2022-05-13","8","6594"
"2022-05-13","9","5947"
"2022-05-13","10","3861"
"2022-05-16","1","6273"
"2022-05-16","2","4519"
"2022-05-16","3","4063"
"2022-05-16","4","4182"
"2022-05-16","5","9831"
"2022-05-16","6","7701"
"2022-05-16","7","3861"
"2022-05-16","8","9143"
"2022-05-16","9","6594"
"2022-05-16","10","3391"
"2022-05-17","1","6273"
"2022-05-17","2","4519"
"2022-05-17","3","4063"
"2022-05-17","4","4182"
"2022-05-17","5","3861"
"2022-05-17","6","9143"
"2022-05-17","7","6594"
"2022-05-17","8","9831"
"2022-05-17","9","7701"
"2022-05-17","10","3391"
"2022-05-18","1","6273"
"2022-05-18","2","4519"
"2022-05-18","3","4063"
"2022-05-18","4","4182"
"2022-05-18","5","6594"
"2022-05-18","6","3861"
"2022-05-18","7","9143"
"2022-05-18","8","9831"
"2022-05-18","9","7701"
"2022-05-18","10","6752"
"2022-05-19","1","6273"
"2022-05-19","2","4519"
"2022-05-19","3","4063"
"2022-05-19","4","4182"
"2022-05-19","5","6594"
"2022-05-19","6","9143"
"2022-05-19","7","3861"
"2022-05-19","8","9831"
"2022-05-19","9","7701"
"2022-05-19","10","6752"
"2022-05-20","1","6273"
"2022-05-20","2","4519"
"2022-05-20","3","4063"
"2022-05-20","4","4182"
"2022-05-20","5","5334"
"2022-05-20","6","9143"
"2022-05-20","7","7701"
"2022-05-20","8","9831"
"2022-05-20","9","3861"
"2022-05-20","10","6752"
"2022-05-23","1","6273"
"2022-05-23","2","4519"
"2022-05-23","3","4063"
"2022-05-23","4","4182"
"2022-05-23","5","3861"
"2022-05-23","6","9143"
"2022-05-23","7","6752"
"2022-05-23","8","5334"
"2022-05-23","9","7701"
"2022-05-23","10","9831"
"2022-05-24","1","6273"
"2022-05-24","2","4519"
"2022-05-24","3","4063"
"2022-05-24","4","9143"
"2022-05-24","5","5334"
"2022-05-24","6","7701"
"2022-05-24","7","9831"
"2022-05-24","8","6752"
"2022-05-24","9","4182"
"2022-05-24","10","3861"
"2022-05-25","1","6273"
"2022-05-25","2","4519"
"2022-05-25","3","4063"
"2022-05-25","4","9143"
"2022-05-25","5","5711"
"2022-05-25","6","5334"
"2022-05-25","7","9831"
"2022-05-25","8","7701"
"2022-05-25","9","6752"
"2022-05-25","10","3861"
"2022-05-26","1","6273"
"2022-05-26","2","4519"
"2022-05-26","3","4063"
"2022-05-26","4","9143"
"2022-05-26","5","5334"
"2022-05-26","6","5711"
"2022-05-26","7","9831"
"2022-05-26","8","6752"
"2022-05-26","9","7167"
"2022-05-26","10","4182"
"2022-05-27","1","6273"
"2022-05-27","2","4519"
"2022-05-27","3","4063"
"2022-05-27","4","9143"
"2022-05-27","5","5334"
"2022-05-27","6","5711"
"2022-05-27","7","9831"
"2022-05-27","8","7701"
"2022-05-27","9","6965"
"2022-05-27","10","6752"
"2022-05-30","1","4519"
"2022-05-30","2","4063"
"2022-05-30","3","5334"
"2022-05-30","4","9143"
"2022-05-30","5","5711"
"2022-05-30","6","9831"
"2022-05-30","7","6752"
"2022-05-30","8","6965"
"2022-05-30","9","7701"
"2022-05-30","10","5108"
"2022-05-31","1","4519"
"2022-05-31","2","4063"
"2022-05-31","3","5334"
"2022-05-31","4","9143"
"2022-05-31","5","5711"
"2022-05-31","6","9831"
"2022-05-31","7","6752"
"2022-05-31","8","7701"
"2022-05-31","9","7167"
"2022-05-31","10","6965"
"2022-06-01","1","4519"
"2022-06-01","2","4063"
"2022-06-01","3","5334"
"2022-06-01","4","9143"
"2022-06-01","5","6752"
"2022-06-01","6","5711"
"2022-06-01","7","9831"
"2022-06-01","8","7167"
"2022-06-01","9","7701"
"2022-06-01","10","3861"
"2022-06-02","1","6273"
"2022-06-02","2","4519"
"2022-06-02","3","4063"
"2022-06-02","4","5334"
"2022-06-02","5","9143"
"2022-06-02","6","5711"
"2022-06-02","7","6752"
"2022-06-02","8","3861"
"2022-06-02","9","7701"
"2022-06-02","10","2587"
"2022-06-03","1","6273"
"2022-06-03","2","4519"
"2022-06-03","3","4063"
"2022-06-03","4","5334"
"2022-06-03","5","9143"
"2022-06-03","6","5711"
"2022-06-03","7","7701"
"2022-06-03","8","6965"
"2022-06-03","9","4182"
"2022-06-03","10","9831"
"2022-06-06","1","4519"
"2022-06-06","2","6273"
"2022-06-06","3","4063"
"2022-06-06","4","5334"
"2022-06-06","5","9143"
"2022-06-06","6","7701"
"2022-06-06","7","5711"
"2022-06-06","8","6965"
"2022-06-06","9","6752"
"2022-06-06","10","3861"
"2022-06-07","1","4519"
"2022-06-07","2","6273"
"2022-06-07","3","4063"
"2022-06-07","4","5334"
"2022-06-07","5","9143"
"2022-06-07","6","5201"
"2022-06-07","7","7701"
"2022-06-07","8","5711"
"2022-06-07","9","4182"
"2022-06-07","10","6752"
"2022-06-08","1","4519"
"2022-06-08","2","6273"
"2022-06-08","3","4063"
"2022-06-08","4","5334"
"2022-06-08","5","9143"
"2022-06-08","6","7701"
"2022-06-08","7","5711"
"2022-06-08","8","4182"
"2022-06-08","9","3861"
"2022-06-08","10","8053"
"2022-06-09","1","6273"
"2022-06-09","2","4519"
"2022-06-09","3","4063"
"2022-06-09","4","5334"
"2022-06-09","5","9143"
"2022-06-09","6","5201"
"2022-06-09","7","7701"
"2022-06-09","8","4182"
"2022-06-09","9","5711"
"2022-06-09","10","5108"
"2022-06-10","1","6273"
"2022-06-10","2","4519"
"2022-06-10","3","4063"
"2022-06-10","4","5334"
"2022-06-10","5","9143"
"2022-06-10","6","5201"
"2022-06-10","7","7701"
"2022-06-10","8","5711"
"2022-06-10","9","4182"
"2022-06-10","10","8053"
"2022-06-13","1","4519"
"2022-06-13","2","4063"
"2022-06-13","3","9143"
"2022-06-13","4","5334"
"2022-06-13","5","7701"
"2022-06-13","6","5201"
"2022-06-13","7","2587"
"2022-06-13","8","5108"
"2022-06-13","9","8053"
"2022-06-13","10","5711"
"2022-06-14","1","4519"
"2022-06-14","2","4063"
"2022-06-14","3","9143"
"2022-06-14","4","7701"
"2022-06-14","5","5201"
"2022-06-14","6","5334"
"2022-06-14","7","2587"
"2022-06-14","8","4182"
"2022-06-14","9","8053"
"2022-06-14","10","5108"
"2022-06-15","1","4519"
"2022-06-15","2","4063"
"2022-06-15","3","9143"
"2022-06-15","4","5201"
"2022-06-15","5","2587"
"2022-06-15","6","5334"
"2022-06-15","7","7701"
"2022-06-15","8","8053"
"2022-06-15","9","4182"
"2022-06-15","10","5711"
"2022-06-16","1","4519"
"2022-06-16","2","4063"
"2022-06-16","3","9143"
"2022-06-16","4","5334"
"2022-06-16","5","5201"
"2022-06-16","6","2587"
"2022-06-16","7","8053"
"2022-06-16","8","7701"
"2022-06-16","9","5711"
"2022-06-16","10","4182"
"2022-06-17","1","4519"
"2022-06-17","2","4063"
"2022-06-17","3","9143"
"2022-06-17","4","2587"
"2022-06-17","5","5334"
"2022-06-17","6","5711"
"2022-06-17","7","7701"
"2022-06-17","8","8053"
"2022-06-17","9","4182"
"2022-06-17","10","6965"
"2022-06-20","1","4519"
"2022-06-20","2","4063"
"2022-06-20","3","9143"
"2022-06-20","4","5334"
"2022-06-20","5","7701"
"2022-06-20","6","5711"
"2022-06-20","7","2587"
"2022-06-20","8","8053"
"2022-06-20","9","4182"
"2022-06-20","10","6965"
"2022-06-21","1","4519"
"2022-06-21","2","4063"
"2022-06-21","3","9143"
"2022-06-21","4","5334"
"2022-06-21","5","7701"
"2022-06-21","6","2587"
"2022-06-21","7","5711"
"2022-06-21","8","8053"
"2022-06-21","9","6965"
"2022-06-21","10","5108"
"2022-06-22","1","4519"
"2022-06-22","2","4063"
"2022-06-22","3","9143"
"2022-06-22","4","5334"
"2022-06-22","5","6965"
"2022-06-22","6","7701"
"2022-06-22","7","8053"
"2022-06-22","8","4182"
"2022-06-22","9","5711"
"2022-06-22","10","2587"
"2022-06-23","1","4519"
"2022-06-23","2","4063"
"2022-06-23","3","9143"
"2022-06-23","4","5334"
"2022-06-23","5","7701"
"2022-06-23","6","6965"
"2022-06-23","7","8053"
"2022-06-23","8","5711"
"2022-06-23","9","4182"
"2022-06-23","10","2587"
"2022-06-24","1","4519"
"2022-06-24","2","4063"
"2022-06-24","3","9143"
"2022-06-24","4","5334"
"2022-06-24","5","7701"
"2022-06-24","6","6965"
"2022-06-24","7","8053"
"2022-06-24","8","2587"
"2022-06-24","9","5711"
"2022-06-24","10","5108"
"2022-06-27","1","4519"
"2022-06-27","2","4063"
"2022-06-27","3","5334"
"2022-06-27","4","9143"
"2022-06-27","5","6965"
"2022-06-27","6","8053"
"2022-06-27","7","5108"
"2022-06-27","8","5711"
"2022-06-27","9","5201"
"2022-06-27","10","2587"
"2022-06-28","1","4519"
"2022-06-28","2","5334"
"2022-06-28","3","9143"
"2022-06-28","4","6965"
"2022-06-28","5","8053"
"2022-06-28","6","4182"
"2022-06-28","7","5108"
"2022-06-28","8","5711"
"2022-06-28","9","5201"
"2022-06-28","10","8001"
"2022-06-29","1","4519"
"2022-06-29","2","4063"
"2022-06-29","3","5334"
"2022-06-29","4","6965"
"2022-06-29","5","8053"
"2022-06-29","6","9143"
"2022-06-29","7","4182"
"2022-06-29","8","5201"
"2022-06-29","9","5108"
"2022-06-29","10","5711"
"2022-06-30","1","4519"
"2022-06-30","2","4063"
"2022-06-30","3","5334"
"2022-06-30","4","6965"
"2022-06-30","5","9143"
"2022-06-30","6","8053"
"2022-06-30","7","7701"
"2022-06-30","8","6301"
"2022-06-30","9","4182"
"2022-06-30","10","5108"
"2022-07-01","1","4519"
"2022-07-01","2","4063"
"2022-07-01","3","5334"
"2022-07-01","4","6965"
"2022-07-01","5","9143"
"2022-07-01","6","2587"
"2022-07-01","7","6301"
"2022-07-01","8","8053"
"2022-07-01","9","8001"
"2022-07-01","10","5108"
"2022-07-04","1","4519"
"2022-07-04","2","4063"
"2022-07-04","3","5334"
"2022-07-04","4","6965"
"2022-07-04","5","9143"
"2022-07-04","6","5201"
"2022-07-04","7","2587"
"2022-07-04","8","6301"
"2022-07-04","9","8053"
"2022-07-04","10","4182"
"2022-07-05","1","4519"
"2022-07-05","2","4063"
"2022-07-05","3","5334"
"2022-07-05","4","6965"
"2022-07-05","5","5201"
"2022-07-05","6","9143"
"2022-07-05","7","2587"
"2022-07-05","8","8053"
"2022-07-05","9","4182"
"2022-07-05","10","6301"
"2022-07-06","1","4519"
"2022-07-06","2","4063"
"2022-07-06","3","5334"
"2022-07-06","4","6965"
"2022-07-06","5","5201"
"2022-07-06","6","9143"
"2022-07-06","7","2587"
"2022-07-06","8","4182"
"2022-07-06","9","8001"
"2022-07-06","10","8053"
"2022-07-07","1","4519"
"2022-07-07","2","4063"
"2022-07-07","3","5334"
"2022-07-07","4","6965"
"2022-07-07","5","2587"
"2022-07-07","6","9143"
"2022-07-07","7","5201"
"2022-07-07","8","4182"
"2022-07-07","9","8001"
"2022-07-07","10","8053"
"2022-07-08","1","4063"
"2022-07-08","2","4519"
"2022-07-08","3","5334"
"2022-07-08","4","6965"
"2022-07-08","5","2587"
"2022-07-08","6","9143"
"2022-07-08","7","4182"
"2022-07-08","8","8053"
"2022-07-08","9","8001"
"2022-07-08","10","1911"
"2022-07-11","1","4063"
"2022-07-11","2","4519"
"2022-07-11","3","5334"
"2022-07-11","4","6965"
"2022-07-11","5","9143"
"2022-07-11","6","2587"
"2022-07-11","7","4182"
"2022-07-11","8","8053"
"2022-07-11","9","8001"
"2022-07-11","10","1911"
"2022-07-12","1","4063"
"2022-07-12","2","4519"
"2022-07-12","3","5334"
"2022-07-12","4","6965"
"2022-07-12","5","2587"
"2022-07-12","6","9143"
"2022-07-12","7","8053"
"2022-07-12","8","4182"
"2022-07-12","9","8001"
"2022-07-12","10","1911"
"2022-07-13","1","4063"
"2022-07-13","2","4519"
"2022-07-13","3","5334"
"2022-07-13","4","6965"
"2022-07-13","5","4182"
"2022-07-13","6","2587"
"2022-07-13","7","9143"
"2022-07-13","8","8053"
"2022-07-13","9","1911"
"2022-07-13","10","8001"
"2022-07-14","1","4063"
"2022-07-14","2","4519"
"2022-07-14","3","5334"
"2022-07-14","4","6965"
"2022-07-14","5","4182"
"2022-07-14","6","2587"
"2022-07-14","7","1911"
"2022-07-14","8","9143"
"2022-07-14","9","8053"
"2022-07-14","10","8001"
"2022-07-15","1","4063"
"2022-07-15","2","4519"
"2022-07-15","3","5334"
"2022-07-15","4","6965"
"2022-07-15","5","5201"
"2022-07-15","6","4182"
"2022-07-15","7","2587"
"2022-07-15","8","8053"
"2022-07-15","9","9143"
"2022-07-15","10","1911"
"2022-07-19","1","4063"
"2022-07-19","2","4519"
"2022-07-19","3","5334"
"2022-07-19","4","6965"
"2022-07-19","5","4182"
"2022-07-19","6","5201"
"2022-07-19","7","8053"
"2022-07-19","8","9143"
"2022-07-19","9","2587"
"2022-07-19","10","6113"
"2022-07-20","1","4063"
"2022-07-20","2","4519"
"2022-07-20","3","5334"
"2022-07-20","4","6965"
"2022-07-20","5","4182"
"2022-07-20","6","8053"
"2022-07-20","7","9143"
"2022-07-20","8","6113"
"2022-07-20","9","2587"
"2022-07-20","10","1911"
"2022-07-21","1","4063"
"2022-07-21","2","4519"
"2022-07-21","3","5334"
"2022-07-21","4","6965"
"2022-07-21","5","4182"
"2022-07-21","6","8053"
"2022-07-21","7","1911"
"2022-07-21","8","9143"
"2022-07-21","9","6113"
"2022-07-21","10","2587"
"2022-07-22","1","4063"
"2022-07-22","2","5334"
"2022-07-22","3","4519"
"2022-07-22","4","6965"
"2022-07-22","5","4182"
"2022-07-22","6","8053"
"2022-07-22","7","1911"
"2022-07-22","8","9143"
"2022-07-22","9","2587"
"2022-07-22","10","8001"
"2022-07-25","1","4063"
"2022-07-25","2","5334"
"2022-07-25","3","4519"
"2022-07-25","4","6965"
"2022-07-25","5","4182"
"2022-07-25","6","1911"
"2022-07-25","7","8053"
"2022-07-25","8","9143"
"2022-07-25","9","2587"
"2022-07-25","10","6113"
"2022-07-26","1","4063"
"2022-07-26","2","4519"
"2022-07-26","3","5334"
"2022-07-26","4","6965"
"2022-07-26","5","8053"
"2022-07-26","6","1911"
"2022-07-26","7","9143"
"2022-07-26","8","3003"
"2022-07-26","9","2587"
"2022-07-26","10","3407"
"2022-07-27","1","4063"
"2022-07-27","2","5334"
"2022-07-27","3","4519"
"2022-07-27","4","6965"
"2022-07-27","5","8053"
"2022-07-27","6","1911"
"2022-07-27","7","9143"
"2022-07-27","8","3407"
"2022-07-27","9","3003"
"2022-07-27","10","2587"
"2022-07-28","1","5334"
"2022-07-28","2","4519"
"2022-07-28","3","4182"
"2022-07-28","4","8053"
"2022-07-28","5","6965"
"2022-07-28","6","9143"
"2022-07-28","7","1911"
"2022-07-28","8","3407"
"2022-07-28","9","3003"
"2022-07-28","10","5711"
"2022-07-29","1","5334"
"2022-07-29","2","4519"
"2022-07-29","3","4182"
"2022-07-29","4","8053"
"2022-07-29","5","6965"
"2022-07-29","6","1911"
"2022-07-29","7","3407"
"2022-07-29","8","9143"
"2022-07-29","9","3003"
"2022-07-29","10","6724"
"2022-08-01","1","5334"
"2022-08-01","2","4519"
"2022-08-01","3","4182"
"2022-08-01","4","6965"
"2022-08-01","5","8053"
"2022-08-01","6","1911"
"2022-08-01","7","3003"
"2022-08-01","8","3407"
"2022-08-01","9","6724"
"2022-08-01","10","3861"
"2022-08-02","1","5334"
"2022-08-02","2","4519"
"2022-08-02","3","4182"
"2022-08-02","4","5201"
"2022-08-02","5","6965"
"2022-08-02","6","8053"
"2022-08-02","7","1911"
"2022-08-02","8","3861"
"2022-08-02","9","3003"
"2022-08-02","10","3407"
"2022-08-03","1","5334"
"2022-08-03","2","4519"
"2022-08-03","3","4182"
"2022-08-03","4","6965"
"2022-08-03","5","1911"
"2022-08-03","6","8053"
"2022-08-03","7","3003"
"2022-08-03","8","3861"
"2022-08-03","9","3407"
"2022-08-03","10","2587"
"2022-08-04","1","5334"
"2022-08-04","2","4519"
"2022-08-04","3","4182"
"2022-08-04","4","6965"
"2022-08-04","5","5201"
"2022-08-04","6","1911"
"2022-08-04","7","3407"
"2022-08-04","8","8053"
"2022-08-04","9","3003"
"2022-08-04","10","3861"
"2022-08-05","1","4063"
"2022-08-05","2","5334"
"2022-08-05","3","4519"
"2022-08-05","4","4182"
"2022-08-05","5","6965"
"2022-08-05","6","5201"
"2022-08-05","7","3407"
"2022-08-05","8","8053"
"2022-08-05","9","1911"
"2022-08-05","10","3003"
"2022-08-08","1","4063"
"2022-08-08","2","5334"
"2022-08-08","3","4182"
"2022-08-08","4","4519"
"2022-08-08","5","6965"
"2022-08-08","6","1911"
"2022-08-08","7","5201"
"2022-08-08","8","8053"
"2022-08-08","9","3003"
"2022-08-08","10","3407"
"2022-08-09","1","4063"
"2022-08-09","2","5334"
"2022-08-09","3","4182"
"2022-08-09","4","4519"
"2022-08-09","5","6965"
"2022-08-09","6","1911"
"2022-08-09","7","8053"
"2022-08-09","8","3407"
"2022-08-09","9","3861"
"2022-08-09","10","3003"
"2022-08-10","1","4063"
"2022-08-10","2","5334"
"2022-08-10","3","4182"
"2022-08-10","4","4519"
"2022-08-10","5","1911"
"2022-08-10","6","6965"
"2022-08-10","7","8053"
"2022-08-10","8","3407"
"2022-08-10","9","8001"
"2022-08-10","10","3003"
"2022-08-12","1","4063"
"2022-08-12","2","5334"
"2022-08-12","3","4519"
"2022-08-12","4","4182"
"2022-08-12","5","1911"
"2022-08-12","6","6965"
"2022-08-12","7","8053"
"2022-08-12","8","3407"
"2022-08-12","9","2587"
"2022-08-12","10","8001"
"2022-08-15","1","4063"
"2022-08-15","2","4519"
"2022-08-15","3","5334"
"2022-08-15","4","4182"
"2022-08-15","5","1911"
"2022-08-15","6","6965"
"2022-08-15","7","8053"
"2022-08-15","8","2587"
"2022-08-15","9","8001"
"2022-08-15","10","3407"
"2022-08-16","1","4063"
"2022-08-16","2","4519"
"2022-08-16","3","1911"
"2022-08-16","4","5334"
"2022-08-16","5","4182"
"2022-08-16","6","8053"
"2022-08-16","7","2587"
"2022-08-16","8","6965"
"2022-08-16","9","6301"
"2022-08-16","10","8001"
"2022-08-17","1","4063"
"2022-08-17","2","4519"
"2022-08-17","3","5334"
"2022-08-17","4","1911"
"2022-08-17","5","4182"
"2022-08-17","6","8056"
"2022-08-17","7","2587"
"2022-08-17","8","8053"
"2022-08-17","9","6965"
"2022-08-17","10","3003"
"2022-08-18","1","4063"
"2022-08-18","2","4519"
"2022-08-18","3","5334"
"2022-08-18","4","1911"
"2022-08-18","5","4182"
"2022-08-18","6","8056"
"2022-08-18","7","2587"
"2022-08-18","8","8053"
"2022-08-18","9","6965"
"2022-08-18","10","8001"
"2022-08-19","1","4063"
"2022-08-19","2","4519"
"2022-08-19","3","5334"
"2022-08-19","4","1911"
"2022-08-19","5","4182"
"2022-08-19","6","8056"
"2022-08-19","7","2587"
"2022-08-19","8","8053"
"2022-08-19","9","6301"
"2022-08-19","10","6965"
"2022-08-22","1","4063"
"2022-08-22","2","4519"
"2022-08-22","3","5334"
"2022-08-22","4","4182"
"2022-08-22","5","1911"
"2022-08-22","6","8056"
"2022-08-22","7","8053"
"2022-08-22","8","6301"
"2022-08-22","9","6965"
"2022-08-22","10","8001"
"2022-08-23","1","4063"
"2022-08-23","2","4519"
"2022-08-23","3","5334"
"2022-08-23","4","4182"
"2022-08-23","5","1911"
"2022-08-23","6","8056"
"2022-08-23","7","8053"
"2022-08-23","8","8001"
"2022-08-23","9","6301"
"2022-08-23","10","6965"
"2022-08-24","1","4063"
"2022-08-24","2","4519"
"2022-08-24","3","5334"
"2022-08-24","4","4182"
"2022-08-24","5","1911"
"2022-08-24","6","8056"
"2022-08-24","7","8053"
"2022-08-24","8","8001"
"2022-08-24","9","6965"
"2022-08-24","10","6724"
"2022-08-25","1","4063"
"2022-08-25","2","4519"
"2022-08-25","3","5334"
"2022-08-25","4","4182"
"2022-08-25","5","1911"
"2022-08-25","6","8056"
"2022-08-25","7","8053"
"2022-08-25","8","6965"
"2022-08-25","9","3003"
"2022-08-25","10","8001"
"2022-08-26","1","4063"
"2022-08-26","2","4519"
"2022-08-26","3","5334"
"2022-08-26","4","4182"
"2022-08-26","5","1911"
"2022-08-26","6","8056"
"2022-08-26","7","8053"
"2022-08-26","8","6965"
"2022-08-26","9","3003"
"2022-08-26","10","6724"
"2022-08-29","1","4063"
"2022-08-29","2","4519"
"2022-08-29","3","4182"
"2022-08-29","4","5334"
"2022-08-29","5","1911"
"2022-08-29","6","8053"
"2022-08-29","7","6965"
"2022-08-29","8","6724"
"2022-08-29","9","3003"
"2022-08-29","10","6971"
"2022-08-30","1","4063"
"2022-08-30","2","4519"
"2022-08-30","3","5334"
"2022-08-30","4","8056"
"2022-08-30","5","4182"
"2022-08-30","6","1911"
"2022-08-30","7","8053"
"2022-08-30","8","6965"
"2022-08-30","9","6724"
"2022-08-30","10","3003"
"2022-08-31","1","4063"
"2022-08-31","2","4519"
"2022-08-31","3","8056"
"2022-08-31","4","5334"
"2022-08-31","5","1911"
"2022-08-31","6","4182"
"2022-08-31","7","8053"
"2022-08-31","8","6965"
"2022-08-31","9","6971"
"2022-08-31","10","6724"
"2022-09-01","1","4063"
"2022-09-01","2","4519"
"2022-09-01","3","5334"
"2022-09-01","4","8056"
"2022-09-01","5","1911"
"2022-09-01","6","4182"
"2022-09-01","7","8053"
"2022-09-01","8","6971"
"2022-09-01","9","6965"
"2022-09-01","10","6724"
"2022-09-02","1","4063"
"2022-09-02","2","4519"
"2022-09-02","3","5334"
"2022-09-02","4","1911"
"2022-09-02","5","4182"
"2022-09-02","6","8053"
"2022-09-02","7","6971"
"2022-09-02","8","6965"
"2022-09-02","9","8001"
"2022-09-02","10","6724"
"2022-09-05","1","4063"
"2022-09-05","2","4519"
"2022-09-05","3","5334"
"2022-09-05","4","1911"
"2022-09-05","5","4182"
"2022-09-05","6","7272"
"2022-09-05","7","8053"
"2022-09-05","8","6971"
"2022-09-05","9","8001"
"2022-09-05","10","2587"
"2022-09-06","1","4063"
"2022-09-06","2","4519"
"2022-09-06","3","1911"
"2022-09-06","4","5334"
"2022-09-06","5","4182"
"2022-09-06","6","7272"
"2022-09-06","7","8053"
"2022-09-06","8","8001"
"2022-09-06","9","6971"
"2022-09-06","10","2587"
"2022-09-07","1","4063"
"2022-09-07","2","4519"
"2022-09-07","3","1911"
"2022-09-07","4","5334"
"2022-09-07","5","4182"
"2022-09-07","6","7272"
"2022-09-07","7","8053"
"2022-09-07","8","6971"
"2022-09-07","9","8001"
"2022-09-07","10","6965"
"2022-09-08","1","4063"
"2022-09-08","2","4519"
"2022-09-08","3","1911"
"2022-09-08","4","5334"
"2022-09-08","5","4182"
"2022-09-08","6","7272"
"2022-09-08","7","8053"
"2022-09-08","8","6965"
"2022-09-08","9","6971"
"2022-09-08","10","6724"
"2022-09-09","1","4063"
"2022-09-09","2","4519"
"2022-09-09","3","1911"
"2022-09-09","4","5334"
"2022-09-09","5","7272"
"2022-09-09","6","6971"
"2022-09-09","7","8053"
"2022-09-09","8","6724"
"2022-09-09","9","6965"
"2022-09-09","10","8001"
"2022-09-12","1","4063"
"2022-09-12","2","4519"
"2022-09-12","3","1911"
"2022-09-12","4","5334"
"2022-09-12","5","7272"
"2022-09-12","6","6971"
"2022-09-12","7","8053"
"2022-09-12","8","6965"
"2022-09-12","9","6724"
"2022-09-12","10","8001"
"2022-09-13","1","4063"
"2022-09-13","2","4519"
"2022-09-13","3","1911"
"2022-09-13","4","5334"
"2022-09-13","5","7272"
"2022-09-13","6","8053"
"2022-09-13","7","6971"
"2022-09-13","8","6724"
"2022-09-13","9","6965"
"2022-09-13","10","8001"
"2022-09-14","1","4063"
"2022-09-14","2","4519"
"2022-09-14","3","1911"
"2022-09-14","4","5334"
"2022-09-14","5","7272"
"2022-09-14","6","8053"
"2022-09-14","7","6971"
"2022-09-14","8","6965"
"2022-09-14","9","6724"
"2022-09-14","10","4182"
"2022-09-15","1","4063"
"2022-09-15","2","4519"
"2022-09-15","3","1911"
"2022-09-15","4","5334"
"2022-09-15","5","7272"
"2022-09-15","6","8053"
"2022-09-15","7","6971"
"2022-09-15","8","8001"
"2022-09-15","9","6724"
"2022-09-15","10","6965"
"2022-09-16","1","4063"
"2022-09-16","2","4519"
"2022-09-16","3","1911"
"2022-09-16","4","5334"
"2022-09-16","5","7272"
"2022-09-16","6","6965"
"2022-09-16","7","6971"
"2022-09-16","8","8053"
"2022-09-16","9","4182"
"2022-09-16","10","6724"
"2022-09-20","1","4063"
"2022-09-20","2","4519"
"2022-09-20","3","1911"
"2022-09-20","4","5334"
"2022-09-20","5","6965"
"2022-09-20","6","8053"
"2022-09-20","7","6971"
"2022-09-20","8","6724"
"2022-09-20","9","4182"
"2022-09-20","10","5201"
"2022-09-21","1","4063"
"2022-09-21","2","4519"
"2022-09-21","3","1911"
"2022-09-21","4","5334"
"2022-09-21","5","8053"
"2022-09-21","6","6724"
"2022-09-21","7","6971"
"2022-09-21","8","7272"
"2022-09-21","9","6965"
"2022-09-21","10","8001"
"2022-09-22","1","4063"
"2022-09-22","2","4519"
"2022-09-22","3","1911"
"2022-09-22","4","5334"
"2022-09-22","5","6724"
"2022-09-22","6","6965"
"2022-09-22","7","7272"
"2022-09-22","8","8053"
"2022-09-22","9","2002"
"2022-09-22","10","6971"
"2022-09-26","1","4063"
"2022-09-26","2","4519"
"2022-09-26","3","5334"
"2022-09-26","4","1911"
"2022-09-26","5","6724"
"2022-09-26","6","7272"
"2022-09-26","7","6965"
"2022-09-26","8","8001"
"2022-09-26","9","8053"
"2022-09-26","10","6971"
"2022-09-27","1","4063"
"2022-09-27","2","4519"
"2022-09-27","3","5334"
"2022-09-27","4","1911"
"2022-09-27","5","6724"
"2022-09-27","6","6965"
"2022-09-27","7","7272"
"2022-09-27","8","6971"
"2022-09-27","9","8001"
"2022-09-27","10","8053"
"2022-09-28","1","4063"
"2022-09-28","2","5334"
"2022-09-28","3","4519"
"2022-09-28","4","1911"
"2022-09-28","5","6724"
"2022-09-28","6","6965"
"2022-09-28","7","7272"
"2022-09-28","8","6971"
"2022-09-28","9","5201"
"2022-09-28","10","2002"
"2022-09-29","1","4063"
"2022-09-29","2","5334"
"2022-09-29","3","1911"
"2022-09-29","4","6724"
"2022-09-29","5","4519"
"2022-09-29","6","5201"
"2022-09-29","7","6971"
"2022-09-29","8","4042"
"2022-09-29","9","4182"
"2022-09-29","10","8053"
"2022-09-30","1","4063"
"2022-09-30","2","5334"
"2022-09-30","3","1911"
"2022-09-30","4","6724"
"2022-09-30","5","4519"
"2022-09-30","6","6971"
"2022-09-30","7","5201"
"2022-09-30","8","4182"
"2022-09-30","9","8053"
"2022-09-30","10","8001"
"2022-10-03","1","4063"
"2022-10-03","2","5334"
"2022-10-03","3","1911"
"2022-10-03","4","4519"
"2022-10-03","5","5201"
"2022-10-03","6","6724"
"2022-10-03","7","6971"
"2022-10-03","8","8053"
"2022-10-03","9","8001"
"2022-10-03","10","6965"
"2022-10-04","1","4063"
"2022-10-04","2","5334"
"2022-10-04","3","1911"
"2022-10-04","4","4519"
"2022-10-04","5","5201"
"2022-10-04","6","6971"
"2022-10-04","7","8001"
"2022-10-04","8","6724"
"2022-10-04","9","8053"
"2022-10-04","10","4042"
"2022-10-05","1","4063"
"2022-10-05","2","5334"
"2022-10-05","3","1911"
"2022-10-05","4","5201"
"2022-10-05","5","4519"
"2022-10-05","6","8001"
"2022-10-05","7","6971"
"2022-10-05","8","6724"
"2022-10-05","9","8053"
"2022-10-05","10","4042"
"2022-10-06","1","5334"
"2022-10-06","2","1911"
"2022-10-06","3","5201"
"2022-10-06","4","4519"
"2022-10-06","5","8001"
"2022-10-06","6","4042"
"2022-10-06","7","6971"
"2022-10-06","8","8053"
"2022-10-06","9","6724"
"2022-10-06","10","4182"
"2022-10-07","1","5334"
"2022-10-07","2","5201"
"2022-10-07","3","4519"
"2022-10-07","4","1911"
"2022-10-07","5","8001"
"2022-10-07","6","6971"
"2022-10-07","7","8053"
"2022-10-07","8","4042"
"2022-10-07","9","6724"
"2022-10-07","10","4182"
"2022-10-11","1","5334"
"2022-10-11","2","5201"
"2022-10-11","3","4519"
"2022-10-11","4","1911"
"2022-10-11","5","8001"
"2022-10-11","6","6971"
"2022-10-11","7","8053"
"2022-10-11","8","6724"
"2022-10-11","9","3003"
"2022-10-11","10","4042"
"2022-10-12","1","5334"
"2022-10-12","2","4519"
"2022-10-12","3","5201"
"2022-10-12","4","8001"
"2022-10-12","5","6971"
"2022-10-12","6","1911"
"2022-10-12","7","6724"
"2022-10-12","8","8053"
"2022-10-12","9","6841"
"2022-10-12","10","4042"
"2022-10-13","1","5334"
"2022-10-13","2","4519"
"2022-10-13","3","8001"
"2022-10-13","4","5201"
"2022-10-13","5","1911"
"2022-10-13","6","4182"
"2022-10-13","7","6971"
"2022-10-13","8","8053"
"2022-10-13","9","6724"
"2022-10-13","10","6841"
"2022-10-14","1","4063"
"2022-10-14","2","5334"
"2022-10-14","3","8001"
"2022-10-14","4","4519"
"2022-10-14","5","4182"
"2022-10-14","6","5201"
"2022-10-14","7","1911"
"2022-10-14","8","8053"
"2022-10-14","9","4042"
"2022-10-14","10","6724"
"2022-10-17","1","4063"
"2022-10-17","2","5334"
"2022-10-17","3","8001"
"2022-10-17","4","5201"
"2022-10-17","5","4519"
"2022-10-17","6","1911"
"2022-10-17","7","4182"
"2022-10-17","8","8053"
"2022-10-17","9","4042"
"2022-10-17","10","5108"
"2022-10-18","1","5334"
"2022-10-18","2","8001"
"2022-10-18","3","5201"
"2022-10-18","4","1911"
"2022-10-18","5","4519"
"2022-10-18","6","8053"
"2022-10-18","7","4182"
"2022-10-18","8","4042"
"2022-10-18","9","6971"
"2022-10-18","10","2002"
"2022-10-19","1","4063"
"2022-10-19","2","5334"
"2022-10-19","3","5201"
"2022-10-19","4","4519"
"2022-10-19","5","8001"
"2022-10-19","6","8053"
"2022-10-19","7","1911"
"2022-10-19","8","4182"
"2022-10-19","9","4042"
"2022-10-19","10","4021"
"2022-10-20","1","5334"
"2022-10-20","2","5201"
"2022-10-20","3","8001"
"2022-10-20","4","4519"
"2022-10-20","5","4182"
"2022-10-20","6","8053"
"2022-10-20","7","1911"
"2022-10-20","8","4042"
"2022-10-20","9","6971"
"2022-10-20","10","4021"
"2022-10-21","1","5334"
"2022-10-21","2","8001"
"2022-10-21","3","4519"
"2022-10-21","4","5201"
"2022-10-21","5","4182"
"2022-10-21","6","1911"
"2022-10-21","7","8053"
"2022-10-21","8","4042"
"2022-10-21","9","2002"
"2022-10-21","10","6841"
"2022-10-24","1","4063"
"2022-10-24","2","5334"
"2022-10-24","3","8001"
"2022-10-24","4","4519"
"2022-10-24","5","4182"
"2022-10-24","6","5201"
"2022-10-24","7","7272"
"2022-10-24","8","1911"
"2022-10-24","9","8053"
"2022-10-24","10","4042"
"2022-10-25","1","4063"
"2022-10-25","2","5334"
"2022-10-25","3","4519"
"2022-10-25","4","8001"
"2022-10-25","5","4182"
"2022-10-25","6","5201"
"2022-10-25","7","1911"
"2022-10-25","8","4021"
"2022-10-25","9","4042"
"2022-10-25","10","6841"
"2022-10-26","1","4063"
"2022-10-26","2","5334"
"2022-10-26","3","8001"
"2022-10-26","4","4182"
"2022-10-26","5","4519"
"2022-10-26","6","4021"
"2022-10-26","7","6841"
"2022-10-26","8","5201"
"2022-10-26","9","8053"
"2022-10-26","10","4042"
"2022-10-27","1","4063"
"2022-10-27","2","5334"
"2022-10-27","3","8001"
"2022-10-27","4","4182"
"2022-10-27","5","4519"
"2022-10-27","6","4021"
"2022-10-27","7","8053"
"2022-10-27","8","6841"
"2022-10-27","9","5201"
"2022-10-27","10","4042"
"2022-10-28","1","4063"
"2022-10-28","2","5334"
"2022-10-28","3","8001"
"2022-10-28","4","4519"
"2022-10-28","5","4182"
"2022-10-28","6","4021"
"2022-10-28","7","8053"
"2022-10-28","8","4042"
"2022-10-28","9","547A"
"2022-10-28","10","6971"
"2022-10-31","1","4063"
"2022-10-31","2","5334"
"2022-10-31","3","8001"
"2022-10-31","4","4182"
"2022-10-31","5","4519"
"2022-10-31","6","4021"
"2022-10-31","7","8053"
"2022-10-31","8","4042"
"2022-10-31","9","1911"
"2022-10-31","10","6971"
"2022-11-01","1","4063"
"2022-11-01","2","5334"
"2022-11-01","3","4182"
"2022-11-01","4","8001"
"2022-11-01","5","4519"
"2022-11-01","6","4021"
"2022-11-01","7","4042"
"2022-11-01","8","8053"
"2022-11-01","9","547A"
"2022-11-01","10","5201"
"2022-11-02","1","4063"
"2022-11-02","2","5334"
"2022-11-02","3","4182"
"2022-11-02","4","6841"
"2022-11-02","5","8001"
"2022-11-02","6","4519"
"2022-11-02","7","4021"
"2022-11-02","8","4042"
"2022-11-02","9","2871"
"2022-11-02","10","5201"
"2022-11-04","1","4063"
"2022-11-04","2","5334"
"2022-11-04","3","8001"
"2022-11-04","4","6841"
"2022-11-04","5","4182"
"2022-11-04","6","4519"
"2022-11-04","7","2871"
"2022-11-04","8","4042"
"2022-11-04","9","4021"
"2022-11-04","10","5201"
"2022-11-07","1","4063"
"2022-11-07","2","5334"
"2022-11-07","3","8001"
"2022-11-07","4","6841"
"2022-11-07","5","4182"
"2022-11-07","6","4519"
"2022-11-07","7","4021"
"2022-11-07","8","2871"
"2022-11-07","9","4042"
"2022-11-07","10","547A"
"2022-11-08","1","4063"
"2022-11-08","2","8001"
"2022-11-08","3","5334"
"2022-11-08","4","6841"
"2022-11-08","5","4182"
"2022-11-08","6","4519"
"2022-11-08","7","4021"
"2022-11-08","8","2871"
"2022-11-08","9","4042"
"2022-11-08","10","547A"
"2022-11-09","1","4063"
"2022-11-09","2","8001"
"2022-11-09","3","6841"
"2022-11-09","4","5334"
"2022-11-09","5","4519"
"2022-11-09","6","4021"
"2022-11-09","7","2871"
"2022-11-09","8","4182"
"2022-11-09","9","4042"
"2022-11-09","10","547A"
"2022-11-10","1","4063"
"2022-11-10","2","8001"
"2022-11-10","3","6841"
"2022-11-10","4","5334"
"2022-11-10","5","4519"
"2022-11-10","6","4021"
"2022-11-10","7","2871"
"2022-11-10","8","7202"
"2022-11-10","9","4042"
"2022-11-10","10","4182"
"2022-11-11","1","4063"
"2022-11-11","2","6841"
"2022-11-11","3","8001"
"2022-11-11","4","4021"
"2022-11-11","5","5334"
"2022-11-11","6","2871"
"2022-11-11","7","7202"
"2022-11-11","8","4519"
"2022-11-11","9","6849"
"2022-11-11","10","4042"
"2022-11-14","1","4063"
"2022-11-14","2","6841"
"2022-11-14","3","4021"
"2022-11-14","4","5334"
"2022-11-14","5","8001"
"2022-11-14","6","7202"
"2022-11-14","7","4519"
"2022-11-14","8","2871"
"2022-11-14","9","4042"
"2022-11-14","10","4182"
"2022-11-15","1","4063"
"2022-11-15","2","6841"
"2022-11-15","3","4021"
"2022-11-15","4","5334"
"2022-11-15","5","8001"
"2022-11-15","6","7202"
"2022-11-15","7","2871"
"2022-11-15","8","6849"
"2022-11-15","9","1803"
"2022-11-15","10","4042"
"2022-11-16","1","6841"
"2022-11-16","2","4021"
"2022-11-16","3","5334"
"2022-11-16","4","8001"
"2022-11-16","5","7202"
"2022-11-16","6","6849"
"2022-11-16","7","2871"
"2022-11-16","8","547A"
"2022-11-16","9","5108"
"2022-11-16","10","4042"
"2022-11-17","1","4063"
"2022-11-17","2","6841"
"2022-11-17","3","4021"
"2022-11-17","4","5334"
"2022-11-17","5","6849"
"2022-11-17","6","8001"
"2022-11-17","7","2871"
"2022-11-17","8","7202"
"2022-11-17","9","547A"
"2022-11-17","10","4519"
"2022-11-18","1","6841"
"2022-11-18","2","4021"
"2022-11-18","3","5334"
"2022-11-18","4","8001"
"2022-11-18","5","2871"
"2022-11-18","6","7202"
"2022-11-18","7","4519"
"2022-11-18","8","4042"
"2022-11-18","9","547A"
"2022-11-18","10","2875"
"2022-11-21","1","6841"
"2022-11-21","2","4021"
"2022-11-21","3","5334"
"2022-11-21","4","8001"
"2022-11-21","5","7202"
"2022-11-21","6","2871"
"2022-11-21","7","4519"
"2022-11-21","8","4042"
"2022-11-21","9","5108"
"2022-11-21","10","2875"
"2022-11-22","1","6841"
"2022-11-22","2","4021"
"2022-11-22","3","5334"
"2022-11-22","4","8001"
"2022-11-22","5","7202"
"2022-11-22","6","2871"
"2022-11-22","7","547A"
"2022-11-22","8","4042"
"2022-11-22","9","4519"
"2022-11-22","10","1803"
"2022-11-24","1","6841"
"2022-11-24","2","4021"
"2022-11-24","3","5334"
"2022-11-24","4","8001"
"2022-11-24","5","7202"
"2022-11-24","6","547A"
"2022-11-24","7","2871"
"2022-11-24","8","4519"
"2022-11-24","9","4042"
"2022-11-24","10","2875"
"2022-11-25","1","4021"
"2022-11-25","2","6841"
"2022-11-25","3","5334"
"2022-11-25","4","8001"
"2022-11-25","5","4519"
"2022-11-25","6","7202"
"2022-11-25","7","2871"
"2022-11-25","8","547A"
"2022-11-25","9","4901"
"2022-11-25","10","2875"
"2022-11-28","1","4021"
"2022-11-28","2","6841"
"2022-11-28","3","5334"
"2022-11-28","4","8001"
"2022-11-28","5","7202"
"2022-11-28","6","4519"
"2022-11-28","7","2871"
"2022-11-28","8","2875"
"2022-11-28","9","547A"
"2022-11-28","10","4042"
"2022-11-29","1","4021"
"2022-11-29","2","6841"
"2022-11-29","3","5334"
"2022-11-29","4","7202"
"2022-11-29","5","8001"
"2022-11-29","6","4519"
"2022-11-29","7","2871"
"2022-11-29","8","2875"
"2022-11-29","9","547A"
"2022-11-29","10","4901"
"2022-11-30","1","4021"
"2022-11-30","2","6841"
"2022-11-30","3","5334"
"2022-11-30","4","7202"
"2022-11-30","5","8001"
"2022-11-30","6","2871"
"2022-11-30","7","4042"
"2022-11-30","8","4519"
"2022-11-30","9","547A"
"2022-11-30","10","2875"
"2022-12-01","1","4021"
"2022-12-01","2","6841"
"2022-12-01","3","5334"
"2022-12-01","4","4519"
"2022-12-01","5","7202"
"2022-12-01","6","8001"
"2022-12-01","7","2871"
"2022-12-01","8","4042"
"2022-12-01","9","547A"
"2022-12-01","10","4901"
"2022-12-02","1","4021"
"2022-12-02","2","6841"
"2022-12-02","3","5334"
"2022-12-02","4","4519"
"2022-12-02","5","7202"
"2022-12-02","6","2875"
"2022-12-02","7","2871"
"2022-12-02","8","8001"
"2022-12-02","9","4901"
"2022-12-02","10","547A"
"2022-12-05","1","4021"
"2022-12-05","2","6841"
"2022-12-05","3","5334"
"2022-12-05","4","7202"
"2022-12-05","5","4519"
"2022-12-05","6","8001"
"2022-12-05","7","2875"
"2022-12-05","8","2871"
"2022-12-05","9","4901"
"2022-12-05","10","547A"
"2022-12-06","1","4021"
"2022-12-06","2","5334"
"2022-12-06","3","6841"
"2022-12-06","4","7202"
"2022-12-06","5","2875"
"2022-12-06","6","4519"
"2022-12-06","7","8001"
"2022-12-06","8","2871"
"2022-12-06","9","4901"
"2022-12-06","10","547A"
"2022-12-07","1","4021"
"2022-12-07","2","5334"
"2022-12-07","3","6841"
"2022-12-07","4","2875"
"2022-12-07","5","8001"
"2022-12-07","6","4519"
"2022-12-07","7","4901"
"2022-12-07","8","4042"
"2022-12-07","9","547A"
"2022-12-07","10","2871"
"2022-12-08","1","4021"
"2022-12-08","2","5334"
"2022-12-08","3","6841"
"2022-12-08","4","2875"
"2022-12-08","5","8001"
"2022-12-08","6","4519"
"2022-12-08","7","4901"
"2022-12-08","8","7202"
"2022-12-08","9","2871"
"2022-12-08","10","4042"
"2022-12-09","1","5334"
"2022-12-09","2","4021"
"2022-12-09","3","6841"
"2022-12-09","4","8001"
"2022-12-09","5","2875"
"2022-12-09","6","7202"
"2022-12-09","7","2871"
"2022-12-09","8","4901"
"2022-12-09","9","4519"
"2022-12-09","10","1803"
"2022-12-12","1","5334"
"2022-12-12","2","4021"
"2022-12-12","3","6841"
"2022-12-12","4","8001"
"2022-12-12","5","2871"
"2022-12-12","6","2875"
"2022-12-12","7","7202"
"2022-12-12","8","4042"
"2022-12-12","9","1803"
"2022-12-12","10","4901"
"2022-12-13","1","6841"
"2022-12-13","2","5334"
"2022-12-13","3","4021"
"2022-12-13","4","8001"
"2022-12-13","5","2871"
"2022-12-13","6","4042"
"2022-12-13","7","2875"
"2022-12-13","8","1803"
"2022-12-13","9","4901"
"2022-12-13","10","2593"
"2022-12-14","1","4021"
"2022-12-14","2","6841"
"2022-12-14","3","5334"
"2022-12-14","4","8001"
"2022-12-14","5","2871"
"2022-12-14","6","4042"
"2022-12-14","7","7202"
"2022-12-14","8","1803"
"2022-12-14","9","2875"
"2022-12-14","10","4901"
"2022-12-15","1","4021"
"2022-12-15","2","5334"
"2022-12-15","3","6841"
"2022-12-15","4","8001"
"2022-12-15","5","2871"
"2022-12-15","6","4042"
"2022-12-15","7","1803"
"2022-12-15","8","2875"
"2022-12-15","9","7202"
"2022-12-15","10","2002"
"2022-12-16","1","4021"
"2022-12-16","2","5334"
"2022-12-16","3","6841"
"2022-12-16","4","8001"
"2022-12-16","5","2871"
"2022-12-16","6","1803"
"2022-12-16","7","4042"
"2022-12-16","8","2002"
"2022-12-16","9","2875"
"2022-12-16","10","2593"
"2022-12-19","1","4021"
"2022-12-19","2","5334"
"2022-12-19","3","6841"
"2022-12-19","4","8001"
"2022-12-19","5","2871"
"2022-12-19","6","4042"
"2022-12-19","7","2875"
"2022-12-19","8","1803"
"2022-12-19","9","2002"
"2022-12-19","10","7202"
"2022-12-20","1","4021"
"2022-12-20","2","6841"
"2022-12-20","3","5334"
"2022-12-20","4","8001"
"2022-12-20","5","2875"
"2022-12-20","6","1803"
"2022-12-20","7","4042"
"2022-12-20","8","2871"
"2022-12-20","9","4091"
"2022-12-20","10","2002"
"2022-12-21","1","4021"
"2022-12-21","2","6841"
"2022-12-21","3","5334"
"2022-12-21","4","8001"
"2022-12-21","5","2875"
"2022-12-21","6","1803"
"2022-12-21","7","4042"
"2022-12-21","8","3289"
"2022-12-21","9","4091"
"2022-12-21","10","2871"
"2022-12-22","1","4021"
"2022-12-22","2","6841"
"2022-12-22","3","5334"
"2022-12-22","4","8001"
"2022-12-22","5","4042"
"2022-12-22","6","1803"
"2022-12-22","7","2875"
"2022-12-22","8","3289"
"2022-12-22","9","4091"
"2022-12-22","10","2871"
"2022-12-23","1","4021"
"2022-12-23","2","5334"
"2022-12-23","3","6841"
"2022-12-23","4","8001"
"2022-12-23","5","1803"
"2022-12-23","6","4042"
"2022-12-23","7","2875"
"2022-12-23","8","3289"
"2022-12-23","9","4091"
"2022-12-23","10","2593"
"2022-12-26","1","4021"
"2022-12-26","2","5334"
"2022-12-26","3","6841"
"2022-12-26","4","8001"
"2022-12-26","5","1803"
"2022-12-26","6","4042"
"2022-12-26","7","2875"
"2022-12-26","8","2593"
"2022-12-26","9","3289"
"2022-12-26","10","4091"
"2022-12-27","1","4021"
"2022-12-27","2","5334"
"2022-12-27","3","6841"
"2022-12-27","4","8001"
"2022-12-27","5","1803"
"2022-12-27","6","4091"
"2022-12-27","7","4042"
"2022-12-27","8","2593"
"2022-12-27","9","2875"
"2022-12-27","10","3289"
"2022-12-28","1","4021"
"2022-12-28","2","5334"
"2022-12-28","3","6841"
"2022-12-28","4","8001"
"2022-12-28","5","1803"
"2022-12-28","6","4091"
"2022-12-28","7","4042"
"2022-12-28","8","2593"
"2022-12-28","9","2875"
"2022-12-28","10","9007"
"2022-12-29","1","4021"
"2022-12-29","2","5334"
"2022-12-29","3","6841"
"2022-12-29","4","8001"
"2022-12-29","5","4042"
"2022-12-29","6","2875"
"2022-12-29","7","2593"
"2022-12-29","8","4091"
"2022-12-29","9","9007"
"2022-12-29","10","2871"
"2022-12-30","1","4021"
"2022-12-30","2","6841"
"2022-12-30","3","5334"
"2022-12-30","4","8001"
"2022-12-30","5","4042"
"2022-12-30","6","4091"
"2022-12-30","7","2871"
"2022-12-30","8","9007"
"2022-12-30","9","5108"
"2022-12-30","10","4901"
"2023-01-04","1","4021"
"2023-01-04","2","5334"
"2023-01-04","3","6841"
"2023-01-04","4","8001"
"2023-01-04","5","4091"
"2023-01-04","6","9007"
"2023-01-04","7","4042"
"2023-01-04","8","2871"
"2023-01-04","9","8804"
"2023-01-04","10","4901"
"2023-01-05","1","4021"
"2023-01-05","2","5334"
"2023-01-05","3","6841"
"2023-01-05","4","8001"
"2023-01-05","5","4091"
"2023-01-05","6","2871"
"2023-01-05","7","9007"
"2023-01-05","8","8252"
"2023-01-05","9","5108"
"2023-01-05","10","4901"
"2023-01-06","1","4021"
"2023-01-06","2","5334"
"2023-01-06","3","6841"
"2023-01-06","4","8001"
"2023-01-06","5","9007"
"2023-01-06","6","2871"
"2023-01-06","7","4091"
"2023-01-06","8","5108"
"2023-01-06","9","8252"
"2023-01-06","10","8804"
"2023-01-10","1","4021"
"2023-01-10","2","5334"
"2023-01-10","3","6841"
"2023-01-10","4","8001"
"2023-01-10","5","2593"
"2023-01-10","6","9007"
"2023-01-10","7","2871"
"2023-01-10","8","4091"
"2023-01-10","9","4901"
"2023-01-10","10","8252"
"2023-01-11","1","4021"
"2023-01-11","2","5334"
"2023-01-11","3","6841"
"2023-01-11","4","8001"
"2023-01-11","5","2593"
"2023-01-11","6","9007"
"2023-01-11","7","2871"
"2023-01-11","8","4091"
"2023-01-11","9","8252"
"2023-01-11","10","4901"
"2023-01-12","1","4021"
"2023-01-12","2","5334"
"2023-01-12","3","6841"
"2023-01-12","4","8001"
"2023-01-12","5","9007"
"2023-01-12","6","2593"
"2023-01-12","7","4091"
"2023-01-12","8","4901"
"2023-01-12","9","8252"
"2023-01-12","10","2871"
"2023-01-13","1","4021"
"2023-01-13","2","5334"
"2023-01-13","3","6841"
"2023-01-13","4","2593"
"2023-01-13","5","8001"
"2023-01-13","6","4091"
"2023-01-13","7","9007"
"2023-01-13","8","4901"
"2023-01-13","9","3289"
"2023-01-13","10","8804"
"2023-01-16","1","4021"
"2023-01-16","2","5334"
"2023-01-16","3","6841"
"2023-01-16","4","2593"
"2023-01-16","5","3289"
"2023-01-16","6","4901"
"2023-01-16","7","8001"
"2023-01-16","8","9007"
"2023-01-16","9","4091"
"2023-01-16","10","8804"
"2023-01-17","1","4021"
"2023-01-17","2","5334"
"2023-01-17","3","2593"
"2023-01-17","4","6841"
"2023-01-17","5","9007"
"2023-01-17","6","4091"
"2023-01-17","7","4901"
"2023-01-17","8","8001"
"2023-01-17","9","1803"
"2023-01-17","10","3289"
"2023-01-18","1","2593"
"2023-01-18","2","5334"
"2023-01-18","3","4021"
"2023-01-18","4","6841"
"2023-01-18","5","9007"
"2023-01-18","6","4091"
"2023-01-18","7","4901"
"2023-01-18","8","2871"
"2023-01-18","9","8001"
"2023-01-18","10","7951"
"2023-01-19","1","2593"
"2023-01-19","2","4021"
"2023-01-19","3","5334"
"2023-01-19","4","6841"
"2023-01-19","5","9007"
"2023-01-19","6","4091"
"2023-01-19","7","8001"
"2023-01-19","8","2871"
"2023-01-19","9","9008"
"2023-01-19","10","3289"
"2023-01-20","1","4021"
"2023-01-20","2","2593"
"2023-01-20","3","5334"
"2023-01-20","4","6841"
"2023-01-20","5","9007"
"2023-01-20","6","8001"
"2023-01-20","7","4091"
"2023-01-20","8","3289"
"2023-01-20","9","2871"
"2023-01-20","10","4901"
"2023-01-23","1","4021"
"2023-01-23","2","2593"
"2023-01-23","3","5334"
"2023-01-23","4","6841"
"2023-01-23","5","8001"
"2023-01-23","6","9007"
"2023-01-23","7","3289"
"2023-01-23","8","5108"
"2023-01-23","9","2871"
"2023-01-23","10","4901"
"2023-01-24","1","4021"
"2023-01-24","2","2593"
"2023-01-24","3","5334"
"2023-01-24","4","6841"
"2023-01-24","5","9007"
"2023-01-24","6","8001"
"2023-01-24","7","2871"
"2023-01-24","8","7951"
"2023-01-24","9","5108"
"2023-01-24","10","3289"
"2023-01-25","1","4021"
"2023-01-25","2","2593"
"2023-01-25","3","5334"
"2023-01-25","4","6841"
"2023-01-25","5","8001"
"2023-01-25","6","9007"
"2023-01-25","7","2871"
"2023-01-25","8","1803"
"2023-01-25","9","7951"
"2023-01-25","10","5108"
"2023-01-26","1","4021"
"2023-01-26","2","2593"
"2023-01-26","3","5334"
"2023-01-26","4","6841"
"2023-01-26","5","1419"
"2023-01-26","6","8001"
"2023-01-26","7","9007"
"2023-01-26","8","2871"
"2023-01-26","9","5108"
"2023-01-26","10","1803"
"2023-01-27","1","4021"
"2023-01-27","2","2593"
"2023-01-27","3","5334"
"2023-01-27","4","6841"
"2023-01-27","5","1419"
"2023-01-27","6","8001"
"2023-01-27","7","9007"
"2023-01-27","8","3289"
"2023-01-27","9","1803"
"2023-01-27","10","5108"
"2023-01-30","1","4021"
"2023-01-30","2","2593"
"2023-01-30","3","5334"
"2023-01-30","4","6841"
"2023-01-30","5","9007"
"2023-01-30","6","8001"
"2023-01-30","7","1419"
"2023-01-30","8","3289"
"2023-01-30","9","5108"
"2023-01-30","10","1803"
"2023-01-31","1","4021"
"2023-01-31","2","2593"
"2023-01-31","3","6841"
"2023-01-31","4","5334"
"2023-01-31","5","9007"
"2023-01-31","6","1419"
"2023-01-31","7","3289"
"2023-01-31","8","5108"
"2023-01-31","9","8001"
"2023-01-31","10","7951"
"2023-02-01","1","4021"
"2023-02-01","2","2593"
"2023-02-01","3","6841"
"2023-02-01","4","5334"
"2023-02-01","5","9007"
"2023-02-01","6","7951"
"2023-02-01","7","1419"
"2023-02-01","8","3289"
"2023-02-01","9","4091"
"2023-02-01","10","5108"
"2023-02-02","1","4021"
"2023-02-02","2","2593"
"2023-02-02","3","6841"
"2023-02-02","4","5334"
"2023-02-02","5","9007"
"2023-02-02","6","7951"
"2023-02-02","7","8001"
"2023-02-02","8","5108"
"2023-02-02","9","2871"
"2023-02-02","10","4091"
"2023-02-03","1","4021"
"2023-02-03","2","2593"
"2023-02-03","3","6841"
"2023-02-03","4","5334"
"2023-02-03","5","7951"
"2023-02-03","6","9007"
"2023-02-03","7","8001"
"2023-02-03","8","1419"
"2023-02-03","9","5108"
"2023-02-03","10","2871"
"2023-02-06","1","4021"
"2023-02-06","2","2593"
"2023-02-06","3","6841"
"2023-02-06","4","5334"
"2023-02-06","5","9007"
"2023-02-06","6","8001"
"2023-02-06","7","7951"
"2023-02-06","8","1419"
"2023-02-06","9","2871"
"2023-02-06","10","5108"
"2023-02-07","1","4021"
"2023-02-07","2","2593"
"2023-02-07","3","6841"
"2023-02-07","4","5334"
"2023-02-07","5","9007"
"2023-02-07","6","8001"
"2023-02-07","7","7951"
"2023-02-07","8","3289"
"2023-02-07","9","2871"
"2023-02-07","10","5108"
"2023-02-08","1","4021"
"2023-02-08","2","2593"
"2023-02-08","3","6841"
"2023-02-08","4","5334"
"2023-02-08","5","8001"
"2023-02-08","6","9007"
"2023-02-08","7","7951"
"2023-02-08","8","5108"
"2023-02-08","9","3289"
"2023-02-08","10","2871"
"2023-02-09","1","4021"
"2023-02-09","2","2593"
"2023-02-09","3","6841"
"2023-02-09","4","9007"
"2023-02-09","5","8001"
"2023-02-09","6","7951"
"2023-02-09","7","9008"
"2023-02-09","8","2871"
"2023-02-09","9","5108"
"2023-02-09","10","1803"
"2023-02-10","1","4021"
"2023-02-10","2","2593"
"2023-02-10","3","8001"
"2023-02-10","4","9007"
"2023-02-10","5","2871"
"2023-02-10","6","4091"
"2023-02-10","7","9008"
"2023-02-10","8","7951"
"2023-02-10","9","5108"
"2023-02-10","10","1419"
"2023-02-13","1","4021"
"2023-02-13","2","2593"
"2023-02-13","3","9007"
"2023-02-13","4","8001"
"2023-02-13","5","2871"
"2023-02-13","6","4091"
"2023-02-13","7","7951"
"2023-02-13","8","5334"
"2023-02-13","9","9008"
"2023-02-13","10","1419"
"2023-02-14","1","4021"
"2023-02-14","2","2593"
"2023-02-14","3","9007"
"2023-02-14","4","8001"
"2023-02-14","5","2871"
"2023-02-14","6","8252"
"2023-02-14","7","5334"
"2023-02-14","8","9008"
"2023-02-14","9","1419"
"2023-02-14","10","5108"
"2023-02-15","1","4021"
"2023-02-15","2","4063"
"2023-02-15","3","2593"
"2023-02-15","4","9007"
"2023-02-15","5","8001"
"2023-02-15","6","2871"
"2023-02-15","7","5334"
"2023-02-15","8","8252"
"2023-02-15","9","5108"
"2023-02-15","10","3289"
"2023-02-16","1","4021"
"2023-02-16","2","2593"
"2023-02-16","3","9007"
"2023-02-16","4","8001"
"2023-02-16","5","9008"
"2023-02-16","6","2871"
"2023-02-16","7","3289"
"2023-02-16","8","8252"
"2023-02-16","9","7951"
"2023-02-16","10","5334"
"2023-02-17","1","4021"
"2023-02-17","2","2593"
"2023-02-17","3","9007"
"2023-02-17","4","8001"
"2023-02-17","5","2871"
"2023-02-17","6","3289"
"2023-02-17","7","9008"
"2023-02-17","8","7951"
"2023-02-17","9","8252"
"2023-02-17","10","5108"
"2023-02-20","1","4021"
"2023-02-20","2","2593"
"2023-02-20","3","8001"
"2023-02-20","4","2871"
"2023-02-20","5","9007"
"2023-02-20","6","9008"
"2023-02-20","7","8252"
"2023-02-20","8","7951"
"2023-02-20","9","5334"
"2023-02-20","10","5108"
"2023-02-21","1","4021"
"2023-02-21","2","2593"
"2023-02-21","3","2871"
"2023-02-21","4","9007"
"2023-02-21","5","8001"
"2023-02-21","6","9008"
"2023-02-21","7","8252"
"2023-02-21","8","7951"
"2023-02-21","9","5334"
"2023-02-21","10","9202"
"2023-02-22","1","4021"
"2023-02-22","2","4063"
"2023-02-22","3","2593"
"2023-02-22","4","2871"
"2023-02-22","5","9007"
"2023-02-22","6","8001"
"2023-02-22","7","9008"
"2023-02-22","8","8252"
"2023-02-22","9","7951"
"2023-02-22","10","5334"
"2023-02-24","1","4021"
"2023-02-24","2","2871"
"2023-02-24","3","8001"
"2023-02-24","4","9007"
"2023-02-24","5","2593"
"2023-02-24","6","7951"
"2023-02-24","7","9008"
"2023-02-24","8","1803"
"2023-02-24","9","8252"
"2023-02-24","10","1802"
"2023-02-27","1","4021"
"2023-02-27","2","2871"
"2023-02-27","3","8001"
"2023-02-27","4","9007"
"2023-02-27","5","2593"
"2023-02-27","6","9008"
"2023-02-27","7","8252"
"2023-02-27","8","1803"
"2023-02-27","9","7951"
"2023-02-27","10","9042"
"2023-02-28","1","4021"
"2023-02-28","2","8001"
"2023-02-28","3","2871"
"2023-02-28","4","9007"
"2023-02-28","5","2593"
"2023-02-28","6","8252"
"2023-02-28","7","1803"
"2023-02-28","8","5334"
"2023-02-28","9","7951"
"2023-02-28","10","9008"
"2023-03-01","1","4021"
"2023-03-01","2","2871"
"2023-03-01","3","8001"
"2023-03-01","4","9007"
"2023-03-01","5","2593"
"2023-03-01","6","1803"
"2023-03-01","7","8252"
"2023-03-01","8","7951"
"2023-03-01","9","9008"
"2023-03-01","10","1802"
"2023-03-02","1","4021"
"2023-03-02","2","2871"
"2023-03-02","3","8001"
"2023-03-02","4","2593"
"2023-03-02","5","9007"
"2023-03-02","6","1803"
"2023-03-02","7","1802"
"2023-03-02","8","8252"
"2023-03-02","9","7951"
"2023-03-02","10","9008"
"2023-03-03","1","4021"
"2023-03-03","2","2871"
"2023-03-03","3","8001"
"2023-03-03","4","2593"
"2023-03-03","5","9007"
"2023-03-03","6","1802"
"2023-03-03","7","1803"
"2023-03-03","8","8252"
"2023-03-03","9","9042"
"2023-03-03","10","3289"
"2023-03-06","1","4021"
"2023-03-06","2","2871"
"2023-03-06","3","8001"
"2023-03-06","4","2593"
"2023-03-06","5","9007"
"2023-03-06","6","1802"
"2023-03-06","7","1803"
"2023-03-06","8","9042"
"2023-03-06","9","9202"
"2023-03-06","10","8252"
"2023-03-07","1","4021"
"2023-03-07","2","2871"
"2023-03-07","3","8001"
"2023-03-07","4","2593"
"2023-03-07","5","1802"
"2023-03-07","6","9202"
"2023-03-07","7","1803"
"2023-03-07","8","9007"
"2023-03-07","9","4912"
"2023-03-07","10","9042"
"2023-03-08","1","4021"
"2023-03-08","2","2871"
"2023-03-08","3","8001"
"2023-03-08","4","2593"
"2023-03-08","5","9007"
"2023-03-08","6","1802"
"2023-03-08","7","9202"
"2023-03-08","8","1803"
"2023-03-08","9","4912"
"2023-03-08","10","3289"
"2023-03-09","1","4021"
"2023-03-09","2","2871"
"2023-03-09","3","8001"
"2023-03-09","4","2593"
"2023-03-09","5","9007"
"2023-03-09","6","9202"
"2023-03-09","7","1802"
"2023-03-09","8","4912"
"2023-03-09","9","9042"
"2023-03-09","10","3289"
"2023-03-10","1","4021"
"2023-03-10","2","2871"
"2023-03-10","3","8001"
"2023-03-10","4","2593"
"2023-03-10","5","9007"
"2023-03-10","6","9202"
"2023-03-10","7","1802"
"2023-03-10","8","8252"
"2023-03-10","9","4912"
"2023-03-10","10","3289"
"2023-03-13","1","4021"
"2023-03-13","2","2871"
"2023-03-13","3","8001"
"2023-03-13","4","2593"
"2023-03-13","5","9007"
"2023-03-13","6","9202"
"2023-03-13","7","1802"
"2023-03-13","8","8252"
"2023-03-13","9","9042"
"2023-03-13","10","4912"
"2023-03-14","1","4021"
"2023-03-14","2","2871"
"2023-03-14","3","2593"
"2023-03-14","4","8001"
"2023-03-14","5","9007"
"2023-03-14","6","4063"
"2023-03-14","7","9202"
"2023-03-14","8","1802"
"2023-03-14","9","8252"
"2023-03-14","10","3289"
"2023-03-15","1","4021"
"2023-03-15","2","2871"
"2023-03-15","3","8001"
"2023-03-15","4","9007"
"2023-03-15","5","2593"
"2023-03-15","6","4063"
"2023-03-15","7","9202"
"2023-03-15","8","1802"
"2023-03-15","9","7269"
"2023-03-15","10","3289"
"2023-03-16","1","4021"
"2023-03-16","2","2871"
"2023-03-16","3","2593"
"2023-03-16","4","8001"
"2023-03-16","5","9007"
"2023-03-16","6","4063"
"2023-03-16","7","9202"
"2023-03-16","8","3289"
"2023-03-16","9","7269"
"2023-03-16","10","5334"
"2023-03-17","1","4021"
"2023-03-17","2","2871"
"2023-03-17","3","8001"
"2023-03-17","4","2593"
"2023-03-17","5","4063"
"2023-03-17","6","9007"
"2023-03-17","7","1802"
"2023-03-17","8","5334"
"2023-03-17","9","8252"
"2023-03-17","10","3289"
"2023-03-20","1","4021"
"2023-03-20","2","2871"
"2023-03-20","3","8001"
"2023-03-20","4","2593"
"2023-03-20","5","9007"
"2023-03-20","6","1802"
"2023-03-20","7","8252"
"2023-03-20","8","4063"
"2023-03-20","9","3289"
"2023-03-20","10","7269"
"2023-03-22","1","4021"
"2023-03-22","2","8001"
"2023-03-22","3","2593"
"2023-03-22","4","9007"
"2023-03-22","5","8252"
"2023-03-22","6","1802"
"2023-03-22","7","3289"
"2023-03-22","8","9202"
"2023-03-22","9","7269"
"2023-03-22","10","8227"
"2023-03-23","1","4021"
"2023-03-23","2","8001"
"2023-03-23","3","9007"
"2023-03-23","4","2593"
"2023-03-23","5","8252"
"2023-03-23","6","1802"
"2023-03-23","7","3289"
"2023-03-23","8","9202"
"2023-03-23","9","7269"
"2023-03-23","10","5334"
"2023-03-24","1","4021"
"2023-03-24","2","8001"
"2023-03-24","3","9007"
"2023-03-24","4","2593"
"2023-03-24","5","4912"
"2023-03-24","6","8252"
"2023-03-24","7","9202"
"2023-03-24","8","7269"
"2023-03-24","9","3289"
"2023-03-24","10","8227"
"2023-03-27","1","4021"
"2023-03-27","2","8001"
"2023-03-27","3","2593"
"2023-03-27","4","4912"
"2023-03-27","5","8252"
"2023-03-27","6","9007"
"2023-03-27","7","7269"
"2023-03-27","8","1802"
"2023-03-27","9","9202"
"2023-03-27","10","3289"
"2023-03-28","1","4021"
"2023-03-28","2","8001"
"2023-03-28","3","7269"
"2023-03-28","4","8252"
"2023-03-28","5","4912"
"2023-03-28","6","3289"
"2023-03-28","7","9202"
"2023-03-28","8","5334"
"2023-03-28","9","1802"
"2023-03-28","10","5108"
"2023-03-29","1","4021"
"2023-03-29","2","8001"
"2023-03-29","3","7269"
"2023-03-29","4","8252"
"2023-03-29","5","9202"
"2023-03-29","6","4912"
"2023-03-29","7","2801"
"2023-03-29","8","3289"
"2023-03-29","9","1802"
"2023-03-29","10","9007"
"2023-03-30","1","4021"
"2023-03-30","2","8001"
"2023-03-30","3","7269"
"2023-03-30","4","8252"
"2023-03-30","5","9202"
"2023-03-30","6","4912"
"2023-03-30","7","3289"
"2023-03-30","8","2801"
"2023-03-30","9","9007"
"2023-03-30","10","1802"
"2023-03-31","1","4021"
"2023-03-31","2","8001"
"2023-03-31","3","7269"
"2023-03-31","4","8252"
"2023-03-31","5","3289"
"2023-03-31","6","9007"
"2023-03-31","7","9202"
"2023-03-31","8","4912"
"2023-03-31","9","4661"
"2023-03-31","10","2801"
"2023-04-03","1","4021"
"2023-04-03","2","8001"
"2023-04-03","3","7269"
"2023-04-03","4","8252"
"2023-04-03","5","4063"
"2023-04-03","6","3289"
"2023-04-03","7","9202"
"2023-04-03","8","4912"
"2023-04-03","9","9007"
"2023-04-03","10","2801"
"2023-04-04","1","4021"
"2023-04-04","2","8001"
"2023-04-04","3","4063"
"2023-04-04","4","7269"
"2023-04-04","5","4912"
"2023-04-04","6","9202"
"2023-04-04","7","8252"
"2023-04-04","8","3289"
"2023-04-04","9","2801"
"2023-04-04","10","9007"
"2023-04-05","1","4021"
"2023-04-05","2","8001"
"2023-04-05","3","2593"
"2023-04-05","4","4063"
"2023-04-05","5","7269"
"2023-04-05","6","4912"
"2023-04-05","7","4661"
"2023-04-05","8","9202"
"2023-04-05","9","2801"
"2023-04-05","10","6103"
"2023-04-06","1","4021"
"2023-04-06","2","2871"
"2023-04-06","3","8001"
"2023-04-06","4","2593"
"2023-04-06","5","4063"
"2023-04-06","6","7269"
"2023-04-06","7","9202"
"2023-04-06","8","8252"
"2023-04-06","9","4661"
"2023-04-06","10","5108"
"2023-04-07","1","4021"
"2023-04-07","2","2871"
"2023-04-07","3","8001"
"2023-04-07","4","2593"
"2023-04-07","5","4063"
"2023-04-07","6","8252"
"2023-04-07","7","9202"
"2023-04-07","8","3289"
"2023-04-07","9","7269"
"2023-04-07","10","9042"
"2023-04-10","1","4021"
"2023-04-10","2","8001"
"2023-04-10","3","2593"
"2023-04-10","4","4063"
"2023-04-10","5","9202"
"2023-04-10","6","3289"
"2023-04-10","7","7269"
"2023-04-10","8","8252"
"2023-04-10","9","9042"
"2023-04-10","10","5108"
"2023-04-11","1","4021"
"2023-04-11","2","2871"
"2023-04-11","3","8001"
"2023-04-11","4","2593"
"2023-04-11","5","7269"
"2023-04-11","6","4063"
"2023-04-11","7","8252"
"2023-04-11","8","9202"
"2023-04-11","9","9042"
"2023-04-11","10","5108"
"2023-04-12","1","4021"
"2023-04-12","2","8001"
"2023-04-12","3","7269"
"2023-04-12","4","2593"
"2023-04-12","5","8252"
"2023-04-12","6","9202"
"2023-04-12","7","9042"
"2023-04-12","8","5108"
"2023-04-12","9","9007"
"2023-04-12","10","3289"
"2023-04-13","1","4021"
"2023-04-13","2","8001"
"2023-04-13","3","7269"
"2023-04-13","4","2593"
"2023-04-13","5","8252"
"2023-04-13","6","9007"
"2023-04-13","7","9202"
"2023-04-13","8","5108"
"2023-04-13","9","4063"
"2023-04-13","10","9042"
"2023-04-14","1","4021"
"2023-04-14","2","7269"
"2023-04-14","3","8001"
"2023-04-14","4","8252"
"2023-04-14","5","2593"
"2023-04-14","6","9007"
"2023-04-14","7","5108"
"2023-04-14","8","4063"
"2023-04-14","9","9202"
"2023-04-14","10","9008"
"2023-04-17","1","4021"
"2023-04-17","2","7269"
"2023-04-17","3","8001"
"2023-04-17","4","9007"
"2023-04-17","5","5108"
"2023-04-17","6","8252"
"2023-04-17","7","2593"
"2023-04-17","8","9042"
"2023-04-17","9","4912"
"2023-04-17","10","2801"
"2023-04-18","1","4021"
"2023-04-18","2","7269"
"2023-04-18","3","8001"
"2023-04-18","4","9007"
"2023-04-18","5","9042"
"2023-04-18","6","8252"
"2023-04-18","7","3289"
"2023-04-18","8","2801"
"2023-04-18","9","2593"
"2023-04-18","10","5108"
"2023-04-19","1","4021"
"2023-04-19","2","7269"
"2023-04-19","3","8001"
"2023-04-19","4","3289"
"2023-04-19","5","9007"
"2023-04-19","6","8252"
"2023-04-19","7","9202"
"2023-04-19","8","6367"
"2023-04-19","9","9042"
"2023-04-19","10","2801"
"2023-04-20","1","4021"
"2023-04-20","2","2871"
"2023-04-20","3","7269"
"2023-04-20","4","8001"
"2023-04-20","5","9007"
"2023-04-20","6","4912"
"2023-04-20","7","9042"
"2023-04-20","8","3289"
"2023-04-20","9","8252"
"2023-04-20","10","6367"
"2023-04-21","1","4021"
"2023-04-21","2","2871"
"2023-04-21","3","6841"
"2023-04-21","4","7269"
"2023-04-21","5","9007"
"2023-04-21","6","8001"
"2023-04-21","7","9042"
"2023-04-21","8","4912"
"2023-04-21","9","3289"
"2023-04-21","10","6367"
"2023-04-24","1","4021"
"2023-04-24","2","2871"
"2023-04-24","3","6841"
"2023-04-24","4","7269"
"2023-04-24","5","8001"
"2023-04-24","6","9007"
"2023-04-24","7","3289"
"2023-04-24","8","9042"
"2023-04-24","9","4912"
"2023-04-24","10","1419"
"2023-04-25","1","4021"
"2023-04-25","2","2871"
"2023-04-25","3","8001"
"2023-04-25","4","7269"
"2023-04-25","5","9007"
"2023-04-25","6","1419"
"2023-04-25","7","9042"
"2023-04-25","8","3289"
"2023-04-25","9","6367"
"2023-04-25","10","4912"
"2023-04-26","1","4021"
"2023-04-26","2","2871"
"2023-04-26","3","9007"
"2023-04-26","4","8001"
"2023-04-26","5","7269"
"2023-04-26","6","1419"
"2023-04-26","7","9042"
"2023-04-26","8","3289"
"2023-04-26","9","4912"
"2023-04-26","10","6367"
"2023-04-27","1","4021"
"2023-04-27","2","2871"
"2023-04-27","3","6841"
"2023-04-27","4","9007"
"2023-04-27","5","8001"
"2023-04-27","6","7269"
"2023-04-27","7","4912"
"2023-04-27","8","1419"
"2023-04-27","9","9008"
"2023-04-27","10","9042"
"2023-04-28","1","4021"
"2023-04-28","2","2871"
"2023-04-28","3","6841"
"2023-04-28","4","9007"
"2023-04-28","5","7269"
"2023-04-28","6","4912"
"2023-04-28","7","8001"
"2023-04-28","8","1419"
"2023-04-28","9","9008"
"2023-04-28","10","9042"
"2023-05-01","1","4021"
"2023-05-01","2","2871"
"2023-05-01","3","6841"
"2023-05-01","4","7269"
"2023-05-01","5","4912"
"2023-05-01","6","9007"
"2023-05-01","7","8001"
"2023-05-01","8","1419"
"2023-05-01","9","9042"
"2023-05-01","10","9008"
"2023-05-02","1","4021"
"2023-05-02","2","2871"
"2023-05-02","3","7269"
"2023-05-02","4","6841"
"2023-05-02","5","4912"
"2023-05-02","6","8001"
"2023-05-02","7","9007"
"2023-05-02","8","1419"
"2023-05-02","9","9042"
"2023-05-02","10","9008"
"2023-05-08","1","4021"
"2023-05-08","2","2871"
"2023-05-08","3","7269"
"2023-05-08","4","4912"
"2023-05-08","5","8001"
"2023-05-08","6","9007"
"2023-05-08","7","6841"
"2023-05-08","8","1419"
"2023-05-08","9","6367"
"2023-05-08","10","9008"
"2023-05-09","1","4021"
"2023-05-09","2","7269"
"2023-05-09","3","2871"
"2023-05-09","4","4912"
"2023-05-09","5","6841"
"2023-05-09","6","9007"
"2023-05-09","7","1419"
"2023-05-09","8","6367"
"2023-05-09","9","8001"
"2023-05-09","10","9008"
"2023-05-10","1","7269"
"2023-05-10","2","2871"
"2023-05-10","3","4021"
"2023-05-10","4","4912"
"2023-05-10","5","6902"
"2023-05-10","6","6367"
"2023-05-10","7","2801"
"2023-05-10","8","9007"
"2023-05-10","9","9042"
"2023-05-10","10","8001"
"2023-05-11","1","7269"
"2023-05-11","2","2871"
"2023-05-11","3","4021"
"2023-05-11","4","4912"
"2023-05-11","5","3289"
"2023-05-11","6","2801"
"2023-05-11","7","6902"
"2023-05-11","8","2002"
"2023-05-11","9","7202"
"2023-05-11","10","6367"
"2023-05-12","1","7269"
"2023-05-12","2","2871"
"2023-05-12","3","4021"
"2023-05-12","4","4912"
"2023-05-12","5","3289"
"2023-05-12","6","1419"
"2023-05-12","7","2801"
"2023-05-12","8","6902"
"2023-05-12","9","8001"
"2023-05-12","10","9042"
"2023-05-15","1","7269"
"2023-05-15","2","2871"
"2023-05-15","3","4021"
"2023-05-15","4","4912"
"2023-05-15","5","3289"
"2023-05-15","6","1419"
"2023-05-15","7","4205"
"2023-05-15","8","2801"
"2023-05-15","9","6902"
"2023-05-15","10","9042"
"2023-05-16","1","7269"
"2023-05-16","2","2871"
"2023-05-16","3","4021"
"2023-05-16","4","4912"
"2023-05-16","5","3289"
"2023-05-16","6","1419"
"2023-05-16","7","6902"
"2023-05-16","8","4506"
"2023-05-16","9","4205"
"2023-05-16","10","8001"
"2023-05-17","1","7269"
"2023-05-17","2","4021"
"2023-05-17","3","2871"
"2023-05-17","4","3289"
"2023-05-17","5","6841"
"2023-05-17","6","4912"
"2023-05-17","7","8001"
"2023-05-17","8","4205"
"2023-05-17","9","2801"
"2023-05-17","10","6902"
"2023-05-18","1","7269"
"2023-05-18","2","4021"
"2023-05-18","3","2871"
"2023-05-18","4","6841"
"2023-05-18","5","3289"
"2023-05-18","6","2801"
"2023-05-18","7","4912"
"2023-05-18","8","4205"
"2023-05-18","9","8001"
"2023-05-18","10","6902"
"2023-05-19","1","7269"
"2023-05-19","2","2871"
"2023-05-19","3","4021"
"2023-05-19","4","8056"
"2023-05-19","5","3289"
"2023-05-19","6","6841"
"2023-05-19","7","4912"
"2023-05-19","8","6367"
"2023-05-19","9","6902"
"2023-05-19","10","2801"
"2023-05-22","1","7269"
"2023-05-22","2","2871"
"2023-05-22","3","4021"
"2023-05-22","4","3289"
"2023-05-22","5","8056"
"2023-05-22","6","6841"
"2023-05-22","7","4912"
"2023-05-22","8","9989"
"2023-05-22","9","9532"
"2023-05-22","10","6367"
"2023-05-23","1","7269"
"2023-05-23","2","2871"
"2023-05-23","3","4021"
"2023-05-23","4","3289"
"2023-05-23","5","8056"
"2023-05-23","6","6841"
"2023-05-23","7","4912"
"2023-05-23","8","3401"
"2023-05-23","9","9989"
"2023-05-23","10","8001"
"2023-05-24","1","7269"
"2023-05-24","2","2871"
"2023-05-24","3","4021"
"2023-05-24","4","3289"
"2023-05-24","5","8056"
"2023-05-24","6","4912"
"2023-05-24","7","9989"
"2023-05-24","8","9042"
"2023-05-24","9","6841"
"2023-05-24","10","8001"
"2023-05-25","1","7269"
"2023-05-25","2","2871"
"2023-05-25","3","4021"
"2023-05-25","4","3289"
"2023-05-25","5","4912"
"2023-05-25","6","8056"
"2023-05-25","7","9989"
"2023-05-25","8","3401"
"2023-05-25","9","9042"
"2023-05-25","10","8001"
"2023-05-26","1","7269"
"2023-05-26","2","8252"
"2023-05-26","3","2871"
"2023-05-26","4","4021"
"2023-05-26","5","3289"
"2023-05-26","6","4912"
"2023-05-26","7","8056"
"2023-05-26","8","3401"
"2023-05-26","9","6367"
"2023-05-26","10","7951"
"2023-05-29","1","7269"
"2023-05-29","2","8252"
"2023-05-29","3","2871"
"2023-05-29","4","4021"
"2023-05-29","5","3289"
"2023-05-29","6","4912"
"2023-05-29","7","8056"
"2023-05-29","8","4506"
"2023-05-29","9","3401"
"2023-05-29","10","6841"
"2023-05-30","1","7269"
"2023-05-30","2","2871"
"2023-05-30","3","4021"
"2023-05-30","4","4912"
"2023-05-30","5","3289"
"2023-05-30","6","4506"
"2023-05-30","7","8056"
"2023-05-30","8","6367"
"2023-05-30","9","3401"
"2023-05-30","10","6841"
"2023-05-31","1","7269"
"2023-05-31","2","8252"
"2023-05-31","3","2871"
"2023-05-31","4","4912"
"2023-05-31","5","3289"
"2023-05-31","6","4021"
"2023-05-31","7","4506"
"2023-05-31","8","3401"
"2023-05-31","9","6367"
"2023-05-31","10","8056"
"2023-06-01","1","7269"
"2023-06-01","2","2871"
"2023-06-01","3","4912"
"2023-06-01","4","3289"
"2023-06-01","5","4021"
"2023-06-01","6","4506"
"2023-06-01","7","3401"
"2023-06-01","8","8056"
"2023-06-01","9","6367"
"2023-06-01","10","6841"
"2023-06-02","1","7269"
"2023-06-02","2","2871"
"2023-06-02","3","4912"
"2023-06-02","4","3289"
"2023-06-02","5","4021"
"2023-06-02","6","4506"
"2023-06-02","7","3401"
"2023-06-02","8","8056"
"2023-06-02","9","6841"
"2023-06-02","10","8802"
"2023-06-05","1","7269"
"2023-06-05","2","2871"
"2023-06-05","3","4912"
"2023-06-05","4","4506"
"2023-06-05","5","4021"
"2023-06-05","6","3289"
"2023-06-05","7","3401"
"2023-06-05","8","8802"
"2023-06-05","9","8056"
"2023-06-05","10","6841"
"2023-06-06","1","4768"
"2023-06-06","2","7269"
"2023-06-06","3","4912"
"2023-06-06","4","4506"
"2023-06-06","5","2871"
"2023-06-06","6","4021"
"2023-06-06","7","3289"
"2023-06-06","8","3401"
"2023-06-06","9","6367"
"2023-06-06","10","8056"
"2023-06-07","1","4768"
"2023-06-07","2","7269"
"2023-06-07","3","4912"
"2023-06-07","4","2871"
"2023-06-07","5","4506"
"2023-06-07","6","3289"
"2023-06-07","7","4021"
"2023-06-07","8","6367"
"2023-06-07","9","3401"
"2023-06-07","10","9989"
"2023-06-08","1","4768"
"2023-06-08","2","7269"
"2023-06-08","3","4912"
"2023-06-08","4","4506"
"2023-06-08","5","2871"
"2023-06-08","6","3289"
"2023-06-08","7","4021"
"2023-06-08","8","3401"
"2023-06-08","9","6367"
"2023-06-08","10","8056"
"2023-06-09","1","7269"
"2023-06-09","2","4912"
"2023-06-09","3","4506"
"2023-06-09","4","2871"
"2023-06-09","5","4021"
"2023-06-09","6","3289"
"2023-06-09","7","3401"
"2023-06-09","8","8056"
"2023-06-09","9","4005"
"2023-06-09","10","6465"
"2023-06-12","1","7269"
"2023-06-12","2","4912"
"2023-06-12","3","8252"
"2023-06-12","4","2871"
"2023-06-12","5","4506"
"2023-06-12","6","4021"
"2023-06-12","7","3289"
"2023-06-12","8","8056"
"2023-06-12","9","6465"
"2023-06-12","10","3401"
"2023-06-13","1","7269"
"2023-06-13","2","4912"
"2023-06-13","3","4506"
"2023-06-13","4","2871"
"2023-06-13","5","8252"
"2023-06-13","6","4021"
"2023-06-13","7","3289"
"2023-06-13","8","3401"
"2023-06-13","9","6465"
"2023-06-13","10","8056"
"2023-06-14","1","7269"
"2023-06-14","2","4912"
"2023-06-14","3","4506"
"2023-06-14","4","2871"
"2023-06-14","5","8252"
"2023-06-14","6","4021"
"2023-06-14","7","3289"
"2023-06-14","8","6465"
"2023-06-14","9","3401"
"2023-06-14","10","8056"
"2023-06-15","1","7269"
"2023-06-15","2","4912"
"2023-06-15","3","4506"
"2023-06-15","4","2871"
"2023-06-15","5","8252"
"2023-06-15","6","4021"
"2023-06-15","7","3289"
"2023-06-15","8","6465"
"2023-06-15","9","2593"
"2023-06-15","10","8056"
"2023-06-16","1","7269"
"2023-06-16","2","4912"
"2023-06-16","3","4506"
"2023-06-16","4","2871"
"2023-06-16","5","4021"
"2023-06-16","6","6465"
"2023-06-16","7","2593"
"2023-06-16","8","3289"
"2023-06-16","9","8056"
"2023-06-16","10","3401"
"2023-06-19","1","7269"
"2023-06-19","2","4912"
"2023-06-19","3","4506"
"2023-06-19","4","2871"
"2023-06-19","5","4021"
"2023-06-19","6","2593"
"2023-06-19","7","6465"
"2023-06-19","8","3289"
"2023-06-19","9","3401"
"2023-06-19","10","8056"
"2023-06-20","1","7269"
"2023-06-20","2","4912"
"2023-06-20","3","4506"
"2023-06-20","4","2871"
"2023-06-20","5","8252"
"2023-06-20","6","4021"
"2023-06-20","7","6465"
"2023-06-20","8","2593"
"2023-06-20","9","3289"
"2023-06-20","10","3401"
"2023-06-21","1","7269"
"2023-06-21","2","4912"
"2023-06-21","3","4506"
"2023-06-21","4","2871"
"2023-06-21","5","4021"
"2023-06-21","6","8252"
"2023-06-21","7","6465"
"2023-06-21","8","2593"
"2023-06-21","9","8056"
"2023-06-21","10","3401"
"2023-06-22","1","7269"
"2023-06-22","2","4912"
"2023-06-22","3","4506"
"2023-06-22","4","2871"
"2023-06-22","5","6465"
"2023-06-22","6","8252"
"2023-06-22","7","2593"
"2023-06-22","8","3401"
"2023-06-22","9","4021"
"2023-06-22","10","3289"
"2023-06-23","1","7269"
"2023-06-23","2","4912"
"2023-06-23","3","4506"
"2023-06-23","4","4004"
"2023-06-23","5","2871"
"2023-06-23","6","8252"
"2023-06-23","7","6465"
"2023-06-23","8","2593"
"2023-06-23","9","3401"
"2023-06-23","10","4021"
"2023-06-26","1","7269"
"2023-06-26","2","4912"
"2023-06-26","3","4506"
"2023-06-26","4","2871"
"2023-06-26","5","4004"
"2023-06-26","6","6465"
"2023-06-26","7","8252"
"2023-06-26","8","2593"
"2023-06-26","9","3289"
"2023-06-26","10","3401"
"2023-06-27","1","7269"
"2023-06-27","2","4506"
"2023-06-27","3","4912"
"2023-06-27","4","4004"
"2023-06-27","5","2871"
"2023-06-27","6","8252"
"2023-06-27","7","6465"
"2023-06-27","8","2593"
"2023-06-27","9","3401"
"2023-06-27","10","8233"
"2023-06-28","1","7269"
"2023-06-28","2","4912"
"2023-06-28","3","4506"
"2023-06-28","4","2871"
"2023-06-28","5","4004"
"2023-06-28","6","6465"
"2023-06-28","7","8252"
"2023-06-28","8","2593"
"2023-06-28","9","8233"
"2023-06-28","10","8830"
"2023-06-29","1","7269"
"2023-06-29","2","4912"
"2023-06-29","3","4506"
"2023-06-29","4","2871"
"2023-06-29","5","4004"
"2023-06-29","6","6465"
"2023-06-29","7","8252"
"2023-06-29","8","2593"
"2023-06-29","9","3289"
"2023-06-29","10","8233"
"2023-06-30","1","7269"
"2023-06-30","2","4912"
"2023-06-30","3","4506"
"2023-06-30","4","4768"
"2023-06-30","5","2871"
"2023-06-30","6","4004"
"2023-06-30","7","6465"
"2023-06-30","8","8252"
"2023-06-30","9","2593"
"2023-06-30","10","8830"
"2023-07-03","1","7269"
"2023-07-03","2","4912"
"2023-07-03","3","4768"
"2023-07-03","4","4506"
"2023-07-03","5","2871"
"2023-07-03","6","4004"
"2023-07-03","7","6465"
"2023-07-03","8","8252"
"2023-07-03","9","2593"
"2023-07-03","10","7202"
"2023-07-04","1","7269"
"2023-07-04","2","4912"
"2023-07-04","3","4768"
"2023-07-04","4","4506"
"2023-07-04","5","2871"
"2023-07-04","6","2593"
"2023-07-04","7","4004"
"2023-07-04","8","8252"
"2023-07-04","9","6465"
"2023-07-04","10","7202"
"2023-07-05","1","4768"
"2023-07-05","2","4912"
"2023-07-05","3","4506"
"2023-07-05","4","2871"
"2023-07-05","5","2593"
"2023-07-05","6","4004"
"2023-07-05","7","8252"
"2023-07-05","8","6465"
"2023-07-05","9","2801"
"2023-07-05","10","3401"
"2023-07-06","1","4768"
"2023-07-06","2","4912"
"2023-07-06","3","4506"
"2023-07-06","4","2871"
"2023-07-06","5","4004"
"2023-07-06","6","2593"
"2023-07-06","7","8252"
"2023-07-06","8","6465"
"2023-07-06","9","9008"
"2023-07-06","10","9532"
"2023-07-07","1","4912"
"2023-07-07","2","4506"
"2023-07-07","3","4516"
"2023-07-07","4","2871"
"2023-07-07","5","2593"
"2023-07-07","6","4004"
"2023-07-07","7","6465"
"2023-07-07","8","8252"
"2023-07-07","9","9008"
"2023-07-07","10","8233"
"2023-07-10","1","4912"
"2023-07-10","2","4506"
"2023-07-10","3","4516"
"2023-07-10","4","2871"
"2023-07-10","5","4004"
"2023-07-10","6","2593"
"2023-07-10","7","6465"
"2023-07-10","8","8252"
"2023-07-10","9","3401"
"2023-07-10","10","9008"
"2023-07-11","1","4912"
"2023-07-11","2","4516"
"2023-07-11","3","4506"
"2023-07-11","4","2871"
"2023-07-11","5","4004"
"2023-07-11","6","6465"
"2023-07-11","7","2593"
"2023-07-11","8","3401"
"2023-07-11","9","9008"
"2023-07-11","10","2801"
"2023-07-12","1","4912"
"2023-07-12","2","4516"
"2023-07-12","3","2871"
"2023-07-12","4","4004"
"2023-07-12","5","6465"
"2023-07-12","6","2593"
"2023-07-12","7","4021"
"2023-07-12","8","8252"
"2023-07-12","9","5019"
"2023-07-12","10","3401"
"2023-07-13","1","4912"
"2023-07-13","2","4516"
"2023-07-13","3","4506"
"2023-07-13","4","2871"
"2023-07-13","5","4004"
"2023-07-13","6","2593"
"2023-07-13","7","6465"
"2023-07-13","8","8252"
"2023-07-13","9","4021"
"2023-07-13","10","5019"
"2023-07-14","1","4912"
"2023-07-14","2","4516"
"2023-07-14","3","4004"
"2023-07-14","4","2871"
"2023-07-14","5","2593"
"2023-07-14","6","6465"
"2023-07-14","7","8252"
"2023-07-14","8","4021"
"2023-07-14","9","3401"
"2023-07-14","10","5019"
"2023-07-18","1","4912"
"2023-07-18","2","4506"
"2023-07-18","3","4516"
"2023-07-18","4","4004"
"2023-07-18","5","2871"
"2023-07-18","6","2593"
"2023-07-18","7","8252"
"2023-07-18","8","6465"
"2023-07-18","9","4021"
"2023-07-18","10","3401"
"2023-07-19","1","4912"
"2023-07-19","2","4516"
"2023-07-19","3","4004"
"2023-07-19","4","2871"
"2023-07-19","5","2593"
"2023-07-19","6","8252"
"2023-07-19","7","4021"
"2023-07-19","8","3401"
"2023-07-19","9","2002"
"2023-07-19","10","6465"
"2023-07-20","1","4912"
"2023-07-20","2","4506"
"2023-07-20","3","4516"
"2023-07-20","4","4004"
"2023-07-20","5","2871"
"2023-07-20","6","2593"
"2023-07-20","7","8252"
"2023-07-20","8","4021"
"2023-07-20","9","5019"
"2023-07-20","10","3401"
"2023-07-21","1","4912"
"2023-07-21","2","4506"
"2023-07-21","3","4004"
"2023-07-21","4","4516"
"2023-07-21","5","2871"
"2023-07-21","6","8252"
"2023-07-21","7","4021"
"2023-07-21","8","5019"
"2023-07-21","9","2593"
"2023-07-21","10","3401"
"2023-07-24","1","4912"
"2023-07-24","2","4004"
"2023-07-24","3","4516"
"2023-07-24","4","2871"
"2023-07-24","5","4021"
"2023-07-24","6","8252"
"2023-07-24","7","2593"
"2023-07-24","8","5019"
"2023-07-24","9","3401"
"2023-07-24","10","6465"
"2023-07-25","1","4912"
"2023-07-25","2","4506"
"2023-07-25","3","4004"
"2023-07-25","4","4516"
"2023-07-25","5","2871"
"2023-07-25","6","4021"
"2023-07-25","7","8252"
"2023-07-25","8","2593"
"2023-07-25","9","5019"
"2023-07-25","10","3401"
"2023-07-26","1","4912"
"2023-07-26","2","4004"
"2023-07-26","3","4516"
"2023-07-26","4","2871"
"2023-07-26","5","4021"
"2023-07-26","6","8252"
"2023-07-26","7","2593"
"2023-07-26","8","5019"
"2023-07-26","9","3401"
"2023-07-26","10","6465"
"2023-07-27","1","4912"
"2023-07-27","2","4506"
"2023-07-27","3","4004"
"2023-07-27","4","4516"
"2023-07-27","5","2871"
"2023-07-27","6","4021"
"2023-07-27","7","2593"
"2023-07-27","8","8252"
"2023-07-27","9","5019"
"2023-07-27","10","6465"
"2023-07-28","1","4912"
"2023-07-28","2","4506"
"2023-07-28","3","4004"
"2023-07-28","4","4516"
"2023-07-28","5","2871"
"2023-07-28","6","2593"
"2023-07-28","7","5019"
"2023-07-28","8","4021"
"2023-07-28","9","2002"
"2023-07-28","10","8252"
"2023-07-31","1","4912"
"2023-07-31","2","4004"
"2023-07-31","3","4768"
"2023-07-31","4","4516"
"2023-07-31","5","2871"
"2023-07-31","6","2593"
"2023-07-31","7","5019"
"2023-07-31","8","4021"
"2023-07-31","9","2002"
"2023-07-31","10","8252"
"2023-08-01","1","4912"
"2023-08-01","2","4004"
"2023-08-01","3","4516"
"2023-08-01","4","2871"
"2023-08-01","5","2593"
"2023-08-01","6","5019"
"2023-08-01","7","4021"
"2023-08-01","8","8252"
"2023-08-01","9","2267"
"2023-08-01","10","2002"
"2023-08-02","1","4912"
"2023-08-02","2","4768"
"2023-08-02","3","4004"
"2023-08-02","4","4516"
"2023-08-02","5","2871"
"2023-08-02","6","4021"
"2023-08-02","7","5019"
"2023-08-02","8","8252"
"2023-08-02","9","2593"
"2023-08-02","10","2267"
"2023-08-03","1","4912"
"2023-08-03","2","4004"
"2023-08-03","3","4768"
"2023-08-03","4","4516"
"2023-08-03","5","2871"
"2023-08-03","6","4021"
"2023-08-03","7","2212"
"2023-08-03","8","2593"
"2023-08-03","9","5019"
"2023-08-03","10","2267"
"2023-08-04","1","4912"
"2023-08-04","2","4004"
"2023-08-04","3","4768"
"2023-08-04","4","4516"
"2023-08-04","5","2871"
"2023-08-04","6","4021"
"2023-08-04","7","2267"
"2023-08-04","8","8252"
"2023-08-04","9","2593"
"2023-08-04","10","9533"
"2023-08-07","1","4912"
"2023-08-07","2","4004"
"2023-08-07","3","4516"
"2023-08-07","4","2267"
"2023-08-07","5","2871"
"2023-08-07","6","9533"
"2023-08-07","7","2593"
"2023-08-07","8","8252"
"2023-08-07","9","4021"
"2023-08-07","10","5332"
"2023-08-08","1","4912"
"2023-08-08","2","4004"
"2023-08-08","3","4768"
"2023-08-08","4","4516"
"2023-08-08","5","2871"
"2023-08-08","6","2267"
"2023-08-08","7","8252"
"2023-08-08","8","4021"
"2023-08-08","9","5019"
"2023-08-08","10","8410"
"2023-08-09","1","4912"
"2023-08-09","2","4004"
"2023-08-09","3","4768"
"2023-08-09","4","4516"
"2023-08-09","5","2267"
"2023-08-09","6","4021"
"2023-08-09","7","5019"
"2023-08-09","8","8410"
"2023-08-09","9","2871"
"2023-08-09","10","8252"
"2023-08-10","1","4912"
"2023-08-10","2","4004"
"2023-08-10","3","4768"
"2023-08-10","4","4516"
"2023-08-10","5","2267"
"2023-08-10","6","5019"
"2023-08-10","7","4021"
"2023-08-10","8","8252"
"2023-08-10","9","8410"
"2023-08-10","10","2871"
"2023-08-14","1","4912"
"2023-08-14","2","4004"
"2023-08-14","3","4768"
"2023-08-14","4","4516"
"2023-08-14","5","2267"
"2023-08-14","6","5019"
"2023-08-14","7","8410"
"2023-08-14","8","8252"
"2023-08-14","9","8253"
"2023-08-14","10","2871"
"2023-08-15","1","7269"
"2023-08-15","2","4912"
"2023-08-15","3","4004"
"2023-08-15","4","4768"
"2023-08-15","5","4516"
"2023-08-15","6","8252"
"2023-08-15","7","5019"
"2023-08-15","8","2267"
"2023-08-15","9","8410"
"2023-08-15","10","8253"
"2023-08-16","1","7269"
"2023-08-16","2","4004"
"2023-08-16","3","4912"
"2023-08-16","4","2267"
"2023-08-16","5","4768"
"2023-08-16","6","8252"
"2023-08-16","7","4516"
"2023-08-16","8","5019"
"2023-08-16","9","8410"
"2023-08-16","10","8253"
"2023-08-17","1","7269"
"2023-08-17","2","4912"
"2023-08-17","3","4004"
"2023-08-17","4","4768"
"2023-08-17","5","8252"
"2023-08-17","6","2267"
"2023-08-17","7","4516"
"2023-08-17","8","8410"
"2023-08-17","9","4021"
"2023-08-17","10","8253"
"2023-08-18","1","7269"
"2023-08-18","2","4912"
"2023-08-18","3","4004"
"2023-08-18","4","4768"
"2023-08-18","5","4516"
"2023-08-18","6","8410"
"2023-08-18","7","2267"
"2023-08-18","8","8252"
"2023-08-18","9","3401"
"2023-08-18","10","7701"
"2023-08-21","1","7269"
"2023-08-21","2","4912"
"2023-08-21","3","4004"
"2023-08-21","4","4768"
"2023-08-21","5","8410"
"2023-08-21","6","2267"
"2023-08-21","7","7701"
"2023-08-21","8","5019"
"2023-08-21","9","8252"
"2023-08-21","10","2593"
"2023-08-22","1","7269"
"2023-08-22","2","4912"
"2023-08-22","3","4004"
"2023-08-22","4","4768"
"2023-08-22","5","8410"
"2023-08-22","6","2267"
"2023-08-22","7","7701"
"2023-08-22","8","5019"
"2023-08-22","9","3401"
"2023-08-22","10","8252"
"2023-08-23","1","7269"
"2023-08-23","2","4912"
"2023-08-23","3","4004"
"2023-08-23","4","4768"
"2023-08-23","5","2267"
"2023-08-23","6","8410"
"2023-08-23","7","8252"
"2023-08-23","8","5019"
"2023-08-23","9","7701"
"2023-08-23","10","2593"
"2023-08-24","1","7269"
"2023-08-24","2","4912"
"2023-08-24","3","4004"
"2023-08-24","4","4768"
"2023-08-24","5","7701"
"2023-08-24","6","2593"
"2023-08-24","7","8252"
"2023-08-24","8","8410"
"2023-08-24","9","2267"
"2023-08-24","10","5019"
"2023-08-25","1","7269"
"2023-08-25","2","4912"
"2023-08-25","3","4004"
"2023-08-25","4","4768"
"2023-08-25","5","8410"
"2023-08-25","6","2593"
"2023-08-25","7","7701"
"2023-08-25","8","2267"
"2023-08-25","9","8252"
"2023-08-25","10","5019"
"2023-08-28","1","7269"
"2023-08-28","2","4912"
"2023-08-28","3","4004"
"2023-08-28","4","4768"
"2023-08-28","5","7701"
"2023-08-28","6","8410"
"2023-08-28","7","2593"
"2023-08-28","8","6841"
"2023-08-28","9","5019"
"2023-08-28","10","8252"
"2023-08-29","1","7269"
"2023-08-29","2","4004"
"2023-08-29","3","4912"
"2023-08-29","4","4768"
"2023-08-29","5","7701"
"2023-08-29","6","6841"
"2023-08-29","7","2593"
"2023-08-29","8","8252"
"2023-08-29","9","8410"
"2023-08-29","10","5019"
"2023-08-30","1","7269"
"2023-08-30","2","4004"
"2023-08-30","3","4912"
"2023-08-30","4","4768"
"2023-08-30","5","7701"
"2023-08-30","6","2593"
"2023-08-30","7","6841"
"2023-08-30","8","8410"
"2023-08-30","9","8252"
"2023-08-30","10","3401"
"2023-08-31","1","7269"
"2023-08-31","2","4004"
"2023-08-31","3","4768"
"2023-08-31","4","4912"
"2023-08-31","5","7701"
"2023-08-31","6","2593"
"2023-08-31","7","8410"
"2023-08-31","8","8252"
"2023-08-31","9","3401"
"2023-08-31","10","6856"
"2023-09-01","1","7269"
"2023-09-01","2","4004"
"2023-09-01","3","4768"
"2023-09-01","4","4912"
"2023-09-01","5","7701"
"2023-09-01","6","2593"
"2023-09-01","7","8410"
"2023-09-01","8","3401"
"2023-09-01","9","8252"
"2023-09-01","10","2267"
"2023-09-04","1","7269"
"2023-09-04","2","4004"
"2023-09-04","3","7701"
"2023-09-04","4","4768"
"2023-09-04","5","4912"
"2023-09-04","6","8410"
"2023-09-04","7","3401"
"2023-09-04","8","6841"
"2023-09-04","9","2267"
"2023-09-04","10","6856"
"2023-09-05","1","7269"
"2023-09-05","2","4004"
"2023-09-05","3","4912"
"2023-09-05","4","4768"
"2023-09-05","5","7701"
"2023-09-05","6","8410"
"2023-09-05","7","2267"
"2023-09-05","8","3401"
"2023-09-05","9","6841"
"2023-09-05","10","8252"
"2023-09-06","1","7269"
"2023-09-06","2","7701"
"2023-09-06","3","4912"
"2023-09-06","4","4004"
"2023-09-06","5","4768"
"2023-09-06","6","6703"
"2023-09-06","7","8410"
"2023-09-06","8","6841"
"2023-09-06","9","3401"
"2023-09-06","10","2267"
"2023-09-07","1","7269"
"2023-09-07","2","4004"
"2023-09-07","3","7701"
"2023-09-07","4","4912"
"2023-09-07","5","4768"
"2023-09-07","6","6703"
"2023-09-07","7","8410"
"2023-09-07","8","3401"
"2023-09-07","9","2267"
"2023-09-07","10","6841"
"2023-09-08","1","7269"
"2023-09-08","2","4004"
"2023-09-08","3","7701"
"2023-09-08","4","4912"
"2023-09-08","5","4768"
"2023-09-08","6","6841"
"2023-09-08","7","3401"
"2023-09-08","8","6703"
"2023-09-08","9","8410"
"2023-09-08","10","4661"
"2023-09-11","1","7269"
"2023-09-11","2","4004"
"2023-09-11","3","4912"
"2023-09-11","4","7701"
"2023-09-11","5","4768"
"2023-09-11","6","6841"
"2023-09-11","7","3401"
"2023-09-11","8","6703"
"2023-09-11","9","8410"
"2023-09-11","10","4661"
"2023-09-12","1","7269"
"2023-09-12","2","4004"
"2023-09-12","3","4912"
"2023-09-12","4","4768"
"2023-09-12","5","7701"
"2023-09-12","6","6841"
"2023-09-12","7","3401"
"2023-09-12","8","6703"
"2023-09-12","9","4661"
"2023-09-12","10","8410"
"2023-09-13","1","7269"
"2023-09-13","2","4004"
"2023-09-13","3","4912"
"2023-09-13","4","4768"
"2023-09-13","5","6841"
"2023-09-13","6","7701"
"2023-09-13","7","3401"
"2023-09-13","8","8410"
"2023-09-13","9","4661"
"2023-09-13","10","6703"
"2023-09-14","1","7269"
"2023-09-14","2","4004"
"2023-09-14","3","4912"
"2023-09-14","4","6841"
"2023-09-14","5","7701"
"2023-09-14","6","4768"
"2023-09-14","7","3401"
"2023-09-14","8","4661"
"2023-09-14","9","8410"
"2023-09-14","10","5019"
"2023-09-15","1","7269"
"2023-09-15","2","4004"
"2023-09-15","3","4912"
"2023-09-15","4","6841"
"2023-09-15","5","7701"
"2023-09-15","6","3401"
"2023-09-15","7","4768"
"2023-09-15","8","4661"
"2023-09-15","9","8410"
"2023-09-15","10","5019"
"2023-09-19","1","7269"
"2023-09-19","2","4912"
"2023-09-19","3","6841"
"2023-09-19","4","7701"
"2023-09-19","5","4661"
"2023-09-19","6","8410"
"2023-09-19","7","3401"
"2023-09-19","8","4768"
"2023-09-19","9","8233"
"2023-09-19","10","2267"
"2023-09-20","1","7269"
"2023-09-20","2","4912"
"2023-09-20","3","6841"
"2023-09-20","4","7701"
"2023-09-20","5","8410"
"2023-09-20","6","4661"
"2023-09-20","7","3401"
"2023-09-20","8","2267"
"2023-09-20","9","5019"
"2023-09-20","10","4768"
"2023-09-21","1","7269"
"2023-09-21","2","4912"
"2023-09-21","3","6841"
"2023-09-21","4","7701"
"2023-09-21","5","4661"
"2023-09-21","6","4768"
"2023-09-21","7","3401"
"2023-09-21","8","8410"
"2023-09-21","9","8233"
"2023-09-21","10","2267"
"2023-09-22","1","7269"
"2023-09-22","2","4912"
"2023-09-22","3","6841"
"2023-09-22","4","7701"
"2023-09-22","5","4768"
"2023-09-22","6","4661"
"2023-09-22","7","3401"
"2023-09-22","8","8410"
"2023-09-22","9","2267"
"2023-09-22","10","8233"
"2023-09-25","1","7269"
"2023-09-25","2","4912"
"2023-09-25","3","7701"
"2023-09-25","4","3401"
"2023-09-25","5","6841"
"2023-09-25","6","4661"
"2023-09-25","7","2267"
"2023-09-25","8","4768"
"2023-09-25","9","8410"
"2023-09-25","10","5019"
"2023-09-26","1","7269"
"2023-09-26","2","4004"
"2023-09-26","3","4912"
"2023-09-26","4","3401"
"2023-09-26","5","7701"
"2023-09-26","6","6841"
"2023-09-26","7","4661"
"2023-09-26","8","7239"
"2023-09-26","9","2267"
"2023-09-26","10","8410"
"2023-09-27","1","4004"
"2023-09-27","2","7269"
"2023-09-27","3","4912"
"2023-09-27","4","3401"
"2023-09-27","5","6841"
"2023-09-27","6","7701"
"2023-09-27","7","4661"
"2023-09-27","8","2267"
"2023-09-27","9","8410"
"2023-09-27","10","5019"
"2023-09-28","1","7269"
"2023-09-28","2","4004"
"2023-09-28","3","5019"
"2023-09-28","4","4912"
"2023-09-28","5","4661"
"2023-09-28","6","7701"
"2023-09-28","7","3401"
"2023-09-28","8","2267"
"2023-09-28","9","8410"
"2023-09-28","10","2768"
"2023-09-29","1","7269"
"2023-09-29","2","4004"
"2023-09-29","3","5019"
"2023-09-29","4","6841"
"2023-09-29","5","4912"
"2023-09-29","6","4661"
"2023-09-29","7","3401"
"2023-09-29","8","7701"
"2023-09-29","9","2267"
"2023-09-29","10","8410"
"2023-10-02","1","7269"
"2023-10-02","2","4004"
"2023-10-02","3","5019"
"2023-10-02","4","3401"
"2023-10-02","5","4912"
"2023-10-02","6","4661"
"2023-10-02","7","6841"
"2023-10-02","8","7701"
"2023-10-02","9","2267"
"2023-10-02","10","8410"
"2023-10-03","1","7269"
"2023-10-03","2","4004"
"2023-10-03","3","3401"
"2023-10-03","4","7701"
"2023-10-03","5","5019"
"2023-10-03","6","4912"
"2023-10-03","7","4661"
"2023-10-03","8","2267"
"2023-10-03","9","2768"
"2023-10-03","10","8410"
"2023-10-04","1","7269"
"2023-10-04","2","2593"
"2023-10-04","3","4004"
"2023-10-04","4","3401"
"2023-10-04","5","5019"
"2023-10-04","6","7701"
"2023-10-04","7","4912"
"2023-10-04","8","6841"
"2023-10-04","9","4661"
"2023-10-04","10","2267"
"2023-10-05","1","7269"
"2023-10-05","2","2593"
"2023-10-05","3","4004"
"2023-10-05","4","3401"
"2023-10-05","5","7701"
"2023-10-05","6","4912"
"2023-10-05","7","6841"
"2023-10-05","8","5019"
"2023-10-05","9","4661"
"2023-10-05","10","547A"
"2023-10-06","1","7269"
"2023-10-06","2","4004"
"2023-10-06","3","7701"
"2023-10-06","4","3401"
"2023-10-06","5","4912"
"2023-10-06","6","4661"
"2023-10-06","7","5019"
"2023-10-06","8","2768"
"2023-10-06","9","2267"
"2023-10-06","10","6465"
"2023-10-10","1","7269"
"2023-10-10","2","2593"
"2023-10-10","3","4004"
"2023-10-10","4","7701"
"2023-10-10","5","5019"
"2023-10-10","6","3401"
"2023-10-10","7","4912"
"2023-10-10","8","4661"
"2023-10-10","9","2768"
"2023-10-10","10","2267"
"2023-10-11","1","7269"
"2023-10-11","2","2593"
"2023-10-11","3","4004"
"2023-10-11","4","7701"
"2023-10-11","5","5019"
"2023-10-11","6","4912"
"2023-10-11","7","3401"
"2023-10-11","8","4661"
"2023-10-11","9","8233"
"2023-10-11","10","2267"
"2023-10-12","1","7269"
"2023-10-12","2","2593"
"2023-10-12","3","4004"
"2023-10-12","4","7701"
"2023-10-12","5","4912"
"2023-10-12","6","3401"
"2023-10-12","7","6841"
"2023-10-12","8","4661"
"2023-10-12","9","8233"
"2023-10-12","10","5019"
"2023-10-13","1","7269"
"2023-10-13","2","2593"
"2023-10-13","3","4004"
"2023-10-13","4","7701"
"2023-10-13","5","4912"
"2023-10-13","6","6841"
"2023-10-13","7","3401"
"2023-10-13","8","4661"
"2023-10-13","9","4684"
"2023-10-13","10","8233"
"2023-10-16","1","7269"
"2023-10-16","2","2593"
"2023-10-16","3","7701"
"2023-10-16","4","4912"
"2023-10-16","5","4004"
"2023-10-16","6","4661"
"2023-10-16","7","6841"
"2023-10-16","8","3401"
"2023-10-16","9","4684"
"2023-10-16","10","5019"
"2023-10-17","1","7269"
"2023-10-17","2","2593"
"2023-10-17","3","7701"
"2023-10-17","4","4661"
"2023-10-17","5","4004"
"2023-10-17","6","4912"
"2023-10-17","7","6841"
"2023-10-17","8","3401"
"2023-10-17","9","6465"
"2023-10-17","10","5019"
"2023-10-18","1","7269"
"2023-10-18","2","7701"
"2023-10-18","3","2593"
"2023-10-18","4","4004"
"2023-10-18","5","4661"
"2023-10-18","6","3401"
"2023-10-18","7","6841"
"2023-10-18","8","4912"
"2023-10-18","9","6465"
"2023-10-18","10","5019"
"2023-10-19","1","7269"
"2023-10-19","2","7701"
"2023-10-19","3","2593"
"2023-10-19","4","6841"
"2023-10-19","5","4661"
"2023-10-19","6","4004"
"2023-10-19","7","3401"
"2023-10-19","8","4912"
"2023-10-19","9","5019"
"2023-10-19","10","6465"
"2023-10-20","1","7269"
"2023-10-20","2","7701"
"2023-10-20","3","6841"
"2023-10-20","4","4004"
"2023-10-20","5","2593"
"2023-10-20","6","4661"
"2023-10-20","7","4912"
"2023-10-20","8","3401"
"2023-10-20","9","5019"
"2023-10-20","10","6465"
"2023-10-23","1","7269"
"2023-10-23","2","7701"
"2023-10-23","3","6841"
"2023-10-23","4","2593"
"2023-10-23","5","4004"
"2023-10-23","6","4912"
"2023-10-23","7","3401"
"2023-10-23","8","4661"
"2023-10-23","9","5019"
"2023-10-23","10","8233"
"2023-10-24","1","7269"
"2023-10-24","2","6841"
"2023-10-24","3","7701"
"2023-10-24","4","4004"
"2023-10-24","5","2593"
"2023-10-24","6","3401"
"2023-10-24","7","4661"
"2023-10-24","8","5019"
"2023-10-24","9","4912"
"2023-10-24","10","8253"
"2023-10-25","1","7269"
"2023-10-25","2","7701"
"2023-10-25","3","6841"
"2023-10-25","4","4004"
"2023-10-25","5","2593"
"2023-10-25","6","3401"
"2023-10-25","7","4661"
"2023-10-25","8","4912"
"2023-10-25","9","8253"
"2023-10-25","10","4684"
"2023-10-26","1","7269"
"2023-10-26","2","7701"
"2023-10-26","3","4004"
"2023-10-26","4","6841"
"2023-10-26","5","2593"
"2023-10-26","6","4912"
"2023-10-26","7","8253"
"2023-10-26","8","4684"
"2023-10-26","9","5019"
"2023-10-26","10","4661"
"2023-10-27","1","7269"
"2023-10-27","2","7701"
"2023-10-27","3","4004"
"2023-10-27","4","6841"
"2023-10-27","5","2593"
"2023-10-27","6","6465"
"2023-10-27","7","4912"
"2023-10-27","8","8253"
"2023-10-27","9","4661"
"2023-10-27","10","5019"
"2023-10-30","1","7269"
"2023-10-30","2","7701"
"2023-10-30","3","4004"
"2023-10-30","4","6841"
"2023-10-30","5","8253"
"2023-10-30","6","2593"
"2023-10-30","7","6465"
"2023-10-30","8","4912"
"2023-10-30","9","5019"
"2023-10-30","10","4684"
"2023-10-31","1","7269"
"2023-10-31","2","7701"
"2023-10-31","3","4004"
"2023-10-31","4","6841"
"2023-10-31","5","6465"
"2023-10-31","6","4912"
"2023-10-31","7","8253"
"2023-10-31","8","2593"
"2023-10-31","9","5019"
"2023-10-31","10","4684"
"2023-11-01","1","7269"
"2023-11-01","2","7701"
"2023-11-01","3","4004"
"2023-11-01","4","6841"
"2023-11-01","5","6465"
"2023-11-01","6","4912"
"2023-11-01","7","2593"
"2023-11-01","8","8253"
"2023-11-01","9","4684"
"2023-11-01","10","5019"
"2023-11-02","1","7269"
"2023-11-02","2","7701"
"2023-11-02","3","6841"
"2023-11-02","4","4004"
"2023-11-02","5","6465"
"2023-11-02","6","2593"
"2023-11-02","7","8253"
"2023-11-02","8","4684"
"2023-11-02","9","4912"
"2023-11-02","10","5019"
"2023-11-06","1","7269"
"2023-11-06","2","7701"
"2023-11-06","3","6841"
"2023-11-06","4","4004"
"2023-11-06","5","6465"
"2023-11-06","6","8253"
"2023-11-06","7","4684"
"2023-11-06","8","2593"
"2023-11-06","9","5332"
"2023-11-06","10","4912"
"2023-11-07","1","7269"
"2023-11-07","2","7701"
"2023-11-07","3","6465"
"2023-11-07","4","4684"
"2023-11-07","5","2593"
"2023-11-07","6","8253"
"2023-11-07","7","5332"
"2023-11-07","8","3401"
"2023-11-07","9","4661"
"2023-11-07","10","4912"
"2023-11-08","1","7269"
"2023-11-08","2","7701"
"2023-11-08","3","6465"
"2023-11-08","4","8253"
"2023-11-08","5","4684"
"2023-11-08","6","2593"
"2023-11-08","7","2768"
"2023-11-08","8","3401"
"2023-11-08","9","4901"
"2023-11-08","10","547A"
"2023-11-09","1","7269"
"2023-11-09","2","7701"
"2023-11-09","3","6465"
"2023-11-09","4","2593"
"2023-11-09","5","4684"
"2023-11-09","6","8253"
"2023-11-09","7","4901"
"2023-11-09","8","3401"
"2023-11-09","9","547A"
"2023-11-09","10","4613"
"2023-11-10","1","7269"
"2023-11-10","2","7701"
"2023-11-10","3","6465"
"2023-11-10","4","4684"
"2023-11-10","5","2593"
"2023-11-10","6","4901"
"2023-11-10","7","8253"
"2023-11-10","8","5332"
"2023-11-10","9","4613"
"2023-11-10","10","547A"
"2023-11-13","1","7269"
"2023-11-13","2","7701"
"2023-11-13","3","6465"
"2023-11-13","4","4684"
"2023-11-13","5","6674"
"2023-11-13","6","4901"
"2023-11-13","7","2593"
"2023-11-13","8","4613"
"2023-11-13","9","2768"
"2023-11-13","10","5332"
"2023-11-14","1","7269"
"2023-11-14","2","7701"
"2023-11-14","3","6674"
"2023-11-14","4","6465"
"2023-11-14","5","4684"
"2023-11-14","6","4901"
"2023-11-14","7","2593"
"2023-11-14","8","4613"
"2023-11-14","9","5019"
"2023-11-14","10","5332"
"2023-11-15","1","7269"
"2023-11-15","2","7701"
"2023-11-15","3","4684"
"2023-11-15","4","6674"
"2023-11-15","5","4613"
"2023-11-15","6","6465"
"2023-11-15","7","4901"
"2023-11-15","8","2593"
"2023-11-15","9","547A"
"2023-11-15","10","2768"
"2023-11-16","1","7269"
"2023-11-16","2","7701"
"2023-11-16","3","4684"
"2023-11-16","4","6674"
"2023-11-16","5","6465"
"2023-11-16","6","2593"
"2023-11-16","7","547A"
"2023-11-16","8","4613"
"2023-11-16","9","2768"
"2023-11-16","10","4901"
"2023-11-17","1","7269"
"2023-11-17","2","7701"
"2023-11-17","3","4684"
"2023-11-17","4","6674"
"2023-11-17","5","6465"
"2023-11-17","6","2593"
"2023-11-17","7","5332"
"2023-11-17","8","547A"
"2023-11-17","9","4613"
"2023-11-17","10","8410"
"2023-11-20","1","7269"
"2023-11-20","2","7701"
"2023-11-20","3","6674"
"2023-11-20","4","6465"
"2023-11-20","5","4684"
"2023-11-20","6","5105"
"2023-11-20","7","5332"
"2023-11-20","8","547A"
"2023-11-20","9","2593"
"2023-11-20","10","4613"
"2023-11-21","1","7269"
"2023-11-21","2","7701"
"2023-11-21","3","6465"
"2023-11-21","4","4684"
"2023-11-21","5","5332"
"2023-11-21","6","2593"
"2023-11-21","7","4901"
"2023-11-21","8","2768"
"2023-11-21","9","547A"
"2023-11-21","10","5105"
"2023-11-22","1","7269"
"2023-11-22","2","7701"
"2023-11-22","3","6465"
"2023-11-22","4","4684"
"2023-11-22","5","5332"
"2023-11-22","6","2593"
"2023-11-22","7","547A"
"2023-11-22","8","2768"
"2023-11-22","9","4901"
"2023-11-22","10","4613"
"2023-11-24","1","7269"
"2023-11-24","2","7701"
"2023-11-24","3","6465"
"2023-11-24","4","4684"
"2023-11-24","5","5332"
"2023-11-24","6","2593"
"2023-11-24","7","547A"
"2023-11-24","8","2768"
"2023-11-24","9","4613"
"2023-11-24","10","4901"
"2023-11-27","1","7269"
"2023-11-27","2","7701"
"2023-11-27","3","4684"
"2023-11-27","4","6465"
"2023-11-27","5","2593"
"2023-11-27","6","5332"
"2023-11-27","7","2768"
"2023-11-27","8","4613"
"2023-11-27","9","4901"
"2023-11-27","10","547A"
"2023-11-28","1","7269"
"2023-11-28","2","7701"
"2023-11-28","3","6465"
"2023-11-28","4","4684"
"2023-11-28","5","2768"
"2023-11-28","6","2593"
"2023-11-28","7","5332"
"2023-11-28","8","4613"
"2023-11-28","9","4901"
"2023-11-28","10","8410"
"2023-11-29","1","7269"
"2023-11-29","2","7701"
"2023-11-29","3","4684"
"2023-11-29","4","2768"
"2023-11-29","5","6465"
"2023-11-29","6","2593"
"2023-11-29","7","5332"
"2023-11-29","8","4613"
"2023-11-29","9","8410"
"2023-11-29","10","8088"
"2023-11-30","1","7269"
"2023-11-30","2","7701"
"2023-11-30","3","2768"
"2023-11-30","4","4684"
"2023-11-30","5","5332"
"2023-11-30","6","6465"
"2023-11-30","7","2593"
"2023-11-30","8","8410"
"2023-11-30","9","8088"
"2023-11-30","10","4901"
"2023-12-01","1","7269"
"2023-12-01","2","7701"
"2023-12-01","3","2768"
"2023-12-01","4","4684"
"2023-12-01","5","5332"
"2023-12-01","6","6465"
"2023-12-01","7","8410"
"2023-12-01","8","9502"
"2023-12-01","9","4901"
"2023-12-01","10","8088"
"2023-12-04","1","7269"
"2023-12-04","2","7701"
"2023-12-04","3","2768"
"2023-12-04","4","5332"
"2023-12-04","5","2593"
"2023-12-04","6","6465"
"2023-12-04","7","4684"
"2023-12-04","8","8410"
"2023-12-04","9","4901"
"2023-12-04","10","8088"
"2023-12-05","1","7269"
"2023-12-05","2","7701"
"2023-12-05","3","5332"
"2023-12-05","4","2768"
"2023-12-05","5","2593"
"2023-12-05","6","4684"
"2023-12-05","7","6465"
"2023-12-05","8","4901"
"2023-12-05","9","8088"
"2023-12-05","10","8410"
"2023-12-06","1","7269"
"2023-12-06","2","7701"
"2023-12-06","3","5332"
"2023-12-06","4","2593"
"2023-12-06","5","2768"
"2023-12-06","6","4684"
"2023-12-06","7","6465"
"2023-12-06","8","4901"
"2023-12-06","9","4536"
"2023-12-06","10","547A"
"2023-12-07","1","7269"
"2023-12-07","2","7701"
"2023-12-07","3","2593"
"2023-12-07","4","5332"
"2023-12-07","5","2768"
"2023-12-07","6","4684"
"2023-12-07","7","5105"
"2023-12-07","8","6465"
"2023-12-07","9","4536"
"2023-12-07","10","8088"
"2023-12-08","1","7269"
"2023-12-08","2","7701"
"2023-12-08","3","5332"
"2023-12-08","4","2768"
"2023-12-08","5","2593"
"2023-12-08","6","4684"
"2023-12-08","7","5105"
"2023-12-08","8","547A"
"2023-12-08","9","4901"
"2023-12-08","10","6465"
"2023-12-11","1","7269"
"2023-12-11","2","7701"
"2023-12-11","3","5332"
"2023-12-11","4","2593"
"2023-12-11","5","4684"
"2023-12-11","6","5105"
"2023-12-11","7","8088"
"2023-12-11","8","547A"
"2023-12-11","9","4901"
"2023-12-11","10","4536"
"2023-12-12","1","7269"
"2023-12-12","2","7701"
"2023-12-12","3","2593"
"2023-12-12","4","5332"
"2023-12-12","5","2768"
"2023-12-12","6","4684"
"2023-12-12","7","5105"
"2023-12-12","8","8088"
"2023-12-12","9","4901"
"2023-12-12","10","547A"
"2023-12-13","1","7269"
"2023-12-13","2","7701"
"2023-12-13","3","5332"
"2023-12-13","4","2593"
"2023-12-13","5","5105"
"2023-12-13","6","4684"
"2023-12-13","7","4901"
"2023-12-13","8","8088"
"2023-12-13","9","547A"
"2023-12-13","10","4536"
"2023-12-14","1","7269"
"2023-12-14","2","7701"
"2023-12-14","3","5332"
"2023-12-14","4","2593"
"2023-12-14","5","5105"
"2023-12-14","6","8088"
"2023-12-14","7","547A"
"2023-12-14","8","4684"
"2023-12-14","9","4901"
"2023-12-14","10","3116"
"2023-12-15","1","7269"
"2023-12-15","2","7701"
"2023-12-15","3","5332"
"2023-12-15","4","2593"
"2023-12-15","5","5105"
"2023-12-15","6","547A"
"2023-12-15","7","4684"
"2023-12-15","8","4536"
"2023-12-15","9","4901"
"2023-12-15","10","8088"
"2023-12-18","1","7269"
"2023-12-18","2","7701"
"2023-12-18","3","5332"
"2023-12-18","4","2768"
"2023-12-18","5","2593"
"2023-12-18","6","5105"
"2023-12-18","7","4536"
"2023-12-18","8","547A"
"2023-12-18","9","4901"
"2023-12-18","10","4684"
"2023-12-19","1","7269"
"2023-12-19","2","7701"
"2023-12-19","3","5332"
"2023-12-19","4","2768"
"2023-12-19","5","2593"
"2023-12-19","6","5105"
"2023-12-19","7","547A"
"2023-12-19","8","4536"
"2023-12-19","9","4684"
"2023-12-19","10","4901"
"2023-12-20","1","7269"
"2023-12-20","2","7701"
"2023-12-20","3","5332"
"2023-12-20","4","2593"
"2023-12-20","5","2768"
"2023-12-20","6","5105"
"2023-12-20","7","547A"
"2023-12-20","8","4536"
"2023-12-20","9","8088"
"2023-12-20","10","4901"
"2023-12-21","1","7269"
"2023-12-21","2","7701"
"2023-12-21","3","5332"
"2023-12-21","4","2593"
"2023-12-21","5","2768"
"2023-12-21","6","4536"
"2023-12-21","7","5105"
"2023-12-21","8","4901"
"2023-12-21","9","8088"
"2023-12-21","10","4684"
"2023-12-22","1","7269"
"2023-12-22","2","7701"
"2023-12-22","3","5332"
"2023-12-22","4","2593"
"2023-12-22","5","2768"
"2023-12-22","6","5105"
"2023-12-22","7","4536"
"2023-12-22","8","4901"
"2023-12-22","9","4684"
"2023-12-22","10","8088"
"2023-12-25","1","7269"
"2023-12-25","2","7701"
"2023-12-25","3","5332"
"2023-12-25","4","2593"
"2023-12-25","5","4536"
"2023-12-25","6","2768"
"2023-12-25","7","5105"
"2023-12-25","8","4901"
"2023-12-25","9","8088"
"2023-12-25","10","4684"
"2023-12-26","1","7269"
"2023-12-26","2","7701"
"2023-12-26","3","5332"
"2023-12-26","4","2593"
"2023-12-26","5","4536"
"2023-12-26","6","5105"
"2023-12-26","7","8088"
"2023-12-26","8","4684"
"2023-12-26","9","4901"
"2023-12-26","10","3635"
"2023-12-27","1","7269"
"2023-12-27","2","7701"
"2023-12-27","3","5332"
"2023-12-27","4","4536"
"2023-12-27","5","5105"
"2023-12-27","6","547A"
"2023-12-27","7","4684"
"2023-12-27","8","4901"
"2023-12-27","9","8088"
"2023-12-27","10","4912"
"2023-12-28","1","7269"
"2023-12-28","2","7701"
"2023-12-28","3","5332"
"2023-12-28","4","4536"
"2023-12-28","5","5105"
"2023-12-28","6","4901"
"2023-12-28","7","4684"
"2023-12-28","8","8088"
"2023-12-28","9","4912"
"2023-12-28","10","3635"
"2023-12-29","1","7269"
"2023-12-29","2","7701"
"2023-12-29","3","5332"
"2023-12-29","4","4536"
"2023-12-29","5","5105"
"2023-12-29","6","4901"
"2023-12-29","7","4684"
"2023-12-29","8","8088"
"2023-12-29","9","4912"
"2023-12-29","10","4005"
"2024-01-04","1","7269"
"2024-01-04","2","7701"
"2024-01-04","3","5332"
"2024-01-04","4","4536"
"2024-01-04","5","5105"
"2024-01-04","6","4901"
"2024-01-04","7","4912"
"2024-01-04","8","4684"
"2024-01-04","9","6465"
"2024-01-04","10","8088"
"2024-01-05","1","7269"
"2024-01-05","2","7701"
"2024-01-05","3","5332"
"2024-01-05","4","4536"
"2024-01-05","5","5105"
"2024-01-05","6","4901"
"2024-01-05","7","4912"
"2024-01-05","8","8088"
"2024-01-05","9","6465"
"2024-01-05","10","4684"
"2024-01-09","1","7269"
"2024-01-09","2","7701"
"2024-01-09","3","5332"
"2024-01-09","4","4536"
"2024-01-09","5","4901"
"2024-01-09","6","5105"
"2024-01-09","7","3635"
"2024-01-09","8","4912"
"2024-01-09","9","6465"
"2024-01-09","10","8088"
"2024-01-10","1","7269"
"2024-01-10","2","7701"
"2024-01-10","3","5332"
"2024-01-10","4","4536"
"2024-01-10","5","5105"
"2024-01-10","6","4901"
"2024-01-10","7","3635"
"2024-01-10","8","4912"
"2024-01-10","9","8088"
"2024-01-10","10","6465"
"2024-01-11","1","7269"
"2024-01-11","2","7701"
"2024-01-11","3","5332"
"2024-01-11","4","4536"
"2024-01-11","5","5105"
"2024-01-11","6","2593"
"2024-01-11","7","3635"
"2024-01-11","8","4901"
"2024-01-11","9","4912"
"2024-01-11","10","8088"
"2024-01-12","1","7269"
"2024-01-12","2","7701"
"2024-01-12","3","5332"
"2024-01-12","4","4536"
"2024-01-12","5","5105"
"2024-01-12","6","3635"
"2024-01-12","7","2593"
"2024-01-12","8","4901"
"2024-01-12","9","4912"
"2024-01-12","10","8088"
"2024-01-15","1","7269"
"2024-01-15","2","7701"
"2024-01-15","3","5332"
"2024-01-15","4","8098"
"2024-01-15","5","3635"
"2024-01-15","6","4536"
"2024-01-15","7","5105"
"2024-01-15","8","2593"
"2024-01-15","9","4901"
"2024-01-15","10","4912"
"2024-01-16","1","7269"
"2024-01-16","2","7701"
"2024-01-16","3","5332"
"2024-01-16","4","3635"
"2024-01-16","5","4536"
"2024-01-16","6","8098"
"2024-01-16","7","5105"
"2024-01-16","8","2593"
"2024-01-16","9","4912"
"2024-01-16","10","4901"
"2024-01-17","1","7269"
"2024-01-17","2","7701"
"2024-01-17","3","5332"
"2024-01-17","4","3635"
"2024-01-17","5","4536"
"2024-01-17","6","8098"
"2024-01-17","7","5105"
"2024-01-17","8","4912"
"2024-01-17","9","2593"
"2024-01-17","10","4901"
"2024-01-18","1","7269"
"2024-01-18","2","7701"
"2024-01-18","3","5332"
"2024-01-18","4","3635"
"2024-01-18","5","4536"
"2024-01-18","6","8098"
"2024-01-18","7","2593"
"2024-01-18","8","4912"
"2024-01-18","9","4005"
"2024-01-18","10","4901"
"2024-01-19","1","7269"
"2024-01-19","2","7701"
"2024-01-19","3","5332"
"2024-01-19","4","3635"
"2024-01-19","5","4536"
"2024-01-19","6","8098"
"2024-01-19","7","4005"
"2024-01-19","8","2593"
"2024-01-19","9","4912"
"2024-01-19","10","4901"
"2024-01-22","1","7269"
"2024-01-22","2","7701"
"2024-01-22","3","5332"
"2024-01-22","4","3635"
"2024-01-22","5","4536"
"2024-01-22","6","8098"
"2024-01-22","7","4005"
"2024-01-22","8","4912"
"2024-01-22","9","4901"
"2024-01-22","10","3382"
"2024-01-23","1","7269"
"2024-01-23","2","7701"
"2024-01-23","3","5332"
"2024-01-23","4","3635"
"2024-01-23","5","4536"
"2024-01-23","6","4005"
"2024-01-23","7","8098"
"2024-01-23","8","4901"
"2024-01-23","9","3382"
"2024-01-23","10","4912"
"2024-01-24","1","7269"
"2024-01-24","2","7701"
"2024-01-24","3","5332"
"2024-01-24","4","3635"
"2024-01-24","5","4536"
"2024-01-24","6","4005"
"2024-01-24","7","8098"
"2024-01-24","8","4901"
"2024-01-24","9","3382"
"2024-01-24","10","4912"
"2024-01-25","1","7269"
"2024-01-25","2","7701"
"2024-01-25","3","5332"
"2024-01-25","4","4536"
"2024-01-25","5","3635"
"2024-01-25","6","4005"
"2024-01-25","7","8098"
"2024-01-25","8","4901"
"2024-01-25","9","7203"
"2024-01-25","10","8088"
"2024-01-26","1","7269"
"2024-01-26","2","7701"
"2024-01-26","3","5332"
"2024-01-26","4","4536"
"2024-01-26","5","3635"
"2024-01-26","6","4005"
"2024-01-26","7","7203"
"2024-01-26","8","8098"
"2024-01-26","9","4901"
"2024-01-26","10","7267"
"2024-01-29","1","7269"
"2024-01-29","2","7701"
"2024-01-29","3","5332"
"2024-01-29","4","4536"
"2024-01-29","5","3635"
"2024-01-29","6","4005"
"2024-01-29","7","7203"
"2024-01-29","8","8098"
"2024-01-29","9","4901"
"2024-01-29","10","7267"
"2024-01-30","1","7269"
"2024-01-30","2","7701"
"2024-01-30","3","5332"
"2024-01-30","4","4536"
"2024-01-30","5","3635"
"2024-01-30","6","4005"
"2024-01-30","7","8098"
"2024-01-30","8","4901"
"2024-01-30","9","7203"
"2024-01-30","10","3382"
"2024-01-31","1","7269"
"2024-01-31","2","7701"
"2024-01-31","3","5332"
"2024-01-31","4","4536"
"2024-01-31","5","3635"
"2024-01-31","6","4005"
"2024-01-31","7","5444"
"2024-01-31","8","2002"
"2024-01-31","9","8098"
"2024-01-31","10","7203"
"2024-02-01","1","7269"
"2024-02-01","2","7701"
"2024-02-01","3","5332"
"2024-02-01","4","4536"
"2024-02-01","5","3635"
"2024-02-01","6","4005"
"2024-02-01","7","5444"
"2024-02-01","8","2002"
"2024-02-01","9","8098"
"2024-02-01","10","8088"
"2024-02-02","1","7269"
"2024-02-02","2","7701"
"2024-02-02","3","5332"
"2024-02-02","4","4536"
"2024-02-02","5","4005"
"2024-02-02","6","5444"
"2024-02-02","7","3635"
"2024-02-02","8","2002"
"2024-02-02","9","8098"
"2024-02-02","10","3382"
"2024-02-05","1","7269"
"2024-02-05","2","7701"
"2024-02-05","3","5332"
"2024-02-05","4","4536"
"2024-02-05","5","5444"
"2024-02-05","6","2002"
"2024-02-05","7","8098"
"2024-02-05","8","3635"
"2024-02-05","9","4912"
"2024-02-05","10","7203"
"2024-02-06","1","7269"
"2024-02-06","2","7701"
"2024-02-06","3","5332"
"2024-02-06","4","4536"
"2024-02-06","5","3635"
"2024-02-06","6","5444"
"2024-02-06","7","2002"
"2024-02-06","8","8098"
"2024-02-06","9","4042"
"2024-02-06","10","4912"
"2024-02-07","1","7269"
"2024-02-07","2","5332"
"2024-02-07","3","7701"
"2024-02-07","4","4536"
"2024-02-07","5","3635"
"2024-02-07","6","2768"
"2024-02-07","7","5444"
"2024-02-07","8","8098"
"2024-02-07","9","2002"
"2024-02-07","10","4042"
"2024-02-08","1","7269"
"2024-02-08","2","5332"
"2024-02-08","3","7701"
"2024-02-08","4","4536"
"2024-02-08","5","3635"
"2024-02-08","6","5444"
"2024-02-08","7","4005"
"2024-02-08","8","2768"
"2024-02-08","9","4042"
"2024-02-08","10","7004"
"2024-02-09","1","7269"
"2024-02-09","2","5332"
"2024-02-09","3","4536"
"2024-02-09","4","7701"
"2024-02-09","5","5444"
"2024-02-09","6","3635"
"2024-02-09","7","4042"
"2024-02-09","8","4005"
"2024-02-09","9","2768"
"2024-02-09","10","7004"
"2024-02-13","1","7269"
"2024-02-13","2","5332"
"2024-02-13","3","4536"
"2024-02-13","4","7701"
"2024-02-13","5","5444"
"2024-02-13","6","3635"
"2024-02-13","7","4005"
"2024-02-13","8","4042"
"2024-02-13","9","2768"
"2024-02-13","10","7004"
"2024-02-14","1","7269"
"2024-02-14","2","5332"
"2024-02-14","3","4536"
"2024-02-14","4","5444"
"2024-02-14","5","4005"
"2024-02-14","6","7701"
"2024-02-14","7","4042"
"2024-02-14","8","2768"
"2024-02-14","9","3635"
"2024-02-14","10","4912"
"2024-02-15","1","5332"
"2024-02-15","2","4536"
"2024-02-15","3","5444"
"2024-02-15","4","7269"
"2024-02-15","5","7701"
"2024-02-15","6","8253"
"2024-02-15","7","4042"
"2024-02-15","8","4005"
"2024-02-15","9","3635"
"2024-02-15","10","2768"
"2024-02-16","1","5332"
"2024-02-16","2","4536"
"2024-02-16","3","5444"
"2024-02-16","4","7701"
"2024-02-16","5","7269"
"2024-02-16","6","4042"
"2024-02-16","7","4005"
"2024-02-16","8","3635"
"2024-02-16","9","2768"
"2024-02-16","10","3405"
"2024-02-19","1","4536"
"2024-02-19","2","5332"
"2024-02-19","3","5444"
"2024-02-19","4","6841"
"2024-02-19","5","7701"
"2024-02-19","6","5401"
"2024-02-19","7","7269"
"2024-02-19","8","4005"
"2024-02-19","9","3635"
"2024-02-19","10","8253"
"2024-02-20","1","4536"
"2024-02-20","2","5444"
"2024-02-20","3","5332"
"2024-02-20","4","6841"
"2024-02-20","5","5401"
"2024-02-20","6","7701"
"2024-02-20","7","7269"
"2024-02-20","8","4005"
"2024-02-20","9","3405"
"2024-02-20","10","3635"
"2024-02-21","1","4536"
"2024-02-21","2","5444"
"2024-02-21","3","5401"
"2024-02-21","4","5332"
"2024-02-21","5","6841"
"2024-02-21","6","7701"
"2024-02-21","7","7269"
"2024-02-21","8","3405"
"2024-02-21","9","8253"
"2024-02-21","10","4005"
"2024-02-22","1","4536"
"2024-02-22","2","6841"
"2024-02-22","3","5401"
"2024-02-22","4","5444"
"2024-02-22","5","5332"
"2024-02-22","6","7701"
"2024-02-22","7","3405"
"2024-02-22","8","4005"
"2024-02-22","9","8253"
"2024-02-22","10","7269"
"2024-02-26","1","4536"
"2024-02-26","2","6841"
"2024-02-26","3","5401"
"2024-02-26","4","5444"
"2024-02-26","5","4005"
"2024-02-26","6","7701"
"2024-02-26","7","5332"
"2024-02-26","8","3405"
"2024-02-26","9","8253"
"2024-02-26","10","7269"
"2024-02-27","1","6841"
"2024-02-27","2","4536"
"2024-02-27","3","5401"
"2024-02-27","4","5444"
"2024-02-27","5","5332"
"2024-02-27","6","4005"
"2024-02-27","7","3405"
"2024-02-27","8","7701"
"2024-02-27","9","7269"
"2024-02-27","10","8253"
"2024-02-28","1","4536"
"2024-02-28","2","6841"
"2024-02-28","3","5401"
"2024-02-28","4","5332"
"2024-02-28","5","5444"
"2024-02-28","6","4005"
"2024-02-28","7","3405"
"2024-02-28","8","7701"
"2024-02-28","9","8253"
"2024-02-28","10","7269"
"2024-02-29","1","4536"
"2024-02-29","2","6841"
"2024-02-29","3","5444"
"2024-02-29","4","5332"
"2024-02-29","5","4005"
"2024-02-29","6","3405"
"2024-02-29","7","7269"
"2024-02-29","8","2768"
"2024-02-29","9","8253"
"2024-02-29","10","7701"
"2024-03-01","1","4536"
"2024-03-01","2","6841"
"2024-03-01","3","5444"
"2024-03-01","4","5332"
"2024-03-01","5","4005"
"2024-03-01","6","3405"
"2024-03-01","7","7269"
"2024-03-01","8","7701"
"2024-03-01","9","8098"
"2024-03-01","10","2768"
"2024-03-04","1","4536"
"2024-03-04","2","5401"
"2024-03-04","3","6841"
"2024-03-04","4","5444"
"2024-03-04","5","5332"
"2024-03-04","6","3405"
"2024-03-04","7","7269"
"2024-03-04","8","4005"
"2024-03-04","9","7701"
"2024-03-04","10","2768"
"2024-03-05","1","4536"
"2024-03-05","2","6841"
"2024-03-05","3","5332"
"2024-03-05","4","5444"
"2024-03-05","5","3405"
"2024-03-05","6","4005"
"2024-03-05","7","7701"
"2024-03-05","8","7269"
"2024-03-05","9","3635"
"2024-03-05","10","8098"
"2024-03-06","1","4536"
"2024-03-06","2","5401"
"2024-03-06","3","5332"
"2024-03-06","4","5444"
"2024-03-06","5","3405"
"2024-03-06","6","7269"
"2024-03-06","7","3635"
"2024-03-06","8","4005"
"2024-03-06","9","3291"
"2024-03-06","10","7701"
"2024-03-07","1","5401"
"2024-03-07","2","4536"
"2024-03-07","3","6841"
"2024-03-07","4","5332"
"2024-03-07","5","5444"
"2024-03-07","6","3405"
"2024-03-07","7","7269"
"2024-03-07","8","3635"
"2024-03-07","9","3291"
"2024-03-07","10","8098"
"2024-03-08","1","5401"
"2024-03-08","2","4536"
"2024-03-08","3","5332"
"2024-03-08","4","6841"
"2024-03-08","5","5444"
"2024-03-08","6","3635"
"2024-03-08","7","7269"
"2024-03-08","8","3405"
"2024-03-08","9","8253"
"2024-03-08","10","3291"
"2024-03-11","1","5401"
"2024-03-11","2","4536"
"2024-03-11","3","5332"
"2024-03-11","4","5444"
"2024-03-11","5","6841"
"2024-03-11","6","3405"
"2024-03-11","7","3635"
"2024-03-11","8","7269"
"2024-03-11","9","8253"
"2024-03-11","10","3291"
"2024-03-12","1","4536"
"2024-03-12","2","5401"
"2024-03-12","3","5444"
"2024-03-12","4","6841"
"2024-03-12","5","5332"
"2024-03-12","6","3635"
"2024-03-12","7","3405"
"2024-03-12","8","7269"
"2024-03-12","9","3291"
"2024-03-12","10","8253"
"2024-03-13","1","5401"
"2024-03-13","2","4536"
"2024-03-13","3","6841"
"2024-03-13","4","5444"
"2024-03-13","5","5332"
"2024-03-13","6","3635"
"2024-03-13","7","7269"
"2024-03-13","8","8253"
"2024-03-13","9","3405"
"2024-03-13","10","3291"
"2024-03-14","1","5401"
"2024-03-14","2","4536"
"2024-03-14","3","5444"
"2024-03-14","4","6841"
"2024-03-14","5","5332"
"2024-03-14","6","8253"
"2024-03-14","7","7269"
"2024-03-14","8","3635"
"2024-03-14","9","3405"
"2024-03-14","10","3291"
"2024-03-15","1","5401"
"2024-03-15","2","4536"
"2024-03-15","3","5444"
"2024-03-15","4","6841"
"2024-03-15","5","5332"
"2024-03-15","6","3635"
"2024-03-15","7","7269"
"2024-03-15","8","3291"
"2024-03-15","9","8253"
"2024-03-15","10","7701"
"2024-03-18","1","5401"
"2024-03-18","2","4536"
"2024-03-18","3","5444"
"2024-03-18","4","5332"
"2024-03-18","5","6841"
"2024-03-18","6","7269"
"2024-03-18","7","3291"
"2024-03-18","8","3635"
"2024-03-18","9","8253"
"2024-03-18","10","3405"
"2024-03-19","1","5401"
"2024-03-19","2","4536"
"2024-03-19","3","5444"
"2024-03-19","4","5332"
"2024-03-19","5","3635"
"2024-03-19","6","7269"
"2024-03-19","7","3291"
"2024-03-19","8","2768"
"2024-03-19","9","3405"
"2024-03-19","10","7701"
"2024-03-21","1","5401"
"2024-03-21","2","4536"
"2024-03-21","3","5444"
"2024-03-21","4","5332"
"2024-03-21","5","7269"
"2024-03-21","6","3291"
"2024-03-21","7","3635"
"2024-03-21","8","7701"
"2024-03-21","9","2768"
"2024-03-21","10","8253"
"2024-03-22","1","5401"
"2024-03-22","2","4536"
"2024-03-22","3","5444"
"2024-03-22","4","5332"
"2024-03-22","5","6841"
"2024-03-22","6","3635"
"2024-03-22","7","7269"
"2024-03-22","8","3291"
"2024-03-22","9","7701"
"2024-03-22","10","2768"
"2024-03-25","1","5401"
"2024-03-25","2","4536"
"2024-03-25","3","5332"
"2024-03-25","4","5444"
"2024-03-25","5","7269"
"2024-03-25","6","3635"
"2024-03-25","7","3291"
"2024-03-25","8","7701"
"2024-03-25","9","7004"
"2024-03-25","10","2768"
"2024-03-26","1","5401"
"2024-03-26","2","4536"
"2024-03-26","3","5332"
"2024-03-26","4","5444"
"2024-03-26","5","3635"
"2024-03-26","6","7269"
"2024-03-26","7","7701"
"2024-03-26","8","3291"
"2024-03-26","9","2768"
"2024-03-26","10","4005"
"2024-03-27","1","5401"
"2024-03-27","2","4536"
"2024-03-27","3","5444"
"2024-03-27","4","5332"
"2024-03-27","5","7269"
"2024-03-27","6","3635"
"2024-03-27","7","7701"
"2024-03-27","8","3291"
"2024-03-27","9","3405"
"2024-03-27","10","7004"
"2024-03-28","1","5401"
"2024-03-28","2","4536"
"2024-03-28","3","7269"
"2024-03-28","4","5332"
"2024-03-28","5","5444"
"2024-03-28","6","3635"
"2024-03-28","7","7701"
"2024-03-28","8","3291"
"2024-03-28","9","2002"
"2024-03-28","10","4005"
"2024-03-29","1","5401"
"2024-03-29","2","4536"
"2024-03-29","3","3635"
"2024-03-29","4","7269"
"2024-03-29","5","5444"
"2024-03-29","6","7701"
"2024-03-29","7","5332"
"2024-03-29","8","3291"
"2024-03-29","9","4901"
"2024-03-29","10","2768"
"2024-04-01","1","5401"
"2024-04-01","2","4536"
"2024-04-01","3","7269"
"2024-04-01","4","5332"
"2024-04-01","5","5444"
"2024-04-01","6","3635"
"2024-04-01","7","7701"
"2024-04-01","8","3291"
"2024-04-01","9","8253"
"2024-04-01","10","4901"
"2024-04-02","1","5401"
"2024-04-02","2","4536"
"2024-04-02","3","7269"
"2024-04-02","4","3635"
"2024-04-02","5","5444"
"2024-04-02","6","5332"
"2024-04-02","7","3291"
"2024-04-02","8","7701"
"2024-04-02","9","4901"
"2024-04-02","10","2768"
"2024-04-03","1","5401"
"2024-04-03","2","4536"
"2024-04-03","3","5444"
"2024-04-03","4","7269"
"2024-04-03","5","5332"
"2024-04-03","6","3635"
"2024-04-03","7","3291"
"2024-04-03","8","4901"
"2024-04-03","9","7701"
"2024-04-03","10","8253"
"2024-04-04","1","5401"
"2024-04-04","2","4536"
"2024-04-04","3","7269"
"2024-04-04","4","5444"
"2024-04-04","5","3635"
"2024-04-04","6","5332"
"2024-04-04","7","3291"
"2024-04-04","8","4901"
"2024-04-04","9","7701"
"2024-04-04","10","8253"
"2024-04-05","1","5401"
"2024-04-05","2","4536"
"2024-04-05","3","7269"
"2024-04-05","4","3635"
"2024-04-05","5","5444"
"2024-04-05","6","5332"
"2024-04-05","7","3291"
"2024-04-05","8","4901"
"2024-04-05","9","2768"
"2024-04-05","10","2002"
"2024-04-08","1","5401"
"2024-04-08","2","4536"
"2024-04-08","3","7269"
"2024-04-08","4","5444"
"2024-04-08","5","3635"
"2024-04-08","6","5332"
"2024-04-08","7","3291"
"2024-04-08","8","2768"
"2024-04-08","9","4901"
"2024-04-08","10","2002"
"2024-04-09","1","5401"
"2024-04-09","2","4536"
"2024-04-09","3","5444"
"2024-04-09","4","7269"
"2024-04-09","5","3635"
"2024-04-09","6","5332"
"2024-04-09","7","3291"
"2024-04-09","8","2768"
"2024-04-09","9","4901"
"2024-04-09","10","2002"
"2024-04-10","1","5401"
"2024-04-10","2","4536"
"2024-04-10","3","5444"
"2024-04-10","4","3291"
"2024-04-10","5","7269"
"2024-04-10","6","3635"
"2024-04-10","7","5332"
"2024-04-10","8","2768"
"2024-04-10","9","2002"
"2024-04-10","10","4901"
"2024-04-11","1","5401"
"2024-04-11","2","4536"
"2024-04-11","3","5444"
"2024-04-11","4","3291"
"2024-04-11","5","7269"
"2024-04-11","6","3635"
"2024-04-11","7","5332"
"2024-04-11","8","2768"
"2024-04-11","9","4901"
"2024-04-11","10","2002"
"2024-04-12","1","5401"
"2024-04-12","2","4536"
"2024-04-12","3","5444"
"2024-04-12","4","7269"
"2024-04-12","5","3291"
"2024-04-12","6","3635"
"2024-04-12","7","5332"
"2024-04-12","8","2768"
"2024-04-12","9","4901"
"2024-04-12","10","2002"
"2024-04-15","1","5401"
"2024-04-15","2","4536"
"2024-04-15","3","3635"
"2024-04-15","4","3291"
"2024-04-15","5","7269"
"2024-04-15","6","5332"
"2024-04-15","7","2768"
"2024-04-15","8","4901"
"2024-04-15","9","2002"
"2024-04-15","10","5938"
"2024-04-16","1","5401"
"2024-04-16","2","4536"
"2024-04-16","3","5444"
"2024-04-16","4","3291"
"2024-04-16","5","3635"
"2024-04-16","6","7269"
"2024-04-16","7","2768"
"2024-04-16","8","5332"
"2024-04-16","9","4901"
"2024-04-16","10","2002"
"2024-04-17","1","5401"
"2024-04-17","2","4536"
"2024-04-17","3","5444"
"2024-04-17","4","3635"
"2024-04-17","5","3291"
"2024-04-17","6","7269"
"2024-04-17","7","2768"
"2024-04-17","8","5332"
"2024-04-17","9","7267"
"2024-04-17","10","4901"
"2024-04-18","1","5401"
"2024-04-18","2","4536"
"2024-04-18","3","5444"
"2024-04-18","4","3635"
"2024-04-18","5","3291"
"2024-04-18","6","7269"
"2024-04-18","7","2768"
"2024-04-18","8","2002"
"2024-04-18","9","5332"
"2024-04-18","10","4005"
"2024-04-19","1","5401"
"2024-04-19","2","3635"
"2024-04-19","3","6841"
"2024-04-19","4","5444"
"2024-04-19","5","4536"
"2024-04-19","6","3291"
"2024-04-19","7","7269"
"2024-04-19","8","5332"
"2024-04-19","9","2768"
"2024-04-19","10","2002"
"2024-04-22","1","5401"
"2024-04-22","2","4536"
"2024-04-22","3","3635"
"2024-04-22","4","6841"
"2024-04-22","5","5444"
"2024-04-22","6","7269"
"2024-04-22","7","3291"
"2024-04-22","8","5332"
"2024-04-22","9","2768"
"2024-04-22","10","2002"
"2024-04-23","1","5401"
"2024-04-23","2","5444"
"2024-04-23","3","4536"
"2024-04-23","4","7269"
"2024-04-23","5","3635"
"2024-04-23","6","6841"
"2024-04-23","7","3291"
"2024-04-23","8","2768"
"2024-04-23","9","5332"
"2024-04-23","10","4516"
"2024-04-24","1","5401"
"2024-04-24","2","3635"
"2024-04-24","3","4536"
"2024-04-24","4","6841"
"2024-04-24","5","3291"
"2024-04-24","6","5332"
"2024-04-24","7","7269"
"2024-04-24","8","2768"
"2024-04-24","9","4516"
"2024-04-24","10","2002"
"2024-04-25","1","5401"
"2024-04-25","2","5444"
"2024-04-25","3","4536"
"2024-04-25","4","3635"
"2024-04-25","5","6841"
"2024-04-25","6","3291"
"2024-04-25","7","5332"
"2024-04-25","8","2768"
"2024-04-25","9","7269"
"2024-04-25","10","4005"
"2024-04-26","1","5401"
"2024-04-26","2","5444"
"2024-04-26","3","3635"
"2024-04-26","4","5332"
"2024-04-26","5","6841"
"2024-04-26","6","4536"
"2024-04-26","7","3291"
"2024-04-26","8","2768"
"2024-04-26","9","7269"
"2024-04-26","10","4005"
"2024-04-30","1","5401"
"2024-04-30","2","6841"
"2024-04-30","3","3635"
"2024-04-30","4","5444"
"2024-04-30","5","4005"
"2024-04-30","6","4536"
"2024-04-30","7","3291"
"2024-04-30","8","5332"
"2024-04-30","9","7267"
"2024-04-30","10","7269"
"2024-05-01","1","5401"
"2024-05-01","2","5444"
"2024-05-01","3","5332"
"2024-05-01","4","6841"
"2024-05-01","5","3291"
"2024-05-01","6","3635"
"2024-05-01","7","4536"
"2024-05-01","8","4005"
"2024-05-01","9","7269"
"2024-05-01","10","7267"
"2024-05-02","1","5401"
"2024-05-02","2","5444"
"2024-05-02","3","5332"
"2024-05-02","4","3635"
"2024-05-02","5","4005"
"2024-05-02","6","3291"
"2024-05-02","7","4536"
"2024-05-02","8","6841"
"2024-05-02","9","7267"
"2024-05-02","10","7269"
"2024-05-07","1","5401"
"2024-05-07","2","5444"
"2024-05-07","3","5332"
"2024-05-07","4","3635"
"2024-05-07","5","4005"
"2024-05-07","6","3291"
"2024-05-07","7","4536"
"2024-05-07","8","6841"
"2024-05-07","9","7267"
"2024-05-07","10","7269"
"2024-05-08","1","5401"
"2024-05-08","2","5444"
"2024-05-08","3","5332"
"2024-05-08","4","3291"
"2024-05-08","5","4005"
"2024-05-08","6","3635"
"2024-05-08","7","4536"
"2024-05-08","8","7269"
"2024-05-08","9","7267"
"2024-05-08","10","2768"
"2024-05-09","1","5401"
"2024-05-09","2","5444"
"2024-05-09","3","5332"
"2024-05-09","4","4732"
"2024-05-09","5","4005"
"2024-05-09","6","3291"
"2024-05-09","7","3635"
"2024-05-09","8","4536"
"2024-05-09","9","7267"
"2024-05-09","10","7269"
"2024-05-10","1","5401"
"2024-05-10","2","5444"
"2024-05-10","3","5332"
"2024-05-10","4","4732"
"2024-05-10","5","7267"
"2024-05-10","6","7269"
"2024-05-10","7","3291"
"2024-05-10","8","4005"
"2024-05-10","9","3635"
"2024-05-10","10","4536"
"2024-05-13","1","5401"
"2024-05-13","2","4182"
"2024-05-13","3","7267"
"2024-05-13","4","5444"
"2024-05-13","5","5332"
"2024-05-13","6","4732"
"2024-05-13","7","7269"
"2024-05-13","8","4613"
"2024-05-13","9","4005"
"2024-05-13","10","3291"
"2024-05-14","1","5401"
"2024-05-14","2","4182"
"2024-05-14","3","7267"
"2024-05-14","4","5444"
"2024-05-14","5","4732"
"2024-05-14","6","7269"
"2024-05-14","7","4613"
"2024-05-14","8","5332"
"2024-05-14","9","3291"
"2024-05-14","10","4005"
"2024-05-15","1","5401"
"2024-05-15","2","7267"
"2024-05-15","3","4182"
"2024-05-15","4","5444"
"2024-05-15","5","7269"
"2024-05-15","6","5332"
"2024-05-15","7","4613"
"2024-05-15","8","4732"
"2024-05-15","9","4005"
"2024-05-15","10","4543"
"2024-05-16","1","7267"
"2024-05-16","2","4182"
"2024-05-16","3","5401"
"2024-05-16","4","7269"
"2024-05-16","5","5444"
"2024-05-16","6","5332"
"2024-05-16","7","4613"
"2024-05-16","8","4005"
"2024-05-16","9","4732"
"2024-05-16","10","4543"
"2024-05-17","1","4182"
"2024-05-17","2","7267"
"2024-05-17","3","5401"
"2024-05-17","4","5444"
"2024-05-17","5","7269"
"2024-05-17","6","4613"
"2024-05-17","7","5332"
"2024-05-17","8","4732"
"2024-05-17","9","4005"
"2024-05-17","10","4543"
"2024-05-20","1","4182"
"2024-05-20","2","7267"
"2024-05-20","3","5444"
"2024-05-20","4","5401"
"2024-05-20","5","4732"
"2024-05-20","6","7269"
"2024-05-20","7","4613"
"2024-05-20","8","5332"
"2024-05-20","9","4005"
"2024-05-20","10","4543"
"2024-05-21","1","4182"
"2024-05-21","2","7267"
"2024-05-21","3","5444"
"2024-05-21","4","5401"
"2024-05-21","5","5332"
"2024-05-21","6","4613"
"2024-05-21","7","7269"
"2024-05-21","8","4732"
"2024-05-21","9","4005"
"2024-05-21","10","4543"
"2024-05-22","1","4182"
"2024-05-22","2","5444"
"2024-05-22","3","7267"
"2024-05-22","4","5401"
"2024-05-22","5","5332"
"2024-05-22","6","4732"
"2024-05-22","7","7269"
"2024-05-22","8","4613"
"2024-05-22","9","4005"
"2024-05-22","10","4543"
"2024-05-23","1","4182"
"2024-05-23","2","7267"
"2024-05-23","3","5444"
"2024-05-23","4","5332"
"2024-05-23","5","4613"
"2024-05-23","6","5401"
"2024-05-23","7","7269"
"2024-05-23","8","4005"
"2024-05-23","9","4732"
"2024-05-23","10","4543"
"2024-05-24","1","4182"
"2024-05-24","2","4613"
"2024-05-24","3","7267"
"2024-05-24","4","5332"
"2024-05-24","5","5444"
"2024-05-24","6","5401"
"2024-05-24","7","7269"
"2024-05-24","8","4005"
"2024-05-24","9","4732"
"2024-05-24","10","4536"
"2024-05-27","1","4182"
"2024-05-27","2","4613"
"2024-05-27","3","7267"
"2024-05-27","4","5332"
"2024-05-27","5","5444"
"2024-05-27","6","5401"
"2024-05-27","7","4732"
"2024-05-27","8","7269"
"2024-05-27","9","4005"
"2024-05-27","10","4536"
"2024-05-28","1","4182"
"2024-05-28","2","4613"
"2024-05-28","3","5332"
"2024-05-28","4","7267"
"2024-05-28","5","5401"
"2024-05-28","6","4732"
"2024-05-28","7","5444"
"2024-05-28","8","7269"
"2024-05-28","9","4005"
"2024-05-28","10","3231"
"2024-05-29","1","4182"
"2024-05-29","2","4613"
"2024-05-29","3","7267"
"2024-05-29","4","5332"
"2024-05-29","5","5444"
"2024-05-29","6","5401"
"2024-05-29","7","4732"
"2024-05-29","8","7269"
"2024-05-29","9","4005"
"2024-05-29","10","4543"
"2024-05-30","1","4182"
"2024-05-30","2","4613"
"2024-05-30","3","7267"
"2024-05-30","4","5332"
"2024-05-30","5","5444"
"2024-05-30","6","5401"
"2024-05-30","7","4732"
"2024-05-30","8","4543"
"2024-05-30","9","3291"
"2024-05-30","10","4005"
"2024-05-31","1","4182"
"2024-05-31","2","7267"
"2024-05-31","3","5444"
"2024-05-31","4","5332"
"2024-05-31","5","5401"
"2024-05-31","6","4543"
"2024-05-31","7","7269"
"2024-05-31","8","6841"
"2024-05-31","9","3291"
"2024-05-31","10","4732"
"2024-06-03","1","4182"
"2024-06-03","2","5332"
"2024-06-03","3","7267"
"2024-06-03","4","5444"
"2024-06-03","5","5401"
"2024-06-03","6","3291"
"2024-06-03","7","7269"
"2024-06-03","8","4543"
"2024-06-03","9","6841"
"2024-06-03","10","3116"
"2024-06-04","1","4182"
"2024-06-04","2","5332"
"2024-06-04","3","7267"
"2024-06-04","4","5444"
"2024-06-04","5","5401"
"2024-06-04","6","4543"
"2024-06-04","7","3291"
"2024-06-04","8","7269"
"2024-06-04","9","8088"
"2024-06-04","10","4732"
"2024-06-05","1","4182"
"2024-06-05","2","5444"
"2024-06-05","3","5332"
"2024-06-05","4","7267"
"2024-06-05","5","5401"
"2024-06-05","6","3291"
"2024-06-05","7","3116"
"2024-06-05","8","7269"
"2024-06-05","9","8088"
"2024-06-05","10","4901"
"2024-06-06","1","4182"
"2024-06-06","2","5444"
"2024-06-06","3","5332"
"2024-06-06","4","7267"
"2024-06-06","5","5401"
"2024-06-06","6","7269"
"2024-06-06","7","7701"
"2024-06-06","8","3291"
"2024-06-06","9","3116"
"2024-06-06","10","8088"
"2024-06-07","1","4182"
"2024-06-07","2","5332"
"2024-06-07","3","5444"
"2024-06-07","4","7267"
"2024-06-07","5","5401"
"2024-06-07","6","8088"
"2024-06-07","7","3116"
"2024-06-07","8","3291"
"2024-06-07","9","7269"
"2024-06-07","10","7701"
"2024-06-10","1","4182"
"2024-06-10","2","5332"
"2024-06-10","3","5444"
"2024-06-10","4","7267"
"2024-06-10","5","5401"
"2024-06-10","6","3291"
"2024-06-10","7","8088"
"2024-06-10","8","3116"
"2024-06-10","9","7701"
"2024-06-10","10","3231"
"2024-06-11","1","4182"
"2024-06-11","2","5444"
"2024-06-11","3","5332"
"2024-06-11","4","7267"
"2024-06-11","5","5401"
"2024-06-11","6","8088"
"2024-06-11","7","3116"
"2024-06-11","8","3291"
"2024-06-11","9","7269"
"2024-06-11","10","3231"
"2024-06-12","1","4182"
"2024-06-12","2","5332"
"2024-06-12","3","5444"
"2024-06-12","4","7267"
"2024-06-12","5","5401"
"2024-06-12","6","8088"
"2024-06-12","7","3116"
"2024-06-12","8","3231"
"2024-06-12","9","3291"
"2024-06-12","10","6841"
"2024-06-13","1","4182"
"2024-06-13","2","5444"
"2024-06-13","3","5332"
"2024-06-13","4","7267"
"2024-06-13","5","5401"
"2024-06-13","6","8088"
"2024-06-13","7","3116"
"2024-06-13","8","3231"
"2024-06-13","9","6841"
"2024-06-13","10","3291"
"2024-06-14","1","4182"
"2024-06-14","2","5332"
"2024-06-14","3","5444"
"2024-06-14","4","5401"
"2024-06-14","5","7267"
"2024-06-14","6","4901"
"2024-06-14","7","8088"
"2024-06-14","8","3116"
"2024-06-14","9","3291"
"2024-06-14","10","3231"
"2024-06-17","1","4182"
"2024-06-17","2","5332"
"2024-06-17","3","5444"
"2024-06-17","4","5401"
"2024-06-17","5","7267"
"2024-06-17","6","3291"
"2024-06-17","7","3116"
"2024-06-17","8","3231"
"2024-06-17","9","4901"
"2024-06-17","10","8088"
"2024-06-18","1","4182"
"2024-06-18","2","5332"
"2024-06-18","3","5401"
"2024-06-18","4","7267"
"2024-06-18","5","3231"
"2024-06-18","6","5444"
"2024-06-18","7","3116"
"2024-06-18","8","3291"
"2024-06-18","9","4901"
"2024-06-18","10","6841"
"2024-06-19","1","4182"
"2024-06-19","2","5332"
"2024-06-19","3","5401"
"2024-06-19","4","7267"
"2024-06-19","5","5444"
"2024-06-19","6","3116"
"2024-06-19","7","3231"
"2024-06-19","8","8088"
"2024-06-19","9","4901"
"2024-06-19","10","6841"
"2024-06-20","1","4182"
"2024-06-20","2","4613"
"2024-06-20","3","5332"
"2024-06-20","4","5401"
"2024-06-20","5","7267"
"2024-06-20","6","3116"
"2024-06-20","7","5444"
"2024-06-20","8","8088"
"2024-06-20","9","3231"
"2024-06-20","10","4901"
"2024-06-21","1","4182"
"2024-06-21","2","4613"
"2024-06-21","3","7267"
"2024-06-21","4","5332"
"2024-06-21","5","5401"
"2024-06-21","6","3116"
"2024-06-21","7","5444"
"2024-06-21","8","8088"
"2024-06-21","9","3231"
"2024-06-21","10","4901"
"2024-06-24","1","4182"
"2024-06-24","2","4613"
"2024-06-24","3","7267"
"2024-06-24","4","8088"
"2024-06-24","5","3116"
"2024-06-24","6","5332"
"2024-06-24","7","5444"
"2024-06-24","8","5401"
"2024-06-24","9","3231"
"2024-06-24","10","4901"
"2024-06-25","1","4182"
"2024-06-25","2","4613"
"2024-06-25","3","7267"
"2024-06-25","4","8088"
"2024-06-25","5","5332"
"2024-06-25","6","3231"
"2024-06-25","7","3116"
"2024-06-25","8","5401"
"2024-06-25","9","5444"
"2024-06-25","10","4901"
"2024-06-26","1","4182"
"2024-06-26","2","4613"
"2024-06-26","3","7267"
"2024-06-26","4","8088"
"2024-06-26","5","3116"
"2024-06-26","6","5444"
"2024-06-26","7","3231"
"2024-06-26","8","5332"
"2024-06-26","9","5401"
"2024-06-26","10","4901"
"2024-06-27","1","4182"
"2024-06-27","2","7267"
"2024-06-27","3","4613"
"2024-06-27","4","8088"
"2024-06-27","5","3116"
"2024-06-27","6","3231"
"2024-06-27","7","5444"
"2024-06-27","8","5332"
"2024-06-27","9","5401"
"2024-06-27","10","7269"
"2024-06-28","1","4182"
"2024-06-28","2","4613"
"2024-06-28","3","7267"
"2024-06-28","4","8088"
"2024-06-28","5","3231"
"2024-06-28","6","3116"
"2024-06-28","7","5444"
"2024-06-28","8","5332"
"2024-06-28","9","5401"
"2024-06-28","10","7269"
"2024-07-01","1","4182"
"2024-07-01","2","4613"
"2024-07-01","3","7267"
"2024-07-01","4","3231"
"2024-07-01","5","3116"
"2024-07-01","6","5332"
"2024-07-01","7","5444"
"2024-07-01","8","5401"
"2024-07-01","9","7269"
"2024-07-01","10","8088"
"2024-07-02","1","4182"
"2024-07-02","2","4613"
"2024-07-02","3","7267"
"2024-07-02","4","3116"
"2024-07-02","5","3231"
"2024-07-02","6","5332"
"2024-07-02","7","5401"
"2024-07-02","8","5444"
"2024-07-02","9","7269"
"2024-07-02","10","9201"
"2024-07-03","1","4182"
"2024-07-03","2","7267"
"2024-07-03","3","3231"
"2024-07-03","4","3116"
"2024-07-03","5","5401"
"2024-07-03","6","5332"
"2024-07-03","7","7269"
"2024-07-03","8","8088"
"2024-07-03","9","5444"
"2024-07-03","10","9201"
"2024-07-04","1","4182"
"2024-07-04","2","7267"
"2024-07-04","3","3231"
"2024-07-04","4","5332"
"2024-07-04","5","3116"
"2024-07-04","6","5401"
"2024-07-04","7","8088"
"2024-07-04","8","7269"
"2024-07-04","9","5444"
"2024-07-04","10","9201"
"2024-07-05","1","4182"
"2024-07-05","2","7267"
"2024-07-05","3","3231"
"2024-07-05","4","3116"
"2024-07-05","5","5332"
"2024-07-05","6","7269"
"2024-07-05","7","5401"
"2024-07-05","8","8088"
"2024-07-05","9","5444"
"2024-07-05","10","9201"
"2024-07-08","1","4182"
"2024-07-08","2","7267"
"2024-07-08","3","3231"
"2024-07-08","4","5332"
"2024-07-08","5","7269"
"2024-07-08","6","5401"
"2024-07-08","7","3116"
"2024-07-08","8","5444"
"2024-07-08","9","9201"
"2024-07-08","10","8088"
"2024-07-09","1","4182"
"2024-07-09","2","7267"
"2024-07-09","3","3231"
"2024-07-09","4","5332"
"2024-07-09","5","5401"
"2024-07-09","6","3116"
"2024-07-09","7","5444"
"2024-07-09","8","8088"
"2024-07-09","9","7269"
"2024-07-09","10","9201"
"2024-07-10","1","4182"
"2024-07-10","2","3231"
"2024-07-10","3","7267"
"2024-07-10","4","5332"
"2024-07-10","5","5444"
"2024-07-10","6","5401"
"2024-07-10","7","3116"
"2024-07-10","8","8088"
"2024-07-10","9","9201"
"2024-07-10","10","7269"
"2024-07-11","1","4182"
"2024-07-11","2","3231"
"2024-07-11","3","7267"
"2024-07-11","4","3116"
"2024-07-11","5","5444"
"2024-07-11","6","8088"
"2024-07-11","7","5401"
"2024-07-11","8","5332"
"2024-07-11","9","9793"
"2024-07-11","10","9201"
"2024-07-12","1","4182"
"2024-07-12","2","3231"
"2024-07-12","3","7267"
"2024-07-12","4","5401"
"2024-07-12","5","5444"
"2024-07-12","6","3116"
"2024-07-12","7","8088"
"2024-07-12","8","7269"
"2024-07-12","9","5332"
"2024-07-12","10","9793"
"2024-07-16","1","4182"
"2024-07-16","2","4613"
"2024-07-16","3","3231"
"2024-07-16","4","5401"
"2024-07-16","5","7267"
"2024-07-16","6","5444"
"2024-07-16","7","3116"
"2024-07-16","8","8088"
"2024-07-16","9","7269"
"2024-07-16","10","5332"
"2024-07-17","1","4613"
"2024-07-17","2","4182"
"2024-07-17","3","3231"
"2024-07-17","4","5444"
"2024-07-17","5","3116"
"2024-07-17","6","7267"
"2024-07-17","7","5401"
"2024-07-17","8","9602"
"2024-07-17","9","9793"
"2024-07-17","10","5332"
"2024-07-18","1","4613"
"2024-07-18","2","4182"
"2024-07-18","3","9602"
"2024-07-18","4","5401"
"2024-07-18","5","3231"
"2024-07-18","6","5444"
"2024-07-18","7","3116"
"2024-07-18","8","7267"
"2024-07-18","9","9793"
"2024-07-18","10","5332"
"2024-07-19","1","4613"
"2024-07-19","2","4182"
"2024-07-19","3","5401"
"2024-07-19","4","3231"
"2024-07-19","5","9602"
"2024-07-19","6","3116"
"2024-07-19","7","5444"
"2024-07-19","8","7267"
"2024-07-19","9","9201"
"2024-07-19","10","9793"
"2024-07-22","1","4613"
"2024-07-22","2","4182"
"2024-07-22","3","5401"
"2024-07-22","4","3231"
"2024-07-22","5","5444"
"2024-07-22","6","3116"
"2024-07-22","7","9602"
"2024-07-22","8","7267"
"2024-07-22","9","9201"
"2024-07-22","10","8088"
"2024-07-23","1","4613"
"2024-07-23","2","5444"
"2024-07-23","3","4182"
"2024-07-23","4","3231"
"2024-07-23","5","5401"
"2024-07-23","6","3116"
"2024-07-23","7","7267"
"2024-07-23","8","9201"
"2024-07-23","9","9602"
"2024-07-23","10","8088"
"2024-07-24","1","4613"
"2024-07-24","2","5444"
"2024-07-24","3","4182"
"2024-07-24","4","5401"
"2024-07-24","5","3116"
"2024-07-24","6","3231"
"2024-07-24","7","7267"
"2024-07-24","8","9201"
"2024-07-24","9","9602"
"2024-07-24","10","8088"
"2024-07-25","1","4613"
"2024-07-25","2","5444"
"2024-07-25","3","4182"
"2024-07-25","4","3116"
"2024-07-25","5","5401"
"2024-07-25","6","7267"
"2024-07-25","7","8088"
"2024-07-25","8","3231"
"2024-07-25","9","9201"
"2024-07-25","10","5332"
"2024-07-26","1","4613"
"2024-07-26","2","5444"
"2024-07-26","3","4182"
"2024-07-26","4","5401"
"2024-07-26","5","3116"
"2024-07-26","6","7267"
"2024-07-26","7","8088"
"2024-07-26","8","9201"
"2024-07-26","9","9602"
"2024-07-26","10","5332"
"2024-07-29","1","4613"
"2024-07-29","2","5444"
"2024-07-29","3","3116"
"2024-07-29","4","4182"
"2024-07-29","5","5401"
"2024-07-29","6","7267"
"2024-07-29","7","5332"
"2024-07-29","8","8088"
"2024-07-29","9","6841"
"2024-07-29","10","3231"
"2024-07-30","1","4613"
"2024-07-30","2","5444"
"2024-07-30","3","4182"
"2024-07-30","4","5401"
"2024-07-30","5","3116"
"2024-07-30","6","7267"
"2024-07-30","7","5332"
"2024-07-30","8","9602"
"2024-07-30","9","8088"
"2024-07-30","10","9201"
"2024-07-31","1","4613"
"2024-07-31","2","5444"
"2024-07-31","3","3116"
"2024-07-31","4","5401"
"2024-07-31","5","4182"
"2024-07-31","6","7267"
"2024-07-31","7","9602"
"2024-07-31","8","5332"
"2024-07-31","9","9201"
"2024-07-31","10","5110"
"2024-08-01","1","4613"
"2024-08-01","2","3116"
"2024-08-01","3","5444"
"2024-08-01","4","5401"
"2024-08-01","5","5332"
"2024-08-01","6","4182"
"2024-08-01","7","7267"
"2024-08-01","8","9602"
"2024-08-01","9","8088"
"2024-08-01","10","3231"
"2024-08-02","1","4613"
"2024-08-02","2","5444"
"2024-08-02","3","5401"
"2024-08-02","4","3116"
"2024-08-02","5","5332"
"2024-08-02","6","4182"
"2024-08-02","7","9602"
"2024-08-02","8","5110"
"2024-08-02","9","3231"
"2024-08-02","10","7267"
"2024-08-05","1","4613"
"2024-08-05","2","4887"
"2024-08-05","3","3116"
"2024-08-05","4","4689"
"2024-08-05","5","6448"
"2024-08-05","6","5444"
"2024-08-05","7","5332"
"2024-08-05","8","5401"
"2024-08-05","9","4182"
"2024-08-05","10","9602"
"2024-08-06","1","4613"
"2024-08-06","2","5444"
"2024-08-06","3","3116"
"2024-08-06","4","8088"
"2024-08-06","5","4689"
"2024-08-06","6","4887"
"2024-08-06","7","6448"
"2024-08-06","8","5401"
"2024-08-06","9","2768"
"2024-08-06","10","6861"
"2024-08-07","1","4613"
"2024-08-07","2","5444"
"2024-08-07","3","3116"
"2024-08-07","4","8088"
"2024-08-07","5","4689"
"2024-08-07","6","4887"
"2024-08-07","7","6861"
"2024-08-07","8","5401"
"2024-08-07","9","4208"
"2024-08-07","10","6448"
"2024-08-08","1","4613"
"2024-08-08","2","3116"
"2024-08-08","3","5444"
"2024-08-08","4","8088"
"2024-08-08","5","4689"
"2024-08-08","6","6861"
"2024-08-08","7","4887"
"2024-08-08","8","5401"
"2024-08-08","9","6448"
"2024-08-08","10","4208"
"2024-08-09","1","3116"
"2024-08-09","2","4613"
"2024-08-09","3","5444"
"2024-08-09","4","8088"
"2024-08-09","5","4689"
"2024-08-09","6","6861"
"2024-08-09","7","4182"
"2024-08-09","8","5401"
"2024-08-09","9","4208"
"2024-08-09","10","6448"
"2024-08-13","1","3116"
"2024-08-13","2","5444"
"2024-08-13","3","4613"
"2024-08-13","4","8088"
"2024-08-13","5","5401"
"2024-08-13","6","4182"
"2024-08-13","7","6448"
"2024-08-13","8","4689"
"2024-08-13","9","5393"
"2024-08-13","10","2768"
"2024-08-14","1","3116"
"2024-08-14","2","5444"
"2024-08-14","3","4613"
"2024-08-14","4","5401"
"2024-08-14","5","4182"
"2024-08-14","6","6448"
"2024-08-14","7","4689"
"2024-08-14","8","5393"
"2024-08-14","9","2768"
"2024-08-14","10","4208"
"2024-08-15","1","3116"
"2024-08-15","2","4613"
"2024-08-15","3","5444"
"2024-08-15","4","5401"
"2024-08-15","5","4182"
"2024-08-15","6","4689"
"2024-08-15","7","2768"
"2024-08-15","8","6465"
"2024-08-15","9","4208"
"2024-08-15","10","4887"
"2024-08-16","1","3116"
"2024-08-16","2","4613"
"2024-08-16","3","5444"
"2024-08-16","4","4182"
"2024-08-16","5","5401"
"2024-08-16","6","6465"
"2024-08-16","7","4689"
"2024-08-16","8","6448"
"2024-08-16","9","2768"
"2024-08-16","10","4887"
"2024-08-19","1","3116"
"2024-08-19","2","4613"
"2024-08-19","3","5444"
"2024-08-19","4","4182"
"2024-08-19","5","5401"
"2024-08-19","6","6465"
"2024-08-19","7","6448"
"2024-08-19","8","4887"
"2024-08-19","9","4208"
"2024-08-19","10","6963"
"2024-08-20","1","3116"
"2024-08-20","2","4613"
"2024-08-20","3","4182"
"2024-08-20","4","5444"
"2024-08-20","5","5401"
"2024-08-20","6","6448"
"2024-08-20","7","6963"
"2024-08-20","8","4208"
"2024-08-20","9","2768"
"2024-08-20","10","4887"
"2024-08-21","1","3116"
"2024-08-21","2","4182"
"2024-08-21","3","4613"
"2024-08-21","4","5444"
"2024-08-21","5","5401"
"2024-08-21","6","4887"
"2024-08-21","7","6448"
"2024-08-21","8","6465"
"2024-08-21","9","4208"
"2024-08-21","10","2768"
"2024-08-22","1","3116"
"2024-08-22","2","4182"
"2024-08-22","3","4613"
"2024-08-22","4","5444"
"2024-08-22","5","5401"
"2024-08-22","6","4887"
"2024-08-22","7","6465"
"2024-08-22","8","6448"
"2024-08-22","9","5393"
"2024-08-22","10","3231"
"2024-08-23","1","3116"
"2024-08-23","2","4182"
"2024-08-23","3","4613"
"2024-08-23","4","4887"
"2024-08-23","5","5444"
"2024-08-23","6","5401"
"2024-08-23","7","2768"
"2024-08-23","8","6465"
"2024-08-23","9","4689"
"2024-08-23","10","4208"
"2024-08-26","1","3116"
"2024-08-26","2","4887"
"2024-08-26","3","4182"
"2024-08-26","4","5444"
"2024-08-26","5","5401"
"2024-08-26","6","4613"
"2024-08-26","7","2768"
"2024-08-26","8","4208"
"2024-08-26","9","5393"
"2024-08-26","10","3231"
"2024-08-27","1","3116"
"2024-08-27","2","4887"
"2024-08-27","3","4182"
"2024-08-27","4","4613"
"2024-08-27","5","5401"
"2024-08-27","6","5444"
"2024-08-27","7","2768"
"2024-08-27","8","4208"
"2024-08-27","9","5393"
"2024-08-27","10","6465"
"2024-08-28","1","3116"
"2024-08-28","2","4182"
"2024-08-28","3","5401"
"2024-08-28","4","4613"
"2024-08-28","5","4887"
"2024-08-28","6","5444"
"2024-08-28","7","2768"
"2024-08-28","8","5393"
"2024-08-28","9","4208"
"2024-08-28","10","4689"
"2024-08-29","1","3116"
"2024-08-29","2","4182"
"2024-08-29","3","5401"
"2024-08-29","4","4887"
"2024-08-29","5","4613"
"2024-08-29","6","5444"
"2024-08-29","7","2768"
"2024-08-29","8","5393"
"2024-08-29","9","4689"
"2024-08-29","10","4208"
"2024-08-30","1","3116"
"2024-08-30","2","4182"
"2024-08-30","3","5401"
"2024-08-30","4","4887"
"2024-08-30","5","5393"
"2024-08-30","6","5444"
"2024-08-30","7","4613"
"2024-08-30","8","2768"
"2024-08-30","9","4208"
"2024-08-30","10","4689"
"2024-09-02","1","3116"
"2024-09-02","2","4182"
"2024-09-02","3","5401"
"2024-09-02","4","4887"
"2024-09-02","5","5393"
"2024-09-02","6","5444"
"2024-09-02","7","2768"
"2024-09-02","8","4613"
"2024-09-02","9","4208"
"2024-09-02","10","6465"
"2024-09-03","1","3116"
"2024-09-03","2","4182"
"2024-09-03","3","8088"
"2024-09-03","4","5401"
"2024-09-03","5","4887"
"2024-09-03","6","5393"
"2024-09-03","7","5444"
"2024-09-03","8","2768"
"2024-09-03","9","4208"
"2024-09-03","10","3231"
"2024-09-04","1","3116"
"2024-09-04","2","8088"
"2024-09-04","3","4182"
"2024-09-04","4","5401"
"2024-09-04","5","4887"
"2024-09-04","6","5444"
"2024-09-04","7","2768"
"2024-09-04","8","5393"
"2024-09-04","9","4613"
"2024-09-04","10","4208"
"2024-09-05","1","3116"
"2024-09-05","2","4887"
"2024-09-05","3","4182"
"2024-09-05","4","5401"
"2024-09-05","5","8088"
"2024-09-05","6","5444"
"2024-09-05","7","5393"
"2024-09-05","8","2768"
"2024-09-05","9","4208"
"2024-09-05","10","4613"
"2024-09-06","1","3116"
"2024-09-06","2","4182"
"2024-09-06","3","5401"
"2024-09-06","4","8088"
"2024-09-06","5","4887"
"2024-09-06","6","1662"
"2024-09-06","7","5393"
"2024-09-06","8","2768"
"2024-09-06","9","5444"
"2024-09-06","10","4613"
"2024-09-09","1","3116"
"2024-09-09","2","4182"
"2024-09-09","3","5401"
"2024-09-09","4","4887"
"2024-09-09","5","8088"
"2024-09-09","6","1662"
"2024-09-09","7","5444"
"2024-09-09","8","2768"
"2024-09-09","9","6465"
"2024-09-09","10","4613"
"2024-09-10","1","3116"
"2024-09-10","2","4182"
"2024-09-10","3","5401"
"2024-09-10","4","8088"
"2024-09-10","5","1662"
"2024-09-10","6","4887"
"2024-09-10","7","5444"
"2024-09-10","8","5406"
"2024-09-10","9","2768"
"2024-09-10","10","6465"
"2024-09-11","1","3116"
"2024-09-11","2","4182"
"2024-09-11","3","5401"
"2024-09-11","4","8088"
"2024-09-11","5","5406"
"2024-09-11","6","5411"
"2024-09-11","7","1662"
"2024-09-11","8","5444"
"2024-09-11","9","2768"
"2024-09-11","10","4887"
"2024-09-12","1","3116"
"2024-09-12","2","4182"
"2024-09-12","3","5401"
"2024-09-12","4","8088"
"2024-09-12","5","5406"
"2024-09-12","6","5411"
"2024-09-12","7","1662"
"2024-09-12","8","2768"
"2024-09-12","9","5444"
"2024-09-12","10","4887"
"2024-09-13","1","3116"
"2024-09-13","2","4182"
"2024-09-13","3","8088"
"2024-09-13","4","5401"
"2024-09-13","5","5406"
"2024-09-13","6","1662"
"2024-09-13","7","2768"
"2024-09-13","8","5411"
"2024-09-13","9","4887"
"2024-09-13","10","5444"
"2024-09-17","1","3116"
"2024-09-17","2","4182"
"2024-09-17","3","8088"
"2024-09-17","4","5406"
"2024-09-17","5","1662"
"2024-09-17","6","5401"
"2024-09-17","7","2768"
"2024-09-17","8","4887"
"2024-09-17","9","3231"
"2024-09-17","10","5411"
"2024-09-18","1","4182"
"2024-09-18","2","5406"
"2024-09-18","3","1662"
"2024-09-18","4","5401"
"2024-09-18","5","2768"
"2024-09-18","6","5411"
"2024-09-18","7","5444"
"2024-09-18","8","4887"
"2024-09-18","9","6465"
"2024-09-18","10","3231"
"2024-09-19","1","4182"
"2024-09-19","2","1662"
"2024-09-19","3","5401"
"2024-09-19","4","5406"
"2024-09-19","5","5411"
"2024-09-19","6","2768"
"2024-09-19","7","5444"
"2024-09-19","8","4887"
"2024-09-19","9","6465"
"2024-09-19","10","3231"
"2024-09-20","1","3116"
"2024-09-20","2","4182"
"2024-09-20","3","1662"
"2024-09-20","4","5401"
"2024-09-20","5","5406"
"2024-09-20","6","5411"
"2024-09-20","7","2768"
"2024-09-20","8","5444"
"2024-09-20","9","3231"
"2024-09-20","10","5711"
"2024-09-24","1","3116"
"2024-09-24","2","4182"
"2024-09-24","3","5406"
"2024-09-24","4","2768"
"2024-09-24","5","5411"
"2024-09-24","6","5401"
"2024-09-24","7","3231"
"2024-09-24","8","6465"
"2024-09-24","9","5444"
"2024-09-24","10","5711"
"2024-09-25","1","3116"
"2024-09-25","2","4182"
"2024-09-25","3","5406"
"2024-09-25","4","2768"
"2024-09-25","5","1662"
"2024-09-25","6","5401"
"2024-09-25","7","3231"
"2024-09-25","8","5411"
"2024-09-25","9","6465"
"2024-09-25","10","5711"
"2024-09-26","1","3116"
"2024-09-26","2","4182"
"2024-09-26","3","5406"
"2024-09-26","4","2768"
"2024-09-26","5","5401"
"2024-09-26","6","3231"
"2024-09-26","7","7211"
"2024-09-26","8","1662"
"2024-09-26","9","5411"
"2024-09-26","10","6465"
"2024-09-27","1","3116"
"2024-09-27","2","4182"
"2024-09-27","3","5406"
"2024-09-27","4","2768"
"2024-09-27","5","7211"
"2024-09-27","6","3231"
"2024-09-27","7","5411"
"2024-09-27","8","5401"
"2024-09-27","9","6963"
"2024-09-27","10","5711"
"2024-09-30","1","8088"
"2024-09-30","2","4182"
"2024-09-30","3","5406"
"2024-09-30","4","2768"
"2024-09-30","5","3231"
"2024-09-30","6","1662"
"2024-09-30","7","5401"
"2024-09-30","8","5411"
"2024-09-30","9","4887"
"2024-09-30","10","6963"
"2024-10-01","1","8088"
"2024-10-01","2","4182"
"2024-10-01","3","6963"
"2024-10-01","4","5406"
"2024-10-01","5","3231"
"2024-10-01","6","2768"
"2024-10-01","7","1662"
"2024-10-01","8","4887"
"2024-10-01","9","5401"
"2024-10-01","10","5411"
"2024-10-02","1","4182"
"2024-10-02","2","3231"
"2024-10-02","3","6963"
"2024-10-02","4","1662"
"2024-10-02","5","5406"
"2024-10-02","6","2768"
"2024-10-02","7","5401"
"2024-10-02","8","5411"
"2024-10-02","9","4689"
"2024-10-02","10","4887"
"2024-10-03","1","4182"
"2024-10-03","2","2768"
"2024-10-03","3","3231"
"2024-10-03","4","1662"
"2024-10-03","5","5406"
"2024-10-03","6","5411"
"2024-10-03","7","4061"
"2024-10-03","8","5401"
"2024-10-03","9","4887"
"2024-10-03","10","4689"
"2024-10-04","1","4182"
"2024-10-04","2","2768"
"2024-10-04","3","3231"
"2024-10-04","4","5411"
"2024-10-04","5","5406"
"2024-10-04","6","4061"
"2024-10-04","7","6465"
"2024-10-04","8","4689"
"2024-10-04","9","5401"
"2024-10-04","10","5711"
"2024-10-07","1","4182"
"2024-10-07","2","3231"
"2024-10-07","3","2768"
"2024-10-07","4","5411"
"2024-10-07","5","5406"
"2024-10-07","6","4689"
"2024-10-07","7","4061"
"2024-10-07","8","5711"
"2024-10-07","9","6465"
"2024-10-07","10","5401"
"2024-10-08","1","4182"
"2024-10-08","2","3231"
"2024-10-08","3","1662"
"2024-10-08","4","2768"
"2024-10-08","5","5411"
"2024-10-08","6","5406"
"2024-10-08","7","4061"
"2024-10-08","8","4689"
"2024-10-08","9","6465"
"2024-10-08","10","5711"
"2024-10-09","1","4182"
"2024-10-09","2","3231"
"2024-10-09","3","1662"
"2024-10-09","4","2768"
"2024-10-09","5","5411"
"2024-10-09","6","5406"
"2024-10-09","7","4061"
"2024-10-09","8","5401"
"2024-10-09","9","4689"
"2024-10-09","10","5711"
"2024-10-10","1","4182"
"2024-10-10","2","1662"
"2024-10-10","3","3231"
"2024-10-10","4","2768"
"2024-10-10","5","5411"
"2024-10-10","6","4061"
"2024-10-10","7","5406"
"2024-10-10","8","4689"
"2024-10-10","9","5711"
"2024-10-10","10","5401"
"2024-10-11","1","4182"
"2024-10-11","2","1662"
"2024-10-11","3","3231"
"2024-10-11","4","7211"
"2024-10-11","5","2768"
"2024-10-11","6","5411"
"2024-10-11","7","4061"
"2024-10-11","8","5406"
"2024-10-11","9","4689"
"2024-10-11","10","5711"
"2024-10-15","1","4182"
"2024-10-15","2","1662"
"2024-10-15","3","3231"
"2024-10-15","4","2768"
"2024-10-15","5","4061"
"2024-10-15","6","5411"
"2024-10-15","7","5711"
"2024-10-15","8","4689"
"2024-10-15","9","7211"
"2024-10-15","10","6465"
"2024-10-16","1","4182"
"2024-10-16","2","3231"
"2024-10-16","3","1662"
"2024-10-16","4","2768"
"2024-10-16","5","4061"
"2024-10-16","6","5411"
"2024-10-16","7","4689"
"2024-10-16","8","5711"
"2024-10-16","9","9602"
"2024-10-16","10","7211"
"2024-10-17","1","4182"
"2024-10-17","2","3231"
"2024-10-17","3","1662"
"2024-10-17","4","4689"
"2024-10-17","5","4061"
"2024-10-17","6","5411"
"2024-10-17","7","2768"
"2024-10-17","8","7211"
"2024-10-17","9","5711"
"2024-10-17","10","9602"
"2024-10-18","1","4182"
"2024-10-18","2","3231"
"2024-10-18","3","1662"
"2024-10-18","4","4689"
"2024-10-18","5","4061"
"2024-10-18","6","5411"
"2024-10-18","7","2768"
"2024-10-18","8","7211"
"2024-10-18","9","5711"
"2024-10-18","10","9602"
"2024-10-21","1","4182"
"2024-10-21","2","3231"
"2024-10-21","3","1662"
"2024-10-21","4","4689"
"2024-10-21","5","5411"
"2024-10-21","6","2768"
"2024-10-21","7","5711"
"2024-10-21","8","9602"
"2024-10-21","9","7211"
"2024-10-21","10","6465"
"2024-10-22","1","4182"
"2024-10-22","2","3231"
"2024-10-22","3","1662"
"2024-10-22","4","7259"
"2024-10-22","5","4689"
"2024-10-22","6","2768"
"2024-10-22","7","6473"
"2024-10-22","8","5411"
"2024-10-22","9","5711"
"2024-10-22","10","9602"
"2024-10-23","1","4182"
"2024-10-23","2","3231"
"2024-10-23","3","6473"
"2024-10-23","4","2768"
"2024-10-23","5","4689"
"2024-10-23","6","1662"
"2024-10-23","7","5411"
"2024-10-23","8","9602"
"2024-10-23","9","5711"
"2024-10-23","10","6465"
"2024-10-24","1","4182"
"2024-10-24","2","3231"
"2024-10-24","3","1662"
"2024-10-24","4","6473"
"2024-10-24","5","4689"
"2024-10-24","6","5411"
"2024-10-24","7","6594"
"2024-10-24","8","2768"
"2024-10-24","9","9602"
"2024-10-24","10","6465"
"2024-10-25","1","4182"
"2024-10-25","2","3231"
"2024-10-25","3","1662"
"2024-10-25","4","4689"
"2024-10-25","5","5411"
"2024-10-25","6","6473"
"2024-10-25","7","6594"
"2024-10-25","8","2768"
"2024-10-25","9","9602"
"2024-10-25","10","6465"
"2024-10-28","1","4182"
"2024-10-28","2","3231"
"2024-10-28","3","4689"
"2024-10-28","4","1662"
"2024-10-28","5","6473"
"2024-10-28","6","9602"
"2024-10-28","7","2768"
"2024-10-28","8","5411"
"2024-10-28","9","6594"
"2024-10-28","10","6465"
"2024-10-29","1","4182"
"2024-10-29","2","3231"
"2024-10-29","3","3116"
"2024-10-29","4","4689"
"2024-10-29","5","4612"
"2024-10-29","6","6473"
"2024-10-29","7","1662"
"2024-10-29","8","9602"
"2024-10-29","9","2768"
"2024-10-29","10","5411"
"2024-10-30","1","4182"
"2024-10-30","2","3231"
"2024-10-30","3","3116"
"2024-10-30","4","4612"
"2024-10-30","5","4689"
"2024-10-30","6","6473"
"2024-10-30","7","2768"
"2024-10-30","8","9602"
"2024-10-30","9","1662"
"2024-10-30","10","5411"
"2024-10-31","1","3231"
"2024-10-31","2","4182"
"2024-10-31","3","3116"
"2024-10-31","4","4612"
"2024-10-31","5","4689"
"2024-10-31","6","9602"
"2024-10-31","7","6473"
"2024-10-31","8","2768"
"2024-10-31","9","1662"
"2024-10-31","10","6465"
"2024-11-01","1","3231"
"2024-11-01","2","8088"
"2024-11-01","3","4182"
"2024-11-01","4","6473"
"2024-11-01","5","4612"
"2024-11-01","6","2768"
"2024-11-01","7","3116"
"2024-11-01","8","1662"
"2024-11-01","9","4689"
"2024-11-01","10","9602"
"2024-11-05","1","3231"
"2024-11-05","2","8088"
"2024-11-05","3","4182"
"2024-11-05","4","6473"
"2024-11-05","5","4689"
"2024-11-05","6","4612"
"2024-11-05","7","2768"
"2024-11-05","8","3116"
"2024-11-05","9","1662"
"2024-11-05","10","9602"
"2024-11-06","1","3231"
"2024-11-06","2","4182"
"2024-11-06","3","4689"
"2024-11-06","4","6473"
"2024-11-06","5","4612"
"2024-11-06","6","1662"
"2024-11-06","7","3116"
"2024-11-06","8","2768"
"2024-11-06","9","9602"
"2024-11-06","10","5411"
"2024-11-07","1","3231"
"2024-11-07","2","4182"
"2024-11-07","3","8088"
"2024-11-07","4","4689"
"2024-11-07","5","4612"
"2024-11-07","6","6473"
"2024-11-07","7","1662"
"2024-11-07","8","3116"
"2024-11-07","9","9602"
"2024-11-07","10","2768"
"2024-11-08","1","3231"
"2024-11-08","2","4182"
"2024-11-08","3","4689"
"2024-11-08","4","4612"
"2024-11-08","5","6473"
"2024-11-08","6","1662"
"2024-11-08","7","3116"
"2024-11-08","8","4208"
"2024-11-08","9","2768"
"2024-11-08","10","9602"
"2024-11-11","1","3231"
"2024-11-11","2","6473"
"2024-11-11","3","4182"
"2024-11-11","4","4689"
"2024-11-11","5","1662"
"2024-11-11","6","4208"
"2024-11-11","7","4612"
"2024-11-11","8","3116"
"2024-11-11","9","9602"
"2024-11-11","10","2768"
"2024-11-12","1","3231"
"2024-11-12","2","4182"
"2024-11-12","3","6473"
"2024-11-12","4","4689"
"2024-11-12","5","4208"
"2024-11-12","6","4612"
"2024-11-12","7","1662"
"2024-11-12","8","9602"
"2024-11-12","9","2768"
"2024-11-12","10","2897"
"2024-11-13","1","3231"
"2024-11-13","2","4182"
"2024-11-13","3","6473"
"2024-11-13","4","4689"
"2024-11-13","5","4208"
"2024-11-13","6","4612"
"2024-11-13","7","9602"
"2024-11-13","8","1662"
"2024-11-13","9","2768"
"2024-11-13","10","2897"
"2024-11-14","1","4182"
"2024-11-14","2","3231"
"2024-11-14","3","6473"
"2024-11-14","4","4612"
"2024-11-14","5","4689"
"2024-11-14","6","4208"
"2024-11-14","7","9602"
"2024-11-14","8","5411"
"2024-11-14","9","2768"
"2024-11-14","10","1662"
"2024-11-15","1","4182"
"2024-11-15","2","3231"
"2024-11-15","3","6473"
"2024-11-15","4","4208"
"2024-11-15","5","9602"
"2024-11-15","6","4612"
"2024-11-15","7","5411"
"2024-11-15","8","1662"
"2024-11-15","9","2768"
"2024-11-15","10","2897"
"2024-11-18","1","3231"
"2024-11-18","2","4182"
"2024-11-18","3","6473"
"2024-11-18","4","4208"
"2024-11-18","5","5019"
"2024-11-18","6","9602"
"2024-11-18","7","4612"
"2024-11-18","8","1662"
"2024-11-18","9","5411"
"2024-11-18","10","2897"
"2024-11-19","1","6473"
"2024-11-19","2","4182"
"2024-11-19","3","3231"
"2024-11-19","4","1662"
"2024-11-19","5","4208"
"2024-11-19","6","5019"
"2024-11-19","7","9602"
"2024-11-19","8","2897"
"2024-11-19","9","5411"
"2024-11-19","10","4612"
"2024-11-20","1","1662"
"2024-11-20","2","4208"
"2024-11-20","3","4182"
"2024-11-20","4","6473"
"2024-11-20","5","3231"
"2024-11-20","6","5110"
"2024-11-20","7","2897"
"2024-11-20","8","5411"
"2024-11-20","9","7747"
"2024-11-20","10","9602"
"2024-11-21","1","1662"
"2024-11-21","2","4182"
"2024-11-21","3","6473"
"2024-11-21","4","4208"
"2024-11-21","5","5110"
"2024-11-21","6","3231"
"2024-11-21","7","5411"
"2024-11-21","8","9602"
"2024-11-21","9","2897"
"2024-11-21","10","7747"
"2024-11-22","1","1662"
"2024-11-22","2","4182"
"2024-11-22","3","5110"
"2024-11-22","4","6473"
"2024-11-22","5","4208"
"2024-11-22","6","3231"
"2024-11-22","7","5411"
"2024-11-22","8","2897"
"2024-11-22","9","9602"
"2024-11-22","10","9009"
"2024-11-25","1","1662"
"2024-11-25","2","4182"
"2024-11-25","3","6473"
"2024-11-25","4","5110"
"2024-11-25","5","3231"
"2024-11-25","6","4208"
"2024-11-25","7","5411"
"2024-11-25","8","9602"
"2024-11-25","9","2897"
"2024-11-25","10","4612"
"2024-11-26","1","1662"
"2024-11-26","2","4182"
"2024-11-26","3","6473"
"2024-11-26","4","5110"
"2024-11-26","5","4208"
"2024-11-26","6","5411"
"2024-11-26","7","3231"
"2024-11-26","8","9602"
"2024-11-26","9","5019"
"2024-11-26","10","2897"
"2024-11-27","1","1662"
"2024-11-27","2","4182"
"2024-11-27","3","6473"
"2024-11-27","4","4208"
"2024-11-27","5","5110"
"2024-11-27","6","5411"
"2024-11-27","7","3231"
"2024-11-27","8","2897"
"2024-11-27","9","9602"
"2024-11-27","10","5019"
"2024-11-28","1","1662"
"2024-11-28","2","5110"
"2024-11-28","3","4182"
"2024-11-28","4","4208"
"2024-11-28","5","6473"
"2024-11-28","6","5411"
"2024-11-28","7","3231"
"2024-11-28","8","9602"
"2024-11-28","9","5019"
"2024-11-28","10","2897"
"2024-11-29","1","1662"
"2024-11-29","2","5110"
"2024-11-29","3","6473"
"2024-11-29","4","4208"
"2024-11-29","5","4182"
"2024-11-29","6","5411"
"2024-11-29","7","3231"
"2024-11-29","8","9602"
"2024-11-29","9","2897"
"2024-11-29","10","5019"
"2024-12-02","1","1662"
"2024-12-02","2","5110"
"2024-12-02","3","4208"
"2024-12-02","4","6473"
"2024-12-02","5","4182"
"2024-12-02","6","5411"
"2024-12-02","7","3231"
"2024-12-02","8","9602"
"2024-12-02","9","2897"
"2024-12-02","10","5019"
"2024-12-03","1","1662"
"2024-12-03","2","5110"
"2024-12-03","3","4208"
"2024-12-03","4","4182"
"2024-12-03","5","6473"
"2024-12-03","6","5411"
"2024-12-03","7","9602"
"2024-12-03","8","2897"
"2024-12-03","9","3231"
"2024-12-03","10","5019"
"2024-12-04","1","1662"
"2024-12-04","2","5110"
"2024-12-04","3","4208"
"2024-12-04","4","4182"
"2024-12-04","5","6473"
"2024-12-04","6","3391"
"2024-12-04","7","5411"
"2024-12-04","8","5019"
"2024-12-04","9","9602"
"2024-12-04","10","3231"
"2024-12-05","1","4208"
"2024-12-05","2","1662"
"2024-12-05","3","4182"
"2024-12-05","4","5110"
"2024-12-05","5","6473"
"2024-12-05","6","3391"
"2024-12-05","7","5411"
"2024-12-05","8","3231"
"2024-12-05","9","9602"
"2024-12-05","10","5019"
"2024-12-06","1","4182"
"2024-12-06","2","4208"
"2024-12-06","3","1662"
"2024-12-06","4","5110"
"2024-12-06","5","6473"
"2024-12-06","6","3391"
"2024-12-06","7","5411"
"2024-12-06","8","5019"
"2024-12-06","9","9602"
"2024-12-06","10","3231"
"2024-12-09","1","4182"
"2024-12-09","2","1662"
"2024-12-09","3","5110"
"2024-12-09","4","4208"
"2024-12-09","5","6473"
"2024-12-09","6","3391"
"2024-12-09","7","5411"
"2024-12-09","8","5019"
"2024-12-09","9","3231"
"2024-12-09","10","2897"
"2024-12-10","1","4182"
"2024-12-10","2","5110"
"2024-12-10","3","4208"
"2024-12-10","4","6473"
"2024-12-10","5","3391"
"2024-12-10","6","4612"
"2024-12-10","7","5411"
"2024-12-10","8","5019"
"2024-12-10","9","3231"
"2024-12-10","10","2897"
"2024-12-11","1","4182"
"2024-12-11","2","4208"
"2024-12-11","3","5110"
"2024-12-11","4","6473"
"2024-12-11","5","3391"
"2024-12-11","6","4612"
"2024-12-11","7","5019"
"2024-12-11","8","3231"
"2024-12-11","9","5411"
"2024-12-11","10","2897"
"2024-12-12","1","4182"
"2024-12-12","2","4208"
"2024-12-12","3","5110"
"2024-12-12","4","6473"
"2024-12-12","5","3391"
"2024-12-12","6","4612"
"2024-12-12","7","5019"
"2024-12-12","8","3231"
"2024-12-12","9","5411"
"2024-12-12","10","8053"
"2024-12-13","1","4182"
"2024-12-13","2","4208"
"2024-12-13","3","6473"
"2024-12-13","4","5110"
"2024-12-13","5","3391"
"2024-12-13","6","5019"
"2024-12-13","7","4612"
"2024-12-13","8","3231"
"2024-12-13","9","5411"
"2024-12-13","10","8053"
"2024-12-16","1","4182"
"2024-12-16","2","4208"
"2024-12-16","3","6473"
"2024-12-16","4","5110"
"2024-12-16","5","3391"
"2024-12-16","6","5019"
"2024-12-16","7","4612"
"2024-12-16","8","5411"
"2024-12-16","9","3231"
"2024-12-16","10","9008"
"2024-12-17","1","4208"
"2024-12-17","2","4182"
"2024-12-17","3","5110"
"2024-12-17","4","6473"
"2024-12-17","5","5019"
"2024-12-17","6","3391"
"2024-12-17","7","4612"
"2024-12-17","8","3231"
"2024-12-17","9","5411"
"2024-12-17","10","9008"
"2024-12-18","1","4208"
"2024-12-18","2","4182"
"2024-12-18","3","5110"
"2024-12-18","4","6473"
"2024-12-18","5","3391"
"2024-12-18","6","5019"
"2024-12-18","7","4612"
"2024-12-18","8","9008"
"2024-12-18","9","3231"
"2024-12-18","10","5411"
"2024-12-19","1","4208"
"2024-12-19","2","4182"
"2024-12-19","3","5110"
"2024-12-19","4","3391"
"2024-12-19","5","6473"
"2024-12-19","6","5019"
"2024-12-19","7","9008"
"2024-12-19","8","4612"
"2024-12-19","9","3231"
"2024-12-19","10","5411"
"2024-12-20","1","4182"
"2024-12-20","2","5110"
"2024-12-20","3","3391"
"2024-12-20","4","6473"
"2024-12-20","5","4612"
"2024-12-20","6","5019"
"2024-12-20","7","9008"
"2024-12-20","8","5411"
"2024-12-20","9","8053"
"2024-12-20","10","3231"
"2024-12-23","1","4182"
"2024-12-23","2","3391"
"2024-12-23","3","5110"
"2024-12-23","4","4612"
"2024-12-23","5","6473"
"2024-12-23","6","5019"
"2024-12-23","7","9008"
"2024-12-23","8","5411"
"2024-12-23","9","3231"
"2024-12-23","10","8053"
"2024-12-24","1","4182"
"2024-12-24","2","3391"
"2024-12-24","3","5110"
"2024-12-24","4","6473"
"2024-12-24","5","8088"
"2024-12-24","6","4612"
"2024-12-24","7","9008"
"2024-12-24","8","5019"
"2024-12-24","9","8053"
"2024-12-24","10","3231"
"2024-12-25","1","4182"
"2024-12-25","2","3391"
"2024-12-25","3","5110"
"2024-12-25","4","6473"
"2024-12-25","5","4612"
"2024-12-25","6","8088"
"2024-12-25","7","9008"
"2024-12-25","8","5019"
"2024-12-25","9","5411"
"2024-12-25","10","8053"
"2024-12-26","1","4182"
"2024-12-26","2","3391"
"2024-12-26","3","5110"
"2024-12-26","4","4612"
"2024-12-26","5","6473"
"2024-12-26","6","5019"
"2024-12-26","7","9008"
"2024-12-26","8","5411"
"2024-12-26","9","9009"
"2024-12-26","10","3231"
"2024-12-27","1","4182"
"2024-12-27","2","3391"
"2024-12-27","3","4612"
"2024-12-27","4","5110"
"2024-12-27","5","6473"
"2024-12-27","6","9008"
"2024-12-27","7","5019"
"2024-12-27","8","3231"
"2024-12-27","9","5411"
"2024-12-27","10","9009"
"2024-12-30","1","4182"
"2024-12-30","2","3391"
"2024-12-30","3","4612"
"2024-12-30","4","5110"
"2024-12-30","5","6473"
"2024-12-30","6","9008"
"2024-12-30","7","5019"
"2024-12-30","8","9009"
"2024-12-30","9","8053"
"2024-12-30","10","3231"
"2025-01-06","1","4182"
"2025-01-06","2","3391"
"2025-01-06","3","5110"
"2025-01-06","4","4612"
"2025-01-06","5","6473"
"2025-01-06","6","9008"
"2025-01-06","7","5019"
"2025-01-06","8","8053"
"2025-01-06","9","9009"
"2025-01-06","10","2897"
"2025-01-07","1","4182"
"2025-01-07","2","3391"
"2025-01-07","3","5110"
"2025-01-07","4","6473"
"2025-01-07","5","4612"
"2025-01-07","6","5019"
"2025-01-07","7","9008"
"2025-01-07","8","8053"
"2025-01-07","9","3231"
"2025-01-07","10","2897"
"2025-01-08","1","4182"
"2025-01-08","2","3391"
"2025-01-08","3","6473"
"2025-01-08","4","4612"
"2025-01-08","5","9008"
"2025-01-08","6","8053"
"2025-01-08","7","5110"
"2025-01-08","8","3231"
"2025-01-08","9","5019"
"2025-01-08","10","2897"
"2025-01-09","1","4182"
"2025-01-09","2","3391"
"2025-01-09","3","5110"
"2025-01-09","4","6473"
"2025-01-09","5","9008"
"2025-01-09","6","8053"
"2025-01-09","7","4612"
"2025-01-09","8","8088"
"2025-01-09","9","5019"
"2025-01-09","10","5411"
"2025-01-10","1","4182"
"2025-01-10","2","3391"
"2025-01-10","3","9008"
"2025-01-10","4","6473"
"2025-01-10","5","5110"
"2025-01-10","6","8053"
"2025-01-10","7","4612"
"2025-01-10","8","9009"
"2025-01-10","9","5019"
"2025-01-10","10","5411"
"2025-01-14","1","4182"
"2025-01-14","2","3391"
"2025-01-14","3","9008"
"2025-01-14","4","5110"
"2025-01-14","5","6473"
"2025-01-14","6","8053"
"2025-01-14","7","5019"
"2025-01-14","8","5411"
"2025-01-14","9","4612"
"2025-01-14","10","9009"
"2025-01-15","1","4182"
"2025-01-15","2","3391"
"2025-01-15","3","5411"
"2025-01-15","4","8053"
"2025-01-15","5","9008"
"2025-01-15","6","5110"
"2025-01-15","7","9009"
"2025-01-15","8","6473"
"2025-01-15","9","5019"
"2025-01-15","10","4612"
"2025-01-16","1","4182"
"2025-01-16","2","3391"
"2025-01-16","3","9008"
"2025-01-16","4","5411"
"2025-01-16","5","9009"
"2025-01-16","6","8053"
"2025-01-16","7","5110"
"2025-01-16","8","5019"
"2025-01-16","9","4612"
"2025-01-16","10","6473"
"2025-01-17","1","4182"
"2025-01-17","2","3391"
"2025-01-17","3","9008"
"2025-01-17","4","9009"
"2025-01-17","5","5110"
"2025-01-17","6","5411"
"2025-01-17","7","8053"
"2025-01-17","8","4612"
"2025-01-17","9","5019"
"2025-01-17","10","6473"
"2025-01-20","1","4182"
"2025-01-20","2","3391"
"2025-01-20","3","5110"
"2025-01-20","4","9009"
"2025-01-20","5","9008"
"2025-01-20","6","5411"
"2025-01-20","7","8053"
"2025-01-20","8","4612"
"2025-01-20","9","9602"
"2025-01-20","10","3231"
"2025-01-21","1","4182"
"2025-01-21","2","3391"
"2025-01-21","3","5110"
"2025-01-21","4","5411"
"2025-01-21","5","9008"
"2025-01-21","6","9009"
"2025-01-21","7","8053"
"2025-01-21","8","4612"
"2025-01-21","9","3231"
"2025-01-21","10","2897"
"2025-01-22","1","4182"
"2025-01-22","2","3391"
"2025-01-22","3","5411"
"2025-01-22","4","8088"
"2025-01-22","5","5110"
"2025-01-22","6","8053"
"2025-01-22","7","9009"
"2025-01-22","8","9008"
"2025-01-22","9","3231"
"2025-01-22","10","4612"
"2025-01-23","1","4182"
"2025-01-23","2","5411"
"2025-01-23","3","8053"
"2025-01-23","4","3391"
"2025-01-23","5","9009"
"2025-01-23","6","5110"
"2025-01-23","7","4612"
"2025-01-23","8","9008"
"2025-01-23","9","9602"
"2025-01-23","10","2897"
"2025-01-24","1","4182"
"2025-01-24","2","8053"
"2025-01-24","3","3391"
"2025-01-24","4","5411"
"2025-01-24","5","8088"
"2025-01-24","6","5110"
"2025-01-24","7","9009"
"2025-01-24","8","9008"
"2025-01-24","9","4612"
"2025-01-24","10","2897"
"2025-01-27","1","4182"
"2025-01-27","2","8053"
"2025-01-27","3","3391"
"2025-01-27","4","5411"
"2025-01-27","5","5110"
"2025-01-27","6","4612"
"2025-01-27","7","9009"
"2025-01-27","8","2897"
"2025-01-27","9","2768"
"2025-01-27","10","3231"
"2025-01-28","1","4182"
"2025-01-28","2","5105"
"2025-01-28","3","3391"
"2025-01-28","4","8053"
"2025-01-28","5","5411"
"2025-01-28","6","5110"
"2025-01-28","7","9008"
"2025-01-28","8","9009"
"2025-01-28","9","4612"
"2025-01-28","10","2768"
"2025-01-29","1","4182"
"2025-01-29","2","3391"
"2025-01-29","3","8053"
"2025-01-29","4","5411"
"2025-01-29","5","5110"
"2025-01-29","6","5105"
"2025-01-29","7","9008"
"2025-01-29","8","9009"
"2025-01-29","9","4612"
"2025-01-29","10","2897"
"2025-01-30","1","4182"
"2025-01-30","2","3391"
"2025-01-30","3","8053"
"2025-01-30","4","5411"
"2025-01-30","5","5110"
"2025-01-30","6","2897"
"2025-01-30","7","5105"
"2025-01-30","8","4612"
"2025-01-30","9","9008"
"2025-01-30","10","9009"
"2025-01-31","1","4208"
"2025-01-31","2","3391"
"2025-01-31","3","4182"
"2025-01-31","4","5411"
"2025-01-31","5","8053"
"2025-01-31","6","5110"
"2025-01-31","7","5105"
"2025-01-31","8","2897"
"2025-01-31","9","4205"
"2025-01-31","10","4612"
"2025-02-03","1","4208"
"2025-02-03","2","4182"
"2025-02-03","3","3391"
"2025-02-03","4","4205"
"2025-02-03","5","5105"
"2025-02-03","6","5411"
"2025-02-03","7","4612"
"2025-02-03","8","2897"
"2025-02-03","9","5110"
"2025-02-03","10","8053"
"2025-02-04","1","4208"
"2025-02-04","2","4182"
"2025-02-04","3","4205"
"2025-02-04","4","3391"
"2025-02-04","5","5105"
"2025-02-04","6","5411"
"2025-02-04","7","4612"
"2025-02-04","8","5110"
"2025-02-04","9","6473"
"2025-02-04","10","8309"
"2025-02-05","1","4208"
"2025-02-05","2","4205"
"2025-02-05","3","4182"
"2025-02-05","4","3391"
"2025-02-05","5","8088"
"2025-02-05","6","5105"
"2025-02-05","7","6473"
"2025-02-05","8","5411"
"2025-02-05","9","2897"
"2025-02-05","10","4612"
"2025-02-06","1","4208"
"2025-02-06","2","4205"
"2025-02-06","3","4182"
"2025-02-06","4","8088"
"2025-02-06","5","6473"
"2025-02-06","6","5105"
"2025-02-06","7","3391"
"2025-02-06","8","5411"
"2025-02-06","9","5110"
"2025-02-06","10","8053"
"2025-02-07","1","4208"
"2025-02-07","2","4205"
"2025-02-07","3","4182"
"2025-02-07","4","6473"
"2025-02-07","5","5105"
"2025-02-07","6","3391"
"2025-02-07","7","8088"
"2025-02-07","8","5110"
"2025-02-07","9","4612"
"2025-02-07","10","8309"
"2025-02-10","1","4208"
"2025-02-10","2","4205"
"2025-02-10","3","4182"
"2025-02-10","4","6473"
"2025-02-10","5","5105"
"2025-02-10","6","5110"
"2025-02-10","7","3391"
"2025-02-10","8","4612"
"2025-02-10","9","8309"
"2025-02-10","10","8053"
"2025-02-12","1","4208"
"2025-02-12","2","4205"
"2025-02-12","3","5105"
"2025-02-12","4","4182"
"2025-02-12","5","6473"
"2025-02-12","6","5110"
"2025-02-12","7","8309"
"2025-02-12","8","8053"
"2025-02-12","9","4612"
"2025-02-12","10","3391"
"2025-02-13","1","4208"
"2025-02-13","2","5105"
"2025-02-13","3","4205"
"2025-02-13","4","5110"
"2025-02-13","5","4182"
"2025-02-13","6","8309"
"2025-02-13","7","3391"
"2025-02-13","8","3231"
"2025-02-13","9","4612"
"2025-02-13","10","8053"
"2025-02-14","1","4208"
"2025-02-14","2","5105"
"2025-02-14","3","5110"
"2025-02-14","4","4205"
"2025-02-14","5","4612"
"2025-02-14","6","4182"
"2025-02-14","7","3391"
"2025-02-14","8","8309"
"2025-02-14","9","3231"
"2025-02-14","10","5411"
"2025-02-17","1","4208"
"2025-02-17","2","5110"
"2025-02-17","3","5105"
"2025-02-17","4","4612"
"2025-02-17","5","4205"
"2025-02-17","6","8088"
"2025-02-17","7","4182"
"2025-02-17","8","8309"
"2025-02-17","9","3391"
"2025-02-17","10","8053"
"2025-02-18","1","5110"
"2025-02-18","2","5105"
"2025-02-18","3","4208"
"2025-02-18","4","4205"
"2025-02-18","5","8088"
"2025-02-18","6","4612"
"2025-02-18","7","3391"
"2025-02-18","8","8309"
"2025-02-18","9","4182"
"2025-02-18","10","3231"
"2025-02-19","1","5110"
"2025-02-19","2","5105"
"2025-02-19","3","4208"
"2025-02-19","4","4205"
"2025-02-19","5","8309"
"2025-02-19","6","4612"
"2025-02-19","7","3391"
"2025-02-19","8","4182"
"2025-02-19","9","8053"
"2025-02-19","10","2897"
"2025-02-20","1","5110"
"2025-02-20","2","5105"
"2025-02-20","3","4208"
"2025-02-20","4","8088"
"2025-02-20","5","4205"
"2025-02-20","6","8309"
"2025-02-20","7","4612"
"2025-02-20","8","3391"
"2025-02-20","9","4182"
"2025-02-20","10","8053"
"2025-02-21","1","5105"
"2025-02-21","2","5110"
"2025-02-21","3","8088"
"2025-02-21","4","4205"
"2025-02-21","5","4208"
"2025-02-21","6","8309"
"2025-02-21","7","9009"
"2025-02-21","8","4612"
"2025-02-21","9","3391"
"2025-02-21","10","4182"
"2025-02-25","1","8088"
"2025-02-25","2","5105"
"2025-02-25","3","4208"
"2025-02-25","4","4205"
"2025-02-25","5","9009"
"2025-02-25","6","8309"
"2025-02-25","7","5110"
"2025-02-25","8","3391"
"2025-02-25","9","8053"
"2025-02-25","10","9104"
"2025-02-26","1","5105"
"2025-02-26","2","8088"
"2025-02-26","3","4208"
"2025-02-26","4","4205"
"2025-02-26","5","9009"
"2025-02-26","6","5110"
"2025-02-26","7","8053"
"2025-02-26","8","8309"
"2025-02-26","9","3391"
"2025-02-26","10","9104"
"2025-02-27","1","8088"
"2025-02-27","2","5105"
"2025-02-27","3","4205"
"2025-02-27","4","9009"
"2025-02-27","5","4208"
"2025-02-27","6","8309"
"2025-02-27","7","8053"
"2025-02-27","8","5110"
"2025-02-27","9","3391"
"2025-02-27","10","4182"
"2025-02-28","1","5105"
"2025-02-28","2","8088"
"2025-02-28","3","4205"
"2025-02-28","4","4208"
"2025-02-28","5","8309"
"2025-02-28","6","9009"
"2025-02-28","7","5110"
"2025-02-28","8","3391"
"2025-02-28","9","8053"
"2025-02-28","10","4182"
"2025-03-03","1","5105"
"2025-03-03","2","4205"
"2025-03-03","3","8088"
"2025-03-03","4","4208"
"2025-03-03","5","8309"
"2025-03-03","6","5110"
"2025-03-03","7","3391"
"2025-03-03","8","4182"
"2025-03-03","9","9009"
"2025-03-03","10","9104"
"2025-03-04","1","5105"
"2025-03-04","2","4205"
"2025-03-04","3","8309"
"2025-03-04","4","8088"
"2025-03-04","5","5110"
"2025-03-04","6","4208"
"2025-03-04","7","9009"
"2025-03-04","8","3391"
"2025-03-04","9","9104"
"2025-03-04","10","8053"
"2025-03-05","1","5105"
"2025-03-05","2","4205"
"2025-03-05","3","8309"
"2025-03-05","4","5110"
"2025-03-05","5","8088"
"2025-03-05","6","4208"
"2025-03-05","7","9009"
"2025-03-05","8","9602"
"2025-03-05","9","3391"
"2025-03-05","10","9104"
"2025-03-06","1","5105"
"2025-03-06","2","8309"
"2025-03-06","3","4205"
"2025-03-06","4","5110"
"2025-03-06","5","4208"
"2025-03-06","6","3391"
"2025-03-06","7","9602"
"2025-03-06","8","8088"
"2025-03-06","9","5411"
"2025-03-06","10","2897"
"2025-03-07","1","5105"
"2025-03-07","2","8309"
"2025-03-07","3","3391"
"2025-03-07","4","9602"
"2025-03-07","5","4208"
"2025-03-07","6","8088"
"2025-03-07","7","5110"
"2025-03-07","8","9009"
"2025-03-07","9","5411"
"2025-03-07","10","2897"
"2025-03-10","1","5105"
"2025-03-10","2","8309"
"2025-03-10","3","5110"
"2025-03-10","4","9602"
"2025-03-10","5","8088"
"2025-03-10","6","4208"
"2025-03-10","7","3391"
"2025-03-10","8","9009"
"2025-03-10","9","5411"
"2025-03-10","10","9104"
"2025-03-11","1","5110"
"2025-03-11","2","5105"
"2025-03-11","3","8309"
"2025-03-11","4","9009"
"2025-03-11","5","9104"
"2025-03-11","6","8088"
"2025-03-11","7","4208"
"2025-03-11","8","5411"
"2025-03-11","9","3038"
"2025-03-11","10","9602"
"2025-03-12","1","8309"
"2025-03-12","2","5110"
"2025-03-12","3","4205"
"2025-03-12","4","5105"
"2025-03-12","5","9602"
"2025-03-12","6","5411"
"2025-03-12","7","8088"
"2025-03-12","8","9104"
"2025-03-12","9","4208"
"2025-03-12","10","2897"
"2025-03-13","1","8309"
"2025-03-13","2","5105"
"2025-03-13","3","5110"
"2025-03-13","4","4205"
"2025-03-13","5","8088"
"2025-03-13","6","9602"
"2025-03-13","7","4208"
"2025-03-13","8","7747"
"2025-03-13","9","5411"
"2025-03-13","10","9104"
"2025-03-14","1","5105"
"2025-03-14","2","8088"
"2025-03-14","3","8309"
"2025-03-14","4","4205"
"2025-03-14","5","5110"
"2025-03-14","6","9602"
"2025-03-14","7","4208"
"2025-03-14","8","3391"
"2025-03-14","9","5411"
"2025-03-14","10","7747"
"2025-03-17","1","8088"
"2025-03-17","2","9602"
"2025-03-17","3","8309"
"2025-03-17","4","5105"
"2025-03-17","5","3038"
"2025-03-17","6","5110"
"2025-03-17","7","7747"
"2025-03-17","8","3391"
"2025-03-17","9","5411"
"2025-03-17","10","9104"
"2025-03-18","1","8088"
"2025-03-18","2","5110"
"2025-03-18","3","9602"
"2025-03-18","4","7747"
"2025-03-18","5","8309"
"2025-03-18","6","3038"
"2025-03-18","7","5105"
"2025-03-18","8","5411"
"2025-03-18","9","3391"
"2025-03-18","10","4204"
"2025-03-19","1","5110"
"2025-03-19","2","7747"
"2025-03-19","3","8088"
"2025-03-19","4","3038"
"2025-03-19","5","3391"
"2025-03-19","6","5105"
"2025-03-19","7","9602"
"2025-03-19","8","8309"
"2025-03-19","9","5411"
"2025-03-19","10","4208"
"2025-03-21","1","7747"
"2025-03-21","2","4205"
"2025-03-21","3","3038"
"2025-03-21","4","5110"
"2025-03-21","5","8088"
"2025-03-21","6","3391"
"2025-03-21","7","5105"
"2025-03-21","8","4208"
"2025-03-21","9","9602"
"2025-03-21","10","5411"
"2025-03-24","1","3038"
"2025-03-24","2","4205"
"2025-03-24","3","7747"
"2025-03-24","4","5110"
"2025-03-24","5","8088"
"2025-03-24","6","9602"
"2025-03-24","7","3391"
"2025-03-24","8","5105"
"2025-03-24","9","4208"
"2025-03-24","10","5411"
"2025-03-25","1","7747"
"2025-03-25","2","4205"
"2025-03-25","3","9602"
"2025-03-25","4","3038"
"2025-03-25","5","5110"
"2025-03-25","6","8088"
"2025-03-25","7","5105"
"2025-03-25","8","3391"
"2025-03-25","9","4208"
"2025-03-25","10","4204"
"2025-03-26","1","9602"
"2025-03-26","2","7747"
"2025-03-26","3","4205"
"2025-03-26","4","5110"
"2025-03-26","5","8088"
"2025-03-26","6","4208"
"2025-03-26","7","5105"
"2025-03-26","8","3038"
"2025-03-26","9","4204"
"2025-03-26","10","8053"
"2025-03-27","1","9602"
"2025-03-27","2","4205"
"2025-03-27","3","7747"
"2025-03-27","4","5110"
"2025-03-27","5","8088"
"2025-03-27","6","4208"
"2025-03-27","7","3038"
"2025-03-27","8","3391"
"2025-03-27","9","8053"
"2025-03-27","10","5105"
"2025-03-28","1","9602"
"2025-03-28","2","7747"
"2025-03-28","3","4205"
"2025-03-28","4","5110"
"2025-03-28","5","8088"
"2025-03-28","6","4208"
"2025-03-28","7","5105"
"2025-03-28","8","8053"
"2025-03-28","9","3391"
"2025-03-28","10","2768"
"2025-03-31","1","9602"
"2025-03-31","2","4205"
"2025-03-31","3","7747"
"2025-03-31","4","5110"
"2025-03-31","5","8088"
"2025-03-31","6","4208"
"2025-03-31","7","3391"
"2025-03-31","8","8053"
"2025-03-31","9","5105"
"2025-03-31","10","4204"
"2025-04-01","1","9602"
"2025-04-01","2","4205"
"2025-04-01","3","8088"
"2025-04-01","4","7747"
"2025-04-01","5","3391"
"2025-04-01","6","5110"
"2025-04-01","7","4208"
"2025-04-01","8","9041"
"2025-04-01","9","4204"
"2025-04-01","10","8053"
"2025-04-02","1","9602"
"2025-04-02","2","8088"
"2025-04-02","3","3391"
"2025-04-02","4","5110"
"2025-04-02","5","7747"
"2025-04-02","6","4208"
"2025-04-02","7","9041"
"2025-04-02","8","8053"
"2025-04-02","9","4204"
"2025-04-02","10","2768"
"2025-04-03","1","9602"
"2025-04-03","2","8088"
"2025-04-03","3","7747"
"2025-04-03","4","3391"
"2025-04-03","5","9041"
"2025-04-03","6","4208"
"2025-04-03","7","5105"
"2025-04-03","8","5411"
"2025-04-03","9","2897"
"2025-04-03","10","2768"
"2025-04-04","1","9602"
"2025-04-04","2","7747"
"2025-04-04","3","8088"
"2025-04-04","4","3391"
"2025-04-04","5","4205"
"2025-04-04","6","4528"
"2025-04-04","7","9041"
"2025-04-04","8","4208"
"2025-04-04","9","5411"
"2025-04-04","10","2897"
"2025-04-07","1","3391"
"2025-04-07","2","9602"
"2025-04-07","3","7747"
"2025-04-07","4","4205"
"2025-04-07","5","2897"
"2025-04-07","6","3038"
"2025-04-07","7","9041"
"2025-04-07","8","4528"
"2025-04-07","9","5411"
"2025-04-07","10","6465"
"2025-04-08","1","3391"
"2025-04-08","2","7747"
"2025-04-08","3","9602"
"2025-04-08","4","4205"
"2025-04-08","5","9041"
"2025-04-08","6","2897"
"2025-04-08","7","5411"
"2025-04-08","8","3038"
"2025-04-08","9","4208"
"2025-04-08","10","6465"
"2025-04-09","1","9602"
"2025-04-09","2","7747"
"2025-04-09","3","3391"
"2025-04-09","4","4205"
"2025-04-09","5","9041"
"2025-04-09","6","2897"
"2025-04-09","7","5411"
"2025-04-09","8","4540"
"2025-04-09","9","3038"
"2025-04-09","10","4528"
"2025-04-10","1","4205"
"2025-04-10","2","7747"
"2025-04-10","3","5411"
"2025-04-10","4","9602"
"2025-04-10","5","3391"
"2025-04-10","6","4208"
"2025-04-10","7","5105"
"2025-04-10","8","9041"
"2025-04-10","9","2897"
"2025-04-10","10","4204"
"2025-04-11","1","7747"
"2025-04-11","2","5411"
"2025-04-11","3","3391"
"2025-04-11","4","9602"
"2025-04-11","5","4208"
"2025-04-11","6","9041"
"2025-04-11","7","2897"
"2025-04-11","8","5105"
"2025-04-11","9","4204"
"2025-04-11","10","4528"
"2025-04-14","1","3391"
"2025-04-14","2","8088"
"2025-04-14","3","7747"
"2025-04-14","4","5411"
"2025-04-14","5","9602"
"2025-04-14","6","4208"
"2025-04-14","7","5105"
"2025-04-14","8","2897"
"2025-04-14","9","9041"
"2025-04-14","10","4204"
"2025-04-15","1","8088"
"2025-04-15","2","3391"
"2025-04-15","3","7747"
"2025-04-15","4","5411"
"2025-04-15","5","5105"
"2025-04-15","6","4208"
"2025-04-15","7","2897"
"2025-04-15","8","4204"
"2025-04-15","9","9041"
"2025-04-15","10","9602"
"2025-04-16","1","8088"
"2025-04-16","2","3391"
"2025-04-16","3","5411"
"2025-04-16","4","5105"
"2025-04-16","5","7747"
"2025-04-16","6","4208"
"2025-04-16","7","9041"
"2025-04-16","8","4204"
"2025-04-16","9","4540"
"2025-04-16","10","5711"
"2025-04-17","1","8088"
"2025-04-17","2","3391"
"2025-04-17","3","5411"
"2025-04-17","4","4208"
"2025-04-17","5","5105"
"2025-04-17","6","9041"
"2025-04-17","7","5711"
"2025-04-17","8","4204"
"2025-04-17","9","7747"
"2025-04-17","10","9602"
"2025-04-18","1","8088"
"2025-04-18","2","5411"
"2025-04-18","3","3391"
"2025-04-18","4","4208"
"2025-04-18","5","9041"
"2025-04-18","6","5105"
"2025-04-18","7","4540"
"2025-04-18","8","4204"
"2025-04-18","9","5711"
"2025-04-18","10","2897"
"2025-04-21","1","8088"
"2025-04-21","2","5411"
"2025-04-21","3","4208"
"2025-04-21","4","3391"
"2025-04-21","5","5105"
"2025-04-21","6","9041"
"2025-04-21","7","8309"
"2025-04-21","8","4204"
"2025-04-21","9","4540"
"2025-04-21","10","7747"
"2025-04-22","1","8088"
"2025-04-22","2","4208"
"2025-04-22","3","3391"
"2025-04-22","4","5411"
"2025-04-22","5","5105"
"2025-04-22","6","9041"
"2025-04-22","7","4204"
"2025-04-22","8","4540"
"2025-04-22","9","8309"
"2025-04-22","10","7747"
"2025-04-23","1","8088"
"2025-04-23","2","4208"
"2025-04-23","3","5411"
"2025-04-23","4","5105"
"2025-04-23","5","8309"
"2025-04-23","6","3391"
"2025-04-23","7","4204"
"2025-04-23","8","9041"
"2025-04-23","9","8233"
"2025-04-23","10","4182"
"2025-04-24","1","8088"
"2025-04-24","2","4208"
"2025-04-24","3","5105"
"2025-04-24","4","5411"
"2025-04-24","5","4204"
"2025-04-24","6","8309"
"2025-04-24","7","3391"
"2025-04-24","8","7747"
"2025-04-24","9","9041"
"2025-04-24","10","8233"
"2025-04-25","1","4205"
"2025-04-25","2","8088"
"2025-04-25","3","4208"
"2025-04-25","4","5411"
"2025-04-25","5","4204"
"2025-04-25","6","8309"
"2025-04-25","7","3391"
"2025-04-25","8","7747"
"2025-04-25","9","5105"
"2025-04-25","10","9041"
"2025-04-28","1","8088"
"2025-04-28","2","4205"
"2025-04-28","3","4208"
"2025-04-28","4","4204"
"2025-04-28","5","5411"
"2025-04-28","6","8309"
"2025-04-28","7","3391"
"2025-04-28","8","5105"
"2025-04-28","9","1766"
"2025-04-28","10","9041"
"2025-04-30","1","4205"
"2025-04-30","2","8088"
"2025-04-30","3","4208"
"2025-04-30","4","5411"
"2025-04-30","5","4204"
"2025-04-30","6","9505"
"2025-04-30","7","8309"
"2025-04-30","8","5105"
"2025-04-30","9","3391"
"2025-04-30","10","9504"
"2025-05-01","1","4205"
"2025-05-01","2","4208"
"2025-05-01","3","8088"
"2025-05-01","4","4204"
"2025-05-01","5","5411"
"2025-05-01","6","8309"
"2025-05-01","7","9505"
"2025-05-01","8","9504"
"2025-05-01","9","4540"
"2025-05-01","10","4182"
"2025-05-02","1","4205"
"2025-05-02","2","4208"
"2025-05-02","3","8088"
"2025-05-02","4","4204"
"2025-05-02","5","8309"
"2025-05-02","6","5411"
"2025-05-02","7","9505"
"2025-05-02","8","7747"
"2025-05-02","9","2897"
"2025-05-02","10","5105"
"2025-05-07","1","4205"
"2025-05-07","2","4208"
"2025-05-07","3","4204"
"2025-05-07","4","5411"
"2025-05-07","5","8309"
"2025-05-07","6","9505"
"2025-05-07","7","5105"
"2025-05-07","8","2897"
"2025-05-07","9","7747"
"2025-05-07","10","6465"
"2025-05-08","1","4205"
"2025-05-08","2","4208"
"2025-05-08","3","5411"
"2025-05-08","4","4204"
"2025-05-08","5","8309"
"2025-05-08","6","7747"
"2025-05-08","7","6465"
"2025-05-08","8","4528"
"2025-05-08","9","9505"
"2025-05-08","10","5105"
"2025-05-09","1","4208"
"2025-05-09","2","4204"
"2025-05-09","3","5411"
"2025-05-09","4","8309"
"2025-05-09","5","7747"
"2025-05-09","6","4205"
"2025-05-09","7","6465"
"2025-05-09","8","5105"
"2025-05-09","9","4528"
"2025-05-09","10","4182"
"2025-05-12","1","4208"
"2025-05-12","2","4540"
"2025-05-12","3","4204"
"2025-05-12","4","5411"
"2025-05-12","5","4205"
"2025-05-12","6","8309"
"2025-05-12","7","9505"
"2025-05-12","8","4528"
"2025-05-12","9","7747"
"2025-05-12","10","6465"
"2025-05-13","1","4208"
"2025-05-13","2","4540"
"2025-05-13","3","4204"
"2025-05-13","4","5411"
"2025-05-13","5","9505"
"2025-05-13","6","9504"
"2025-05-13","7","6465"
"2025-05-13","8","4205"
"2025-05-13","9","4528"
"2025-05-13","10","7747"
"2025-05-14","1","4208"
"2025-05-14","2","4540"
"2025-05-14","3","9505"
"2025-05-14","4","8309"
"2025-05-14","5","4204"
"2025-05-14","6","5411"
"2025-05-14","7","4205"
"2025-05-14","8","9504"
"2025-05-14","9","7747"
"2025-05-14","10","5711"
"2025-05-15","1","4208"
"2025-05-15","2","4540"
"2025-05-15","3","8309"
"2025-05-15","4","9505"
"2025-05-15","5","4204"
"2025-05-15","6","5411"
"2025-05-15","7","4205"
"2025-05-15","8","9504"
"2025-05-15","9","7747"
"2025-05-15","10","4528"
"2025-05-16","1","4208"
"2025-05-16","2","4540"
"2025-05-16","3","8309"
"2025-05-16","4","4204"
"2025-05-16","5","9505"
"2025-05-16","6","5411"
"2025-05-16","7","4205"
"2025-05-16","8","9504"
"2025-05-16","9","4528"
"2025-05-16","10","3391"
"2025-05-19","1","4540"
"2025-05-19","2","4208"
"2025-05-19","3","4204"
"2025-05-19","4","8309"
"2025-05-19","5","9505"
"2025-05-19","6","5411"
"2025-05-19","7","4205"
"2025-05-19","8","3391"
"2025-05-19","9","9504"
"2025-05-19","10","4528"
"2025-05-20","1","4208"
"2025-05-20","2","9505"
"2025-05-20","3","4204"
"2025-05-20","4","4540"
"2025-05-20","5","5411"
"2025-05-20","6","4528"
"2025-05-20","7","3391"
"2025-05-20","8","4205"
"2025-05-20","9","9504"
"2025-05-20","10","2897"
"2025-05-21","1","4208"
"2025-05-21","2","4204"
"2025-05-21","3","9505"
"2025-05-21","4","4528"
"2025-05-21","5","5411"
"2025-05-21","6","3391"
"2025-05-21","7","4205"
"2025-05-21","8","9504"
"2025-05-21","9","7181"
"2025-05-21","10","4540"
"2025-05-22","1","4208"
"2025-05-22","2","4204"
"2025-05-22","3","9505"
"2025-05-22","4","5411"
"2025-05-22","5","3391"
"2025-05-22","6","4205"
"2025-05-22","7","9504"
"2025-05-22","8","4528"
"2025-05-22","9","7181"
"2025-05-22","10","9041"
"2025-05-23","1","4208"
"2025-05-23","2","4204"
"2025-05-23","3","8309"
"2025-05-23","4","9505"
"2025-05-23","5","5411"
"2025-05-23","6","4205"
"2025-05-23","7","3391"
"2025-05-23","8","9504"
"2025-05-23","9","7181"
"2025-05-23","10","4528"
"2025-05-26","1","4208"
"2025-05-26","2","4204"
"2025-05-26","3","6845"
"2025-05-26","4","8309"
"2025-05-26","5","3391"
"2025-05-26","6","9505"
"2025-05-26","7","5411"
"2025-05-26","8","4205"
"2025-05-26","9","7181"
"2025-05-26","10","9504"
"2025-05-27","1","4208"
"2025-05-27","2","6845"
"2025-05-27","3","4204"
"2025-05-27","4","3391"
"2025-05-27","5","8309"
"2025-05-27","6","9505"
"2025-05-27","7","8088"
"2025-05-27","8","5411"
"2025-05-27","9","4205"
"2025-05-27","10","7181"
"2025-05-28","1","4208"
"2025-05-28","2","9505"
"2025-05-28","3","8309"
"2025-05-28","4","4204"
"2025-05-28","5","6845"
"2025-05-28","6","3391"
"2025-05-28","7","5411"
"2025-05-28","8","7181"
"2025-05-28","9","9504"
"2025-05-28","10","4528"
"2025-05-29","1","4208"
"2025-05-29","2","9505"
"2025-05-29","3","8309"
"2025-05-29","4","6845"
"2025-05-29","5","3391"
"2025-05-29","6","4204"
"2025-05-29","7","5411"
"2025-05-29","8","9504"
"2025-05-29","9","7181"
"2025-05-29","10","4528"
"2025-05-30","1","4208"
"2025-05-30","2","9505"
"2025-05-30","3","3391"
"2025-05-30","4","8088"
"2025-05-30","5","8309"
"2025-05-30","6","4204"
"2025-05-30","7","6845"
"2025-05-30","8","5411"
"2025-05-30","9","9504"
"2025-05-30","10","2791"
"2025-06-02","1","4208"
"2025-06-02","2","4204"
"2025-06-02","3","3391"
"2025-06-02","4","8088"
"2025-06-02","5","8309"
"2025-06-02","6","6845"
"2025-06-02","7","5411"
"2025-06-02","8","9504"
"2025-06-02","9","2791"
"2025-06-02","10","7181"
"2025-06-03","1","4208"
"2025-06-03","2","4204"
"2025-06-03","3","9504"
"2025-06-03","4","3391"
"2025-06-03","5","8309"
"2025-06-03","6","5411"
"2025-06-03","7","7181"
"2025-06-03","8","9508"
"2025-06-03","9","2791"
"2025-06-03","10","8053"
"2025-06-04","1","4208"
"2025-06-04","2","8088"
"2025-06-04","3","8309"
"2025-06-04","4","9504"
"2025-06-04","5","3391"
"2025-06-04","6","4204"
"2025-06-04","7","5411"
"2025-06-04","8","6845"
"2025-06-04","9","9508"
"2025-06-04","10","2791"
"2025-06-05","1","9504"
"2025-06-05","2","4208"
"2025-06-05","3","8309"
"2025-06-05","4","3391"
"2025-06-05","5","4204"
"2025-06-05","6","5411"
"2025-06-05","7","6845"
"2025-06-05","8","2791"
"2025-06-05","9","9069"
"2025-06-05","10","9508"
"2025-06-06","1","4208"
"2025-06-06","2","9504"
"2025-06-06","3","8309"
"2025-06-06","4","3391"
"2025-06-06","5","4204"
"2025-06-06","6","5411"
"2025-06-06","7","2791"
"2025-06-06","8","6845"
"2025-06-06","9","9069"
"2025-06-06","10","4528"
"2025-06-09","1","4208"
"2025-06-09","2","8309"
"2025-06-09","3","9504"
"2025-06-09","4","3391"
"2025-06-09","5","4204"
"2025-06-09","6","2791"
"2025-06-09","7","5411"
"2025-06-09","8","9069"
"2025-06-09","9","6845"
"2025-06-09","10","7181"
"2025-06-10","1","4208"
"2025-06-10","2","8309"
"2025-06-10","3","9504"
"2025-06-10","4","6845"
"2025-06-10","5","3391"
"2025-06-10","6","2791"
"2025-06-10","7","4204"
"2025-06-10","8","5411"
"2025-06-10","9","7181"
"2025-06-10","10","9069"
"2025-06-11","1","8309"
"2025-06-11","2","4208"
"2025-06-11","3","3391"
"2025-06-11","4","9504"
"2025-06-11","5","4204"
"2025-06-11","6","6845"
"2025-06-11","7","5411"
"2025-06-11","8","7181"
"2025-06-11","9","9069"
"2025-06-11","10","8053"
"2025-06-12","1","4208"
"2025-06-12","2","8309"
"2025-06-12","3","3391"
"2025-06-12","4","6845"
"2025-06-12","5","4204"
"2025-06-12","6","9504"
"2025-06-12","7","5411"
"2025-06-12","8","7181"
"2025-06-12","9","8053"
"2025-06-12","10","4528"
"2025-06-13","1","4208"
"2025-06-13","2","8309"
"2025-06-13","3","8088"
"2025-06-13","4","6845"
"2025-06-13","5","4204"
"2025-06-13","6","3391"
"2025-06-13","7","9504"
"2025-06-13","8","5411"
"2025-06-13","9","8053"
"2025-06-13","10","7181"
"2025-06-16","1","4208"
"2025-06-16","2","8309"
"2025-06-16","3","8088"
"2025-06-16","4","7181"
"2025-06-16","5","5411"
"2025-06-16","6","4204"
"2025-06-16","7","3391"
"2025-06-16","8","6845"
"2025-06-16","9","9504"
"2025-06-16","10","8053"
"2025-06-17","1","8309"
"2025-06-17","2","8088"
"2025-06-17","3","4204"
"2025-06-17","4","7181"
"2025-06-17","5","6845"
"2025-06-17","6","3391"
"2025-06-17","7","5411"
"2025-06-17","8","8053"
"2025-06-17","9","9504"
"2025-06-17","10","9069"
"2025-06-18","1","8309"
"2025-06-18","2","8088"
"2025-06-18","3","7181"
"2025-06-18","4","4204"
"2025-06-18","5","6845"
"2025-06-18","6","5411"
"2025-06-18","7","3391"
"2025-06-18","8","8053"
"2025-06-18","9","9504"
"2025-06-18","10","9069"
"2025-06-19","1","8309"
"2025-06-19","2","8088"
"2025-06-19","3","6845"
"2025-06-19","4","7181"
"2025-06-19","5","4204"
"2025-06-19","6","5411"
"2025-06-19","7","8053"
"2025-06-19","8","3391"
"2025-06-19","9","9504"
"2025-06-19","10","2897"
"2025-06-20","1","8309"
"2025-06-20","2","4204"
"2025-06-20","3","7181"
"2025-06-20","4","8088"
"2025-06-20","5","5411"
"2025-06-20","6","6845"
"2025-06-20","7","8053"
"2025-06-20","8","9504"
"2025-06-20","9","3391"
"2025-06-20","10","2897"
"2025-06-23","1","8309"
"2025-06-23","2","7181"
"2025-06-23","3","4204"
"2025-06-23","4","5411"
"2025-06-23","5","6845"
"2025-06-23","6","8053"
"2025-06-23","7","9504"
"2025-06-23","8","3391"
"2025-06-23","9","2897"
"2025-06-23","10","4528"
"2025-06-24","1","8309"
"2025-06-24","2","7181"
"2025-06-24","3","4204"
"2025-06-24","4","5411"
"2025-06-24","5","9504"
"2025-06-24","6","6845"
"2025-06-24","7","8053"
"2025-06-24","8","3391"
"2025-06-24","9","2897"
"2025-06-24","10","4540"
"2025-06-25","1","7181"
"2025-06-25","2","8309"
"2025-06-25","3","4204"
"2025-06-25","4","9504"
"2025-06-25","5","5411"
"2025-06-25","6","8053"
"2025-06-25","7","6845"
"2025-06-25","8","3391"
"2025-06-25","9","2897"
"2025-06-25","10","4540"
"2025-06-26","1","8309"
"2025-06-26","2","7181"
"2025-06-26","3","8088"
"2025-06-26","4","9504"
"2025-06-26","5","5411"
"2025-06-26","6","4204"
"2025-06-26","7","6845"
"2025-06-26","8","8053"
"2025-06-26","9","3391"
"2025-06-26","10","2897"
"2025-06-27","1","7181"
"2025-06-27","2","8309"
"2025-06-27","3","5411"
"2025-06-27","4","8088"
"2025-06-27","5","9504"
"2025-06-27","6","4204"
"2025-06-27","7","8053"
"2025-06-27","8","3391"
"2025-06-27","9","2897"
"2025-06-27","10","6845"
"2025-06-30","1","4208"
"2025-06-30","2","7181"
"2025-06-30","3","4204"
"2025-06-30","4","8309"
"2025-06-30","5","5411"
"2025-06-30","6","8088"
"2025-06-30","7","9504"
"2025-06-30","8","3391"
"2025-06-30","9","8053"
"2025-06-30","10","2897"
"2025-07-01","1","4208"
"2025-07-01","2","7181"
"2025-07-01","3","4204"
"2025-07-01","4","8309"
"2025-07-01","5","5411"
"2025-07-01","6","8088"
"2025-07-01","7","3391"
"2025-07-01","8","9504"
"2025-07-01","9","8053"
"2025-07-01","10","2897"
"2025-07-02","1","4208"
"2025-07-02","2","7181"
"2025-07-02","3","4204"
"2025-07-02","4","8309"
"2025-07-02","5","5411"
"2025-07-02","6","9504"
"2025-07-02","7","8088"
"2025-07-02","8","8053"
"2025-07-02","9","4540"
"2025-07-02","10","4516"
"2025-07-03","1","4208"
"2025-07-03","2","4204"
"2025-07-03","3","7181"
"2025-07-03","4","8309"
"2025-07-03","5","5411"
"2025-07-03","6","9504"
"2025-07-03","7","8053"
"2025-07-03","8","8088"
"2025-07-03","9","4540"
"2025-07-03","10","4516"
"2025-07-04","1","4208"
"2025-07-04","2","4204"
"2025-07-04","3","7181"
"2025-07-04","4","5411"
"2025-07-04","5","8309"
"2025-07-04","6","8053"
"2025-07-04","7","9504"
"2025-07-04","8","8088"
"2025-07-04","9","7747"
"2025-07-04","10","4540"
"2025-07-07","1","4208"
"2025-07-07","2","4204"
"2025-07-07","3","7181"
"2025-07-07","4","8309"
"2025-07-07","5","5411"
"2025-07-07","6","8053"
"2025-07-07","7","4540"
"2025-07-07","8","9504"
"2025-07-07","9","4516"
"2025-07-07","10","6845"
"2025-07-08","1","4204"
"2025-07-08","2","7181"
"2025-07-08","3","8309"
"2025-07-08","4","5411"
"2025-07-08","5","8053"
"2025-07-08","6","4516"
"2025-07-08","7","4540"
"2025-07-08","8","4507"
"2025-07-08","9","7747"
"2025-07-08","10","6845"
"2025-07-09","1","4204"
"2025-07-09","2","7181"
"2025-07-09","3","5411"
"2025-07-09","4","8309"
"2025-07-09","5","4507"
"2025-07-09","6","8053"
"2025-07-09","7","4540"
"2025-07-09","8","8088"
"2025-07-09","9","4516"
"2025-07-09","10","2897"
"2025-07-10","1","4204"
"2025-07-10","2","7181"
"2025-07-10","3","5411"
"2025-07-10","4","8309"
"2025-07-10","5","8088"
"2025-07-10","6","8053"
"2025-07-10","7","4540"
"2025-07-10","8","4507"
"2025-07-10","9","4516"
"2025-07-10","10","2897"
"2025-07-11","1","4204"
"2025-07-11","2","7181"
"2025-07-11","3","5411"
"2025-07-11","4","8309"
"2025-07-11","5","8088"
"2025-07-11","6","4507"
"2025-07-11","7","8053"
"2025-07-11","8","4540"
"2025-07-11","9","4516"
"2025-07-11","10","9504"
"2025-07-14","1","4204"
"2025-07-14","2","7181"
"2025-07-14","3","5411"
"2025-07-14","4","8309"
"2025-07-14","5","8088"
"2025-07-14","6","8053"
"2025-07-14","7","4540"
"2025-07-14","8","4507"
"2025-07-14","9","2897"
"2025-07-14","10","7747"
"2025-07-15","1","4204"
"2025-07-15","2","7181"
"2025-07-15","3","5411"
"2025-07-15","4","8309"
"2025-07-15","5","8088"
"2025-07-15","6","4507"
"2025-07-15","7","4540"
"2025-07-15","8","8053"
"2025-07-15","9","2897"
"2025-07-15","10","7747"
"2025-07-16","1","4204"
"2025-07-16","2","7181"
"2025-07-16","3","8088"
"2025-07-16","4","8309"
"2025-07-16","5","5411"
"2025-07-16","6","8053"
"2025-07-16","7","4507"
"2025-07-16","8","4540"
"2025-07-16","9","7747"
"2025-07-16","10","2897"
"2025-07-17","1","4204"
"2025-07-17","2","7181"
"2025-07-17","3","8309"
"2025-07-17","4","8088"
"2025-07-17","5","5411"
"2025-07-17","6","7747"
"2025-07-17","7","4507"
"2025-07-17","8","4540"
"2025-07-17","9","8053"
"2025-07-17","10","2897"
"2025-07-18","1","4204"
"2025-07-18","2","7181"
"2025-07-18","3","7747"
"2025-07-18","4","4507"
"2025-07-18","5","8309"
"2025-07-18","6","5411"
"2025-07-18","7","8053"
"2025-07-18","8","4540"
"2025-07-18","9","2897"
"2025-07-18","10","9104"
"2025-07-22","1","4204"
"2025-07-22","2","7181"
"2025-07-22","3","7747"
"2025-07-22","4","4507"
"2025-07-22","5","8309"
"2025-07-22","6","5411"
"2025-07-22","7","2897"
"2025-07-22","8","8053"
"2025-07-22","9","4540"
"2025-07-22","10","9104"
"2025-07-23","1","7181"
"2025-07-23","2","4204"
"2025-07-23","3","7747"
"2025-07-23","4","4507"
"2025-07-23","5","8309"
"2025-07-23","6","5411"
"2025-07-23","7","4540"
"2025-07-23","8","8053"
"2025-07-23","9","6845"
"2025-07-23","10","3088"
"2025-07-24","1","7181"
"2025-07-24","2","4204"
"2025-07-24","3","7747"
"2025-07-24","4","4507"
"2025-07-24","5","8309"
"2025-07-24","6","5411"
"2025-07-24","7","8053"
"2025-07-24","8","4540"
"2025-07-24","9","2897"
"2025-07-24","10","6845"
"2025-07-25","1","7181"
"2025-07-25","2","4204"
"2025-07-25","3","4507"
"2025-07-25","4","8309"
"2025-07-25","5","7747"
"2025-07-25","6","5411"
"2025-07-25","7","8053"
"2025-07-25","8","2897"
"2025-07-25","9","4540"
"2025-07-25","10","3088"
"2025-07-28","1","7181"
"2025-07-28","2","4204"
"2025-07-28","3","8309"
"2025-07-28","4","4507"
"2025-07-28","5","7747"
"2025-07-28","6","2897"
"2025-07-28","7","8053"
"2025-07-28","8","5411"
"2025-07-28","9","6845"
"2025-07-28","10","4540"
"2025-07-29","1","7181"
"2025-07-29","2","4204"
"2025-07-29","3","8309"
"2025-07-29","4","4507"
"2025-07-29","5","7747"
"2025-07-29","6","2897"
"2025-07-29","7","8053"
"2025-07-29","8","4540"
"2025-07-29","9","6845"
"2025-07-29","10","5411"
"2025-07-30","1","7181"
"2025-07-30","2","4204"
"2025-07-30","3","8309"
"2025-07-30","4","4507"
"2025-07-30","5","7747"
"2025-07-30","6","2897"
"2025-07-30","7","8053"
"2025-07-30","8","4540"
"2025-07-30","9","6845"
"2025-07-30","10","3088"
"2025-07-31","1","7181"
"2025-07-31","2","4204"
"2025-07-31","3","8309"
"2025-07-31","4","4507"
"2025-07-31","5","2897"
"2025-07-31","6","7747"
"2025-07-31","7","8053"
"2025-07-31","8","4540"
"2025-07-31","9","6845"
"2025-07-31","10","3088"
"2025-08-01","1","7181"
"2025-08-01","2","4204"
"2025-08-01","3","4507"
"2025-08-01","4","4205"
"2025-08-01","5","2897"
"2025-08-01","6","8309"
"2025-08-01","7","8053"
"2025-08-01","8","7747"
"2025-08-01","9","4540"
"2025-08-01","10","6845"
"2025-08-04","1","7181"
"2025-08-04","2","2897"
"2025-08-04","3","4204"
"2025-08-04","4","4507"
"2025-08-04","5","4205"
"2025-08-04","6","8053"
"2025-08-04","7","8309"
"2025-08-04","8","4540"
"2025-08-04","9","7747"
"2025-08-04","10","2768"
"2025-08-05","1","7181"
"2025-08-05","2","2897"
"2025-08-05","3","4208"
"2025-08-05","4","4204"
"2025-08-05","5","4507"
"2025-08-05","6","4540"
"2025-08-05","7","8053"
"2025-08-05","8","7747"
"2025-08-05","9","8309"
"2025-08-05","10","2768"
"2025-08-06","1","7181"
"2025-08-06","2","2897"
"2025-08-06","3","4204"
"2025-08-06","4","4208"
"2025-08-06","5","4507"
"2025-08-06","6","4540"
"2025-08-06","7","8053"
"2025-08-06","8","8309"
"2025-08-06","9","4043"
"2025-08-06","10","7747"
"2025-08-07","1","7181"
"2025-08-07","2","2897"
"2025-08-07","3","4507"
"2025-08-07","4","4208"
"2025-08-07","5","4204"
"2025-08-07","6","4540"
"2025-08-07","7","8053"
"2025-08-07","8","8309"
"2025-08-07","9","4043"
"2025-08-07","10","7747"
"2025-08-08","1","7181"
"2025-08-08","2","2897"
"2025-08-08","3","4507"
"2025-08-08","4","4208"
"2025-08-08","5","4204"
"2025-08-08","6","4540"
"2025-08-08","7","8053"
"2025-08-08","8","8309"
"2025-08-08","9","4043"
"2025-08-08","10","7747"
"2025-08-12","1","7181"
"2025-08-12","2","2897"
"2025-08-12","3","8053"
"2025-08-12","4","4507"
"2025-08-12","5","4540"
"2025-08-12","6","4208"
"2025-08-12","7","4204"
"2025-08-12","8","4205"
"2025-08-12","9","8088"
"2025-08-12","10","8309"
"2025-08-13","1","7181"
"2025-08-13","2","4507"
"2025-08-13","3","2897"
"2025-08-13","4","8053"
"2025-08-13","5","4204"
"2025-08-13","6","4540"
"2025-08-13","7","4208"
"2025-08-13","8","8088"
"2025-08-13","9","4205"
"2025-08-13","10","4043"
"2025-08-14","1","8002"
"2025-08-14","2","7181"
"2025-08-14","3","2897"
"2025-08-14","4","8053"
"2025-08-14","5","4507"
"2025-08-14","6","4540"
"2025-08-14","7","4208"
"2025-08-14","8","4204"
"2025-08-14","9","4043"
"2025-08-14","10","4205"
"2025-08-15","1","7181"
"2025-08-15","2","8002"
"2025-08-15","3","4507"
"2025-08-15","4","2897"
"2025-08-15","5","4043"
"2025-08-15","6","4205"
"2025-08-15","7","4204"
"2025-08-15","8","8053"
"2025-08-15","9","9532"
"2025-08-15","10","6134"
"2025-08-18","1","8002"
"2025-08-18","2","7181"
"2025-08-18","3","4507"
"2025-08-18","4","4205"
"2025-08-18","5","2897"
"2025-08-18","6","4204"
"2025-08-18","7","8053"
"2025-08-18","8","6367"
"2025-08-18","9","4043"
"2025-08-18","10","7747"
"2025-08-19","1","8002"
"2025-08-19","2","7181"
"2025-08-19","3","4507"
"2025-08-19","4","4043"
"2025-08-19","5","4205"
"2025-08-19","6","6367"
"2025-08-19","7","8053"
"2025-08-19","8","4204"
"2025-08-19","9","7747"
"2025-08-19","10","2897"
"2025-08-20","1","8002"
"2025-08-20","2","7181"
"2025-08-20","3","4507"
"2025-08-20","4","6367"
"2025-08-20","5","4043"
"2025-08-20","6","8053"
"2025-08-20","7","7747"
"2025-08-20","8","4205"
"2025-08-20","9","2897"
"2025-08-20","10","8015"
"2025-08-21","1","7181"
"2025-08-21","2","4507"
"2025-08-21","3","8002"
"2025-08-21","4","2897"
"2025-08-21","5","6367"
"2025-08-21","6","4205"
"2025-08-21","7","4043"
"2025-08-21","8","7747"
"2025-08-21","9","8053"
"2025-08-21","10","4204"
"2025-08-22","1","4507"
"2025-08-22","2","7181"
"2025-08-22","3","8002"
"2025-08-22","4","2897"
"2025-08-22","5","4205"
"2025-08-22","6","6367"
"2025-08-22","7","4043"
"2025-08-22","8","7747"
"2025-08-22","9","8053"
"2025-08-22","10","8015"
"2025-08-25","1","4507"
"2025-08-25","2","7181"
"2025-08-25","3","8002"
"2025-08-25","4","6367"
"2025-08-25","5","2897"
"2025-08-25","6","4205"
"2025-08-25","7","4043"
"2025-08-25","8","8015"
"2025-08-25","9","8053"
"2025-08-25","10","4204"
"2025-08-26","1","4507"
"2025-08-26","2","7181"
"2025-08-26","3","8002"
"2025-08-26","4","6367"
"2025-08-26","5","2897"
"2025-08-26","6","4205"
"2025-08-26","7","4043"
"2025-08-26","8","9532"
"2025-08-26","9","4523"
"2025-08-26","10","4204"
"2025-08-27","1","4507"
"2025-08-27","2","7181"
"2025-08-27","3","8002"
"2025-08-27","4","6367"
"2025-08-27","5","4043"
"2025-08-27","6","2897"
"2025-08-27","7","4205"
"2025-08-27","8","9532"
"2025-08-27","9","4204"
"2025-08-27","10","8053"
"2025-08-28","1","4507"
"2025-08-28","2","7181"
"2025-08-28","3","8002"
"2025-08-28","4","6367"
"2025-08-28","5","4043"
"2025-08-28","6","2897"
"2025-08-28","7","4205"
"2025-08-28","8","4901"
"2025-08-28","9","4204"
"2025-08-28","10","4523"
"2025-08-29","1","4507"
"2025-08-29","2","7181"
"2025-08-29","3","6367"
"2025-08-29","4","8002"
"2025-08-29","5","4043"
"2025-08-29","6","4205"
"2025-08-29","7","2897"
"2025-08-29","8","4901"
"2025-08-29","9","4523"
"2025-08-29","10","4204"
"2025-09-01","1","4507"
"2025-09-01","2","7181"
"2025-09-01","3","6367"
"2025-09-01","4","8002"
"2025-09-01","5","4523"
"2025-09-01","6","4043"
"2025-09-01","7","4901"
"2025-09-01","8","2897"
"2025-09-01","9","4204"
"2025-09-01","10","9983"
"2025-09-02","1","4507"
"2025-09-02","2","6367"
"2025-09-02","3","7181"
"2025-09-02","4","8002"
"2025-09-02","5","4523"
"2025-09-02","6","4043"
"2025-09-02","7","2897"
"2025-09-02","8","4901"
"2025-09-02","9","4204"
"2025-09-02","10","9983"
"2025-09-03","1","4507"
"2025-09-03","2","6367"
"2025-09-03","3","7181"
"2025-09-03","4","8002"
"2025-09-03","5","4901"
"2025-09-03","6","2897"
"2025-09-03","7","4043"
"2025-09-03","8","4204"
"2025-09-03","9","4523"
"2025-09-03","10","4503"
"2025-09-04","1","4507"
"2025-09-04","2","6367"
"2025-09-04","3","7181"
"2025-09-04","4","8002"
"2025-09-04","5","4901"
"2025-09-04","6","4523"
"2025-09-04","7","4043"
"2025-09-04","8","2897"
"2025-09-04","9","4503"
"2025-09-04","10","4204"
"2025-09-05","1","4507"
"2025-09-05","2","6367"
"2025-09-05","3","7181"
"2025-09-05","4","8002"
"2025-09-05","5","4901"
"2025-09-05","6","4523"
"2025-09-05","7","4043"
"2025-09-05","8","4503"
"2025-09-05","9","4204"
"2025-09-05","10","2897"
"2025-09-08","1","4507"
"2025-09-08","2","6367"
"2025-09-08","3","8002"
"2025-09-08","4","7181"
"2025-09-08","5","4901"
"2025-09-08","6","9983"
"2025-09-08","7","4523"
"2025-09-08","8","4043"
"2025-09-08","9","1928"
"2025-09-08","10","4503"
"2025-09-09","1","4507"
"2025-09-09","2","6367"
"2025-09-09","3","8002"
"2025-09-09","4","7181"
"2025-09-09","5","4901"
"2025-09-09","6","4523"
"2025-09-09","7","4043"
"2025-09-09","8","4503"
"2025-09-09","9","8053"
"2025-09-09","10","1928"
"2025-09-10","1","4507"
"2025-09-10","2","6367"
"2025-09-10","3","8002"
"2025-09-10","4","7181"
"2025-09-10","5","4901"
"2025-09-10","6","9983"
"2025-09-10","7","4523"
"2025-09-10","8","4043"
"2025-09-10","9","2897"
"2025-09-10","10","4503"
"2025-09-11","1","4507"
"2025-09-11","2","6367"
"2025-09-11","3","7181"
"2025-09-11","4","8002"
"2025-09-11","5","4901"
"2025-09-11","6","4523"
"2025-09-11","7","9983"
"2025-09-11","8","2897"
"2025-09-11","9","4503"
"2025-09-11","10","4043"
"2025-09-12","1","4507"
"2025-09-12","2","6367"
"2025-09-12","3","7181"
"2025-09-12","4","8002"
"2025-09-12","5","4901"
"2025-09-12","6","4523"
"2025-09-12","7","8015"
"2025-09-12","8","9983"
"2025-09-12","9","4503"
"2025-09-12","10","8053"
"2025-09-16","1","4507"
"2025-09-16","2","6367"
"2025-09-16","3","8002"
"2025-09-16","4","7181"
"2025-09-16","5","8015"
"2025-09-16","6","4901"
"2025-09-16","7","4523"
"2025-09-16","8","9983"
"2025-09-16","9","4503"
"2025-09-16","10","8053"
"2025-09-17","1","4507"
"2025-09-17","2","8002"
"2025-09-17","3","6367"
"2025-09-17","4","7181"
"2025-09-17","5","8015"
"2025-09-17","6","4901"
"2025-09-17","7","4523"
"2025-09-17","8","4503"
"2025-09-17","9","8053"
"2025-09-17","10","9983"
"2025-09-18","1","4507"
"2025-09-18","2","8002"
"2025-09-18","3","7181"
"2025-09-18","4","6367"
"2025-09-18","5","8015"
"2025-09-18","6","4901"
"2025-09-18","7","8053"
"2025-09-18","8","4503"
"2025-09-18","9","4523"
"2025-09-18","10","1928"
"2025-09-19","1","4507"
"2025-09-19","2","8002"
"2025-09-19","3","6367"
"2025-09-19","4","7181"
"2025-09-19","5","8015"
"2025-09-19","6","4901"
"2025-09-19","7","8053"
"2025-09-19","8","4503"
"2025-09-19","9","9983"
"2025-09-19","10","1928"
"2025-09-22","1","4507"
"2025-09-22","2","8002"
"2025-09-22","3","6367"
"2025-09-22","4","7181"
"2025-09-22","5","8015"
"2025-09-22","6","4901"
"2025-09-22","7","8053"
"2025-09-22","8","1928"
"2025-09-22","9","4503"
"2025-09-22","10","4523"
"2025-09-24","1","4507"
"2025-09-24","2","8002"
"2025-09-24","3","7181"
"2025-09-24","4","6367"
"2025-09-24","5","8015"
"2025-09-24","6","4901"
"2025-09-24","7","8053"
"2025-09-24","8","9983"
"2025-09-24","9","4503"
"2025-09-24","10","1928"
"2025-09-25","1","4507"
"2025-09-25","2","8002"
"2025-09-25","3","7181"
"2025-09-25","4","6367"
"2025-09-25","5","8015"
"2025-09-25","6","4901"
"2025-09-25","7","8053"
"2025-09-25","8","1928"
"2025-09-25","9","4021"
"2025-09-25","10","4523"
"2025-09-26","1","4507"
"2025-09-26","2","8002"
"2025-09-26","3","7181"
"2025-09-26","4","6367"
"2025-09-26","5","8015"
"2025-09-26","6","4901"
"2025-09-26","7","8053"
"2025-09-26","8","4021"
"2025-09-26","9","1928"
"2025-09-26","10","4503"
"2025-09-29","1","4507"
"2025-09-29","2","8002"
"2025-09-29","3","6367"
"2025-09-29","4","7181"
"2025-09-29","5","4901"
"2025-09-29","6","8015"
"2025-09-29","7","4021"
"2025-09-29","8","8053"
"2025-09-29","9","4503"
"2025-09-29","10","1928"
"2025-09-30","1","4507"
"2025-09-30","2","8002"
"2025-09-30","3","6367"
"2025-09-30","4","4901"
"2025-09-30","5","7181"
"2025-09-30","6","4021"
"2025-09-30","7","8053"
"2025-09-30","8","8015"
"2025-09-30","9","1928"
"2025-09-30","10","4523"
"2025-10-01","1","4507"
"2025-10-01","2","8002"
"2025-10-01","3","6367"
"2025-10-01","4","7181"
"2025-10-01","5","4901"
"2025-10-01","6","4021"
"2025-10-01","7","4523"
"2025-10-01","8","1928"
"2025-10-01","9","2897"
"2025-10-01","10","4204"
"2025-10-02","1","4507"
"2025-10-02","2","6367"
"2025-10-02","3","7181"
"2025-10-02","4","4901"
"2025-10-02","5","4523"
"2025-10-02","6","8002"
"2025-10-02","7","4021"
"2025-10-02","8","2897"
"2025-10-02","9","1928"
"2025-10-02","10","4503"
"2025-10-03","1","4507"
"2025-10-03","2","7181"
"2025-10-03","3","8002"
"2025-10-03","4","4523"
"2025-10-03","5","6367"
"2025-10-03","6","4901"
"2025-10-03","7","2897"
"2025-10-03","8","4021"
"2025-10-03","9","4503"
"2025-10-03","10","1928"
"2025-10-06","1","4507"
"2025-10-06","2","6367"
"2025-10-06","3","8002"
"2025-10-06","4","4523"
"2025-10-06","5","4021"
"2025-10-06","6","7181"
"2025-10-06","7","2897"
"2025-10-06","8","4901"
"2025-10-06","9","1928"
"2025-10-06","10","4204"
"2025-10-07","1","4507"
"2025-10-07","2","6367"
"2025-10-07","3","8002"
"2025-10-07","4","4021"
"2025-10-07","5","2897"
"2025-10-07","6","4523"
"2025-10-07","7","7181"
"2025-10-07","8","4901"
"2025-10-07","9","4204"
"2025-10-07","10","1928"
"2025-10-08","1","4507"
"2025-10-08","2","8002"
"2025-10-08","3","4021"
"2025-10-08","4","6367"
"2025-10-08","5","4523"
"2025-10-08","6","4901"
"2025-10-08","7","7181"
"2025-10-08","8","2897"
"2025-10-08","9","8053"
"2025-10-08","10","4204"
"2025-10-09","1","4507"
"2025-10-09","2","8002"
"2025-10-09","3","4021"
"2025-10-09","4","6367"
"2025-10-09","5","4523"
"2025-10-09","6","4204"
"2025-10-09","7","8053"
"2025-10-09","8","4901"
"2025-10-09","9","2897"
"2025-10-09","10","8015"
"2025-10-10","1","4507"
"2025-10-10","2","8002"
"2025-10-10","3","6367"
"2025-10-10","4","4021"
"2025-10-10","5","4523"
"2025-10-10","6","4901"
"2025-10-10","7","4204"
"2025-10-10","8","8015"
"2025-10-10","9","8053"
"2025-10-10","10","2897"
"2025-10-14","1","4507"
"2025-10-14","2","6367"
"2025-10-14","3","8002"
"2025-10-14","4","4523"
"2025-10-14","5","4021"
"2025-10-14","6","4901"
"2025-10-14","7","4204"
"2025-10-14","8","2897"
"2025-10-14","9","8053"
"2025-10-14","10","7181"
"2025-10-15","1","4507"
"2025-10-15","2","6367"
"2025-10-15","3","4523"
"2025-10-15","4","8002"
"2025-10-15","5","4021"
"2025-10-15","6","4901"
"2025-10-15","7","2897"
"2025-10-15","8","4204"
"2025-10-15","9","4503"
"2025-10-15","10","8015"
"2025-10-16","1","4507"
"2025-10-16","2","6367"
"2025-10-16","3","4523"
"2025-10-16","4","8002"
"2025-10-16","5","4021"
"2025-10-16","6","4901"
"2025-10-16","7","4204"
"2025-10-16","8","2897"
"2025-10-16","9","8015"
"2025-10-16","10","4503"
"2025-10-17","1","4507"
"2025-10-17","2","6367"
"2025-10-17","3","4523"
"2025-10-17","4","8002"
"2025-10-17","5","4901"
"2025-10-17","6","4021"
"2025-10-17","7","4204"
"2025-10-17","8","2897"
"2025-10-17","9","4503"
"2025-10-17","10","7181"
"2025-10-20","1","4507"
"2025-10-20","2","4523"
"2025-10-20","3","6367"
"2025-10-20","4","8002"
"2025-10-20","5","4901"
"2025-10-20","6","4021"
"2025-10-20","7","4204"
"2025-10-20","8","2897"
"2025-10-20","9","4503"
"2025-10-20","10","8015"
"2025-10-21","1","4507"
"2025-10-21","2","4523"
"2025-10-21","3","6367"
"2025-10-21","4","4021"
"2025-10-21","5","4901"
"2025-10-21","6","4204"
"2025-10-21","7","8002"
"2025-10-21","8","4503"
"2025-10-21","9","2897"
"2025-10-21","10","8015"
"2025-10-22","1","4507"
"2025-10-22","2","4523"
"2025-10-22","3","6367"
"2025-10-22","4","4021"
"2025-10-22","5","4901"
"2025-10-22","6","4503"
"2025-10-22","7","4204"
"2025-10-22","8","8002"
"2025-10-22","9","2897"
"2025-10-22","10","8015"
"2025-10-23","1","4507"
"2025-10-23","2","4523"
"2025-10-23","3","4021"
"2025-10-23","4","4901"
"2025-10-23","5","4503"
"2025-10-23","6","6367"
"2025-10-23","7","4204"
"2025-10-23","8","8002"
"2025-10-23","9","2897"
"2025-10-23","10","8015"
"2025-10-24","1","4507"
"2025-10-24","2","4523"
"2025-10-24","3","4021"
"2025-10-24","4","4901"
"2025-10-24","5","6367"
"2025-10-24","6","4503"
"2025-10-24","7","8002"
"2025-10-24","8","4204"
"2025-10-24","9","8015"
"2025-10-24","10","2897"
"2025-10-27","1","4507"
"2025-10-27","2","4523"
"2025-10-27","3","6367"
"2025-10-27","4","4503"
"2025-10-27","5","4021"
"2025-10-27","6","4901"
"2025-10-27","7","8002"
"2025-10-27","8","4204"
"2025-10-27","9","8015"
"2025-10-27","10","2897"
"2025-10-28","1","4507"
"2025-10-28","2","4523"
"2025-10-28","3","4503"
"2025-10-28","4","6367"
"2025-10-28","5","4021"
"2025-10-28","6","4204"
"2025-10-28","7","4901"
"2025-10-28","8","8002"
"2025-10-28","9","8015"
"2025-10-28","10","9504"
"2025-10-29","1","4507"
"2025-10-29","2","4523"
"2025-10-29","3","4503"
"2025-10-29","4","6367"
"2025-10-29","5","4021"
"2025-10-29","6","8002"
"2025-10-29","7","4204"
"2025-10-29","8","4901"
"2025-10-29","9","8015"
"2025-10-29","10","2897"
"2025-10-30","1","4507"
"2025-10-30","2","7272"
"2025-10-30","3","4523"
"2025-10-30","4","4503"
"2025-10-30","5","6367"
"2025-10-30","6","4021"
"2025-10-30","7","4204"
"2025-10-30","8","4901"
"2025-10-30","9","8002"
"2025-10-30","10","8015"
"2025-10-31","1","4507"
"2025-10-31","2","7272"
"2025-10-31","3","4503"
"2025-10-31","4","4523"
"2025-10-31","5","6367"
"2025-10-31","6","4021"
"2025-10-31","7","8002"
"2025-10-31","8","4901"
"2025-10-31","9","4204"
"2025-10-31","10","9504"
"2025-11-04","1","4507"
"2025-11-04","2","7272"
"2025-11-04","3","4523"
"2025-11-04","4","4503"
"2025-11-04","5","8002"
"2025-11-04","6","6367"
"2025-11-04","7","4021"
"2025-11-04","8","4204"
"2025-11-04","9","4901"
"2025-11-04","10","9104"
"2025-11-05","1","4507"
"2025-11-05","2","7272"
"2025-11-05","3","4523"
"2025-11-05","4","4503"
"2025-11-05","5","6367"
"2025-11-05","6","4021"
"2025-11-05","7","8002"
"2025-11-05","8","4901"
"2025-11-05","9","4204"
"2025-11-05","10","8015"
"2025-11-06","1","4507"
"2025-11-06","2","7272"
"2025-11-06","3","4901"
"2025-11-06","4","4523"
"2025-11-06","5","6367"
"2025-11-06","6","4503"
"2025-11-06","7","4021"
"2025-11-06","8","8002"
"2025-11-06","9","8015"
"2025-11-06","10","4204"
"2025-11-07","1","4507"
"2025-11-07","2","7272"
"2025-11-07","3","4503"
"2025-11-07","4","4523"
"2025-11-07","5","6367"
"2025-11-07","6","4901"
"2025-11-07","7","4021"
"2025-11-07","8","8002"
"2025-11-07","9","8015"
"2025-11-07","10","2229"
"2025-11-10","1","4507"
"2025-11-10","2","7272"
"2025-11-10","3","4503"
"2025-11-10","4","4021"
"2025-11-10","5","4523"
"2025-11-10","6","4901"
"2025-11-10","7","6367"
"2025-11-10","8","8002"
"2025-11-10","9","8015"
"2025-11-10","10","2229"
"2025-11-11","1","4507"
"2025-11-11","2","7272"
"2025-11-11","3","4523"
"2025-11-11","4","4901"
"2025-11-11","5","6367"
"2025-11-11","6","4503"
"2025-11-11","7","8002"
"2025-11-11","8","8015"
"2025-11-11","9","2229"
"2025-11-11","10","4021"
"2025-11-12","1","4507"
"2025-11-12","2","4523"
"2025-11-12","3","4901"
"2025-11-12","4","8015"
"2025-11-12","5","6367"
"2025-11-12","6","4503"
"2025-11-12","7","8002"
"2025-11-12","8","4021"
"2025-11-12","9","9506"
"2025-11-12","10","4204"
"2025-11-13","1","4507"
"2025-11-13","2","7272"
"2025-11-13","3","4503"
"2025-11-13","4","4523"
"2025-11-13","5","4901"
"2025-11-13","6","8015"
"2025-11-13","7","6367"
"2025-11-13","8","8002"
"2025-11-13","9","4204"
"2025-11-13","10","4021"
"2025-11-14","1","4507"
"2025-11-14","2","4503"
"2025-11-14","3","4523"
"2025-11-14","4","4901"
"2025-11-14","5","8015"
"2025-11-14","6","6367"
"2025-11-14","7","8002"
"2025-11-14","8","4204"
"2025-11-14","9","4021"
"2025-11-14","10","8591"
"2025-11-17","1","4507"
"2025-11-17","2","7272"
"2025-11-17","3","4503"
"2025-11-17","4","4523"
"2025-11-17","5","8015"
"2025-11-17","6","8002"
"2025-11-17","7","4901"
"2025-11-17","8","4204"
"2025-11-17","9","4021"
"2025-11-17","10","6367"
"2025-11-18","1","4507"
"2025-11-18","2","7272"
"2025-11-18","3","4503"
"2025-11-18","4","4523"
"2025-11-18","5","8015"
"2025-11-18","6","7269"
"2025-11-18","7","8002"
"2025-11-18","8","4901"
"2025-11-18","9","4204"
"2025-11-18","10","4021"
"2025-11-19","1","4507"
"2025-11-19","2","7272"
"2025-11-19","3","4503"
"2025-11-19","4","8015"
"2025-11-19","5","4523"
"2025-11-19","6","8002"
"2025-11-19","7","4204"
"2025-11-19","8","4901"
"2025-11-19","9","4021"
"2025-11-19","10","7181"
"2025-11-20","1","4507"
"2025-11-20","2","7272"
"2025-11-20","3","8015"
"2025-11-20","4","4523"
"2025-11-20","5","4503"
"2025-11-20","6","8002"
"2025-11-20","7","4901"
"2025-11-20","8","4204"
"2025-11-20","9","9506"
"2025-11-20","10","7181"
"2025-11-21","1","4507"
"2025-11-21","2","7272"
"2025-11-21","3","8015"
"2025-11-21","4","4523"
"2025-11-21","5","4503"
"2025-11-21","6","4901"
"2025-11-21","7","4204"
"2025-11-21","8","8002"
"2025-11-21","9","9506"
"2025-11-21","10","9504"
"2025-11-25","1","4507"
"2025-11-25","2","8015"
"2025-11-25","3","4503"
"2025-11-25","4","4523"
"2025-11-25","5","8002"
"2025-11-25","6","4204"
"2025-11-25","7","4901"
"2025-11-25","8","9506"
"2025-11-25","9","9504"
"2025-11-25","10","4540"
"2025-11-26","1","4507"
"2025-11-26","2","8015"
"2025-11-26","3","4503"
"2025-11-26","4","8002"
"2025-11-26","5","4523"
"2025-11-26","6","4901"
"2025-11-26","7","4204"
"2025-11-26","8","9506"
"2025-11-26","9","9504"
"2025-11-26","10","6367"
"2025-11-27","1","4507"
"2025-11-27","2","7272"
"2025-11-27","3","8015"
"2025-11-27","4","8002"
"2025-11-27","5","4503"
"2025-11-27","6","4901"
"2025-11-27","7","4204"
"2025-11-27","8","4523"
"2025-11-27","9","9506"
"2025-11-27","10","6367"
"2025-11-28","1","4507"
"2025-11-28","2","8015"
"2025-11-28","3","8002"
"2025-11-28","4","4503"
"2025-11-28","5","4901"
"2025-11-28","6","4204"
"2025-11-28","7","4523"
"2025-11-28","8","9506"
"2025-11-28","9","4540"
"2025-11-28","10","6367"
"2025-12-01","1","4507"
"2025-12-01","2","8015"
"2025-12-01","3","8002"
"2025-12-01","4","4901"
"2025-12-01","5","4503"
"2025-12-01","6","4204"
"2025-12-01","7","6367"
"2025-12-01","8","9104"
"2025-12-01","9","4523"
"2025-12-01","10","4540"
"2025-12-02","1","4507"
"2025-12-02","2","8015"
"2025-12-02","3","8002"
"2025-12-02","4","4901"
"2025-12-02","5","4204"
"2025-12-02","6","4503"
"2025-12-02","7","6367"
"2025-12-02","8","9104"
"2025-12-02","9","4523"
"2025-12-02","10","9506"
"2025-12-03","1","4507"
"2025-12-03","2","8015"
"2025-12-03","3","8002"
"2025-12-03","4","4901"
"2025-12-03","5","6367"
"2025-12-03","6","4503"
"2025-12-03","7","4204"
"2025-12-03","8","9104"
"2025-12-03","9","4523"
"2025-12-03","10","9506"
"2025-12-04","1","4507"
"2025-12-04","2","8015"
"2025-12-04","3","4901"
"2025-12-04","4","8002"
"2025-12-04","5","9104"
"2025-12-04","6","4204"
"2025-12-04","7","6367"
"2025-12-04","8","4503"
"2025-12-04","9","2229"
"2025-12-04","10","4523"
"2025-12-05","1","4507"
"2025-12-05","2","8015"
"2025-12-05","3","4901"
"2025-12-05","4","8002"
"2025-12-05","5","6367"
"2025-12-05","6","2229"
"2025-12-05","7","9104"
"2025-12-05","8","4204"
"2025-12-05","9","4503"
"2025-12-05","10","4523"
"2025-12-08","1","4507"
"2025-12-08","2","8015"
"2025-12-08","3","8020"
"2025-12-08","4","4901"
"2025-12-08","5","4503"
"2025-12-08","6","8002"
"2025-12-08","7","2229"
"2025-12-08","8","9104"
"2025-12-08","9","6367"
"2025-12-08","10","4204"
"2025-12-09","1","4507"
"2025-12-09","2","8015"
"2025-12-09","3","8020"
"2025-12-09","4","8002"
"2025-12-09","5","2229"
"2025-12-09","6","4503"
"2025-12-09","7","4901"
"2025-12-09","8","9104"
"2025-12-09","9","6367"
"2025-12-09","10","4204"
"2025-12-10","1","4507"
"2025-12-10","2","8015"
"2025-12-10","3","8020"
"2025-12-10","4","8002"
"2025-12-10","5","4503"
"2025-12-10","6","2229"
"2025-12-10","7","4901"
"2025-12-10","8","9104"
"2025-12-10","9","6367"
"2025-12-10","10","4204"
"2025-12-11","1","8015"
"2025-12-11","2","4507"
"2025-12-11","3","8020"
"2025-12-11","4","8002"
"2025-12-11","5","4503"
"2025-12-11","6","2229"
"2025-12-11","7","6367"
"2025-12-11","8","4901"
"2025-12-11","9","9104"
"2025-12-11","10","4204"
"2025-12-12","1","8015"
"2025-12-12","2","4507"
"2025-12-12","3","8020"
"2025-12-12","4","8002"
"2025-12-12","5","4503"
"2025-12-12","6","2229"
"2025-12-12","7","4204"
"2025-12-12","8","6367"
"2025-12-12","9","4901"
"2025-12-12","10","8001"
"2025-12-15","1","7272"
"2025-12-15","2","4507"
"2025-12-15","3","8015"
"2025-12-15","4","8020"
"2025-12-15","5","8002"
"2025-12-15","6","4503"
"2025-12-15","7","2229"
"2025-12-15","8","6367"
"2025-12-15","9","4204"
"2025-12-15","10","3092"
"2025-12-16","1","7272"
"2025-12-16","2","8015"
"2025-12-16","3","4507"
"2025-12-16","4","8020"
"2025-12-16","5","8002"
"2025-12-16","6","4503"
"2025-12-16","7","2229"
"2025-12-16","8","6367"
"2025-12-16","9","4204"
"2025-12-16","10","9104"
"2025-12-17","1","8015"
"2025-12-17","2","4507"
"2025-12-17","3","8020"
"2025-12-17","4","8002"
"2025-12-17","5","4503"
"2025-12-17","6","2229"
"2025-12-17","7","6367"
"2025-12-17","8","3092"
"2025-12-17","9","9104"
"2025-12-17","10","8001"
"2025-12-18","1","8015"
"2025-12-18","2","4507"
"2025-12-18","3","4503"
"2025-12-18","4","8020"
"2025-12-18","5","8002"
"2025-12-18","6","2229"
"2025-12-18","7","3092"
"2025-12-18","8","8001"
"2025-12-18","9","6367"
"2025-12-18","10","9104"
"2025-12-19","1","7272"
"2025-12-19","2","8015"
"2025-12-19","3","4507"
"2025-12-19","4","4503"
"2025-12-19","5","8020"
"2025-12-19","6","8002"
"2025-12-19","7","2229"
"2025-12-19","8","3092"
"2025-12-19","9","8001"
"2025-12-19","10","6367"
"2025-12-22","1","8015"
"2025-12-22","2","4507"
"2025-12-22","3","4503"
"2025-12-22","4","8020"
"2025-12-22","5","2229"
"2025-12-22","6","8002"
"2025-12-22","7","3092"
"2025-12-22","8","6367"
"2025-12-22","9","8001"
"2025-12-22","10","4901"
"2025-12-23","1","7272"
"2025-12-23","2","8015"
"2025-12-23","3","4507"
"2025-12-23","4","4503"
"2025-12-23","5","8020"
"2025-12-23","6","8002"
"2025-12-23","7","2229"
"2025-12-23","8","3092"
"2025-12-23","9","6367"
"2025-12-23","10","8001"
"2025-12-24","1","8015"
"2025-12-24","2","4507"
"2025-12-24","3","4503"
"2025-12-24","4","2229"
"2025-12-24","5","8020"
"2025-12-24","6","8002"
"2025-12-24","7","3092"
"2025-12-24","8","6367"
"2025-12-24","9","8001"
"2025-12-24","10","4901"
"2025-12-25","1","8015"
"2025-12-25","2","4507"
"2025-12-25","3","4503"
"2025-12-25","4","2229"
"2025-12-25","5","8002"
"2025-12-25","6","8020"
"2025-12-25","7","3092"
"2025-12-25","8","8001"
"2025-12-25","9","6367"
"2025-12-25","10","4901"
"2025-12-26","1","8015"
"2025-12-26","2","4507"
"2025-12-26","3","4503"
"2025-12-26","4","2229"
"2025-12-26","5","8002"
"2025-12-26","6","8020"
"2025-12-26","7","3092"
"2025-12-26","8","8001"
"2025-12-26","9","6367"
"2025-12-26","10","4901"
"2025-12-29","1","8015"
"2025-12-29","2","4507"
"2025-12-29","3","4503"
"2025-12-29","4","3092"
"2025-12-29","5","2229"
"2025-12-29","6","8002"
"2025-12-29","7","8020"
"2025-12-29","8","6367"
"2025-12-29","9","4901"
"2025-12-29","10","8001"
"2025-12-30","1","8015"
"2025-12-30","2","4507"
"2025-12-30","3","4503"
"2025-12-30","4","2229"
"2025-12-30","5","8020"
"2025-12-30","6","8002"
"2025-12-30","7","3092"
"2025-12-30","8","4901"
"2025-12-30","9","6367"
"2025-12-30","10","8001"
"2026-01-05","1","8015"
"2026-01-05","2","4507"
"2026-01-05","3","4503"
"2026-01-05","4","8002"
"2026-01-05","5","4901"
"2026-01-05","6","6367"
"2026-01-05","7","2229"
"2026-01-05","8","8020"
"2026-01-05","9","8001"
"2026-01-05","10","7701"
"2026-01-06","1","8015"
"2026-01-06","2","4507"
"2026-01-06","3","4503"
"2026-01-06","4","8002"
"2026-01-06","5","6367"
"2026-01-06","6","4901"
"2026-01-06","7","2229"
"2026-01-06","8","8020"
"2026-01-06","9","8001"
"2026-01-06","10","7701"
"2026-01-07","1","8015"
"2026-01-07","2","4507"
"2026-01-07","3","4503"
"2026-01-07","4","6367"
"2026-01-07","5","8002"
"2026-01-07","6","4901"
"2026-01-07","7","2229"
"2026-01-07","8","8020"
"2026-01-07","9","3923"
"2026-01-07","10","8001"
"2026-01-08","1","8015"
"2026-01-08","2","7272"
"2026-01-08","3","4507"
"2026-01-08","4","4503"
"2026-01-08","5","8002"
"2026-01-08","6","6367"
"2026-01-08","7","4901"
"2026-01-08","8","2229"
"2026-01-08","9","8020"
"2026-01-08","10","8001"
"2026-01-09","1","8015"
"2026-01-09","2","7272"
"2026-01-09","3","4507"
"2026-01-09","4","8002"
"2026-01-09","5","6367"
"2026-01-09","6","4503"
"2026-01-09","7","4901"
"2026-01-09","8","2229"
"2026-01-09","9","8020"
"2026-01-09","10","8001"
"2026-01-13","1","8015"
"2026-01-13","2","4507"
"2026-01-13","3","8002"
"2026-01-13","4","6367"
"2026-01-13","5","4901"
"2026-01-13","6","4503"
"2026-01-13","7","2229"
"2026-01-13","8","8020"
"2026-01-13","9","8001"
"2026-01-13","10","3092"
"2026-01-14","1","8015"
"2026-01-14","2","4507"
"2026-01-14","3","6367"
"2026-01-14","4","8002"
"2026-01-14","5","4901"
"2026-01-14","6","4503"
"2026-01-14","7","8020"
"2026-01-14","8","3092"
"2026-01-14","9","8001"
"2026-01-14","10","3391"
"2026-01-15","1","8015"
"2026-01-15","2","7272"
"2026-01-15","3","4507"
"2026-01-15","4","6367"
"2026-01-15","5","8002"
"2026-01-15","6","4503"
"2026-01-15","7","4901"
"2026-01-15","8","3092"
"2026-01-15","9","8020"
"2026-01-15","10","3923"
"2026-01-16","1","8015"
"2026-01-16","2","7272"
"2026-01-16","3","4507"
"2026-01-16","4","6367"
"2026-01-16","5","4503"
"2026-01-16","6","4901"
"2026-01-16","7","8002"
"2026-01-16","8","3092"
"2026-01-16","9","8020"
"2026-01-16","10","3391"
"2026-01-19","1","8015"
"2026-01-19","2","7272"
"2026-01-19","3","4507"
"2026-01-19","4","6367"
"2026-01-19","5","4503"
"2026-01-19","6","4901"
"2026-01-19","7","8002"
"2026-01-19","8","3092"
"2026-01-19","9","3923"
"2026-01-19","10","8020"
"2026-01-20","1","8015"
"2026-01-20","2","4507"
"2026-01-20","3","7272"
"2026-01-20","4","6367"
"2026-01-20","5","4503"
"2026-01-20","6","4901"
"2026-01-20","7","3923"
"2026-01-20","8","8002"
"2026-01-20","9","3092"
"2026-01-20","10","8020"
"2026-01-21","1","8015"
"2026-01-21","2","7272"
"2026-01-21","3","4507"
"2026-01-21","4","4901"
"2026-01-21","5","6367"
"2026-01-21","6","4503"
"2026-01-21","7","3923"
"2026-01-21","8","3092"
"2026-01-21","9","8002"
"2026-01-21","10","3391"
"2026-01-22","1","8015"
"2026-01-22","2","7272"
"2026-01-22","3","4507"
"2026-01-22","4","6367"
"2026-01-22","5","4503"
"2026-01-22","6","4901"
"2026-01-22","7","3092"
"2026-01-22","8","3391"
"2026-01-22","9","8002"
"2026-01-22","10","2229"
"2026-01-23","1","8015"
"2026-01-23","2","7272"
"2026-01-23","3","4507"
"2026-01-23","4","6367"
"2026-01-23","5","4503"
"2026-01-23","6","4901"
"2026-01-23","7","3092"
"2026-01-23","8","3391"
"2026-01-23","9","8002"
"2026-01-23","10","2229"
"2026-01-26","1","8015"
"2026-01-26","2","7272"
"2026-01-26","3","3923"
"2026-01-26","4","6367"
"2026-01-26","5","3391"
"2026-01-26","6","4507"
"2026-01-26","7","4901"
"2026-01-26","8","4503"
"2026-01-26","9","3092"
"2026-01-26","10","8002"
"2026-01-27","1","8015"
"2026-01-27","2","7272"
"2026-01-27","3","3391"
"2026-01-27","4","3923"
"2026-01-27","5","6367"
"2026-01-27","6","4901"
"2026-01-27","7","4507"
"2026-01-27","8","4503"
"2026-01-27","9","3092"
"2026-01-27","10","8002"
"2026-01-28","1","8015"
"2026-01-28","2","7272"
"2026-01-28","3","3391"
"2026-01-28","4","6367"
"2026-01-28","5","3923"
"2026-01-28","6","4507"
"2026-01-28","7","4901"
"2026-01-28","8","3092"
"2026-01-28","9","4503"
"2026-01-28","10","2229"
"2026-01-29","1","8015"
"2026-01-29","2","3391"
"2026-01-29","3","7272"
"2026-01-29","4","6367"
"2026-01-29","5","4901"
"2026-01-29","6","4507"
"2026-01-29","7","4503"
"2026-01-29","8","2229"
"2026-01-29","9","8020"
"2026-01-29","10","8591"
"2026-01-30","1","8015"
"2026-01-30","2","7272"
"2026-01-30","3","3391"
"2026-01-30","4","6367"
"2026-01-30","5","3923"
"2026-01-30","6","4901"
"2026-01-30","7","4503"
"2026-01-30","8","4507"
"2026-01-30","9","2229"
"2026-01-30","10","8020"
"2026-02-02","1","8015"
"2026-02-02","2","7272"
"2026-02-02","3","3391"
"2026-02-02","4","6367"
"2026-02-02","5","4503"
"2026-02-02","6","3923"
"2026-02-02","7","4901"
"2026-02-02","8","4507"
"2026-02-02","9","8020"
"2026-02-02","10","2229"
"2026-02-03","1","8015"
"2026-02-03","2","3391"
"2026-02-03","3","9983"
"2026-02-03","4","4503"
"2026-02-03","5","3923"
"2026-02-03","6","6367"
"2026-02-03","7","4901"
"2026-02-03","8","4507"
"2026-02-03","9","8020"
"2026-02-03","10","8002"
"2026-02-04","1","3391"
"2026-02-04","2","8015"
"2026-02-04","3","4503"
"2026-02-04","4","9983"
"2026-02-04","5","4901"
"2026-02-04","6","6367"
"2026-02-04","7","8020"
"2026-02-04","8","4507"
"2026-02-04","9","8002"
"2026-02-04","10","2229"
"2026-02-05","1","8015"
"2026-02-05","2","3391"
"2026-02-05","3","4503"
"2026-02-05","4","4901"
"2026-02-05","5","9983"
"2026-02-05","6","4507"
"2026-02-05","7","8020"
"2026-02-05","8","2229"
"2026-02-05","9","6367"
"2026-02-05","10","8002"
"2026-02-06","1","3391"
"2026-02-06","2","8015"
"2026-02-06","3","4503"
"2026-02-06","4","4901"
"2026-02-06","5","9983"
"2026-02-06","6","4507"
"2026-02-06","7","8020"
"2026-02-06","8","2229"
"2026-02-06","9","6367"
"2026-02-06","10","8591"
"2026-02-09","1","8015"
"2026-02-09","2","4503"
"2026-02-09","3","3391"
"2026-02-09","4","4901"
"2026-02-09","5","4507"
"2026-02-09","6","8020"
"2026-02-09","7","6367"
"2026-02-09","8","2229"
"2026-02-09","9","8591"
"2026-02-09","10","3092"
"2026-02-10","1","8015"
"2026-02-10","2","4503"
"2026-02-10","3","3391"
"2026-02-10","4","4901"
"2026-02-10","5","9983"
"2026-02-10","6","4507"
"2026-02-10","7","8020"
"2026-02-10","8","6367"
"2026-02-10","9","8591"
"2026-02-10","10","2229"
"2026-02-12","1","8015"
"2026-02-12","2","4503"
"2026-02-12","3","3391"
"2026-02-12","4","4901"
"2026-02-12","5","9983"
"2026-02-12","6","7272"
"2026-02-12","7","4507"
"2026-02-12","8","8020"
"2026-02-12","9","6806"
"2026-02-12","10","3092"
"2026-02-13","1","8015"
"2026-02-13","2","4503"
"2026-02-13","3","3391"
"2026-02-13","4","4901"
"2026-02-13","5","4507"
"2026-02-13","6","9983"
"2026-02-13","7","3092"
"2026-02-13","8","2229"
"2026-02-13","9","8591"
"2026-02-13","10","8020"
"2026-02-16","1","8015"
"2026-02-16","2","4503"
"2026-02-16","3","3391"
"2026-02-16","4","4507"
"2026-02-16","5","4901"
"2026-02-16","6","9983"
"2026-02-16","7","7832"
"2026-02-16","8","3092"
"2026-02-16","9","8020"
"2026-02-16","10","3635"
"2026-02-17","1","8015"
"2026-02-17","2","3391"
"2026-02-17","3","4503"
"2026-02-17","4","9983"
"2026-02-17","5","4507"
"2026-02-17","6","7832"
"2026-02-17","7","4901"
"2026-02-17","8","8020"
"2026-02-17","9","3635"
"2026-02-17","10","3092"
"2026-02-18","1","8015"
"2026-02-18","2","4503"
"2026-02-18","3","3391"
"2026-02-18","4","9983"
"2026-02-18","5","4507"
"2026-02-18","6","7832"
"2026-02-18","7","8020"
"2026-02-18","8","8591"
"2026-02-18","9","4901"
"2026-02-18","10","3092"
"2026-02-19","1","8015"
"2026-02-19","2","3391"
"2026-02-19","3","4503"
"2026-02-19","4","7832"
"2026-02-19","5","9983"
"2026-02-19","6","4507"
"2026-02-19","7","3092"
"2026-02-19","8","8020"
"2026-02-19","9","4901"
"2026-02-19","10","5401"
"2026-02-20","1","8015"
"2026-02-20","2","3391"
"2026-02-20","3","4503"
"2026-02-20","4","9983"
"2026-02-20","5","7832"
"2026-02-20","6","4507"
"2026-02-20","7","7744"
"2026-02-20","8","3092"
"2026-02-20","9","4901"
"2026-02-20","10","5401"
"2026-02-24","1","8015"
"2026-02-24","2","3391"
"2026-02-24","3","4503"
"2026-02-24","4","7867"
"2026-02-24","5","7832"
"2026-02-24","6","9983"
"2026-02-24","7","4507"
"2026-02-24","8","3092"
"2026-02-24","9","7744"
"2026-02-24","10","4901"
"2026-02-25","1","8015"
"2026-02-25","2","3391"
"2026-02-25","3","4503"
"2026-02-25","4","7832"
"2026-02-25","5","9983"
"2026-02-25","6","4507"
"2026-02-25","7","7867"
"2026-02-25","8","3092"
"2026-02-25","9","1963"
"2026-02-25","10","4901"
"2026-02-26","1","8015"
"2026-02-26","2","3391"
"2026-02-26","3","4503"
"2026-02-26","4","9983"
"2026-02-26","5","7832"
"2026-02-26","6","4507"
"2026-02-26","7","3092"
"2026-02-26","8","1963"
"2026-02-26","9","7867"
"2026-02-26","10","4901"
"2026-02-27","1","8015"
"2026-02-27","2","3391"
"2026-02-27","3","4503"
"2026-02-27","4","9983"
"2026-02-27","5","7832"
"2026-02-27","6","4507"
"2026-02-27","7","3092"
"2026-02-27","8","1963"
"2026-02-27","9","4901"
"2026-02-27","10","7867"
"2026-03-02","1","8015"
"2026-03-02","2","3391"
"2026-03-02","3","4503"
"2026-03-02","4","4507"
"2026-03-02","5","9983"
"2026-03-02","6","7832"
"2026-03-02","7","3092"
"2026-03-02","8","1963"
"2026-03-02","9","4901"
"2026-03-02","10","9432"
"2026-03-03","1","8015"
"2026-03-03","2","3391"
"2026-03-03","3","4503"
"2026-03-03","4","3092"
"2026-03-03","5","9983"
"2026-03-03","6","4507"
"2026-03-03","7","7832"
"2026-03-03","8","1963"
"2026-03-03","9","6367"
"2026-03-03","10","4901"
"2026-03-04","1","3391"
"2026-03-04","2","3092"
"2026-03-04","3","4503"
"2026-03-04","4","9983"
"2026-03-04","5","4507"
"2026-03-04","6","7832"
"2026-03-04","7","6367"
"2026-03-04","8","2685"
"2026-03-04","9","4901"
"2026-03-04","10","8591"
"2026-03-05","1","3391"
"2026-03-05","2","4503"
"2026-03-05","3","3092"
"2026-03-05","4","9983"
"2026-03-05","5","4507"
"2026-03-05","6","7832"
"2026-03-05","7","8591"
"2026-03-05","8","6367"
"2026-03-05","9","4901"
"2026-03-05","10","5401"
"2026-03-06","1","3391"
"2026-03-06","2","9983"
"2026-03-06","3","3092"
"2026-03-06","4","4503"
"2026-03-06","5","7832"
"2026-03-06","6","4507"
"2026-03-06","7","8591"
"2026-03-06","8","4901"
"2026-03-06","9","6367"
"2026-03-06","10","5401"
"2026-03-09","1","3391"
"2026-03-09","2","4503"
"2026-03-09","3","9983"
"2026-03-09","4","3092"
"2026-03-09","5","7832"
"2026-03-09","6","4901"
"2026-03-09","7","4507"
"2026-03-09","8","8591"
"2026-03-09","9","5401"
"2026-03-09","10","6367"
"2026-03-10","1","3391"
"2026-03-10","2","4503"
"2026-03-10","3","9983"
"2026-03-10","4","3092"
"2026-03-10","5","7832"
"2026-03-10","6","4901"
"2026-03-10","7","8591"
"2026-03-10","8","4507"
"2026-03-10","9","5401"
"2026-03-10","10","6367"
"2026-03-11","1","3391"
"2026-03-11","2","4503"
"2026-03-11","3","9983"
"2026-03-11","4","3092"
"2026-03-11","5","7832"
"2026-03-11","6","8591"
"2026-03-11","7","4901"
"2026-03-11","8","4507"
"2026-03-11","9","5401"
"2026-03-11","10","6367"
"2026-03-12","1","3391"
"2026-03-12","2","4503"
"2026-03-12","3","3092"
"2026-03-12","4","9983"
"2026-03-12","5","8591"
"2026-03-12","6","7832"
"2026-03-12","7","4901"
"2026-03-12","8","4507"
"2026-03-12","9","6902"
"2026-03-12","10","6367"
"2026-03-13","1","3391"
"2026-03-13","2","4503"
"2026-03-13","3","3092"
"2026-03-13","4","9983"
"2026-03-13","5","8591"
"2026-03-13","6","7832"
"2026-03-13","7","4901"
"2026-03-13","8","4507"
"2026-03-13","9","6902"
"2026-03-13","10","9432"
"2026-03-16","1","3391"
"2026-03-16","2","4503"
"2026-03-16","3","3092"
"2026-03-16","4","8591"
"2026-03-16","5","7832"
"2026-03-16","6","9983"
"2026-03-16","7","4901"
"2026-03-16","8","4507"
"2026-03-16","9","6902"
"2026-03-16","10","5401"
"2026-03-17","1","3391"
"2026-03-17","2","4503"
"2026-03-17","3","3092"
"2026-03-17","4","8591"
"2026-03-17","5","9983"
"2026-03-17","6","4901"
"2026-03-17","7","6902"
"2026-03-17","8","7832"
"2026-03-17","9","4507"
"2026-03-17","10","5401"
"2026-03-18","1","3391"
"2026-03-18","2","4503"
"2026-03-18","3","3092"
"2026-03-18","4","8591"
"2026-03-18","5","4901"
"2026-03-18","6","6902"
"2026-03-18","7","7832"
"2026-03-18","8","9983"
"2026-03-18","9","4507"
"2026-03-18","10","7181"
"2026-03-19","1","3391"
"2026-03-19","2","3092"
"2026-03-19","3","4503"
"2026-03-19","4","4901"
"2026-03-19","5","8591"
"2026-03-19","6","9983"
"2026-03-19","7","7832"
"2026-03-19","8","6902"
"2026-03-19","9","4507"
"2026-03-19","10","9432"
"2026-03-23","1","3391"
"2026-03-23","2","4503"
"2026-03-23","3","3092"
"2026-03-23","4","8591"
"2026-03-23","5","4901"
"2026-03-23","6","6902"
"2026-03-23","7","7832"
"2026-03-23","8","9983"
"2026-03-23","9","5938"
"2026-03-23","10","7181"
"2026-03-24","1","5451"
"2026-03-24","2","3391"
"2026-03-24","3","4503"
"2026-03-24","4","8591"
"2026-03-24","5","3092"
"2026-03-24","6","4901"
"2026-03-24","7","6902"
"2026-03-24","8","8725"
"2026-03-24","9","7832"
"2026-03-24","10","7181"
"2026-03-25","1","5451"
"2026-03-25","2","3391"
"2026-03-25","3","4503"
"2026-03-25","4","8591"
"2026-03-25","5","4901"
"2026-03-25","6","3092"
"2026-03-25","7","6902"
"2026-03-25","8","8725"
"2026-03-25","9","7832"
"2026-03-25","10","7181"
"2026-03-26","1","5451"
"2026-03-26","2","3391"
"2026-03-26","3","4503"
"2026-03-26","4","8591"
"2026-03-26","5","4901"
"2026-03-26","6","6902"
"2026-03-26","7","8725"
"2026-03-26","8","3092"
"2026-03-26","9","7181"
"2026-03-26","10","7832"
"2026-03-27","1","5451"
"2026-03-27","2","3391"
"2026-03-27","3","4503"
"2026-03-27","4","8591"
"2026-03-27","5","4901"
"2026-03-27","6","6902"
"2026-03-27","7","8725"
"2026-03-27","8","3092"
"2026-03-27","9","5938"
"2026-03-27","10","7181"
"2026-03-30","1","5451"
"2026-03-30","2","3391"
"2026-03-30","3","4503"
"2026-03-30","4","8591"
"2026-03-30","5","4901"
"2026-03-30","6","6902"
"2026-03-30","7","3092"
"2026-03-30","8","8725"
"2026-03-30","9","7832"
"2026-03-30","10","5938"
"2026-03-31","1","5451"
"2026-03-31","2","3391"
"2026-03-31","3","4503"
"2026-03-31","4","8591"
"2026-03-31","5","4901"
"2026-03-31","6","3092"
"2026-03-31","7","8725"
"2026-03-31","8","6902"
"2026-03-31","9","7832"
"2026-03-31","10","5938"
"2026-04-01","1","5451"
"2026-04-01","2","3391"
"2026-04-01","3","4503"
"2026-04-01","4","8591"
"2026-04-01","5","3092"
"2026-04-01","6","8725"
"2026-04-01","7","4901"
"2026-04-01","8","6902"
"2026-04-01","9","5938"
"2026-04-01","10","7181"
"2026-04-02","1","5451"
"2026-04-02","2","3391"
"2026-04-02","3","4503"
"2026-04-02","4","8591"
"2026-04-02","5","3092"
"2026-04-02","6","8725"
"2026-04-02","7","6902"
"2026-04-02","8","4901"
"2026-04-02","9","5938"
"2026-04-02","10","7181"
"2026-04-03","1","3391"
"2026-04-03","2","5451"
"2026-04-03","3","8591"
"2026-04-03","4","4503"
"2026-04-03","5","3092"
"2026-04-03","6","8725"
"2026-04-03","7","4901"
"2026-04-03","8","6902"
"2026-04-03","9","7181"
"2026-04-03","10","5938"
"2026-04-06","1","5451"
"2026-04-06","2","3391"
"2026-04-06","3","8591"
"2026-04-06","4","4503"
"2026-04-06","5","8725"
"2026-04-06","6","3092"
"2026-04-06","7","6902"
"2026-04-06","8","4901"
"2026-04-06","9","7181"
"2026-04-06","10","5938"
"2026-04-07","1","5451"
"2026-04-07","2","3391"
"2026-04-07","3","8591"
"2026-04-07","4","4503"
"2026-04-07","5","3092"
"2026-04-07","6","8725"
"2026-04-07","7","6902"
"2026-04-07","8","7181"
"2026-04-07","9","4901"
"2026-04-07","10","5938"
"2026-04-08","1","3391"
"2026-04-08","2","5451"
"2026-04-08","3","8591"
"2026-04-08","4","8725"
"2026-04-08","5","4503"
"2026-04-08","6","3092"
"2026-04-08","7","6902"
"2026-04-08","8","7181"
"2026-04-08","9","4901"
"2026-04-08","10","5938"
"2026-04-09","1","3391"
"2026-04-09","2","5451"
"2026-04-09","3","8591"
"2026-04-09","4","4503"
"2026-04-09","5","3092"
"2026-04-09","6","6902"
"2026-04-09","7","8725"
"2026-04-09","8","7181"
"2026-04-09","9","4901"
"2026-04-09","10","5938"
"2026-04-10","1","3391"
"2026-04-10","2","5451"
"2026-04-10","3","8591"
"2026-04-10","4","4503"
"2026-04-10","5","6902"
"2026-04-10","6","3092"
"2026-04-10","7","8725"
"2026-04-10","8","4901"
"2026-04-10","9","7181"
"2026-04-10","10","7832"
"2026-04-13","1","7203"
"2026-04-13","2","3391"
"2026-04-13","3","5451"
"2026-04-13","4","8591"
"2026-04-13","5","3092"
"2026-04-13","6","4503"
"2026-04-13","7","8725"
"2026-04-13","8","6902"
"2026-04-13","9","4901"
"2026-04-13","10","7181"
"2026-04-14","1","3391"
"2026-04-14","2","5451"
"2026-04-14","3","8591"
"2026-04-14","4","4503"
"2026-04-14","5","3092"
"2026-04-14","6","8725"
"2026-04-14","7","6902"
"2026-04-14","8","4901"
"2026-04-14","9","7181"
"2026-04-14","10","7832"
"2026-04-15","1","3391"
"2026-04-15","2","2146"
"2026-04-15","3","5451"
"2026-04-15","4","8591"
"2026-04-15","5","8725"
"2026-04-15","6","6902"
"2026-04-15","7","4503"
"2026-04-15","8","8750"
"2026-04-15","9","7181"
"2026-04-15","10","4901"
"2026-04-16","1","3391"
"2026-04-16","2","5451"
"2026-04-16","3","2146"
"2026-04-16","4","8591"
"2026-04-16","5","8604"
"2026-04-16","6","6902"
"2026-04-16","7","4503"
"2026-04-16","8","8795"
"2026-04-16","9","8725"
"2026-04-16","10","7181"
"2026-04-17","1","3391"
"2026-04-17","2","5451"
"2026-04-17","3","2146"
"2026-04-17","4","8604"
"2026-04-17","5","8591"
"2026-04-17","6","6902"
"2026-04-17","7","4503"
"2026-04-17","8","7181"
"2026-04-17","9","8725"
"2026-04-17","10","8795"
"2026-04-20","1","3391"
"2026-04-20","2","5451"
"2026-04-20","3","8604"
"2026-04-20","4","8591"
"2026-04-20","5","3092"
"2026-04-20","6","6902"
"2026-04-20","7","6586"
"2026-04-20","8","4503"
"2026-04-20","9","7181"
"2026-04-20","10","8725"
"2026-04-21","1","3391"
"2026-04-21","2","5451"
"2026-04-21","3","8591"
"2026-04-21","4","8604"
"2026-04-21","5","6902"
"2026-04-21","6","6586"
"2026-04-21","7","3092"
"2026-04-21","8","7181"
"2026-04-21","9","4503"
"2026-04-21","10","8795"
"2026-04-22","1","3391"
"2026-04-22","2","8591"
"2026-04-22","3","8604"
"2026-04-22","4","3092"
"2026-04-22","5","6586"
"2026-04-22","6","6902"
"2026-04-22","7","7181"
"2026-04-22","8","4503"
"2026-04-22","9","8795"
"2026-04-22","10","8725"
"2026-04-23","1","3391"
"2026-04-23","2","8591"
"2026-04-23","3","8604"
"2026-04-23","4","3092"
"2026-04-23","5","6586"
"2026-04-23","6","6902"
"2026-04-23","7","4503"
"2026-04-23","8","7181"
"2026-04-23","9","8795"
"2026-04-23","10","8725"
"2026-04-24","1","7203"
"2026-04-24","2","3391"
"2026-04-24","3","8591"
"2026-04-24","4","8604"
"2026-04-24","5","6586"
"2026-04-24","6","3092"
"2026-04-24","7","6902"
"2026-04-24","8","4503"
"2026-04-24","9","7181"
"2026-04-24","10","8795"
"2026-04-27","1","7203"
"2026-04-27","2","3391"
"2026-04-27","3","8591"
"2026-04-27","4","8604"
"2026-04-27","5","3092"
"2026-04-27","6","6586"
"2026-04-27","7","6902"
"2026-04-27","8","4503"
"2026-04-27","9","8795"
"2026-04-27","10","7181"
"2026-04-28","1","7203"
"2026-04-28","2","3391"
"2026-04-28","3","8591"
"2026-04-28","4","3092"
"2026-04-28","5","6902"
"2026-04-28","6","8604"
"2026-04-28","7","6586"
"2026-04-28","8","4503"
"2026-04-28","9","7832"
"2026-04-28","10","8795"
"2026-04-30","1","7203"
"2026-04-30","2","3391"
"2026-04-30","3","8591"
"2026-04-30","4","6586"
"2026-04-30","5","3092"
"2026-04-30","6","6902"
"2026-04-30","7","4503"
"2026-04-30","8","8604"
"2026-04-30","9","7832"
"2026-04-30","10","7181"
"2026-05-01","1","7203"
"2026-05-01","2","3391"
"2026-05-01","3","8591"
"2026-05-01","4","6586"
"2026-05-01","5","8604"
"2026-05-01","6","3092"
"2026-05-01","7","4503"
"2026-05-01","8","6902"
"2026-05-01","9","7181"
"2026-05-01","10","7832"
"2026-05-07","1","7203"
"2026-05-07","2","3391"
"2026-05-07","3","8591"
"2026-05-07","4","6586"
"2026-05-07","5","3092"
"2026-05-07","6","8604"
"2026-05-07","7","4503"
"2026-05-07","8","6902"
"2026-05-07","9","7181"
"2026-05-07","10","7832"
"2026-05-08","1","7203"
"2026-05-08","2","3391"
"2026-05-08","3","8591"
"2026-05-08","4","3092"
"2026-05-08","5","8604"
"2026-05-08","6","6586"
"2026-05-08","7","4503"
"2026-05-08","8","6902"
"2026-05-08","9","7181"
"2026-05-08","10","7272"
"2026-05-11","1","3391"
"2026-05-11","2","7203"
"2026-05-11","3","8591"
"2026-05-11","4","3092"
"2026-05-11","5","4503"
"2026-05-11","6","6586"
"2026-05-11","7","8604"
"2026-05-11","8","6902"
"2026-05-11","9","7181"
"2026-05-11","10","7832"
"2026-05-12","1","3391"
"2026-05-12","2","7203"
"2026-05-12","3","8591"
"2026-05-12","4","3092"
"2026-05-12","5","7181"
"2026-05-12","6","6902"
"2026-05-12","7","8604"
"2026-05-12","8","4503"
"2026-05-12","9","6586"
"2026-05-12","10","7832"
"2026-05-13","1","3391"
"2026-05-13","2","7203"
"2026-05-13","3","8591"
"2026-05-13","4","3092"
"2026-05-13","5","4503"
"2026-05-13","6","8604"
"2026-05-13","7","5423"
"2026-05-13","8","7181"
"2026-05-13","9","7832"
"2026-05-13","10","6902"
"2026-05-14","1","3391"
"2026-05-14","2","7203"
"2026-05-14","3","8591"
"2026-05-14","4","4503"
"2026-05-14","5","3092"
"2026-05-14","6","8604"
"2026-05-14","7","7181"
"2026-05-14","8","6586"
"2026-05-14","9","7832"
"2026-05-14","10","5423"
"2026-05-15","1","3391"
"2026-05-15","2","7203"
"2026-05-15","3","8591"
"2026-05-15","4","3092"
"2026-05-15","5","4503"
"2026-05-15","6","8604"
"2026-05-15","7","6586"
"2026-05-15","8","7181"
"2026-05-15","9","5423"
"2026-05-15","10","5393"
"2026-05-18","1","3391"
"2026-05-18","2","7203"
"2026-05-18","3","8591"
"2026-05-18","4","3092"
"2026-05-18","5","8604"
"2026-05-18","6","4503"
"2026-05-18","7","7832"
"2026-05-18","8","5423"
"2026-05-18","9","3397"
"2026-05-18","10","6586"
"2026-05-19","1","3391"
"2026-05-19","2","7203"
"2026-05-19","3","8591"
"2026-05-19","4","3092"
"2026-05-19","5","8604"
"2026-05-19","6","6586"
"2026-05-19","7","5393"
"2026-05-19","8","5423"
"2026-05-19","9","9616"
"2026-05-19","10","4503"
"2026-05-20","1","3391"
"2026-05-20","2","7203"
"2026-05-20","3","3092"
"2026-05-20","4","8591"
"2026-05-20","5","8604"
"2026-05-20","6","6586"
"2026-05-20","7","5423"
"2026-05-20","8","9616"
"2026-05-20","9","4503"
"2026-05-20","10","3397"
"2026-05-21","1","3391"
"2026-05-21","2","7203"
"2026-05-21","3","8591"
"2026-05-21","4","3092"
"2026-05-21","5","6586"
"2026-05-21","6","8604"
"2026-05-21","7","4503"
"2026-05-21","8","9616"
"2026-05-21","9","5423"
"2026-05-21","10","5393"
"2026-05-22","1","3391"
"2026-05-22","2","7203"
"2026-05-22","3","8591"
"2026-05-22","4","3092"
"2026-05-22","5","8604"
"2026-05-22","6","5423"
"2026-05-22","7","9616"
"2026-05-22","8","6586"
"2026-05-22","9","3397"
"2026-05-22","10","7832"
"2026-05-25","1","3391"
"2026-05-25","2","7203"
"2026-05-25","3","8591"
"2026-05-25","4","3092"
"2026-05-25","5","8604"
"2026-05-25","6","6586"
"2026-05-25","7","9616"
"2026-05-25","8","5423"
"2026-05-25","9","6544"
"2026-05-25","10","3397"
"2026-05-26","1","3391"
"2026-05-26","2","7203"
"2026-05-26","3","8591"
"2026-05-26","4","3092"
"2026-05-26","5","8604"
"2026-05-26","6","6586"
"2026-05-26","7","9616"
"2026-05-26","8","5423"
"2026-05-26","9","7832"
"2026-05-26","10","4503"
"2026-05-27","1","3391"
"2026-05-27","2","7203"
"2026-05-27","3","8591"
"2026-05-27","4","3092"
"2026-05-27","5","6586"
"2026-05-27","6","8604"
"2026-05-27","7","7832"
"2026-05-27","8","5423"
"2026-05-27","9","9616"
"2026-05-27","10","4503"
"2026-05-28","1","3391"
"2026-05-28","2","7203"
"2026-05-28","3","8591"
"2026-05-28","4","3092"
"2026-05-28","5","6586"
"2026-05-28","6","8604"
"2026-05-28","7","7832"
"2026-05-28","8","9616"
"2026-05-28","9","4503"
"2026-05-28","10","547A"
"2026-05-29","1","3391"
"2026-05-29","2","7203"
"2026-05-29","3","8591"
"2026-05-29","4","6586"
"2026-05-29","5","3092"
"2026-05-29","6","8604"
"2026-05-29","7","9409"
"2026-05-29","8","7832"
"2026-05-29","9","9616"
"2026-05-29","10","3397"
"2026-06-01","1","3391"
"2026-06-01","2","7203"
"2026-06-01","3","8591"
"2026-06-01","4","6586"
"2026-06-01","5","3092"
"2026-06-01","6","6544"
"2026-06-01","7","8604"
"2026-06-01","8","9409"
"2026-06-01","9","9616"
"2026-06-01","10","7832"
"2026-06-02","1","3391"
"2026-06-02","2","7203"
"2026-06-02","3","8591"
"2026-06-02","4","6586"
"2026-06-02","5","6544"
"2026-06-02","6","3092"
"2026-06-02","7","9409"
"2026-06-02","8","8604"
"2026-06-02","9","9616"
"2026-06-02","10","547A"
"2026-06-03","1","3391"
"2026-06-03","2","7203"
"2026-06-03","3","8591"
"2026-06-03","4","6586"
"2026-06-03","5","6544"
"2026-06-03","6","9409"
"2026-06-03","7","3092"
"2026-06-03","8","9616"
"2026-06-03","9","8604"
"2026-06-03","10","547A"
"2026-06-04","1","3391"
"2026-06-04","2","7203"
"2026-06-04","3","8591"
"2026-06-04","4","6586"
"2026-06-04","5","6544"
"2026-06-04","6","3092"
"2026-06-04","7","8604"
"2026-06-04","8","9616"
"2026-06-04","9","547A"
"2026-06-04","10","9409"
"2026-06-05","1","3391"
"2026-06-05","2","7203"
"2026-06-05","3","8591"
"2026-06-05","4","6586"
"2026-06-05","5","6544"
"2026-06-05","6","8604"
"2026-06-05","7","3092"
"2026-06-05","8","8698"
"2026-06-05","9","9616"
"2026-06-05","10","547A"
"2026-06-08","1","3391"
"2026-06-08","2","7203"
"2026-06-08","3","8591"
"2026-06-08","4","6544"
"2026-06-08","5","6586"
"2026-06-08","6","3092"
"2026-06-08","7","9616"
"2026-06-08","8","8604"
"2026-06-08","9","7832"
"2026-06-08","10","8698"
"2026-06-09","1","3391"
"2026-06-09","2","7203"
"2026-06-09","3","8591"
"2026-06-09","4","6586"
"2026-06-09","5","3092"
"2026-06-09","6","7832"
"2026-06-09","7","4684"
"2026-06-09","8","9616"
"2026-06-09","9","3397"
"2026-06-09","10","8698"
"2026-06-10","1","7203"
"2026-06-10","2","3391"
"2026-06-10","3","8591"
"2026-06-10","4","6586"
"2026-06-10","5","3092"
"2026-06-10","6","7832"
"2026-06-10","7","8604"
"2026-06-10","8","4684"
"2026-06-10","9","8698"
"2026-06-10","10","4768"
"2026-06-11","1","3391"
"2026-06-11","2","7203"
"2026-06-11","3","8591"
"2026-06-11","4","6586"
"2026-06-11","5","3092"
"2026-06-11","6","7832"
"2026-06-11","7","4684"
"2026-06-11","8","8604"
"2026-06-11","9","8698"
"2026-06-11","10","9616"
"2026-06-12","1","7203"
"2026-06-12","2","3391"
"2026-06-12","3","8591"
"2026-06-12","4","6586"
"2026-06-12","5","3092"
"2026-06-12","6","8698"
"2026-06-12","7","9616"
"2026-06-12","8","8604"
"2026-06-12","9","547A"
"2026-06-12","10","4684"
"2026-06-15","1","7203"
"2026-06-15","2","3391"
"2026-06-15","3","8591"
"2026-06-15","4","6586"
"2026-06-15","5","3092"
"2026-06-15","6","8698"
"2026-06-15","7","8604"
"2026-06-15","8","7832"
"2026-06-15","9","547A"
"2026-06-15","10","4684"
"2026-06-16","1","3391"
"2026-06-16","2","7203"
"2026-06-16","3","8591"
"2026-06-16","4","6586"
"2026-06-16","5","3092"
"2026-06-16","6","8698"
"2026-06-16","7","547A"
"2026-06-16","8","7832"
"2026-06-16","9","4684"
"2026-06-16","10","3397"
"2026-06-17","1","7203"
"2026-06-17","2","3391"
"2026-06-17","3","8591"
"2026-06-17","4","6586"
"2026-06-17","5","3092"
"2026-06-17","6","8698"
"2026-06-17","7","3397"
"2026-06-17","8","4684"
"2026-06-17","9","8804"
"2026-06-17","10","7832"
"2026-06-18","1","7203"
"2026-06-18","2","3391"
"2026-06-18","3","8591"
"2026-06-18","4","6586"
"2026-06-18","5","3092"
"2026-06-18","6","3397"
"2026-06-18","7","8698"
"2026-06-18","8","7832"
"2026-06-18","9","8804"
"2026-06-18","10","4684"
"2026-06-19","1","7203"
"2026-06-19","2","3391"
"2026-06-19","3","8591"
"2026-06-19","4","6586"
"2026-06-19","5","3092"
"2026-06-19","6","7832"
"2026-06-19","7","3397"
"2026-06-19","8","8698"
"2026-06-19","9","4684"
"2026-06-19","10","8804"
"2026-06-22","1","7203"
"2026-06-22","2","3391"
"2026-06-22","3","8591"
"2026-06-22","4","6586"
"2026-06-22","5","3092"
"2026-06-22","6","3397"
"2026-06-22","7","8698"
"2026-06-22","8","7832"
"2026-06-22","9","4684"
"2026-06-22","10","7649"
"2026-06-23","1","7203"
"2026-06-23","2","3391"
"2026-06-23","3","8591"
"2026-06-23","4","6586"
"2026-06-23","5","3092"
"2026-06-23","6","8698"
"2026-06-23","7","3397"
"2026-06-23","8","7832"
"2026-06-23","9","4684"
"2026-06-23","10","7649"
"2026-06-24","1","7203"
"2026-06-24","2","3391"
"2026-06-24","3","8591"
"2026-06-24","4","6544"
"2026-06-24","5","6586"
"2026-06-24","6","3092"
"2026-06-24","7","7832"
"2026-06-24","8","8698"
"2026-06-24","9","3397"
"2026-06-24","10","4684"
"2026-06-25","1","7203"
"2026-06-25","2","3391"
"2026-06-25","3","8591"
"2026-06-25","4","6544"
"2026-06-25","5","6586"
"2026-06-25","6","3092"
"2026-06-25","7","7832"
"2026-06-25","8","8698"
"2026-06-25","9","4684"
"2026-06-25","10","7202"
"2026-06-26","1","7203"
"2026-06-26","2","3391"
"2026-06-26","3","8591"
"2026-06-26","4","6586"
"2026-06-26","5","6544"
"2026-06-26","6","3092"
"2026-06-26","7","7832"
"2026-06-26","8","8698"
"2026-06-26","9","7202"
"2026-06-26","10","8604"
"2026-06-29","1","7203"
"2026-06-29","2","8591"
"2026-06-29","3","3391"
"2026-06-29","4","6586"
"2026-06-29","5","6544"
"2026-06-29","6","7832"
"2026-06-29","7","8698"
"2026-06-29","8","3092"
"2026-06-29","9","7202"
"2026-06-29","10","8604"
"2026-06-30","1","7203"
"2026-06-30","2","8591"
"2026-06-30","3","3391"
"2026-06-30","4","6586"
"2026-06-30","5","7832"
"2026-06-30","6","3092"
"2026-06-30","7","8698"
"2026-06-30","8","7202"
"2026-06-30","9","8604"
"2026-06-30","10","8020"
"2026-07-01","1","7203"
"2026-07-01","2","3391"
"2026-07-01","3","8591"
"2026-07-01","4","6586"
"2026-07-01","5","3092"
"2026-07-01","6","8698"
"2026-07-01","7","7202"
"2026-07-01","8","7832"
"2026-07-01","9","8020"
"2026-07-01","10","8604"
"2026-07-02","1","7203"
"2026-07-02","2","3391"
"2026-07-02","3","8591"
"2026-07-02","4","6586"
"2026-07-02","5","3092"
"2026-07-02","6","7832"
"2026-07-02","7","8698"
"2026-07-02","8","7202"
"2026-07-02","9","8020"
"2026-07-02","10","8604"
"2026-07-03","1","7203"
"2026-07-03","2","3391"
"2026-07-03","3","8591"
"2026-07-03","4","6586"
"2026-07-03","5","3092"
"2026-07-03","6","7832"
"2026-07-03","7","8698"
"2026-07-03","8","4684"
"2026-07-03","9","8020"
"2026-07-03","10","4768"
"2026-07-06","1","7203"
"2026-07-06","2","3391"
"2026-07-06","3","8591"
"2026-07-06","4","6586"
"2026-07-06","5","3092"
"2026-07-06","6","7832"
"2026-07-06","7","8698"
"2026-07-06","8","8020"
"2026-07-06","9","4684"
"2026-07-06","10","7202"
"2026-07-07","1","7203"
"2026-07-07","2","8591"
"2026-07-07","3","3391"
"2026-07-07","4","6586"
"2026-07-07","5","3092"
"2026-07-07","6","7832"
"2026-07-07","7","8698"
"2026-07-07","8","8020"
"2026-07-07","9","7202"
"2026-07-07","10","7649"
"2026-07-08","1","7203"
"2026-07-08","2","8591"
"2026-07-08","3","3391"
"2026-07-08","4","6586"
"2026-07-08","5","3092"
"2026-07-08","6","7832"
"2026-07-08","7","8698"
"2026-07-08","8","8020"
"2026-07-08","9","4768"
"2026-07-08","10","7649"
"2026-07-09","1","7203"
"2026-07-09","2","3391"
"2026-07-09","3","8591"
"2026-07-09","4","6586"
"2026-07-09","5","3092"
"2026-07-09","6","7832"
"2026-07-09","7","8020"
"2026-07-09","8","7649"
"2026-07-09","9","8698"
"2026-07-09","10","3397"
"2026-07-10","1","7203"
"2026-07-10","2","3391"
"2026-07-10","3","8591"
"2026-07-10","4","6586"
"2026-07-10","5","3092"
"2026-07-10","6","7832"
"2026-07-10","7","8020"
"2026-07-10","8","7202"
"2026-07-10","9","3387"
"2026-07-10","10","3397"
"2026-07-13","1","7203"
"2026-07-13","2","8591"
"2026-07-13","3","3391"
"2026-07-13","4","6586"
"2026-07-13","5","3092"
"2026-07-13","6","7202"
"2026-07-13","7","8020"
"2026-07-13","8","7832"
"2026-07-13","9","3397"
"2026-07-13","10","8698"
"2026-07-14","1","7203"
"2026-07-14","2","8591"
"2026-07-14","3","3391"
"2026-07-14","4","6586"
"2026-07-14","5","3092"
"2026-07-14","6","7202"
"2026-07-14","7","8020"
"2026-07-14","8","3387"
"2026-07-14","9","7832"
"2026-07-14","10","8698"
"2026-07-15","1","7203"
"2026-07-15","2","8591"
"2026-07-15","3","3391"
"2026-07-15","4","6586"
"2026-07-15","5","3092"
"2026-07-15","6","7202"
"2026-07-15","7","8020"
"2026-07-15","8","3387"
"2026-07-15","9","6902"
"2026-07-15","10","7832"
"2026-07-16","1","7203"
"2026-07-16","2","3391"
"2026-07-16","3","8591"
"2026-07-16","4","6586"
"2026-07-16","5","3092"
"2026-07-16","6","7202"
"2026-07-16","7","3387"
"2026-07-16","8","7832"
"2026-07-16","9","2768"
"2026-07-16","10","3397"
"2026-07-17","1","8591"
"2026-07-17","2","3391"
"2026-07-17","3","7203"
"2026-07-17","4","6586"
"2026-07-17","5","7202"
"2026-07-17","6","3092"
"2026-07-17","7","3387"
"2026-07-17","8","3397"
"2026-07-17","9","8698"
"2026-07-17","10","2768"
"2026-07-21","1","3391"
"2026-07-21","2","8591"
"2026-07-21","3","7203"
"2026-07-21","4","6586"
"2026-07-21","5","3092"
"2026-07-21","6","3387"
"2026-07-21","7","7202"
"2026-07-21","8","3397"
"2026-07-21","9","4768"
"2026-07-21","10","7832"
"2026-07-22","1","3391"
"2026-07-22","2","8591"
"2026-07-22","3","7203"
"2026-07-22","4","6586"
"2026-07-22","5","3092"
"2026-07-22","6","7202"
"2026-07-22","7","3397"
"2026-07-22","8","3387"
"2026-07-22","9","8698"
"2026-07-22","10","4768"
"2026-07-23","1","8591"
"2026-07-23","2","3391"
"2026-07-23","3","7203"
"2026-07-23","4","6586"
"2026-07-23","5","3092"
"2026-07-23","6","3387"
"2026-07-23","7","3397"
"2026-07-23","8","8698"
"2026-07-23","9","7202"
"2026-07-23","10","6367"
"2026-07-24","1","8591"
"2026-07-24","2","3391"
"2026-07-24","3","7203"
"2026-07-24","4","6586"
"2026-07-24","5","3387"
"2026-07-24","6","3092"
"2026-07-24","7","8698"
"2026-07-24","8","3397"
"2026-07-24","9","7202"
"2026-07-24","10","2768"
"2026-07-27","1","8591"
"2026-07-27","2","7203"
"2026-07-27","3","3391"
"2026-07-27","4","6586"
"2026-07-27","5","7599"
"2026-07-27","6","8698"
"2026-07-27","7","3092"
"2026-07-27","8","2768"
"2026-07-27","9","3397"
"2026-07-27","10","7202"
"2026-07-28","1","8591"
"2026-07-28","2","3391"
"2026-07-28","3","7203"
"2026-07-28","4","6586"
"2026-07-28","5","7599"
"2026-07-28","6","8698"
"2026-07-28","7","3092"
"2026-07-28","8","3397"
"2026-07-28","9","2768"
"2026-07-28","10","7202"
"2026-07-29","1","8591"
"2026-07-29","2","3391"
"2026-07-29","3","7203"
"2026-07-29","4","6586"
"2026-07-29","5","7599"
"2026-07-29","6","8698"
"2026-07-29","7","2768"
"2026-07-29","8","3092"
"2026-07-29","9","7202"
"2026-07-29","10","3397"
"2026-07-30","1","8591"
"2026-07-30","2","3391"
"2026-07-30","3","7203"
"2026-07-30","4","6586"
"2026-07-30","5","7599"
"2026-07-30","6","8698"
"2026-07-30","7","3092"
"2026-07-30","8","7202"
"2026-07-30","9","2768"
"2026-07-30","10","3397"
"2026-07-31","1","8591"
"2026-07-31","2","3391"
"2026-07-31","3","7203"
"2026-07-31","4","6586"
"2026-07-31","5","8698"
"2026-07-31","6","7599"
"2026-07-31","7","2146"
"2026-07-31","8","2768"
"2026-07-31","9","3092"
"2026-07-31","10","1959"
"2026-08-03","1","8591"
"2026-08-03","2","3391"
"2026-08-03","3","7203"
"2026-08-03","4","6586"
"2026-08-03","5","8698"
"2026-08-03","6","7599"
"2026-08-03","7","2146"
"2026-08-03","8","3092"
"2026-08-03","9","3387"
"2026-08-03","10","2768"
"2026-08-04","1","3391"
"2026-08-04","2","8591"
"2026-08-04","3","7203"
"2026-08-04","4","6586"
"2026-08-04","5","8698"
"2026-08-04","6","7599"
"2026-08-04","7","2146"
"2026-08-04","8","3387"
"2026-08-04","9","8020"
"2026-08-04","10","3092"
"2026-08-05","1","3391"
"2026-08-05","2","8591"
"2026-08-05","3","7203"
"2026-08-05","4","6586"
"2026-08-05","5","8698"
"2026-08-05","6","7599"
"2026-08-05","7","2146"
"2026-08-05","8","3387"
"2026-08-05","9","3397"
"2026-08-05","10","8020"
"2026-08-06","1","3391"
"2026-08-06","2","8591"
"2026-08-06","3","7203"
"2026-08-06","4","6586"
"2026-08-06","5","2146"
"2026-08-06","6","7599"
"2026-08-06","7","3387"
"2026-08-06","8","8698"
"2026-08-06","9","3397"
"2026-08-06","10","3092"
"2026-08-07","1","3391"
"2026-08-07","2","8591"
"2026-08-07","3","7203"
"2026-08-07","4","6586"
"2026-08-07","5","2146"
"2026-08-07","6","3387"
"2026-08-07","7","7599"
"2026-08-07","8","8698"
"2026-08-07","9","3397"
"2026-08-07","10","9506"
"2026-08-10","1","3391"
"2026-08-10","2","8591"
"2026-08-10","3","7203"
"2026-08-10","4","6586"
"2026-08-10","5","2146"
"2026-08-10","6","7599"
"2026-08-10","7","8698"
"2026-08-10","8","3387"
"2026-08-10","9","3397"
"2026-08-10","10","9506"
"2026-08-12","1","3391"
"2026-08-12","2","8591"
"2026-08-12","3","7203"
"2026-08-12","4","2146"
"2026-08-12","5","8698"
"2026-08-12","6","7599"
"2026-08-12","7","3397"
"2026-08-12","8","3387"
"2026-08-12","9","6586"
"2026-08-12","10","4768"
"2026-08-13","1","8591"
"2026-08-13","2","3391"
"2026-08-13","3","7203"
"2026-08-13","4","2146"
"2026-08-13","5","7599"
"2026-08-13","6","8698"
"2026-08-13","7","3397"
"2026-08-13","8","6586"
"2026-08-13","9","3387"
"2026-08-13","10","5021"
"2026-08-14","1","8591"
"2026-08-14","2","3391"
"2026-08-14","3","7203"
"2026-08-14","4","2146"
"2026-08-14","5","7599"
"2026-08-14","6","3397"
"2026-08-14","7","8698"
"2026-08-14","8","6586"
"2026-08-14","9","5021"
"2026-08-14","10","3387"
"2026-08-17","1","8591"
"2026-08-17","2","3391"
"2026-08-17","3","7203"
"2026-08-17","4","2146"
"2026-08-17","5","7599"
"2026-08-17","6","3397"
"2026-08-17","7","8698"
"2026-08-17","8","6586"
"2026-08-17","9","3387"
"2026-08-17","10","5021"
"2026-08-18","1","8591"
"2026-08-18","2","3391"
"2026-08-18","3","7203"
"2026-08-18","4","2146"
"2026-08-18","5","3397"
"2026-08-18","6","6586"
"2026-08-18","7","3387"
"2026-08-18","8","8698"
"2026-08-18","9","8331"
"2026-08-18","10","5021"
"2026-08-19","1","8591"
"2026-08-19","2","3391"
"2026-08-19","3","7203"
"2026-08-19","4","7599"
"2026-08-19","5","2146"
"2026-08-19","6","6586"
"2026-08-19","7","3397"
"2026-08-19","8","3387"
"2026-08-19","9","8331"
"2026-08-19","10","8795"
"2026-08-20","1","3391"
"2026-08-20","2","8591"
"2026-08-20","3","7203"
"2026-08-20","4","7599"
"2026-08-20","5","2146"
"2026-08-20","6","6586"
"2026-08-20","7","3397"
"2026-08-20","8","3387"
"2026-08-20","9","5021"
"2026-08-20","10","8331"
"2026-08-21","1","3391"
"2026-08-21","2","8591"
"2026-08-21","3","7203"
"2026-08-21","4","7599"
"2026-08-21","5","2146"
"2026-08-21","6","6586"
"2026-08-21","7","3397"
"2026-08-21","8","3387"
"2026-08-21","9","9684"
"2026-08-21","10","5021"
"2026-08-24","1","3391"
"2026-08-24","2","8591"
"2026-08-24","3","7203"
"2026-08-24","4","7599"
"2026-08-24","5","2146"
"2026-08-24","6","6586"
"2026-08-24","7","3397"
"2026-08-24","8","3387"
"2026-08-24","9","9684"
"2026-08-24","10","5021"
"2026-08-25","1","3391"
"2026-08-25","2","8591"
"2026-08-25","3","7203"
"2026-08-25","4","3397"
"2026-08-25","5","7599"
"2026-08-25","6","2146"
"2026-08-25","7","6586"
"2026-08-25","8","5021"
"2026-08-25","9","8698"
"2026-08-25","10","9684"
"2026-08-26","1","3391"
"2026-08-26","2","8591"
"2026-08-26","3","7203"
"2026-08-26","4","3397"
"2026-08-26","5","7599"
"2026-08-26","6","2146"
"2026-08-26","7","6586"
"2026-08-26","8","8331"
"2026-08-26","9","5021"
"2026-08-26","10","9684"
"2026-08-27","1","3391"
"2026-08-27","2","8591"
"2026-08-27","3","7203"
"2026-08-27","4","3397"
"2026-08-27","5","7599"
"2026-08-27","6","2146"
"2026-08-27","7","6586"
"2026-08-27","8","5021"
"2026-08-27","9","8331"
"2026-08-27","10","3387"
"2026-08-28","1","3391"
"2026-08-28","2","8591"
"2026-08-28","3","7203"
"2026-08-28","4","7599"
"2026-08-28","5","3397"
"2026-08-28","6","2146"
"2026-08-28","7","6586"
"2026-08-28","8","5021"
"2026-08-28","9","3387"
"2026-08-28","10","8331"
"2026-08-31","1","3391"
"2026-08-31","2","8591"
"2026-08-31","3","7203"
"2026-08-31","4","7599"
"2026-08-31","5","3397"
"2026-08-31","6","2146"
"2026-08-31","7","6586"
"2026-08-31","8","5021"
"2026-08-31","9","3387"
"2026-08-31","10","8331"
"2026-09-01","1","3391"
"2026-09-01","2","8591"
"2026-09-01","3","7203"
"2026-09-01","4","7599"
"2026-09-01","5","3397"
"2026-09-01","6","2146"
"2026-09-01","7","6586"
"2026-09-01","8","5021"
"2026-09-01","9","9684"
"2026-09-01","10","8698"
"2026-09-02","1","3391"
"2026-09-02","2","8591"
"2026-09-02","3","7203"
"2026-09-02","4","7599"
"2026-09-02","5","3397"
"2026-09-02","6","5021"
"2026-09-02","7","2146"
"2026-09-02","8","6586"
"2026-09-02","9","9684"
"2026-09-02","10","8698"
"2026-09-03","1","3391"
"2026-09-03","2","8591"
"2026-09-03","3","7599"
"2026-09-03","4","7203"
"2026-09-03","5","3397"
"2026-09-03","6","5021"
"2026-09-03","7","2146"
"2026-09-03","8","9684"
"2026-09-03","9","6586"
"2026-09-03","10","8698"
"2026-09-04","1","3391"
"2026-09-04","2","8591"
"2026-09-04","3","7203"
"2026-09-04","4","7599"
"2026-09-04","5","3397"
"2026-09-04","6","5021"
"2026-09-04","7","9684"
"2026-09-04","8","2146"
"2026-09-04","9","6586"
"2026-09-04","10","8331"
"2026-09-07","1","3391"
"2026-09-07","2","8591"
"2026-09-07","3","7599"
"2026-09-07","4","7203"
"2026-09-07","5","5021"
"2026-09-07","6","3397"
"2026-09-07","7","6586"
"2026-09-07","8","2146"
"2026-09-07","9","9684"
"2026-09-07","10","8331"
"2026-09-08","1","3391"
"2026-09-08","2","8591"
"2026-09-08","3","7599"
"2026-09-08","4","7203"
"2026-09-08","5","5021"
"2026-09-08","6","3397"
"2026-09-08","7","6586"
"2026-09-08","8","2146"
"2026-09-08","9","9684"
"2026-09-08","10","8331"
"2026-09-09","1","6544"
"2026-09-09","2","3391"
"2026-09-09","3","8591"
"2026-09-09","4","7599"
"2026-09-09","5","7203"
"2026-09-09","6","5021"
"2026-09-09","7","3397"
"2026-09-09","8","6586"
"2026-09-09","9","2146"
"2026-09-09","10","9684"
"2026-09-10","1","6544"
"2026-09-10","2","3391"
"2026-09-10","3","8591"
"2026-09-10","4","7599"
"2026-09-10","5","5021"
"2026-09-10","6","7203"
"2026-09-10","7","3397"
"2026-09-10","8","6586"
"2026-09-10","9","2146"
"2026-09-10","10","9684"
"2026-09-11","1","6544"
"2026-09-11","2","3391"
"2026-09-11","3","8591"
"2026-09-11","4","7599"
"2026-09-11","5","5021"
"2026-09-11","6","7203"
"2026-09-11","7","3397"
"2026-09-11","8","2146"
"2026-09-11","9","9684"
"2026-09-11","10","6586"
"2026-09-14","1","3391"
"2026-09-14","2","8591"
"2026-09-14","3","7599"
"2026-09-14","4","5021"
"2026-09-14","5","7203"
"2026-09-14","6","3397"
"2026-09-14","7","2146"
"2026-09-14","8","9684"
"2026-09-14","9","6586"
"2026-09-14","10","5020"
"2026-09-15","1","3391"
"2026-09-15","2","8591"
"2026-09-15","3","7599"
"2026-09-15","4","5021"
"2026-09-15","5","3397"
"2026-09-15","6","7203"
"2026-09-15","7","2146"
"2026-09-15","8","9684"
"2026-09-15","9","6586"
"2026-09-15","10","5020"
