"date","rank","code","weight"
"2025-12-01","1","6740","1"
"2025-12-01","2","4784","1"
"2025-12-01","3","4506","1"
"2025-12-01","4","2413","1"
"2025-12-01","5","5262","1"
"2025-12-01","6","4390","1"
"2025-12-01","7","2325","1"
"2025-12-01","8","3853","1"
"2025-12-01","9","3687","1"
"2025-12-01","10","2585","1"
"2025-12-01","11","4848","1"
"2025-12-01","12","4765","1"
"2025-12-01","13","4886","1"
"2025-12-01","14","4507","1"
"2025-12-01","15","4362","1"
"2025-12-01","16","9332","1"
"2025-12-01","17","8137","1"
"2025-12-01","18","4901","1"
"2025-12-01","19","4503","1"
"2025-12-01","20","8020","1"
"2025-12-02","1","6740","1"
"2025-12-02","2","4784","1"
"2025-12-02","3","4506","1"
"2025-12-02","4","2413","1"
"2025-12-02","5","5262","1"
"2025-12-02","6","4390","1"
"2025-12-02","7","2325","1"
"2025-12-02","8","3853","1"
"2025-12-02","9","3687","1"
"2025-12-02","10","2585","1"
"2025-12-02","11","4848","1"
"2025-12-02","12","4765","1"
"2025-12-02","13","4886","1"
"2025-12-02","14","4507","1"
"2025-12-02","15","9332","1"
"2025-12-02","16","4362","1"
"2025-12-02","17","8137","1"
"2025-12-02","18","4901","1"
"2025-12-02","19","4204","1"
"2025-12-02","20","8020","1"
"2025-12-03","1","6740","1"
"2025-12-03","2","4784","1"
"2025-12-03","3","2413","1"
"2025-12-03","4","5262","1"
"2025-12-03","5","4506","1"
"2025-12-03","6","2325","1"
"2025-12-03","7","4390","1"
"2025-12-03","8","3853","1"
"2025-12-03","9","3687","1"
"2025-12-03","10","4933","1"
"2025-12-03","11","4848","1"
"2025-12-03","12","4765","1"
"2025-12-03","13","4886","1"
"2025-12-03","14","4507","1"
"2025-12-03","15","9332","1"
"2025-12-03","16","4362","1"
"2025-12-03","17","4901","1"
"2025-12-03","18","6413","1"
"2025-12-03","19","8020","1"
"2025-12-03","20","6367","1"
"2025-12-04","1","6740","1"
"2025-12-04","2","4784","1"
"2025-12-04","3","4506","1"
"2025-12-04","4","2413","1"
"2025-12-04","5","5262","1"
"2025-12-04","6","2325","1"
"2025-12-04","7","4390","1"
"2025-12-04","8","3853","1"
"2025-12-04","9","2585","1"
"2025-12-04","10","4933","1"
"2025-12-04","11","4848","1"
"2025-12-04","12","4765","1"
"2025-12-04","13","4507","1"
"2025-12-04","14","9332","1"
"2025-12-04","15","4362","1"
"2025-12-04","16","4901","1"
"2025-12-04","17","6413","1"
"2025-12-04","18","8020","1"
"2025-12-04","19","9104","1"
"2025-12-04","20","4204","1"
"2025-12-05","1","6740","1"
"2025-12-05","2","4784","1"
"2025-12-05","3","2413","1"
"2025-12-05","4","4506","1"
"2025-12-05","5","5262","1"
"2025-12-05","6","4390","1"
"2025-12-05","7","2325","1"
"2025-12-05","8","3853","1"
"2025-12-05","9","2585","1"
"2025-12-05","10","268A","1"
"2025-12-05","11","4848","1"
"2025-12-05","12","4765","1"
"2025-12-05","13","4507","1"
"2025-12-05","14","9332","1"
"2025-12-05","15","4362","1"
"2025-12-05","16","8020","1"
"2025-12-05","17","4901","1"
"2025-12-05","18","6413","1"
"2025-12-05","19","6367","1"
"2025-12-05","20","8095","1"
"2025-12-08","1","6740","1"
"2025-12-08","2","4784","1"
"2025-12-08","3","2413","1"
"2025-12-08","4","4506","1"
"2025-12-08","5","5262","1"
"2025-12-08","6","268A","1"
"2025-12-08","7","4390","1"
"2025-12-08","8","3853","1"
"2025-12-08","9","2325","1"
"2025-12-08","10","3687","1"
"2025-12-08","11","4848","1"
"2025-12-08","12","4765","1"
"2025-12-08","13","4507","1"
"2025-12-08","14","9332","1"
"2025-12-08","15","4362","1"
"2025-12-08","16","8020","1"
"2025-12-08","17","8095","1"
"2025-12-08","18","4901","1"
"2025-12-08","19","6413","1"
"2025-12-08","20","4503","1"
"2025-12-09","1","6740","1"
"2025-12-09","2","4784","1"
"2025-12-09","3","2413","1"
"2025-12-09","4","4506","1"
"2025-12-09","5","5262","1"
"2025-12-09","6","3853","1"
"2025-12-09","7","4390","1"
"2025-12-09","8","2325","1"
"2025-12-09","9","2585","1"
"2025-12-09","10","268A","1"
"2025-12-09","11","4848","1"
"2025-12-09","12","4765","1"
"2025-12-09","13","4507","1"
"2025-12-09","14","9332","1"
"2025-12-09","15","4362","1"
"2025-12-09","16","8020","1"
"2025-12-09","17","8095","1"
"2025-12-09","18","2229","1"
"2025-12-09","19","4503","1"
"2025-12-09","20","6413","1"
"2025-12-10","1","6740","1"
"2025-12-10","2","4784","1"
"2025-12-10","3","2413","1"
"2025-12-10","4","4506","1"
"2025-12-10","5","5262","1"
"2025-12-10","6","4390","1"
"2025-12-10","7","2325","1"
"2025-12-10","8","3853","1"
"2025-12-10","9","268A","1"
"2025-12-10","10","2585","1"
"2025-12-10","11","4848","1"
"2025-12-10","12","4765","1"
"2025-12-10","13","4507","1"
"2025-12-10","14","4362","1"
"2025-12-10","15","8020","1"
"2025-12-10","16","8095","1"
"2025-12-10","17","4503","1"
"2025-12-10","18","2229","1"
"2025-12-10","19","6413","1"
"2025-12-10","20","4901","1"
"2025-12-11","1","6740","1"
"2025-12-11","2","4784","1"
"2025-12-11","3","2413","1"
"2025-12-11","4","3853","1"
"2025-12-11","5","4506","1"
"2025-12-11","6","5262","1"
"2025-12-11","7","2325","1"
"2025-12-11","8","4390","1"
"2025-12-11","9","268A","1"
"2025-12-11","10","2585","1"
"2025-12-11","11","4848","1"
"2025-12-11","12","4765","1"
"2025-12-11","13","8015","1"
"2025-12-11","14","4507","1"
"2025-12-11","15","4362","1"
"2025-12-11","16","8020","1"
"2025-12-11","17","8095","1"
"2025-12-11","18","4503","1"
"2025-12-11","19","6413","1"
"2025-12-11","20","2229","1"
"2025-12-12","1","6740","1"
"2025-12-12","2","4784","1"
"2025-12-12","3","2413","1"
"2025-12-12","4","4506","1"
"2025-12-12","5","5262","1"
"2025-12-12","6","3853","1"
"2025-12-12","7","2325","1"
"2025-12-12","8","268A","1"
"2025-12-12","9","4390","1"
"2025-12-12","10","2585","1"
"2025-12-12","11","4848","1"
"2025-12-12","12","4765","1"
"2025-12-12","13","8015","1"
"2025-12-12","14","4507","1"
"2025-12-12","15","4362","1"
"2025-12-12","16","8020","1"
"2025-12-12","17","6413","1"
"2025-12-12","18","8095","1"
"2025-12-12","19","4503","1"
"2025-12-12","20","8923","1"
"2025-12-15","1","6740","1"
"2025-12-15","2","4784","1"
"2025-12-15","3","2413","1"
"2025-12-15","4","4506","1"
"2025-12-15","5","2325","1"
"2025-12-15","6","5262","1"
"2025-12-15","7","3853","1"
"2025-12-15","8","268A","1"
"2025-12-15","9","4390","1"
"2025-12-15","10","3687","1"
"2025-12-15","11","4848","1"
"2025-12-15","12","4765","1"
"2025-12-15","13","4507","1"
"2025-12-15","14","4362","1"
"2025-12-15","15","8137","1"
"2025-12-15","16","8020","1"
"2025-12-15","17","4503","1"
"2025-12-15","18","2229","1"
"2025-12-15","19","6413","1"
"2025-12-15","20","8095","1"
"2025-12-16","1","6740","1"
"2025-12-16","2","4784","1"
"2025-12-16","3","2413","1"
"2025-12-16","4","4506","1"
"2025-12-16","5","3853","1"
"2025-12-16","6","5262","1"
"2025-12-16","7","2325","1"
"2025-12-16","8","268A","1"
"2025-12-16","9","4390","1"
"2025-12-16","10","3687","1"
"2025-12-16","11","4848","1"
"2025-12-16","12","4765","1"
"2025-12-16","13","4507","1"
"2025-12-16","14","4362","1"
"2025-12-16","15","8137","1"
"2025-12-16","16","8020","1"
"2025-12-16","17","4503","1"
"2025-12-16","18","2229","1"
"2025-12-16","19","6413","1"
"2025-12-16","20","8095","1"
"2025-12-17","1","6740","1"
"2025-12-17","2","4784","1"
"2025-12-17","3","2413","1"
"2025-12-17","4","4506","1"
"2025-12-17","5","5262","1"
"2025-12-17","6","3853","1"
"2025-12-17","7","2325","1"
"2025-12-17","8","268A","1"
"2025-12-17","9","3687","1"
"2025-12-17","10","2585","1"
"2025-12-17","11","4848","1"
"2025-12-17","12","4765","1"
"2025-12-17","13","4507","1"
"2025-12-17","14","4362","1"
"2025-12-17","15","8137","1"
"2025-12-17","16","8020","1"
"2025-12-17","17","4503","1"
"2025-12-17","18","6413","1"
"2025-12-17","19","2229","1"
"2025-12-17","20","6367","1"
"2025-12-18","1","6740","1"
"2025-12-18","2","4784","1"
"2025-12-18","3","2413","1"
"2025-12-18","4","4506","1"
"2025-12-18","5","5262","1"
"2025-12-18","6","3853","1"
"2025-12-18","7","2325","1"
"2025-12-18","8","268A","1"
"2025-12-18","9","3687","1"
"2025-12-18","10","2585","1"
"2025-12-18","11","4848","1"
"2025-12-18","12","4765","1"
"2025-12-18","13","4507","1"
"2025-12-18","14","4362","1"
"2025-12-18","15","8137","1"
"2025-12-18","16","4503","1"
"2025-12-18","17","8020","1"
"2025-12-18","18","2229","1"
"2025-12-18","19","6413","1"
"2025-12-18","20","3092","1"
"2025-12-19","1","6740","1"
"2025-12-19","2","4784","1"
"2025-12-19","3","2413","1"
"2025-12-19","4","4506","1"
"2025-12-19","5","5262","1"
"2025-12-19","6","3853","1"
"2025-12-19","7","2325","1"
"2025-12-19","8","2585","1"
"2025-12-19","9","3687","1"
"2025-12-19","10","268A","1"
"2025-12-19","11","4848","1"
"2025-12-19","12","4765","1"
"2025-12-19","13","4507","1"
"2025-12-19","14","4362","1"
"2025-12-19","15","8137","1"
"2025-12-19","16","4503","1"
"2025-12-19","17","8020","1"
"2025-12-19","18","2229","1"
"2025-12-19","19","3092","1"
"2025-12-19","20","3612","1"
"2025-12-22","1","6740","1"
"2025-12-22","2","4784","1"
"2025-12-22","3","2413","1"
"2025-12-22","4","4506","1"
"2025-12-22","5","2325","1"
"2025-12-22","6","3853","1"
"2025-12-22","7","5262","1"
"2025-12-22","8","3687","1"
"2025-12-22","9","2585","1"
"2025-12-22","10","4390","1"
"2025-12-22","11","4848","1"
"2025-12-22","12","4765","1"
"2025-12-22","13","4507","1"
"2025-12-22","14","4362","1"
"2025-12-22","15","8137","1"
"2025-12-22","16","4503","1"
"2025-12-22","17","9304","1"
"2025-12-22","18","8020","1"
"2025-12-22","19","2229","1"
"2025-12-22","20","3092","1"
"2025-12-23","1","6740","1"
"2025-12-23","2","4784","1"
"2025-12-23","3","2413","1"
"2025-12-23","4","4506","1"
"2025-12-23","5","2325","1"
"2025-12-23","6","3853","1"
"2025-12-23","7","5262","1"
"2025-12-23","8","2585","1"
"2025-12-23","9","3687","1"
"2025-12-23","10","268A","1"
"2025-12-23","11","4848","1"
"2025-12-23","12","4765","1"
"2025-12-23","13","4886","1"
"2025-12-23","14","4507","1"
"2025-12-23","15","4362","1"
"2025-12-23","16","8137","1"
"2025-12-23","17","4503","1"
"2025-12-23","18","8020","1"
"2025-12-23","19","2229","1"
"2025-12-23","20","9304","1"
"2025-12-24","1","6740","1"
"2025-12-24","2","4784","1"
"2025-12-24","3","2413","1"
"2025-12-24","4","4506","1"
"2025-12-24","5","2325","1"
"2025-12-24","6","3853","1"
"2025-12-24","7","3687","1"
"2025-12-24","8","5262","1"
"2025-12-24","9","2585","1"
"2025-12-24","10","3697","1"
"2025-12-24","11","4848","1"
"2025-12-24","12","4765","1"
"2025-12-24","13","4886","1"
"2025-12-24","14","4362","1"
"2025-12-24","15","4507","1"
"2025-12-24","16","4503","1"
"2025-12-24","17","8137","1"
"2025-12-24","18","2229","1"
"2025-12-24","19","8020","1"
"2025-12-24","20","3612","1"
"2025-12-25","1","6740","1"
"2025-12-25","2","4784","1"
"2025-12-25","3","2413","1"
"2025-12-25","4","4506","1"
"2025-12-25","5","2325","1"
"2025-12-25","6","3853","1"
"2025-12-25","7","3687","1"
"2025-12-25","8","5262","1"
"2025-12-25","9","2585","1"
"2025-12-25","10","4933","1"
"2025-12-25","11","4848","1"
"2025-12-25","12","4886","1"
"2025-12-25","13","4765","1"
"2025-12-25","14","4507","1"
"2025-12-25","15","4362","1"
"2025-12-25","16","4503","1"
"2025-12-25","17","2229","1"
"2025-12-25","18","8137","1"
"2025-12-25","19","8020","1"
"2025-12-25","20","3612","1"
"2025-12-26","1","6740","1"
"2025-12-26","2","4784","1"
"2025-12-26","3","2413","1"
"2025-12-26","4","4506","1"
"2025-12-26","5","3853","1"
"2025-12-26","6","2325","1"
"2025-12-26","7","5262","1"
"2025-12-26","8","2585","1"
"2025-12-26","9","3687","1"
"2025-12-26","10","4933","1"
"2025-12-26","11","4848","1"
"2025-12-26","12","4765","1"
"2025-12-26","13","4507","1"
"2025-12-26","14","4362","1"
"2025-12-26","15","4503","1"
"2025-12-26","16","8137","1"
"2025-12-26","17","2229","1"
"2025-12-26","18","8020","1"
"2025-12-26","19","3612","1"
"2025-12-26","20","9304","1"
"2025-12-29","1","6740","1"
"2025-12-29","2","4784","1"
"2025-12-29","3","2413","1"
"2025-12-29","4","4506","1"
"2025-12-29","5","3853","1"
"2025-12-29","6","2325","1"
"2025-12-29","7","2585","1"
"2025-12-29","8","5262","1"
"2025-12-29","9","3687","1"
"2025-12-29","10","3697","1"
"2025-12-29","11","4848","1"
"2025-12-29","12","4886","1"
"2025-12-29","13","4765","1"
"2025-12-29","14","4507","1"
"2025-12-29","15","4362","1"
"2025-12-29","16","4503","1"
"2025-12-29","17","6078","1"
"2025-12-29","18","8137","1"
"2025-12-29","19","3092","1"
"2025-12-29","20","2229","1"
"2025-12-30","1","6740","1"
"2025-12-30","2","4784","1"
"2025-12-30","3","2413","1"
"2025-12-30","4","4506","1"
"2025-12-30","5","3853","1"
"2025-12-30","6","2325","1"
"2025-12-30","7","5262","1"
"2025-12-30","8","2585","1"
"2025-12-30","9","3687","1"
"2025-12-30","10","3697","1"
"2025-12-30","11","4765","1"
"2025-12-30","12","4848","1"
"2025-12-30","13","4886","1"
"2025-12-30","14","4507","1"
"2025-12-30","15","4362","1"
"2025-12-30","16","4503","1"
"2025-12-30","17","6078","1"
"2025-12-30","18","8137","1"
"2025-12-30","19","2229","1"
"2025-12-30","20","3612","1"
"2026-01-05","1","6740","1"
"2026-01-05","2","4784","1"
"2026-01-05","3","2413","1"
"2026-01-05","4","3853","1"
"2026-01-05","5","4506","1"
"2026-01-05","6","2585","1"
"2026-01-05","7","2325","1"
"2026-01-05","8","5262","1"
"2026-01-05","9","3697","1"
"2026-01-05","10","3687","1"
"2026-01-05","11","4848","1"
"2026-01-05","12","4765","1"
"2026-01-05","13","4507","1"
"2026-01-05","14","4362","1"
"2026-01-05","15","4503","1"
"2026-01-05","16","6078","1"
"2026-01-05","17","8137","1"
"2026-01-05","18","3612","1"
"2026-01-05","19","4901","1"
"2026-01-05","20","6367","1"
"2026-01-06","1","6740","1"
"2026-01-06","2","4784","1"
"2026-01-06","3","2413","1"
"2026-01-06","4","3853","1"
"2026-01-06","5","4506","1"
"2026-01-06","6","2585","1"
"2026-01-06","7","2325","1"
"2026-01-06","8","5262","1"
"2026-01-06","9","3697","1"
"2026-01-06","10","3687","1"
"2026-01-06","11","4848","1"
"2026-01-06","12","4765","1"
"2026-01-06","13","4507","1"
"2026-01-06","14","6078","1"
"2026-01-06","15","4362","1"
"2026-01-06","16","4503","1"
"2026-01-06","17","8137","1"
"2026-01-06","18","6367","1"
"2026-01-06","19","3612","1"
"2026-01-06","20","4901","1"
"2026-01-07","1","6740","1"
"2026-01-07","2","4784","1"
"2026-01-07","3","2413","1"
"2026-01-07","4","3853","1"
"2026-01-07","5","2585","1"
"2026-01-07","6","2325","1"
"2026-01-07","7","4506","1"
"2026-01-07","8","5262","1"
"2026-01-07","9","3697","1"
"2026-01-07","10","268A","1"
"2026-01-07","11","4848","1"
"2026-01-07","12","4765","1"
"2026-01-07","13","4886","1"
"2026-01-07","14","6078","1"
"2026-01-07","15","4507","1"
"2026-01-07","16","4362","1"
"2026-01-07","17","4503","1"
"2026-01-07","18","8137","1"
"2026-01-07","19","6367","1"
"2026-01-07","20","3612","1"
"2026-01-08","1","6740","1"
"2026-01-08","2","4784","1"
"2026-01-08","3","2413","1"
"2026-01-08","4","3853","1"
"2026-01-08","5","2325","1"
"2026-01-08","6","2585","1"
"2026-01-08","7","5262","1"
"2026-01-08","8","4506","1"
"2026-01-08","9","3687","1"
"2026-01-08","10","268A","1"
"2026-01-08","11","4765","1"
"2026-01-08","12","4848","1"
"2026-01-08","13","4886","1"
"2026-01-08","14","4507","1"
"2026-01-08","15","4611","1"
"2026-01-08","16","6078","1"
"2026-01-08","17","4362","1"
"2026-01-08","18","8137","1"
"2026-01-08","19","4503","1"
"2026-01-08","20","6367","1"
"2026-01-09","1","6740","1"
"2026-01-09","2","4784","1"
"2026-01-09","3","2413","1"
"2026-01-09","4","3853","1"
"2026-01-09","5","2325","1"
"2026-01-09","6","2585","1"
"2026-01-09","7","5262","1"
"2026-01-09","8","4506","1"
"2026-01-09","9","268A","1"
"2026-01-09","10","3687","1"
"2026-01-09","11","4765","1"
"2026-01-09","12","4848","1"
"2026-01-09","13","4886","1"
"2026-01-09","14","4507","1"
"2026-01-09","15","4362","1"
"2026-01-09","16","4611","1"
"2026-01-09","17","8137","1"
"2026-01-09","18","6078","1"
"2026-01-09","19","6367","1"
"2026-01-09","20","3612","1"
"2026-01-13","1","6740","1"
"2026-01-13","2","4784","1"
"2026-01-13","3","2413","1"
"2026-01-13","4","3853","1"
"2026-01-13","5","2325","1"
"2026-01-13","6","5262","1"
"2026-01-13","7","2585","1"
"2026-01-13","8","3687","1"
"2026-01-13","9","4506","1"
"2026-01-13","10","268A","1"
"2026-01-13","11","4765","1"
"2026-01-13","12","4848","1"
"2026-01-13","13","4886","1"
"2026-01-13","14","4507","1"
"2026-01-13","15","4611","1"
"2026-01-13","16","8137","1"
"2026-01-13","17","3612","1"
"2026-01-13","18","6367","1"
"2026-01-13","19","6078","1"
"2026-01-13","20","4901","1"
"2026-01-14","1","6740","1"
"2026-01-14","2","4784","1"
"2026-01-14","3","2413","1"
"2026-01-14","4","3853","1"
"2026-01-14","5","2325","1"
"2026-01-14","6","3687","1"
"2026-01-14","7","4082","1"
"2026-01-14","8","2585","1"
"2026-01-14","9","5262","1"
"2026-01-14","10","4506","1"
"2026-01-14","11","4765","1"
"2026-01-14","12","4886","1"
"2026-01-14","13","4848","1"
"2026-01-14","14","4507","1"
"2026-01-14","15","6367","1"
"2026-01-14","16","4611","1"
"2026-01-14","17","3612","1"
"2026-01-14","18","8923","1"
"2026-01-14","19","6078","1"
"2026-01-14","20","4901","1"
"2026-01-15","1","6740","1"
"2026-01-15","2","4784","1"
"2026-01-15","3","2413","1"
"2026-01-15","4","3853","1"
"2026-01-15","5","2325","1"
"2026-01-15","6","4082","1"
"2026-01-15","7","2585","1"
"2026-01-15","8","5262","1"
"2026-01-15","9","4506","1"
"2026-01-15","10","268A","1"
"2026-01-15","11","4886","1"
"2026-01-15","12","4765","1"
"2026-01-15","13","4848","1"
"2026-01-15","14","4507","1"
"2026-01-15","15","6367","1"
"2026-01-15","16","8923","1"
"2026-01-15","17","3612","1"
"2026-01-15","18","4611","1"
"2026-01-15","19","4503","1"
"2026-01-15","20","4901","1"
"2026-01-16","1","6740","1"
"2026-01-16","2","4082","1"
"2026-01-16","3","4784","1"
"2026-01-16","4","2413","1"
"2026-01-16","5","2325","1"
"2026-01-16","6","5262","1"
"2026-01-16","7","3853","1"
"2026-01-16","8","2585","1"
"2026-01-16","9","4506","1"
"2026-01-16","10","268A","1"
"2026-01-16","11","4765","1"
"2026-01-16","12","4886","1"
"2026-01-16","13","4848","1"
"2026-01-16","14","4507","1"
"2026-01-16","15","8923","1"
"2026-01-16","16","6367","1"
"2026-01-16","17","4503","1"
"2026-01-16","18","3612","1"
"2026-01-16","19","4611","1"
"2026-01-16","20","4901","1"
"2026-01-19","1","6740","1"
"2026-01-19","2","4784","1"
"2026-01-19","3","4082","1"
"2026-01-19","4","2413","1"
"2026-01-19","5","2325","1"
"2026-01-19","6","3853","1"
"2026-01-19","7","5262","1"
"2026-01-19","8","4506","1"
"2026-01-19","9","268A","1"
"2026-01-19","10","2585","1"
"2026-01-19","11","4886","1"
"2026-01-19","12","4765","1"
"2026-01-19","13","4848","1"
"2026-01-19","14","4507","1"
"2026-01-19","15","8923","1"
"2026-01-19","16","6367","1"
"2026-01-19","17","4611","1"
"2026-01-19","18","3612","1"
"2026-01-19","19","4503","1"
"2026-01-19","20","4901","1"
"2026-01-20","1","6740","1"
"2026-01-20","2","4082","1"
"2026-01-20","3","4784","1"
"2026-01-20","4","2413","1"
"2026-01-20","5","5262","1"
"2026-01-20","6","2325","1"
"2026-01-20","7","4506","1"
"2026-01-20","8","3687","1"
"2026-01-20","9","268A","1"
"2026-01-20","10","277A","1"
"2026-01-20","11","4886","1"
"2026-01-20","12","4765","1"
"2026-01-20","13","4848","1"
"2026-01-20","14","4507","1"
"2026-01-20","15","8923","1"
"2026-01-20","16","4611","1"
"2026-01-20","17","6367","1"
"2026-01-20","18","4503","1"
"2026-01-20","19","4901","1"
"2026-01-20","20","6078","1"
"2026-01-21","1","6740","1"
"2026-01-21","2","4082","1"
"2026-01-21","3","4784","1"
"2026-01-21","4","2413","1"
"2026-01-21","5","5262","1"
"2026-01-21","6","3687","1"
"2026-01-21","7","2325","1"
"2026-01-21","8","4506","1"
"2026-01-21","9","277A","1"
"2026-01-21","10","3697","1"
"2026-01-21","11","4886","1"
"2026-01-21","12","4848","1"
"2026-01-21","13","4765","1"
"2026-01-21","14","8923","1"
"2026-01-21","15","4507","1"
"2026-01-21","16","4611","1"
"2026-01-21","17","6078","1"
"2026-01-21","18","4763","1"
"2026-01-21","19","4362","1"
"2026-01-21","20","4901","1"
"2026-01-22","1","6740","1"
"2026-01-22","2","4082","1"
"2026-01-22","3","4784","1"
"2026-01-22","4","2413","1"
"2026-01-22","5","3687","1"
"2026-01-22","6","5262","1"
"2026-01-22","7","2325","1"
"2026-01-22","8","4506","1"
"2026-01-22","9","277A","1"
"2026-01-22","10","3697","1"
"2026-01-22","11","4886","1"
"2026-01-22","12","4848","1"
"2026-01-22","13","4765","1"
"2026-01-22","14","4507","1"
"2026-01-22","15","8923","1"
"2026-01-22","16","6078","1"
"2026-01-22","17","2935","1"
"2026-01-22","18","6367","1"
"2026-01-22","19","4611","1"
"2026-01-22","20","4503","1"
"2026-01-23","1","6740","1"
"2026-01-23","2","4082","1"
"2026-01-23","3","4784","1"
"2026-01-23","4","2413","1"
"2026-01-23","5","2325","1"
"2026-01-23","6","3687","1"
"2026-01-23","7","5262","1"
"2026-01-23","8","4506","1"
"2026-01-23","9","277A","1"
"2026-01-23","10","268A","1"
"2026-01-23","11","4886","1"
"2026-01-23","12","4848","1"
"2026-01-23","13","4765","1"
"2026-01-23","14","8923","1"
"2026-01-23","15","6078","1"
"2026-01-23","16","4507","1"
"2026-01-23","17","2935","1"
"2026-01-23","18","6367","1"
"2026-01-23","19","4611","1"
"2026-01-23","20","4432","1"
"2026-01-26","1","6740","1"
"2026-01-26","2","4784","1"
"2026-01-26","3","4082","1"
"2026-01-26","4","2413","1"
"2026-01-26","5","5262","1"
"2026-01-26","6","2325","1"
"2026-01-26","7","3687","1"
"2026-01-26","8","277A","1"
"2026-01-26","9","4506","1"
"2026-01-26","10","2585","1"
"2026-01-26","11","4886","1"
"2026-01-26","12","4848","1"
"2026-01-26","13","4765","1"
"2026-01-26","14","8923","1"
"2026-01-26","15","2935","1"
"2026-01-26","16","6078","1"
"2026-01-26","17","4611","1"
"2026-01-26","18","3176","1"
"2026-01-26","19","6367","1"
"2026-01-26","20","4362","1"
"2026-01-27","1","6740","1"
"2026-01-27","2","4784","1"
"2026-01-27","3","4082","1"
"2026-01-27","4","2413","1"
"2026-01-27","5","5262","1"
"2026-01-27","6","277A","1"
"2026-01-27","7","2325","1"
"2026-01-27","8","3687","1"
"2026-01-27","9","4506","1"
"2026-01-27","10","2585","1"
"2026-01-27","11","4886","1"
"2026-01-27","12","4848","1"
"2026-01-27","13","4765","1"
"2026-01-27","14","8923","1"
"2026-01-27","15","2935","1"
"2026-01-27","16","3391","1"
"2026-01-27","17","4611","1"
"2026-01-27","18","3176","1"
"2026-01-27","19","4820","1"
"2026-01-27","20","4432","1"
"2026-01-28","1","6740","1"
"2026-01-28","2","4784","1"
"2026-01-28","3","4082","1"
"2026-01-28","4","2413","1"
"2026-01-28","5","5262","1"
"2026-01-28","6","2325","1"
"2026-01-28","7","277A","1"
"2026-01-28","8","3687","1"
"2026-01-28","9","4506","1"
"2026-01-28","10","2585","1"
"2026-01-28","11","4886","1"
"2026-01-28","12","4848","1"
"2026-01-28","13","4765","1"
"2026-01-28","14","8923","1"
"2026-01-28","15","6078","1"
"2026-01-28","16","2935","1"
"2026-01-28","17","8137","1"
"2026-01-28","18","3391","1"
"2026-01-28","19","6367","1"
"2026-01-28","20","4577","1"
"2026-01-29","1","6740","1"
"2026-01-29","2","4784","1"
"2026-01-29","3","4082","1"
"2026-01-29","4","2413","1"
"2026-01-29","5","277A","1"
"2026-01-29","6","5262","1"
"2026-01-29","7","2325","1"
"2026-01-29","8","4506","1"
"2026-01-29","9","3687","1"
"2026-01-29","10","2585","1"
"2026-01-29","11","4848","1"
"2026-01-29","12","4765","1"
"2026-01-29","13","4886","1"
"2026-01-29","14","7683","1"
"2026-01-29","15","8923","1"
"2026-01-29","16","8137","1"
"2026-01-29","17","3391","1"
"2026-01-29","18","2935","1"
"2026-01-29","19","4820","1"
"2026-01-29","20","6367","1"
"2026-01-30","1","6740","1"
"2026-01-30","2","4784","1"
"2026-01-30","3","4082","1"
"2026-01-30","4","2413","1"
"2026-01-30","5","277A","1"
"2026-01-30","6","5262","1"
"2026-01-30","7","2325","1"
"2026-01-30","8","3687","1"
"2026-01-30","9","4506","1"
"2026-01-30","10","2585","1"
"2026-01-30","11","4848","1"
"2026-01-30","12","4765","1"
"2026-01-30","13","7683","1"
"2026-01-30","14","8923","1"
"2026-01-30","15","8137","1"
"2026-01-30","16","4432","1"
"2026-01-30","17","3176","1"
"2026-01-30","18","3391","1"
"2026-01-30","19","4820","1"
"2026-01-30","20","6367","1"
"2026-02-02","1","6740","1"
"2026-02-02","2","4082","1"
"2026-02-02","3","4784","1"
"2026-02-02","4","2413","1"
"2026-02-02","5","5262","1"
"2026-02-02","6","277A","1"
"2026-02-02","7","3687","1"
"2026-02-02","8","2325","1"
"2026-02-02","9","4506","1"
"2026-02-02","10","6330","1"
"2026-02-02","11","4848","1"
"2026-02-02","12","3176","1"
"2026-02-02","13","4765","1"
"2026-02-02","14","7683","1"
"2026-02-02","15","8137","1"
"2026-02-02","16","8923","1"
"2026-02-02","17","3391","1"
"2026-02-02","18","4432","1"
"2026-02-02","19","4820","1"
"2026-02-02","20","4577","1"
"2026-02-03","1","6740","1"
"2026-02-03","2","4082","1"
"2026-02-03","3","4784","1"
"2026-02-03","4","2413","1"
"2026-02-03","5","5262","1"
"2026-02-03","6","4506","1"
"2026-02-03","7","277A","1"
"2026-02-03","8","6330","1"
"2026-02-03","9","3687","1"
"2026-02-03","10","2325","1"
"2026-02-03","11","3176","1"
"2026-02-03","12","4848","1"
"2026-02-03","13","4765","1"
"2026-02-03","14","8137","1"
"2026-02-03","15","8923","1"
"2026-02-03","16","3391","1"
"2026-02-03","17","4820","1"
"2026-02-03","18","4432","1"
"2026-02-03","19","4577","1"
"2026-02-03","20","4503","1"
"2026-02-04","1","6740","1"
"2026-02-04","2","4082","1"
"2026-02-04","3","4784","1"
"2026-02-04","4","2413","1"
"2026-02-04","5","277A","1"
"2026-02-04","6","5262","1"
"2026-02-04","7","6330","1"
"2026-02-04","8","2325","1"
"2026-02-04","9","3687","1"
"2026-02-04","10","4506","1"
"2026-02-04","11","3176","1"
"2026-02-04","12","4765","1"
"2026-02-04","13","4848","1"
"2026-02-04","14","8137","1"
"2026-02-04","15","3391","1"
"2026-02-04","16","4432","1"
"2026-02-04","17","8923","1"
"2026-02-04","18","4820","1"
"2026-02-04","19","4577","1"
"2026-02-04","20","4503","1"
"2026-02-05","1","6740","1"
"2026-02-05","2","4082","1"
"2026-02-05","3","4784","1"
"2026-02-05","4","277A","1"
"2026-02-05","5","5262","1"
"2026-02-05","6","2413","1"
"2026-02-05","7","3687","1"
"2026-02-05","8","4506","1"
"2026-02-05","9","6330","1"
"2026-02-05","10","2325","1"
"2026-02-05","11","3176","1"
"2026-02-05","12","4765","1"
"2026-02-05","13","4848","1"
"2026-02-05","14","8137","1"
"2026-02-05","15","3391","1"
"2026-02-05","16","4432","1"
"2026-02-05","17","4503","1"
"2026-02-05","18","4820","1"
"2026-02-05","19","8923","1"
"2026-02-05","20","4577","1"
"2026-02-06","1","6740","1"
"2026-02-06","2","4082","1"
"2026-02-06","3","4784","1"
"2026-02-06","4","5262","1"
"2026-02-06","5","277A","1"
"2026-02-06","6","3687","1"
"2026-02-06","7","2413","1"
"2026-02-06","8","4506","1"
"2026-02-06","9","2325","1"
"2026-02-06","10","6330","1"
"2026-02-06","11","3176","1"
"2026-02-06","12","4765","1"
"2026-02-06","13","4848","1"
"2026-02-06","14","4432","1"
"2026-02-06","15","3391","1"
"2026-02-06","16","8137","1"
"2026-02-06","17","4503","1"
"2026-02-06","18","4820","1"
"2026-02-06","19","4577","1"
"2026-02-06","20","8923","1"
"2026-02-09","1","6740","1"
"2026-02-09","2","4082","1"
"2026-02-09","3","4784","1"
"2026-02-09","4","5262","1"
"2026-02-09","5","2413","1"
"2026-02-09","6","277A","1"
"2026-02-09","7","3687","1"
"2026-02-09","8","4506","1"
"2026-02-09","9","6330","1"
"2026-02-09","10","2325","1"
"2026-02-09","11","4765","1"
"2026-02-09","12","3176","1"
"2026-02-09","13","4848","1"
"2026-02-09","14","4432","1"
"2026-02-09","15","8137","1"
"2026-02-09","16","4503","1"
"2026-02-09","17","3391","1"
"2026-02-09","18","4577","1"
"2026-02-09","19","4820","1"
"2026-02-09","20","6418","1"
"2026-02-10","1","6740","1"
"2026-02-10","2","4082","1"
"2026-02-10","3","4784","1"
"2026-02-10","4","5262","1"
"2026-02-10","5","3687","1"
"2026-02-10","6","277A","1"
"2026-02-10","7","2413","1"
"2026-02-10","8","4506","1"
"2026-02-10","9","6330","1"
"2026-02-10","10","268A","1"
"2026-02-10","11","3176","1"
"2026-02-10","12","4765","1"
"2026-02-10","13","4848","1"
"2026-02-10","14","4432","1"
"2026-02-10","15","8137","1"
"2026-02-10","16","4577","1"
"2026-02-10","17","4503","1"
"2026-02-10","18","3391","1"
"2026-02-10","19","4820","1"
"2026-02-10","20","7508","1"
"2026-02-12","1","6740","1"
"2026-02-12","2","4082","1"
"2026-02-12","3","4784","1"
"2026-02-12","4","3687","1"
"2026-02-12","5","5262","1"
"2026-02-12","6","277A","1"
"2026-02-12","7","6330","1"
"2026-02-12","8","2413","1"
"2026-02-12","9","268A","1"
"2026-02-12","10","4506","1"
"2026-02-12","11","4765","1"
"2026-02-12","12","3176","1"
"2026-02-12","13","4848","1"
"2026-02-12","14","4432","1"
"2026-02-12","15","4577","1"
"2026-02-12","16","4503","1"
"2026-02-12","17","8137","1"
"2026-02-12","18","4820","1"
"2026-02-12","19","7508","1"
"2026-02-12","20","3391","1"
"2026-02-13","1","6740","1"
"2026-02-13","2","4082","1"
"2026-02-13","3","4784","1"
"2026-02-13","4","3687","1"
"2026-02-13","5","277A","1"
"2026-02-13","6","5262","1"
"2026-02-13","7","2413","1"
"2026-02-13","8","268A","1"
"2026-02-13","9","6330","1"
"2026-02-13","10","4051","1"
"2026-02-13","11","3176","1"
"2026-02-13","12","4765","1"
"2026-02-13","13","4848","1"
"2026-02-13","14","4432","1"
"2026-02-13","15","4577","1"
"2026-02-13","16","4503","1"
"2026-02-13","17","7508","1"
"2026-02-13","18","3391","1"
"2026-02-13","19","4820","1"
"2026-02-13","20","7931","1"
"2026-02-16","1","6740","1"
"2026-02-16","2","4082","1"
"2026-02-16","3","4784","1"
"2026-02-16","4","3687","1"
"2026-02-16","5","3694","1"
"2026-02-16","6","277A","1"
"2026-02-16","7","2413","1"
"2026-02-16","8","5262","1"
"2026-02-16","9","285A","1"
"2026-02-16","10","4051","1"
"2026-02-16","11","3176","1"
"2026-02-16","12","4848","1"
"2026-02-16","13","4765","1"
"2026-02-16","14","4432","1"
"2026-02-16","15","4503","1"
"2026-02-16","16","4577","1"
"2026-02-16","17","4820","1"
"2026-02-16","18","3391","1"
"2026-02-16","19","7508","1"
"2026-02-16","20","7931","1"
"2026-02-17","1","6740","1"
"2026-02-17","2","4082","1"
"2026-02-17","3","4784","1"
"2026-02-17","4","3687","1"
"2026-02-17","5","277A","1"
"2026-02-17","6","3694","1"
"2026-02-17","7","2413","1"
"2026-02-17","8","5262","1"
"2026-02-17","9","4506","1"
"2026-02-17","10","4516","1"
"2026-02-17","11","3176","1"
"2026-02-17","12","4848","1"
"2026-02-17","13","4765","1"
"2026-02-17","14","4432","1"
"2026-02-17","15","3391","1"
"2026-02-17","16","4503","1"
"2026-02-17","17","4820","1"
"2026-02-17","18","4577","1"
"2026-02-17","19","7931","1"
"2026-02-17","20","7508","1"
"2026-02-18","1","6740","1"
"2026-02-18","2","4082","1"
"2026-02-18","3","4784","1"
"2026-02-18","4","3694","1"
"2026-02-18","5","277A","1"
"2026-02-18","6","2413","1"
"2026-02-18","7","5262","1"
"2026-02-18","8","3687","1"
"2026-02-18","9","4506","1"
"2026-02-18","10","4344","1"
"2026-02-18","11","3176","1"
"2026-02-18","12","4848","1"
"2026-02-18","13","4765","1"
"2026-02-18","14","4432","1"
"2026-02-18","15","4503","1"
"2026-02-18","16","4820","1"
"2026-02-18","17","3391","1"
"2026-02-18","18","4611","1"
"2026-02-18","19","4577","1"
"2026-02-18","20","2217","1"
"2026-02-19","1","4082","1"
"2026-02-19","2","6740","1"
"2026-02-19","3","4784","1"
"2026-02-19","4","3694","1"
"2026-02-19","5","277A","1"
"2026-02-19","6","3687","1"
"2026-02-19","7","2413","1"
"2026-02-19","8","5262","1"
"2026-02-19","9","4506","1"
"2026-02-19","10","285A","1"
"2026-02-19","11","7504","1"
"2026-02-19","12","3176","1"
"2026-02-19","13","4848","1"
"2026-02-19","14","4765","1"
"2026-02-19","15","4432","1"
"2026-02-19","16","4611","1"
"2026-02-19","17","4820","1"
"2026-02-19","18","3391","1"
"2026-02-19","19","4503","1"
"2026-02-19","20","4577","1"
"2026-02-20","1","4082","1"
"2026-02-20","2","6740","1"
"2026-02-20","3","4784","1"
"2026-02-20","4","4506","1"
"2026-02-20","5","277A","1"
"2026-02-20","6","3687","1"
"2026-02-20","7","3694","1"
"2026-02-20","8","5262","1"
"2026-02-20","9","285A","1"
"2026-02-20","10","2413","1"
"2026-02-20","11","7504","1"
"2026-02-20","12","3176","1"
"2026-02-20","13","4848","1"
"2026-02-20","14","4765","1"
"2026-02-20","15","6333","1"
"2026-02-20","16","4432","1"
"2026-02-20","17","3391","1"
"2026-02-20","18","4820","1"
"2026-02-20","19","4503","1"
"2026-02-20","20","4611","1"
"2026-02-24","1","4082","1"
"2026-02-24","2","6740","1"
"2026-02-24","3","4506","1"
"2026-02-24","4","4784","1"
"2026-02-24","5","3687","1"
"2026-02-24","6","3694","1"
"2026-02-24","7","5262","1"
"2026-02-24","8","2413","1"
"2026-02-24","9","277A","1"
"2026-02-24","10","4933","1"
"2026-02-24","11","7504","1"
"2026-02-24","12","3176","1"
"2026-02-24","13","4765","1"
"2026-02-24","14","4848","1"
"2026-02-24","15","6333","1"
"2026-02-24","16","4820","1"
"2026-02-24","17","3391","1"
"2026-02-24","18","4503","1"
"2026-02-24","19","4611","1"
"2026-02-24","20","4577","1"
"2026-02-25","1","4082","1"
"2026-02-25","2","6740","1"
"2026-02-25","3","4506","1"
"2026-02-25","4","3687","1"
"2026-02-25","5","277A","1"
"2026-02-25","6","2413","1"
"2026-02-25","7","4784","1"
"2026-02-25","8","4933","1"
"2026-02-25","9","5262","1"
"2026-02-25","10","4344","1"
"2026-02-25","11","7504","1"
"2026-02-25","12","3176","1"
"2026-02-25","13","4765","1"
"2026-02-25","14","4848","1"
"2026-02-25","15","6333","1"
"2026-02-25","16","3391","1"
"2026-02-25","17","4820","1"
"2026-02-25","18","4611","1"
"2026-02-25","19","4503","1"
"2026-02-25","20","4577","1"
"2026-02-26","1","4082","1"
"2026-02-26","2","6740","1"
"2026-02-26","3","4506","1"
"2026-02-26","4","3687","1"
"2026-02-26","5","2413","1"
"2026-02-26","6","277A","1"
"2026-02-26","7","4344","1"
"2026-02-26","8","5262","1"
"2026-02-26","9","285A","1"
"2026-02-26","10","4933","1"
"2026-02-26","11","7504","1"
"2026-02-26","12","4765","1"
"2026-02-26","13","3176","1"
"2026-02-26","14","4848","1"
"2026-02-26","15","6333","1"
"2026-02-26","16","3391","1"
"2026-02-26","17","4820","1"
"2026-02-26","18","4577","1"
"2026-02-26","19","4611","1"
"2026-02-26","20","2217","1"
"2026-02-27","1","4082","1"
"2026-02-27","2","6740","1"
"2026-02-27","3","3687","1"
"2026-02-27","4","4506","1"
"2026-02-27","5","2413","1"
"2026-02-27","6","277A","1"
"2026-02-27","7","285A","1"
"2026-02-27","8","5262","1"
"2026-02-27","9","4344","1"
"2026-02-27","10","4933","1"
"2026-02-27","11","7504","1"
"2026-02-27","12","4765","1"
"2026-02-27","13","3176","1"
"2026-02-27","14","4848","1"
"2026-02-27","15","6333","1"
"2026-02-27","16","3391","1"
"2026-02-27","17","4820","1"
"2026-02-27","18","2217","1"
"2026-02-27","19","4577","1"
"2026-02-27","20","4611","1"
"2026-03-02","1","4082","1"
"2026-03-02","2","6740","1"
"2026-03-02","3","2413","1"
"2026-03-02","4","277A","1"
"2026-03-02","5","4506","1"
"2026-03-02","6","3687","1"
"2026-03-02","7","4933","1"
"2026-03-02","8","5262","1"
"2026-03-02","9","4344","1"
"2026-03-02","10","285A","1"
"2026-03-02","11","7504","1"
"2026-03-02","12","4765","1"
"2026-03-02","13","3176","1"
"2026-03-02","14","4848","1"
"2026-03-02","15","6333","1"
"2026-03-02","16","4820","1"
"2026-03-02","17","3391","1"
"2026-03-02","18","5451","1"
"2026-03-02","19","4577","1"
"2026-03-02","20","4611","1"
"2026-03-03","1","4082","1"
"2026-03-03","2","6740","1"
"2026-03-03","3","2413","1"
"2026-03-03","4","277A","1"
"2026-03-03","5","4506","1"
"2026-03-03","6","5262","1"
"2026-03-03","7","3687","1"
"2026-03-03","8","4933","1"
"2026-03-03","9","285A","1"
"2026-03-03","10","4344","1"
"2026-03-03","11","7504","1"
"2026-03-03","12","4765","1"
"2026-03-03","13","4848","1"
"2026-03-03","14","3176","1"
"2026-03-03","15","6333","1"
"2026-03-03","16","4820","1"
"2026-03-03","17","3391","1"
"2026-03-03","18","5451","1"
"2026-03-03","19","9332","1"
"2026-03-03","20","4503","1"
"2026-03-04","1","4082","1"
"2026-03-04","2","6740","1"
"2026-03-04","3","2413","1"
"2026-03-04","4","277A","1"
"2026-03-04","5","4506","1"
"2026-03-04","6","3687","1"
"2026-03-04","7","4933","1"
"2026-03-04","8","285A","1"
"2026-03-04","9","4344","1"
"2026-03-04","10","5262","1"
"2026-03-04","11","7504","1"
"2026-03-04","12","4765","1"
"2026-03-04","13","4848","1"
"2026-03-04","14","3176","1"
"2026-03-04","15","6333","1"
"2026-03-04","16","4820","1"
"2026-03-04","17","3391","1"
"2026-03-04","18","5451","1"
"2026-03-04","19","9332","1"
"2026-03-04","20","3092","1"
"2026-03-05","1","4082","1"
"2026-03-05","2","6740","1"
"2026-03-05","3","2413","1"
"2026-03-05","4","285A","1"
"2026-03-05","5","4506","1"
"2026-03-05","6","277A","1"
"2026-03-05","7","3687","1"
"2026-03-05","8","4344","1"
"2026-03-05","9","5262","1"
"2026-03-05","10","4933","1"
"2026-03-05","11","7504","1"
"2026-03-05","12","4765","1"
"2026-03-05","13","4848","1"
"2026-03-05","14","3176","1"
"2026-03-05","15","6333","1"
"2026-03-05","16","3391","1"
"2026-03-05","17","4820","1"
"2026-03-05","18","5451","1"
"2026-03-05","19","9332","1"
"2026-03-05","20","4503","1"
"2026-03-06","1","4082","1"
"2026-03-06","2","2413","1"
"2026-03-06","3","6740","1"
"2026-03-06","4","285A","1"
"2026-03-06","5","3687","1"
"2026-03-06","6","4506","1"
"2026-03-06","7","4344","1"
"2026-03-06","8","277A","1"
"2026-03-06","9","4933","1"
"2026-03-06","10","5262","1"
"2026-03-06","11","7504","1"
"2026-03-06","12","4765","1"
"2026-03-06","13","4848","1"
"2026-03-06","14","3176","1"
"2026-03-06","15","6333","1"
"2026-03-06","16","3391","1"
"2026-03-06","17","4820","1"
"2026-03-06","18","5451","1"
"2026-03-06","19","9332","1"
"2026-03-06","20","3092","1"
"2026-03-09","1","4082","1"
"2026-03-09","2","6740","1"
"2026-03-09","3","2413","1"
"2026-03-09","4","285A","1"
"2026-03-09","5","3687","1"
"2026-03-09","6","277A","1"
"2026-03-09","7","4506","1"
"2026-03-09","8","5262","1"
"2026-03-09","9","4933","1"
"2026-03-09","10","4344","1"
"2026-03-09","11","7504","1"
"2026-03-09","12","4765","1"
"2026-03-09","13","4848","1"
"2026-03-09","14","3176","1"
"2026-03-09","15","6333","1"
"2026-03-09","16","4820","1"
"2026-03-09","17","3391","1"
"2026-03-09","18","5451","1"
"2026-03-09","19","3561","1"
"2026-03-09","20","7931","1"
"2026-03-10","1","4082","1"
"2026-03-10","2","6740","1"
"2026-03-10","3","285A","1"
"2026-03-10","4","2413","1"
"2026-03-10","5","3687","1"
"2026-03-10","6","6330","1"
"2026-03-10","7","4506","1"
"2026-03-10","8","4784","1"
"2026-03-10","9","6324","1"
"2026-03-10","10","5262","1"
"2026-03-10","11","7504","1"
"2026-03-10","12","4765","1"
"2026-03-10","13","3176","1"
"2026-03-10","14","4848","1"
"2026-03-10","15","6333","1"
"2026-03-10","16","4820","1"
"2026-03-10","17","3391","1"
"2026-03-10","18","5451","1"
"2026-03-10","19","7931","1"
"2026-03-10","20","9332","1"
"2026-03-11","1","4082","1"
"2026-03-11","2","6740","1"
"2026-03-11","3","2413","1"
"2026-03-11","4","285A","1"
"2026-03-11","5","6330","1"
"2026-03-11","6","3687","1"
"2026-03-11","7","4784","1"
"2026-03-11","8","4506","1"
"2026-03-11","9","6324","1"
"2026-03-11","10","5262","1"
"2026-03-11","11","7504","1"
"2026-03-11","12","4765","1"
"2026-03-11","13","3176","1"
"2026-03-11","14","4848","1"
"2026-03-11","15","6333","1"
"2026-03-11","16","4820","1"
"2026-03-11","17","3391","1"
"2026-03-11","18","5451","1"
"2026-03-11","19","3031","1"
"2026-03-11","20","7931","1"
"2026-03-12","1","4082","1"
"2026-03-12","2","6740","1"
"2026-03-12","3","2413","1"
"2026-03-12","4","285A","1"
"2026-03-12","5","6330","1"
"2026-03-12","6","3687","1"
"2026-03-12","7","4784","1"
"2026-03-12","8","4506","1"
"2026-03-12","9","4933","1"
"2026-03-12","10","6324","1"
"2026-03-12","11","7504","1"
"2026-03-12","12","4765","1"
"2026-03-12","13","3176","1"
"2026-03-12","14","4848","1"
"2026-03-12","15","6333","1"
"2026-03-12","16","4820","1"
"2026-03-12","17","3391","1"
"2026-03-12","18","5451","1"
"2026-03-12","19","3031","1"
"2026-03-12","20","7931","1"
"2026-03-13","1","4082","1"
"2026-03-13","2","6740","1"
"2026-03-13","3","2413","1"
"2026-03-13","4","285A","1"
"2026-03-13","5","3687","1"
"2026-03-13","6","6330","1"
"2026-03-13","7","4784","1"
"2026-03-13","8","4933","1"
"2026-03-13","9","277A","1"
"2026-03-13","10","4506","1"
"2026-03-13","11","7504","1"
"2026-03-13","12","4765","1"
"2026-03-13","13","3176","1"
"2026-03-13","14","4848","1"
"2026-03-13","15","6333","1"
"2026-03-13","16","3391","1"
"2026-03-13","17","4820","1"
"2026-03-13","18","5451","1"
"2026-03-13","19","5757","1"
"2026-03-13","20","3031","1"
"2026-03-16","1","4082","1"
"2026-03-16","2","6740","1"
"2026-03-16","3","2413","1"
"2026-03-16","4","6330","1"
"2026-03-16","5","3687","1"
"2026-03-16","6","285A","1"
"2026-03-16","7","277A","1"
"2026-03-16","8","4933","1"
"2026-03-16","9","4784","1"
"2026-03-16","10","4344","1"
"2026-03-16","11","7504","1"
"2026-03-16","12","3176","1"
"2026-03-16","13","4765","1"
"2026-03-16","14","4848","1"
"2026-03-16","15","6333","1"
"2026-03-16","16","4820","1"
"2026-03-16","17","3391","1"
"2026-03-16","18","5451","1"
"2026-03-16","19","3031","1"
"2026-03-16","20","5757","1"
"2026-03-17","1","4082","1"
"2026-03-17","2","6740","1"
"2026-03-17","3","6330","1"
"2026-03-17","4","285A","1"
"2026-03-17","5","2413","1"
"2026-03-17","6","3687","1"
"2026-03-17","7","277A","1"
"2026-03-17","8","4933","1"
"2026-03-17","9","4506","1"
"2026-03-17","10","6324","1"
"2026-03-17","11","7504","1"
"2026-03-17","12","3176","1"
"2026-03-17","13","4765","1"
"2026-03-17","14","4848","1"
"2026-03-17","15","6333","1"
"2026-03-17","16","4820","1"
"2026-03-17","17","5451","1"
"2026-03-17","18","3391","1"
"2026-03-17","19","5757","1"
"2026-03-17","20","3031","1"
"2026-03-18","1","4082","1"
"2026-03-18","2","6740","1"
"2026-03-18","3","285A","1"
"2026-03-18","4","6330","1"
"2026-03-18","5","3687","1"
"2026-03-18","6","2413","1"
"2026-03-18","7","277A","1"
"2026-03-18","8","4933","1"
"2026-03-18","9","4506","1"
"2026-03-18","10","6324","1"
"2026-03-18","11","7504","1"
"2026-03-18","12","3176","1"
"2026-03-18","13","4765","1"
"2026-03-18","14","4848","1"
"2026-03-18","15","6333","1"
"2026-03-18","16","4820","1"
"2026-03-18","17","5451","1"
"2026-03-18","18","5757","1"
"2026-03-18","19","3391","1"
"2026-03-18","20","3031","1"
"2026-03-19","1","4082","1"
"2026-03-19","2","6740","1"
"2026-03-19","3","285A","1"
"2026-03-19","4","6330","1"
"2026-03-19","5","3687","1"
"2026-03-19","6","2413","1"
"2026-03-19","7","277A","1"
"2026-03-19","8","4933","1"
"2026-03-19","9","6324","1"
"2026-03-19","10","4784","1"
"2026-03-19","11","7504","1"
"2026-03-19","12","3176","1"
"2026-03-19","13","4765","1"
"2026-03-19","14","4848","1"
"2026-03-19","15","4820","1"
"2026-03-19","16","6333","1"
"2026-03-19","17","5757","1"
"2026-03-19","18","5451","1"
"2026-03-19","19","3391","1"
"2026-03-19","20","9332","1"
"2026-03-23","1","4082","1"
"2026-03-23","2","6740","1"
"2026-03-23","3","285A","1"
"2026-03-23","4","6330","1"
"2026-03-23","5","2413","1"
"2026-03-23","6","3687","1"
"2026-03-23","7","277A","1"
"2026-03-23","8","4933","1"
"2026-03-23","9","4784","1"
"2026-03-23","10","4506","1"
"2026-03-23","11","7504","1"
"2026-03-23","12","3176","1"
"2026-03-23","13","4848","1"
"2026-03-23","14","4765","1"
"2026-03-23","15","2930","1"
"2026-03-23","16","4820","1"
"2026-03-23","17","5757","1"
"2026-03-23","18","5451","1"
"2026-03-23","19","6333","1"
"2026-03-23","20","3391","1"
"2026-03-24","1","4082","1"
"2026-03-24","2","6740","1"
"2026-03-24","3","6330","1"
"2026-03-24","4","285A","1"
"2026-03-24","5","3687","1"
"2026-03-24","6","2413","1"
"2026-03-24","7","4933","1"
"2026-03-24","8","277A","1"
"2026-03-24","9","4784","1"
"2026-03-24","10","4506","1"
"2026-03-24","11","7504","1"
"2026-03-24","12","3176","1"
"2026-03-24","13","4765","1"
"2026-03-24","14","4848","1"
"2026-03-24","15","4820","1"
"2026-03-24","16","5757","1"
"2026-03-24","17","5451","1"
"2026-03-24","18","6333","1"
"2026-03-24","19","3391","1"
"2026-03-24","20","3031","1"
"2026-03-25","1","4082","1"
"2026-03-25","2","6740","1"
"2026-03-25","3","6330","1"
"2026-03-25","4","285A","1"
"2026-03-25","5","3687","1"
"2026-03-25","6","2413","1"
"2026-03-25","7","277A","1"
"2026-03-25","8","4933","1"
"2026-03-25","9","6324","1"
"2026-03-25","10","4784","1"
"2026-03-25","11","7504","1"
"2026-03-25","12","3176","1"
"2026-03-25","13","4765","1"
"2026-03-25","14","4848","1"
"2026-03-25","15","4820","1"
"2026-03-25","16","5757","1"
"2026-03-25","17","5451","1"
"2026-03-25","18","6333","1"
"2026-03-25","19","3391","1"
"2026-03-25","20","3031","1"
"2026-03-26","1","4082","1"
"2026-03-26","2","6740","1"
"2026-03-26","3","6330","1"
"2026-03-26","4","285A","1"
"2026-03-26","5","3687","1"
"2026-03-26","6","277A","1"
"2026-03-26","7","2413","1"
"2026-03-26","8","6324","1"
"2026-03-26","9","4933","1"
"2026-03-26","10","4784","1"
"2026-03-26","11","3176","1"
"2026-03-26","12","7504","1"
"2026-03-26","13","4765","1"
"2026-03-26","14","4848","1"
"2026-03-26","15","4820","1"
"2026-03-26","16","5757","1"
"2026-03-26","17","5451","1"
"2026-03-26","18","6333","1"
"2026-03-26","19","3031","1"
"2026-03-26","20","3391","1"
"2026-03-27","1","4082","1"
"2026-03-27","2","6740","1"
"2026-03-27","3","6330","1"
"2026-03-27","4","277A","1"
"2026-03-27","5","3687","1"
"2026-03-27","6","2413","1"
"2026-03-27","7","285A","1"
"2026-03-27","8","4933","1"
"2026-03-27","9","6324","1"
"2026-03-27","10","4344","1"
"2026-03-27","11","3176","1"
"2026-03-27","12","7504","1"
"2026-03-27","13","4765","1"
"2026-03-27","14","4848","1"
"2026-03-27","15","4820","1"
"2026-03-27","16","5757","1"
"2026-03-27","17","5451","1"
"2026-03-27","18","6333","1"
"2026-03-27","19","3391","1"
"2026-03-27","20","9332","1"
"2026-03-30","1","4082","1"
"2026-03-30","2","6740","1"
"2026-03-30","3","6330","1"
"2026-03-30","4","277A","1"
"2026-03-30","5","3687","1"
"2026-03-30","6","4933","1"
"2026-03-30","7","2413","1"
"2026-03-30","8","6324","1"
"2026-03-30","9","6620","1"
"2026-03-30","10","285A","1"
"2026-03-30","11","3176","1"
"2026-03-30","12","7504","1"
"2026-03-30","13","4765","1"
"2026-03-30","14","4848","1"
"2026-03-30","15","4820","1"
"2026-03-30","16","5451","1"
"2026-03-30","17","5757","1"
"2026-03-30","18","3391","1"
"2026-03-30","19","6333","1"
"2026-03-30","20","3031","1"
"2026-03-31","1","4082","1"
"2026-03-31","2","6740","1"
"2026-03-31","3","6330","1"
"2026-03-31","4","277A","1"
"2026-03-31","5","3687","1"
"2026-03-31","6","4933","1"
"2026-03-31","7","2413","1"
"2026-03-31","8","4784","1"
"2026-03-31","9","6324","1"
"2026-03-31","10","4344","1"
"2026-03-31","11","3176","1"
"2026-03-31","12","7504","1"
"2026-03-31","13","4765","1"
"2026-03-31","14","4848","1"
"2026-03-31","15","4820","1"
"2026-03-31","16","5451","1"
"2026-03-31","17","5757","1"
"2026-03-31","18","9332","1"
"2026-03-31","19","3391","1"
"2026-03-31","20","3031","1"
"2026-04-01","1","4082","1"
"2026-04-01","2","6740","1"
"2026-04-01","3","6330","1"
"2026-04-01","4","277A","1"
"2026-04-01","5","3687","1"
"2026-04-01","6","4933","1"
"2026-04-01","7","2413","1"
"2026-04-01","8","6324","1"
"2026-04-01","9","4784","1"
"2026-04-01","10","4344","1"
"2026-04-01","11","3176","1"
"2026-04-01","12","7504","1"
"2026-04-01","13","4765","1"
"2026-04-01","14","4848","1"
"2026-04-01","15","5451","1"
"2026-04-01","16","4820","1"
"2026-04-01","17","5757","1"
"2026-04-01","18","9332","1"
"2026-04-01","19","3391","1"
"2026-04-01","20","3031","1"
"2026-04-02","1","4082","1"
"2026-04-02","2","6740","1"
"2026-04-02","3","6330","1"
"2026-04-02","4","277A","1"
"2026-04-02","5","3687","1"
"2026-04-02","6","4933","1"
"2026-04-02","7","6324","1"
"2026-04-02","8","2413","1"
"2026-04-02","9","4784","1"
"2026-04-02","10","4344","1"
"2026-04-02","11","3176","1"
"2026-04-02","12","7504","1"
"2026-04-02","13","4765","1"
"2026-04-02","14","4848","1"
"2026-04-02","15","5451","1"
"2026-04-02","16","3391","1"
"2026-04-02","17","3031","1"
"2026-04-02","18","9332","1"
"2026-04-02","19","6333","1"
"2026-04-02","20","4611","1"
"2026-04-03","1","4082","1"
"2026-04-03","2","6740","1"
"2026-04-03","3","6330","1"
"2026-04-03","4","277A","1"
"2026-04-03","5","3687","1"
"2026-04-03","6","4933","1"
"2026-04-03","7","6324","1"
"2026-04-03","8","2413","1"
"2026-04-03","9","4344","1"
"2026-04-03","10","4784","1"
"2026-04-03","11","3176","1"
"2026-04-03","12","7504","1"
"2026-04-03","13","4765","1"
"2026-04-03","14","4848","1"
"2026-04-03","15","3391","1"
"2026-04-03","16","5451","1"
"2026-04-03","17","3031","1"
"2026-04-03","18","9332","1"
"2026-04-03","19","6333","1"
"2026-04-03","20","4611","1"
"2026-04-06","1","4082","1"
"2026-04-06","2","6740","1"
"2026-04-06","3","6330","1"
"2026-04-06","4","277A","1"
"2026-04-06","5","3687","1"
"2026-04-06","6","4933","1"
"2026-04-06","7","6324","1"
"2026-04-06","8","2413","1"
"2026-04-06","9","4344","1"
"2026-04-06","10","3853","1"
"2026-04-06","11","3176","1"
"2026-04-06","12","7504","1"
"2026-04-06","13","4765","1"
"2026-04-06","14","4848","1"
"2026-04-06","15","3031","1"
"2026-04-06","16","5451","1"
"2026-04-06","17","9332","1"
"2026-04-06","18","3391","1"
"2026-04-06","19","6333","1"
"2026-04-06","20","4611","1"
"2026-04-07","1","4082","1"
"2026-04-07","2","6740","1"
"2026-04-07","3","6330","1"
"2026-04-07","4","277A","1"
"2026-04-07","5","3687","1"
"2026-04-07","6","6324","1"
"2026-04-07","7","2413","1"
"2026-04-07","8","4344","1"
"2026-04-07","9","4506","1"
"2026-04-07","10","3853","1"
"2026-04-07","11","3176","1"
"2026-04-07","12","4765","1"
"2026-04-07","13","7504","1"
"2026-04-07","14","4848","1"
"2026-04-07","15","3031","1"
"2026-04-07","16","9332","1"
"2026-04-07","17","5451","1"
"2026-04-07","18","3391","1"
"2026-04-07","19","6333","1"
"2026-04-07","20","3561","1"
"2026-04-08","1","4082","1"
"2026-04-08","2","6740","1"
"2026-04-08","3","6330","1"
"2026-04-08","4","277A","1"
"2026-04-08","5","3687","1"
"2026-04-08","6","2413","1"
"2026-04-08","7","6324","1"
"2026-04-08","8","4506","1"
"2026-04-08","9","4344","1"
"2026-04-08","10","4784","1"
"2026-04-08","11","3176","1"
"2026-04-08","12","4765","1"
"2026-04-08","13","7504","1"
"2026-04-08","14","4848","1"
"2026-04-08","15","3031","1"
"2026-04-08","16","9332","1"
"2026-04-08","17","3391","1"
"2026-04-08","18","5451","1"
"2026-04-08","19","6333","1"
"2026-04-08","20","3561","1"
"2026-04-09","1","4082","1"
"2026-04-09","2","6740","1"
"2026-04-09","3","6330","1"
"2026-04-09","4","277A","1"
"2026-04-09","5","3687","1"
"2026-04-09","6","2413","1"
"2026-04-09","7","6324","1"
"2026-04-09","8","4344","1"
"2026-04-09","9","4784","1"
"2026-04-09","10","4506","1"
"2026-04-09","11","3176","1"
"2026-04-09","12","4765","1"
"2026-04-09","13","7504","1"
"2026-04-09","14","3391","1"
"2026-04-09","15","3031","1"
"2026-04-09","16","4848","1"
"2026-04-09","17","9332","1"
"2026-04-09","18","5451","1"
"2026-04-09","19","6333","1"
"2026-04-09","20","3561","1"
"2026-04-10","1","4082","1"
"2026-04-10","2","6740","1"
"2026-04-10","3","6330","1"
"2026-04-10","4","277A","1"
"2026-04-10","5","3687","1"
"2026-04-10","6","2413","1"
"2026-04-10","7","4784","1"
"2026-04-10","8","6324","1"
"2026-04-10","9","4344","1"
"2026-04-10","10","3853","1"
"2026-04-10","11","3176","1"
"2026-04-10","12","4765","1"
"2026-04-10","13","3391","1"
"2026-04-10","14","7504","1"
"2026-04-10","15","3031","1"
"2026-04-10","16","4848","1"
"2026-04-10","17","5451","1"
"2026-04-10","18","9332","1"
"2026-04-10","19","6333","1"
"2026-04-10","20","4611","1"
"2026-04-13","1","4082","1"
"2026-04-13","2","6740","1"
"2026-04-13","3","6330","1"
"2026-04-13","4","277A","1"
"2026-04-13","5","3687","1"
"2026-04-13","6","4784","1"
"2026-04-13","7","2413","1"
"2026-04-13","8","6324","1"
"2026-04-13","9","4344","1"
"2026-04-13","10","6620","1"
"2026-04-13","11","3391","1"
"2026-04-13","12","4765","1"
"2026-04-13","13","3176","1"
"2026-04-13","14","4848","1"
"2026-04-13","15","7504","1"
"2026-04-13","16","3031","1"
"2026-04-13","17","9332","1"
"2026-04-13","18","5451","1"
"2026-04-13","19","4611","1"
"2026-04-13","20","6333","1"
"2026-04-14","1","4082","1"
"2026-04-14","2","6740","1"
"2026-04-14","3","6330","1"
"2026-04-14","4","277A","1"
"2026-04-14","5","3687","1"
"2026-04-14","6","4784","1"
"2026-04-14","7","6324","1"
"2026-04-14","8","2413","1"
"2026-04-14","9","4344","1"
"2026-04-14","10","6620","1"
"2026-04-14","11","3391","1"
"2026-04-14","12","4765","1"
"2026-04-14","13","3176","1"
"2026-04-14","14","4848","1"
"2026-04-14","15","7504","1"
"2026-04-14","16","3031","1"
"2026-04-14","17","5451","1"
"2026-04-14","18","9332","1"
"2026-04-14","19","4611","1"
"2026-04-14","20","3561","1"
"2026-04-15","1","4082","1"
"2026-04-15","2","6740","1"
"2026-04-15","3","3687","1"
"2026-04-15","4","4784","1"
"2026-04-15","5","277A","1"
"2026-04-15","6","6330","1"
"2026-04-15","7","4344","1"
"2026-04-15","8","2413","1"
"2026-04-15","9","6324","1"
"2026-04-15","10","3778","1"
"2026-04-15","11","3176","1"
"2026-04-15","12","4765","1"
"2026-04-15","13","4848","1"
"2026-04-15","14","3391","1"
"2026-04-15","15","3031","1"
"2026-04-15","16","7504","1"
"2026-04-15","17","5451","1"
"2026-04-15","18","4611","1"
"2026-04-15","19","9332","1"
"2026-04-15","20","8591","1"
"2026-04-16","1","4082","1"
"2026-04-16","2","4784","1"
"2026-04-16","3","3687","1"
"2026-04-16","4","277A","1"
"2026-04-16","5","6740","1"
"2026-04-16","6","6330","1"
"2026-04-16","7","4344","1"
"2026-04-16","8","2413","1"
"2026-04-16","9","3778","1"
"2026-04-16","10","6324","1"
"2026-04-16","11","3176","1"
"2026-04-16","12","4848","1"
"2026-04-16","13","4765","1"
"2026-04-16","14","3391","1"
"2026-04-16","15","3031","1"
"2026-04-16","16","7504","1"
"2026-04-16","17","5451","1"
"2026-04-16","18","4611","1"
"2026-04-16","19","9332","1"
"2026-04-16","20","6333","1"
"2026-04-17","1","4082","1"
"2026-04-17","2","277A","1"
"2026-04-17","3","3687","1"
"2026-04-17","4","4784","1"
"2026-04-17","5","6330","1"
"2026-04-17","6","4344","1"
"2026-04-17","7","6740","1"
"2026-04-17","8","2413","1"
"2026-04-17","9","6324","1"
"2026-04-17","10","3778","1"
"2026-04-17","11","3176","1"
"2026-04-17","12","4848","1"
"2026-04-17","13","4765","1"
"2026-04-17","14","3391","1"
"2026-04-17","15","3031","1"
"2026-04-17","16","7504","1"
"2026-04-17","17","5451","1"
"2026-04-17","18","4611","1"
"2026-04-17","19","9332","1"
"2026-04-17","20","6333","1"
"2026-04-20","1","4082","1"
"2026-04-20","2","277A","1"
"2026-04-20","3","3687","1"
"2026-04-20","4","6330","1"
"2026-04-20","5","4784","1"
"2026-04-20","6","4344","1"
"2026-04-20","7","2413","1"
"2026-04-20","8","6740","1"
"2026-04-20","9","8015","1"
"2026-04-20","10","7203","1"
"2026-04-20","11","3391","1"
"2026-04-20","12","4848","1"
"2026-04-20","13","4765","1"
"2026-04-20","14","3176","1"
"2026-04-20","15","3031","1"
"2026-04-20","16","5451","1"
"2026-04-20","17","4611","1"
"2026-04-20","18","7504","1"
"2026-04-20","19","2146","1"
"2026-04-20","20","6200","1"
"2026-04-21","1","4082","1"
"2026-04-21","2","277A","1"
"2026-04-21","3","3687","1"
"2026-04-21","4","6740","1"
"2026-04-21","5","6330","1"
"2026-04-21","6","4784","1"
"2026-04-21","7","4344","1"
"2026-04-21","8","2413","1"
"2026-04-21","9","6324","1"
"2026-04-21","10","8015","1"
"2026-04-21","11","3391","1"
"2026-04-21","12","4765","1"
"2026-04-21","13","3176","1"
"2026-04-21","14","4848","1"
"2026-04-21","15","3031","1"
"2026-04-21","16","4611","1"
"2026-04-21","17","5451","1"
"2026-04-21","18","7504","1"
"2026-04-21","19","2146","1"
"2026-04-21","20","6200","1"
"2026-04-22","1","4082","1"
"2026-04-22","2","277A","1"
"2026-04-22","3","6740","1"
"2026-04-22","4","3687","1"
"2026-04-22","5","6330","1"
"2026-04-22","6","4344","1"
"2026-04-22","7","4784","1"
"2026-04-22","8","2413","1"
"2026-04-22","9","3696","1"
"2026-04-22","10","6324","1"
"2026-04-22","11","4765","1"
"2026-04-22","12","3176","1"
"2026-04-22","13","3391","1"
"2026-04-22","14","4848","1"
"2026-04-22","15","4611","1"
"2026-04-22","16","3031","1"
"2026-04-22","17","5451","1"
"2026-04-22","18","7504","1"
"2026-04-22","19","8591","1"
"2026-04-22","20","6200","1"
"2026-04-23","1","4082","1"
"2026-04-23","2","277A","1"
"2026-04-23","3","6740","1"
"2026-04-23","4","4784","1"
"2026-04-23","5","6330","1"
"2026-04-23","6","3687","1"
"2026-04-23","7","4344","1"
"2026-04-23","8","2413","1"
"2026-04-23","9","3696","1"
"2026-04-23","10","6324","1"
"2026-04-23","11","3176","1"
"2026-04-23","12","3391","1"
"2026-04-23","13","4765","1"
"2026-04-23","14","4848","1"
"2026-04-23","15","4611","1"
"2026-04-23","16","3031","1"
"2026-04-23","17","5451","1"
"2026-04-23","18","7504","1"
"2026-04-23","19","7931","1"
"2026-04-23","20","8591","1"
"2026-04-24","1","4082","1"
"2026-04-24","2","277A","1"
"2026-04-24","3","4784","1"
"2026-04-24","4","6330","1"
"2026-04-24","5","3687","1"
"2026-04-24","6","6740","1"
"2026-04-24","7","2413","1"
"2026-04-24","8","3696","1"
"2026-04-24","9","6324","1"
"2026-04-24","10","268A","1"
"2026-04-24","11","3391","1"
"2026-04-24","12","4765","1"
"2026-04-24","13","3176","1"
"2026-04-24","14","4848","1"
"2026-04-24","15","4611","1"
"2026-04-24","16","7504","1"
"2026-04-24","17","5451","1"
"2026-04-24","18","3031","1"
"2026-04-24","19","8591","1"
"2026-04-24","20","7931","1"
"2026-04-27","1","4082","1"
"2026-04-27","2","4784","1"
"2026-04-27","3","277A","1"
"2026-04-27","4","6330","1"
"2026-04-27","5","6740","1"
"2026-04-27","6","3687","1"
"2026-04-27","7","2413","1"
"2026-04-27","8","3696","1"
"2026-04-27","9","3778","1"
"2026-04-27","10","6324","1"
"2026-04-27","11","4765","1"
"2026-04-27","12","3391","1"
"2026-04-27","13","3176","1"
"2026-04-27","14","4848","1"
"2026-04-27","15","4611","1"
"2026-04-27","16","7504","1"
"2026-04-27","17","5451","1"
"2026-04-27","18","3031","1"
"2026-04-27","19","8591","1"
"2026-04-27","20","2146","1"
"2026-04-28","1","4082","1"
"2026-04-28","2","277A","1"
"2026-04-28","3","4784","1"
"2026-04-28","4","6330","1"
"2026-04-28","5","6740","1"
"2026-04-28","6","3687","1"
"2026-04-28","7","2413","1"
"2026-04-28","8","3778","1"
"2026-04-28","9","3696","1"
"2026-04-28","10","9279","1"
"2026-04-28","11","4765","1"
"2026-04-28","12","3391","1"
"2026-04-28","13","3176","1"
"2026-04-28","14","4848","1"
"2026-04-28","15","3031","1"
"2026-04-28","16","4611","1"
"2026-04-28","17","8591","1"
"2026-04-28","18","7504","1"
"2026-04-28","19","5451","1"
"2026-04-28","20","2146","1"
"2026-04-30","1","4082","1"
"2026-04-30","2","4784","1"
"2026-04-30","3","6740","1"
"2026-04-30","4","277A","1"
"2026-04-30","5","6330","1"
"2026-04-30","6","3687","1"
"2026-04-30","7","2413","1"
"2026-04-30","8","3778","1"
"2026-04-30","9","9279","1"
"2026-04-30","10","3697","1"
"2026-04-30","11","3391","1"
"2026-04-30","12","4765","1"
"2026-04-30","13","3176","1"
"2026-04-30","14","4848","1"
"2026-04-30","15","3031","1"
"2026-04-30","16","4611","1"
"2026-04-30","17","7504","1"
"2026-04-30","18","5451","1"
"2026-04-30","19","8591","1"
"2026-04-30","20","7187","1"
"2026-05-01","1","4082","1"
"2026-05-01","2","6740","1"
"2026-05-01","3","6330","1"
"2026-05-01","4","277A","1"
"2026-05-01","5","4344","1"
"2026-05-01","6","4784","1"
"2026-05-01","7","3687","1"
"2026-05-01","8","2413","1"
"2026-05-01","9","3778","1"
"2026-05-01","10","9279","1"
"2026-05-01","11","3391","1"
"2026-05-01","12","4765","1"
"2026-05-01","13","3176","1"
"2026-05-01","14","4848","1"
"2026-05-01","15","3031","1"
"2026-05-01","16","4611","1"
"2026-05-01","17","7504","1"
"2026-05-01","18","5451","1"
"2026-05-01","19","8591","1"
"2026-05-01","20","7187","1"
"2026-05-07","1","4082","1"
"2026-05-07","2","6740","1"
"2026-05-07","3","6330","1"
"2026-05-07","4","277A","1"
"2026-05-07","5","4344","1"
"2026-05-07","6","3687","1"
"2026-05-07","7","4784","1"
"2026-05-07","8","2413","1"
"2026-05-07","9","285A","1"
"2026-05-07","10","3778","1"
"2026-05-07","11","3391","1"
"2026-05-07","12","4765","1"
"2026-05-07","13","3176","1"
"2026-05-07","14","4848","1"
"2026-05-07","15","4611","1"
"2026-05-07","16","3031","1"
"2026-05-07","17","5451","1"
"2026-05-07","18","7504","1"
"2026-05-07","19","8591","1"
"2026-05-07","20","4481","1"
"2026-05-08","1","4082","1"
"2026-05-08","2","6740","1"
"2026-05-08","3","6330","1"
"2026-05-08","4","277A","1"
"2026-05-08","5","3687","1"
"2026-05-08","6","2413","1"
"2026-05-08","7","4784","1"
"2026-05-08","8","3778","1"
"2026-05-08","9","7203","1"
"2026-05-08","10","285A","1"
"2026-05-08","11","3391","1"
"2026-05-08","12","4765","1"
"2026-05-08","13","3176","1"
"2026-05-08","14","4611","1"
"2026-05-08","15","4848","1"
"2026-05-08","16","3031","1"
"2026-05-08","17","5451","1"
"2026-05-08","18","7504","1"
"2026-05-08","19","4481","1"
"2026-05-08","20","8591","1"
"2026-05-11","1","4082","1"
"2026-05-11","2","6740","1"
"2026-05-11","3","277A","1"
"2026-05-11","4","6330","1"
"2026-05-11","5","3687","1"
"2026-05-11","6","285A","1"
"2026-05-11","7","2413","1"
"2026-05-11","8","4784","1"
"2026-05-11","9","3778","1"
"2026-05-11","10","3696","1"
"2026-05-11","11","3391","1"
"2026-05-11","12","4765","1"
"2026-05-11","13","3176","1"
"2026-05-11","14","7504","1"
"2026-05-11","15","4848","1"
"2026-05-11","16","3031","1"
"2026-05-11","17","5451","1"
"2026-05-11","18","4611","1"
"2026-05-11","19","4481","1"
"2026-05-11","20","8591","1"
"2026-05-12","1","4082","1"
"2026-05-12","2","6740","1"
"2026-05-12","3","277A","1"
"2026-05-12","4","6330","1"
"2026-05-12","5","4392","1"
"2026-05-12","6","3687","1"
"2026-05-12","7","4784","1"
"2026-05-12","8","285A","1"
"2026-05-12","9","2413","1"
"2026-05-12","10","5262","1"
"2026-05-12","11","3391","1"
"2026-05-12","12","3176","1"
"2026-05-12","13","7504","1"
"2026-05-12","14","4765","1"
"2026-05-12","15","5451","1"
"2026-05-12","16","3031","1"
"2026-05-12","17","4848","1"
"2026-05-12","18","4611","1"
"2026-05-12","19","8591","1"
"2026-05-12","20","4481","1"
"2026-05-13","1","4082","1"
"2026-05-13","2","6740","1"
"2026-05-13","3","277A","1"
"2026-05-13","4","6330","1"
"2026-05-13","5","3687","1"
"2026-05-13","6","4392","1"
"2026-05-13","7","4784","1"
"2026-05-13","8","2413","1"
"2026-05-13","9","5262","1"
"2026-05-13","10","285A","1"
"2026-05-13","11","3391","1"
"2026-05-13","12","7504","1"
"2026-05-13","13","3176","1"
"2026-05-13","14","5451","1"
"2026-05-13","15","4848","1"
"2026-05-13","16","4765","1"
"2026-05-13","17","4611","1"
"2026-05-13","18","3031","1"
"2026-05-13","19","4481","1"
"2026-05-13","20","8591","1"
"2026-05-14","1","4082","1"
"2026-05-14","2","6740","1"
"2026-05-14","3","277A","1"
"2026-05-14","4","6330","1"
"2026-05-14","5","3687","1"
"2026-05-14","6","4392","1"
"2026-05-14","7","4784","1"
"2026-05-14","8","2413","1"
"2026-05-14","9","3697","1"
"2026-05-14","10","3391","2"
"2026-05-14","11","3176","1"
"2026-05-14","12","7504","1"
"2026-05-14","13","4765","1"
"2026-05-14","14","4848","1"
"2026-05-14","15","5451","1"
"2026-05-14","16","4611","1"
"2026-05-14","17","3031","1"
"2026-05-14","18","4481","1"
"2026-05-14","19","8591","1"
"2026-05-15","1","6740","1"
"2026-05-15","2","4082","1"
"2026-05-15","3","277A","1"
"2026-05-15","4","6330","1"
"2026-05-15","5","4392","1"
"2026-05-15","6","3687","1"
"2026-05-15","7","4784","1"
"2026-05-15","8","285A","1"
"2026-05-15","9","3697","1"
"2026-05-15","10","2413","1"
"2026-05-15","11","3391","1"
"2026-05-15","12","7504","1"
"2026-05-15","13","3176","1"
"2026-05-15","14","4611","1"
"2026-05-15","15","4765","1"
"2026-05-15","16","4848","1"
"2026-05-15","17","5451","1"
"2026-05-15","18","3031","1"
"2026-05-15","19","4481","1"
"2026-05-15","20","6333","1"
"2026-05-18","1","6740","1"
"2026-05-18","2","4082","1"
"2026-05-18","3","4392","1"
"2026-05-18","4","277A","1"
"2026-05-18","5","3687","1"
"2026-05-18","6","6330","1"
"2026-05-18","7","4933","1"
"2026-05-18","8","4784","1"
"2026-05-18","9","285A","1"
"2026-05-18","10","3697","1"
"2026-05-18","11","3391","1"
"2026-05-18","12","3176","1"
"2026-05-18","13","7504","1"
"2026-05-18","14","4611","1"
"2026-05-18","15","4848","1"
"2026-05-18","16","4765","1"
"2026-05-18","17","5451","1"
"2026-05-18","18","4481","1"
"2026-05-18","19","3031","1"
"2026-05-18","20","6333","1"
"2026-05-19","1","6740","1"
"2026-05-19","2","4082","1"
"2026-05-19","3","4392","1"
"2026-05-19","4","3687","1"
"2026-05-19","5","6330","1"
"2026-05-19","6","277A","1"
"2026-05-19","7","4344","1"
"2026-05-19","8","4933","1"
"2026-05-19","9","4784","1"
"2026-05-19","10","285A","1"
"2026-05-19","11","3391","1"
"2026-05-19","12","3176","1"
"2026-05-19","13","7504","1"
"2026-05-19","14","4848","1"
"2026-05-19","15","4765","1"
"2026-05-19","16","5451","1"
"2026-05-19","17","4611","1"
"2026-05-19","18","4481","1"
"2026-05-19","19","3031","1"
"2026-05-19","20","6333","1"
"2026-05-20","1","6740","1"
"2026-05-20","2","4082","1"
"2026-05-20","3","4392","1"
"2026-05-20","4","3687","1"
"2026-05-20","5","277A","1"
"2026-05-20","6","6330","1"
"2026-05-20","7","4784","1"
"2026-05-20","8","4933","1"
"2026-05-20","9","285A","1"
"2026-05-20","10","3697","1"
"2026-05-20","11","3391","1"
"2026-05-20","12","3176","1"
"2026-05-20","13","7504","1"
"2026-05-20","14","4848","1"
"2026-05-20","15","4481","1"
"2026-05-20","16","4611","1"
"2026-05-20","17","3031","1"
"2026-05-20","18","4765","1"
"2026-05-20","19","5451","1"
"2026-05-20","20","8137","1"
"2026-05-21","1","6740","1"
"2026-05-21","2","4082","1"
"2026-05-21","3","4392","1"
"2026-05-21","4","3687","1"
"2026-05-21","5","277A","1"
"2026-05-21","6","6330","1"
"2026-05-21","7","4784","1"
"2026-05-21","8","285A","1"
"2026-05-21","9","4933","1"
"2026-05-21","10","3697","1"
"2026-05-21","11","3391","1"
"2026-05-21","12","3176","1"
"2026-05-21","13","4481","1"
"2026-05-21","14","4765","1"
"2026-05-21","15","3031","1"
"2026-05-21","16","4611","1"
"2026-05-21","17","5451","1"
"2026-05-21","18","6333","1"
"2026-05-21","19","7504","1"
"2026-05-21","20","2146","1"
"2026-05-22","1","6740","1"
"2026-05-22","2","4082","1"
"2026-05-22","3","4392","1"
"2026-05-22","4","277A","1"
"2026-05-22","5","3687","1"
"2026-05-22","6","6330","1"
"2026-05-22","7","4784","1"
"2026-05-22","8","285A","1"
"2026-05-22","9","4933","1"
"2026-05-22","10","9279","1"
"2026-05-22","11","3391","1"
"2026-05-22","12","3176","1"
"2026-05-22","13","4481","1"
"2026-05-22","14","3031","1"
"2026-05-22","15","4765","1"
"2026-05-22","16","4611","1"
"2026-05-22","17","5451","1"
"2026-05-22","18","7504","1"
"2026-05-22","19","8591","1"
"2026-05-22","20","2146","1"
"2026-05-25","1","6740","1"
"2026-05-25","2","4082","1"
"2026-05-25","3","4392","1"
"2026-05-25","4","277A","1"
"2026-05-25","5","3687","1"
"2026-05-25","6","6330","1"
"2026-05-25","7","4784","1"
"2026-05-25","8","4344","1"
"2026-05-25","9","285A","1"
"2026-05-25","10","4933","1"
"2026-05-25","11","3176","1"
"2026-05-25","12","4481","1"
"2026-05-25","13","3031","1"
"2026-05-25","14","4765","1"
"2026-05-25","15","4611","1"
"2026-05-25","16","5451","1"
"2026-05-25","17","6333","1"
"2026-05-25","18","7504","1"
"2026-05-25","19","8591","1"
"2026-05-25","20","8137","1"
"2026-05-26","1","6740","1"
"2026-05-26","2","4082","1"
"2026-05-26","3","4392","1"
"2026-05-26","4","277A","1"
"2026-05-26","5","3687","1"
"2026-05-26","6","4784","1"
"2026-05-26","7","6330","1"
"2026-05-26","8","4344","1"
"2026-05-26","9","285A","1"
"2026-05-26","10","4933","1"
"2026-05-26","11","3176","1"
"2026-05-26","12","4481","1"
"2026-05-26","13","3031","1"
"2026-05-26","14","4765","1"
"2026-05-26","15","5451","1"
"2026-05-26","16","6333","1"
"2026-05-26","17","4611","1"
"2026-05-26","18","3679","1"
"2026-05-26","19","7504","1"
"2026-05-26","20","8591","1"
"2026-05-27","1","6740","1"
"2026-05-27","2","4392","1"
"2026-05-27","3","4082","1"
"2026-05-27","4","277A","1"
"2026-05-27","5","3687","1"
"2026-05-27","6","4784","1"
"2026-05-27","7","6330","1"
"2026-05-27","8","4344","1"
"2026-05-27","9","285A","1"
"2026-05-27","10","4933","1"
"2026-05-27","11","3176","1"
"2026-05-27","12","3031","1"
"2026-05-27","13","4765","1"
"2026-05-27","14","4481","1"
"2026-05-27","15","6333","1"
"2026-05-27","16","8591","1"
"2026-05-27","17","5451","1"
"2026-05-27","18","3679","1"
"2026-05-27","19","8137","1"
"2026-05-27","20","6430","1"
"2026-05-28","1","4082","1"
"2026-05-28","2","4392","1"
"2026-05-28","3","6740","1"
"2026-05-28","4","277A","1"
"2026-05-28","5","4784","1"
"2026-05-28","6","3687","1"
"2026-05-28","7","6330","1"
"2026-05-28","8","4344","1"
"2026-05-28","9","285A","1"
"2026-05-28","10","4933","1"
"2026-05-28","11","3176","1"
"2026-05-28","12","4765","1"
"2026-05-28","13","3031","1"
"2026-05-28","14","6333","1"
"2026-05-28","15","3679","1"
"2026-05-28","16","8137","1"
"2026-05-28","17","8591","1"
"2026-05-28","18","5451","1"
"2026-05-28","19","4481","1"
"2026-05-28","20","4611","1"
"2026-05-29","1","4392","1"
"2026-05-29","2","4082","1"
"2026-05-29","3","6740","1"
"2026-05-29","4","277A","1"
"2026-05-29","5","4784","1"
"2026-05-29","6","6330","1"
"2026-05-29","7","3687","1"
"2026-05-29","8","4344","1"
"2026-05-29","9","285A","1"
"2026-05-29","10","5074","1"
"2026-05-29","11","3176","1"
"2026-05-29","12","4765","1"
"2026-05-29","13","6333","1"
"2026-05-29","14","8137","1"
"2026-05-29","15","4481","1"
"2026-05-29","16","4611","1"
"2026-05-29","17","6430","1"
"2026-05-29","18","3679","1"
"2026-05-29","19","7504","1"
"2026-05-29","20","5451","1"
"2026-06-01","1","4392","1"
"2026-06-01","2","4082","1"
"2026-06-01","3","277A","1"
"2026-06-01","4","6740","1"
"2026-06-01","5","4784","1"
"2026-06-01","6","6330","1"
"2026-06-01","7","3687","1"
"2026-06-01","8","4344","1"
"2026-06-01","9","285A","1"
"2026-06-01","10","5074","1"
"2026-06-01","11","3176","1"
"2026-06-01","12","4765","1"
"2026-06-01","13","6333","1"
"2026-06-01","14","6430","1"
"2026-06-01","15","8137","1"
"2026-06-01","16","7504","1"
"2026-06-01","17","4481","1"
"2026-06-01","18","5451","1"
"2026-06-01","19","4611","1"
"2026-06-01","20","3854","1"
"2026-06-02","1","4392","1"
"2026-06-02","2","4082","1"
"2026-06-02","3","277A","1"
"2026-06-02","4","4784","1"
"2026-06-02","5","6740","1"
"2026-06-02","6","6330","1"
"2026-06-02","7","4344","1"
"2026-06-02","8","3687","1"
"2026-06-02","9","285A","1"
"2026-06-02","10","3697","1"
"2026-06-02","11","3176","1"
"2026-06-02","12","4765","1"
"2026-06-02","13","6333","1"
"2026-06-02","14","6430","1"
"2026-06-02","15","4481","1"
"2026-06-02","16","3854","1"
"2026-06-02","17","7504","1"
"2026-06-02","18","3679","1"
"2026-06-02","19","8137","1"
"2026-06-02","20","4611","1"
"2026-06-03","1","4392","1"
"2026-06-03","2","4082","1"
"2026-06-03","3","277A","1"
"2026-06-03","4","4784","1"
"2026-06-03","5","6740","1"
"2026-06-03","6","6330","1"
"2026-06-03","7","3687","1"
"2026-06-03","8","4344","1"
"2026-06-03","9","285A","1"
"2026-06-03","10","5074","1"
"2026-06-03","11","3176","1"
"2026-06-03","12","4765","1"
"2026-06-03","13","6430","1"
"2026-06-03","14","6333","1"
"2026-06-03","15","4481","1"
"2026-06-03","16","7504","1"
"2026-06-03","17","3679","1"
"2026-06-03","18","4611","1"
"2026-06-03","19","8137","1"
"2026-06-03","20","3854","1"
"2026-06-04","1","4392","1"
"2026-06-04","2","4082","1"
"2026-06-04","3","277A","1"
"2026-06-04","4","4784","1"
"2026-06-04","5","6740","1"
"2026-06-04","6","6330","1"
"2026-06-04","7","4344","1"
"2026-06-04","8","5074","1"
"2026-06-04","9","3687","1"
"2026-06-04","10","285A","1"
"2026-06-04","11","3176","1"
"2026-06-04","12","4765","1"
"2026-06-04","13","4481","1"
"2026-06-04","14","6430","1"
"2026-06-04","15","6333","1"
"2026-06-04","16","3679","1"
"2026-06-04","17","8137","1"
"2026-06-04","18","3854","1"
"2026-06-04","19","4611","1"
"2026-06-04","20","7504","1"
"2026-06-05","1","4392","1"
"2026-06-05","2","4082","1"
"2026-06-05","3","277A","1"
"2026-06-05","4","4784","1"
"2026-06-05","5","6740","1"
"2026-06-05","6","6330","1"
"2026-06-05","7","4344","1"
"2026-06-05","8","3687","1"
"2026-06-05","9","5074","1"
"2026-06-05","10","285A","1"
"2026-06-05","11","3176","1"
"2026-06-05","12","4765","1"
"2026-06-05","13","6430","1"
"2026-06-05","14","4481","1"
"2026-06-05","15","3854","1"
"2026-06-05","16","3679","1"
"2026-06-05","17","6333","1"
"2026-06-05","18","8591","1"
"2026-06-05","19","5451","1"
"2026-06-05","20","7504","1"
"2026-06-08","1","4082","1"
"2026-06-08","2","4392","1"
"2026-06-08","3","277A","1"
"2026-06-08","4","4784","1"
"2026-06-08","5","6740","1"
"2026-06-08","6","6330","1"
"2026-06-08","7","4344","1"
"2026-06-08","8","3687","1"
"2026-06-08","9","5074","1"
"2026-06-08","10","3697","1"
"2026-06-08","11","3176","1"
"2026-06-08","12","4765","1"
"2026-06-08","13","4481","1"
"2026-06-08","14","6333","1"
"2026-06-08","15","6430","1"
"2026-06-08","16","3679","1"
"2026-06-08","17","8591","1"
"2026-06-08","18","3854","1"
"2026-06-08","19","5451","1"
"2026-06-08","20","4825","1"
"2026-06-09","1","4082","1"
"2026-06-09","2","4392","1"
"2026-06-09","3","277A","1"
"2026-06-09","4","4784","1"
"2026-06-09","5","6740","1"
"2026-06-09","6","6330","1"
"2026-06-09","7","4344","1"
"2026-06-09","8","3687","1"
"2026-06-09","9","5074","1"
"2026-06-09","10","3697","1"
"2026-06-09","11","3176","1"
"2026-06-09","12","4765","1"
"2026-06-09","13","4481","1"
"2026-06-09","14","6333","1"
"2026-06-09","15","6430","1"
"2026-06-09","16","3854","1"
"2026-06-09","17","3679","1"
"2026-06-09","18","8591","1"
"2026-06-09","19","5451","1"
"2026-06-09","20","8137","1"
"2026-06-10","1","4082","1"
"2026-06-10","2","277A","1"
"2026-06-10","3","4784","1"
"2026-06-10","4","4392","1"
"2026-06-10","5","6740","1"
"2026-06-10","6","6330","1"
"2026-06-10","7","4344","1"
"2026-06-10","8","3687","1"
"2026-06-10","9","5074","1"
"2026-06-10","10","3697","1"
"2026-06-10","11","3176","1"
"2026-06-10","12","4765","1"
"2026-06-10","13","4481","1"
"2026-06-10","14","6430","1"
"2026-06-10","15","3854","1"
"2026-06-10","16","8591","1"
"2026-06-10","17","8137","1"
"2026-06-10","18","5451","1"
"2026-06-10","19","3836","1"
"2026-06-10","20","3679","1"
"2026-06-11","1","4082","1"
"2026-06-11","2","4392","1"
"2026-06-11","3","277A","1"
"2026-06-11","4","4784","1"
"2026-06-11","5","6740","1"
"2026-06-11","6","4344","1"
"2026-06-11","7","6330","1"
"2026-06-11","8","3687","1"
"2026-06-11","9","3697","1"
"2026-06-11","10","5074","1"
"2026-06-11","11","3176","1"
"2026-06-11","12","4765","1"
"2026-06-11","13","4481","1"
"2026-06-11","14","3854","1"
"2026-06-11","15","6430","1"
"2026-06-11","16","5451","1"
"2026-06-11","17","3679","1"
"2026-06-11","18","8591","1"
"2026-06-11","19","3836","1"
"2026-06-11","20","8923","1"
"2026-06-12","1","4082","1"
"2026-06-12","2","4392","1"
"2026-06-12","3","277A","1"
"2026-06-12","4","4784","1"
"2026-06-12","5","6740","1"
"2026-06-12","6","4344","1"
"2026-06-12","7","3687","1"
"2026-06-12","8","6330","1"
"2026-06-12","9","3697","1"
"2026-06-12","10","5074","1"
"2026-06-12","11","3176","1"
"2026-06-12","12","4481","1"
"2026-06-12","13","4765","1"
"2026-06-12","14","3854","1"
"2026-06-12","15","6430","1"
"2026-06-12","16","8591","1"
"2026-06-12","17","5451","1"
"2026-06-12","18","3679","1"
"2026-06-12","19","8137","1"
"2026-06-12","20","8923","1"
"2026-06-15","1","4392","1"
"2026-06-15","2","4082","1"
"2026-06-15","3","277A","1"
"2026-06-15","4","4784","1"
"2026-06-15","5","6740","1"
"2026-06-15","6","3687","1"
"2026-06-15","7","4344","1"
"2026-06-15","8","6330","1"
"2026-06-15","9","3697","1"
"2026-06-15","10","5074","1"
"2026-06-15","11","3962","1"
"2026-06-15","12","3176","1"
"2026-06-15","13","4765","1"
"2026-06-15","14","4481","1"
"2026-06-15","15","6430","1"
"2026-06-15","16","3854","1"
"2026-06-15","17","8591","1"
"2026-06-15","18","5451","1"
"2026-06-15","19","8137","1"
"2026-06-15","20","8923","1"
"2026-06-16","1","4392","1"
"2026-06-16","2","4082","1"
"2026-06-16","3","277A","1"
"2026-06-16","4","4784","1"
"2026-06-16","5","6740","1"
"2026-06-16","6","4344","1"
"2026-06-16","7","3687","1"
"2026-06-16","8","6330","1"
"2026-06-16","9","3697","1"
"2026-06-16","10","9279","1"
"2026-06-16","11","3962","1"
"2026-06-16","12","3176","1"
"2026-06-16","13","4481","1"
"2026-06-16","14","4765","1"
"2026-06-16","15","3854","1"
"2026-06-16","16","6430","1"
"2026-06-16","17","8591","1"
"2026-06-16","18","5451","1"
"2026-06-16","19","8137","1"
"2026-06-16","20","8923","1"
"2026-06-17","1","4392","1"
"2026-06-17","2","4082","1"
"2026-06-17","3","277A","1"
"2026-06-17","4","4784","1"
"2026-06-17","5","6740","1"
"2026-06-17","6","4344","1"
"2026-06-17","7","3687","1"
"2026-06-17","8","6330","1"
"2026-06-17","9","3697","1"
"2026-06-17","10","9279","1"
"2026-06-17","11","3962","1"
"2026-06-17","12","3176","1"
"2026-06-17","13","4481","1"
"2026-06-17","14","4765","1"
"2026-06-17","15","8591","1"
"2026-06-17","16","8137","1"
"2026-06-17","17","3854","1"
"2026-06-17","18","5451","1"
"2026-06-17","19","6430","1"
"2026-06-17","20","3836","1"
"2026-06-18","1","4082","1"
"2026-06-18","2","4392","1"
"2026-06-18","3","277A","1"
"2026-06-18","4","4784","1"
"2026-06-18","5","6740","1"
"2026-06-18","6","4344","1"
"2026-06-18","7","6330","1"
"2026-06-18","8","3687","1"
"2026-06-18","9","3697","1"
"2026-06-18","10","9279","1"
"2026-06-18","11","3962","1"
"2026-06-18","12","3176","1"
"2026-06-18","13","4481","1"
"2026-06-18","14","4765","1"
"2026-06-18","15","8591","1"
"2026-06-18","16","3193","1"
"2026-06-18","17","6430","1"
"2026-06-18","18","5451","1"
"2026-06-18","19","8137","1"
"2026-06-18","20","3836","1"
"2026-06-19","1","4392","1"
"2026-06-19","2","4082","1"
"2026-06-19","3","277A","1"
"2026-06-19","4","4784","1"
"2026-06-19","5","3687","1"
"2026-06-19","6","6740","1"
"2026-06-19","7","4344","1"
"2026-06-19","8","6330","1"
"2026-06-19","9","3697","1"
"2026-06-19","10","9279","1"
"2026-06-19","11","3962","1"
"2026-06-19","12","4765","1"
"2026-06-19","13","4481","1"
"2026-06-19","14","8591","1"
"2026-06-19","15","3193","1"
"2026-06-19","16","5451","1"
"2026-06-19","17","6430","1"
"2026-06-19","18","3836","1"
"2026-06-19","19","3679","1"
"2026-06-19","20","3854","1"
"2026-06-22","1","4392","1"
"2026-06-22","2","4082","1"
"2026-06-22","3","277A","1"
"2026-06-22","4","4784","1"
"2026-06-22","5","6740","1"
"2026-06-22","6","3687","1"
"2026-06-22","7","6330","1"
"2026-06-22","8","4344","1"
"2026-06-22","9","3697","1"
"2026-06-22","10","9279","1"
"2026-06-22","11","3962","1"
"2026-06-22","12","3176","1"
"2026-06-22","13","4481","1"
"2026-06-22","14","4765","1"
"2026-06-22","15","8137","1"
"2026-06-22","16","3193","1"
"2026-06-22","17","8591","1"
"2026-06-22","18","6430","1"
"2026-06-22","19","3836","1"
"2026-06-22","20","5451","1"
"2026-06-23","1","4392","1"
"2026-06-23","2","4082","1"
"2026-06-23","3","277A","1"
"2026-06-23","4","4784","1"
"2026-06-23","5","6740","1"
"2026-06-23","6","3687","1"
"2026-06-23","7","6330","1"
"2026-06-23","8","4344","1"
"2026-06-23","9","3697","1"
"2026-06-23","10","9279","1"
"2026-06-23","11","3962","1"
"2026-06-23","12","3176","1"
"2026-06-23","13","4481","1"
"2026-06-23","14","4765","1"
"2026-06-23","15","8591","1"
"2026-06-23","16","6430","1"
"2026-06-23","17","3193","1"
"2026-06-23","18","5451","1"
"2026-06-23","19","3854","1"
"2026-06-23","20","3836","1"
"2026-06-24","1","4392","1"
"2026-06-24","2","4082","1"
"2026-06-24","3","277A","1"
"2026-06-24","4","4784","1"
"2026-06-24","5","3687","1"
"2026-06-24","6","6740","1"
"2026-06-24","7","6330","1"
"2026-06-24","8","4344","1"
"2026-06-24","9","3697","1"
"2026-06-24","10","3853","1"
"2026-06-24","11","3962","1"
"2026-06-24","12","3176","1"
"2026-06-24","13","4481","1"
"2026-06-24","14","4765","1"
"2026-06-24","15","8591","1"
"2026-06-24","16","6430","1"
"2026-06-24","17","3193","1"
"2026-06-24","18","4432","1"
"2026-06-24","19","3854","1"
"2026-06-24","20","3836","1"
"2026-06-25","1","4392","1"
"2026-06-25","2","4082","1"
"2026-06-25","3","6740","1"
"2026-06-25","4","277A","1"
"2026-06-25","5","4784","1"
"2026-06-25","6","3687","1"
"2026-06-25","7","6330","1"
"2026-06-25","8","4344","1"
"2026-06-25","9","3697","1"
"2026-06-25","10","3853","1"
"2026-06-25","11","3962","1"
"2026-06-25","12","3176","1"
"2026-06-25","13","4481","1"
"2026-06-25","14","4765","1"
"2026-06-25","15","8591","1"
"2026-06-25","16","3854","1"
"2026-06-25","17","4432","1"
"2026-06-25","18","6430","1"
"2026-06-25","19","3193","1"
"2026-06-25","20","3836","1"
"2026-06-26","1","4392","1"
"2026-06-26","2","4082","1"
"2026-06-26","3","6740","1"
"2026-06-26","4","277A","1"
"2026-06-26","5","4784","1"
"2026-06-26","6","3687","1"
"2026-06-26","7","6330","1"
"2026-06-26","8","4344","1"
"2026-06-26","9","3697","1"
"2026-06-26","10","3853","1"
"2026-06-26","11","3962","1"
"2026-06-26","12","4481","1"
"2026-06-26","13","4765","1"
"2026-06-26","14","8591","1"
"2026-06-26","15","3854","1"
"2026-06-26","16","4432","1"
"2026-06-26","17","6430","1"
"2026-06-26","18","3679","1"
"2026-06-26","19","3836","1"
"2026-06-26","20","5451","1"
"2026-06-29","1","4392","1"
"2026-06-29","2","4082","1"
"2026-06-29","3","6740","1"
"2026-06-29","4","277A","1"
"2026-06-29","5","4784","1"
"2026-06-29","6","3687","1"
"2026-06-29","7","6330","1"
"2026-06-29","8","4344","1"
"2026-06-29","9","3853","1"
"2026-06-29","10","3697","1"
"2026-06-29","11","3962","1"
"2026-06-29","12","4481","1"
"2026-06-29","13","4765","1"
"2026-06-29","14","8591","1"
"2026-06-29","15","4432","1"
"2026-06-29","16","6430","1"
"2026-06-29","17","3854","1"
"2026-06-29","18","3836","1"
"2026-06-29","19","3679","1"
"2026-06-29","20","5451","1"
"2026-06-30","1","4392","1"
"2026-06-30","2","4082","1"
"2026-06-30","3","6740","1"
"2026-06-30","4","277A","1"
"2026-06-30","5","4784","1"
"2026-06-30","6","6330","1"
"2026-06-30","7","3687","1"
"2026-06-30","8","4344","1"
"2026-06-30","9","3853","1"
"2026-06-30","10","3697","1"
"2026-06-30","11","3962","1"
"2026-06-30","12","4481","1"
"2026-06-30","13","8591","1"
"2026-06-30","14","4765","1"
"2026-06-30","15","4432","1"
"2026-06-30","16","3854","1"
"2026-06-30","17","6430","1"
"2026-06-30","18","5451","1"
"2026-06-30","19","3836","1"
"2026-06-30","20","3679","1"
"2026-07-01","1","4392","1"
"2026-07-01","2","4082","1"
"2026-07-01","3","6740","1"
"2026-07-01","4","277A","1"
"2026-07-01","5","4784","1"
"2026-07-01","6","6330","1"
"2026-07-01","7","3687","1"
"2026-07-01","8","4344","1"
"2026-07-01","9","285A","1"
"2026-07-01","10","3853","1"
"2026-07-01","11","3962","1"
"2026-07-01","12","4481","1"
"2026-07-01","13","4765","1"
"2026-07-01","14","8591","1"
"2026-07-01","15","4432","1"
"2026-07-01","16","3854","1"
"2026-07-01","17","6430","1"
"2026-07-01","18","5451","1"
"2026-07-01","19","3836","1"
"2026-07-01","20","3193","1"
"2026-07-02","1","4392","1"
"2026-07-02","2","4082","1"
"2026-07-02","3","6740","1"
"2026-07-02","4","277A","1"
"2026-07-02","5","4784","1"
"2026-07-02","6","6330","1"
"2026-07-02","7","3687","1"
"2026-07-02","8","4344","1"
"2026-07-02","9","285A","1"
"2026-07-02","10","3853","1"
"2026-07-02","11","3962","1"
"2026-07-02","12","4481","1"
"2026-07-02","13","4765","1"
"2026-07-02","14","8591","1"
"2026-07-02","15","3854","1"
"2026-07-02","16","6430","1"
"2026-07-02","17","5451","1"
"2026-07-02","18","8151","1"
"2026-07-02","19","3193","1"
"2026-07-02","20","3836","1"
"2026-07-03","1","9229","1"
"2026-07-03","2","4392","1"
"2026-07-03","3","4082","1"
"2026-07-03","4","6740","1"
"2026-07-03","5","277A","1"
"2026-07-03","6","4784","1"
"2026-07-03","7","6330","1"
"2026-07-03","8","3687","1"
"2026-07-03","9","4344","1"
"2026-07-03","10","3853","1"
"2026-07-03","11","3962","1"
"2026-07-03","12","4481","1"
"2026-07-03","13","4765","1"
"2026-07-03","14","8591","1"
"2026-07-03","15","3193","1"
"2026-07-03","16","6430","1"
"2026-07-03","17","3836","1"
"2026-07-03","18","3854","1"
"2026-07-03","19","5451","1"
"2026-07-03","20","8151","1"
"2026-07-06","1","9229","1"
"2026-07-06","2","4392","1"
"2026-07-06","3","4082","1"
"2026-07-06","4","6740","1"
"2026-07-06","5","277A","1"
"2026-07-06","6","4784","1"
"2026-07-06","7","3687","1"
"2026-07-06","8","6330","1"
"2026-07-06","9","4344","1"
"2026-07-06","10","3697","1"
"2026-07-06","11","3962","1"
"2026-07-06","12","4481","1"
"2026-07-06","13","4765","1"
"2026-07-06","14","8591","1"
"2026-07-06","15","3193","1"
"2026-07-06","16","6430","1"
"2026-07-06","17","5451","1"
"2026-07-06","18","9663","1"
"2026-07-06","19","3836","1"
"2026-07-06","20","4641","1"
"2026-07-07","1","9229","1"
"2026-07-07","2","4392","1"
"2026-07-07","3","4082","1"
"2026-07-07","4","6740","1"
"2026-07-07","5","277A","1"
"2026-07-07","6","6330","1"
"2026-07-07","7","3687","1"
"2026-07-07","8","4784","1"
"2026-07-07","9","4344","1"
"2026-07-07","10","3853","1"
"2026-07-07","11","3962","1"
"2026-07-07","12","4765","1"
"2026-07-07","13","8591","1"
"2026-07-07","14","4481","1"
"2026-07-07","15","3193","1"
"2026-07-07","16","6430","1"
"2026-07-07","17","5451","1"
"2026-07-07","18","9663","1"
"2026-07-07","19","8151","1"
"2026-07-07","20","8923","1"
"2026-07-08","1","9229","1"
"2026-07-08","2","4392","1"
"2026-07-08","3","4082","1"
"2026-07-08","4","6740","1"
"2026-07-08","5","277A","1"
"2026-07-08","6","6330","1"
"2026-07-08","7","3687","1"
"2026-07-08","8","4784","1"
"2026-07-08","9","4344","1"
"2026-07-08","10","3697","1"
"2026-07-08","11","3962","1"
"2026-07-08","12","4765","1"
"2026-07-08","13","8591","1"
"2026-07-08","14","4481","1"
"2026-07-08","15","6430","1"
"2026-07-08","16","3193","1"
"2026-07-08","17","9663","1"
"2026-07-08","18","8923","1"
"2026-07-08","19","8151","1"
"2026-07-08","20","3836","1"
"2026-07-09","1","9229","1"
"2026-07-09","2","4392","1"
"2026-07-09","3","6740","1"
"2026-07-09","4","4082","1"
"2026-07-09","5","277A","1"
"2026-07-09","6","6330","1"
"2026-07-09","7","3687","1"
"2026-07-09","8","4784","1"
"2026-07-09","9","4344","1"
"2026-07-09","10","3853","1"
"2026-07-09","11","3962","1"
"2026-07-09","12","4765","1"
"2026-07-09","13","4481","1"
"2026-07-09","14","8591","1"
"2026-07-09","15","6430","1"
"2026-07-09","16","7744","1"
"2026-07-09","17","9663","1"
"2026-07-09","18","3193","1"
"2026-07-09","19","8151","1"
"2026-07-09","20","3836","1"
"2026-07-10","1","9229","1"
"2026-07-10","2","4392","1"
"2026-07-10","3","4082","1"
"2026-07-10","4","6740","1"
"2026-07-10","5","277A","1"
"2026-07-10","6","6330","1"
"2026-07-10","7","3687","1"
"2026-07-10","8","4784","1"
"2026-07-10","9","4344","1"
"2026-07-10","10","3697","1"
"2026-07-10","11","3962","1"
"2026-07-10","12","8591","1"
"2026-07-10","13","4765","1"
"2026-07-10","14","4481","1"
"2026-07-10","15","9663","1"
"2026-07-10","16","8923","1"
"2026-07-10","17","6430","1"
"2026-07-10","18","3193","1"
"2026-07-10","19","8151","1"
"2026-07-10","20","547A","1"
"2026-07-13","1","9229","1"
"2026-07-13","2","4392","1"
"2026-07-13","3","4082","1"
"2026-07-13","4","6740","1"
"2026-07-13","5","277A","1"
"2026-07-13","6","6330","1"
"2026-07-13","7","3687","1"
"2026-07-13","8","4344","1"
"2026-07-13","9","4784","1"
"2026-07-13","10","3853","1"
"2026-07-13","11","3962","1"
"2026-07-13","12","6333","1"
"2026-07-13","13","8591","1"
"2026-07-13","14","4765","1"
"2026-07-13","15","4481","1"
"2026-07-13","16","7744","1"
"2026-07-13","17","8151","1"
"2026-07-13","18","8923","1"
"2026-07-13","19","9663","1"
"2026-07-13","20","6430","1"
"2026-07-14","1","9229","1"
"2026-07-14","2","4392","1"
"2026-07-14","3","4082","1"
"2026-07-14","4","6740","1"
"2026-07-14","5","277A","1"
"2026-07-14","6","6330","1"
"2026-07-14","7","3687","1"
"2026-07-14","8","4784","1"
"2026-07-14","9","3697","1"
"2026-07-14","10","3853","1"
"2026-07-14","11","3962","1"
"2026-07-14","12","6333","1"
"2026-07-14","13","8591","1"
"2026-07-14","14","4765","1"
"2026-07-14","15","4481","1"
"2026-07-14","16","7744","1"
"2026-07-14","17","8923","1"
"2026-07-14","18","9663","1"
"2026-07-14","19","7513","1"
"2026-07-14","20","8151","1"
"2026-07-15","1","9229","1"
"2026-07-15","2","4082","1"
"2026-07-15","3","4392","1"
"2026-07-15","4","6740","1"
"2026-07-15","5","277A","1"
"2026-07-15","6","6330","1"
"2026-07-15","7","3687","1"
"2026-07-15","8","4784","1"
"2026-07-15","9","3697","1"
"2026-07-15","10","3853","1"
"2026-07-15","11","3962","1"
"2026-07-15","12","6333","1"
"2026-07-15","13","8591","1"
"2026-07-15","14","4765","1"
"2026-07-15","15","4481","1"
"2026-07-15","16","7513","1"
"2026-07-15","17","9663","1"
"2026-07-15","18","7744","1"
"2026-07-15","19","8923","1"
"2026-07-15","20","8151","1"
"2026-07-16","1","9229","1"
"2026-07-16","2","4082","1"
"2026-07-16","3","4392","1"
"2026-07-16","4","6740","1"
"2026-07-16","5","277A","1"
"2026-07-16","6","6330","1"
"2026-07-16","7","3687","1"
"2026-07-16","8","3697","1"
"2026-07-16","9","4784","1"
"2026-07-16","10","3853","1"
"2026-07-16","11","3962","1"
"2026-07-16","12","6333","1"
"2026-07-16","13","8591","1"
"2026-07-16","14","4765","1"
"2026-07-16","15","4481","1"
"2026-07-16","16","7513","1"
"2026-07-16","17","8923","1"
"2026-07-16","18","8151","1"
"2026-07-16","19","9663","1"
"2026-07-16","20","7744","1"
"2026-07-17","1","9229","1"
"2026-07-17","2","4082","1"
"2026-07-17","3","4392","1"
"2026-07-17","4","6740","1"
"2026-07-17","5","277A","1"
"2026-07-17","6","6330","1"
"2026-07-17","7","3687","1"
"2026-07-17","8","3697","1"
"2026-07-17","9","4784","1"
"2026-07-17","10","3853","1"
"2026-07-17","11","3962","1"
"2026-07-17","12","6333","1"
"2026-07-17","13","8591","1"
"2026-07-17","14","4765","1"
"2026-07-17","15","4481","1"
"2026-07-17","16","7513","1"
"2026-07-17","17","8151","1"
"2026-07-17","18","7744","1"
"2026-07-17","19","9663","1"
"2026-07-17","20","547A","1"
"2026-07-21","1","9229","1"
"2026-07-21","2","4082","1"
"2026-07-21","3","4392","1"
"2026-07-21","4","277A","1"
"2026-07-21","5","6740","1"
"2026-07-21","6","6330","1"
"2026-07-21","7","3687","1"
"2026-07-21","8","4784","1"
"2026-07-21","9","3853","1"
"2026-07-21","10","3697","1"
"2026-07-21","11","3962","1"
"2026-07-21","12","6333","1"
"2026-07-21","13","8591","1"
"2026-07-21","14","4765","1"
"2026-07-21","15","4481","1"
"2026-07-21","16","7744","1"
"2026-07-21","17","7513","1"
"2026-07-21","18","547A","1"
"2026-07-21","19","8151","1"
"2026-07-21","20","9663","1"
"2026-07-22","1","9229","1"
"2026-07-22","2","4082","1"
"2026-07-22","3","4392","1"
"2026-07-22","4","277A","1"
"2026-07-22","5","6740","1"
"2026-07-22","6","6330","1"
"2026-07-22","7","3687","1"
"2026-07-22","8","4784","1"
"2026-07-22","9","3853","1"
"2026-07-22","10","3697","1"
"2026-07-22","11","3962","1"
"2026-07-22","12","6333","1"
"2026-07-22","13","8591","1"
"2026-07-22","14","4765","1"
"2026-07-22","15","4481","1"
"2026-07-22","16","7513","1"
"2026-07-22","17","7744","1"
"2026-07-22","18","8151","1"
"2026-07-22","19","4914","1"
"2026-07-22","20","9663","1"
"2026-07-23","1","9229","1"
"2026-07-23","2","4082","1"
"2026-07-23","3","4392","1"
"2026-07-23","4","277A","1"
"2026-07-23","5","6740","1"
"2026-07-23","6","6330","1"
"2026-07-23","7","3687","1"
"2026-07-23","8","4784","1"
"2026-07-23","9","285A","1"
"2026-07-23","10","3853","1"
"2026-07-23","11","3962","1"
"2026-07-23","12","6333","1"
"2026-07-23","13","8591","1"
"2026-07-23","14","4765","1"
"2026-07-23","15","4481","1"
"2026-07-23","16","7513","1"
"2026-07-23","17","7744","1"
"2026-07-23","18","8151","1"
"2026-07-23","19","4914","1"
"2026-07-23","20","547A","1"
"2026-07-24","1","9229","1"
"2026-07-24","2","4082","1"
"2026-07-24","3","4392","1"
"2026-07-24","4","277A","1"
"2026-07-24","5","6740","1"
"2026-07-24","6","6330","1"
"2026-07-24","7","3687","1"
"2026-07-24","8","4784","1"
"2026-07-24","9","285A","1"
"2026-07-24","10","3853","1"
"2026-07-24","11","3962","1"
"2026-07-24","12","6333","1"
"2026-07-24","13","8591","1"
"2026-07-24","14","4765","1"
"2026-07-24","15","4481","1"
"2026-07-24","16","7744","1"
"2026-07-24","17","7513","1"
"2026-07-24","18","9663","1"
"2026-07-24","19","4914","1"
"2026-07-24","20","8151","1"
"2026-07-27","1","9229","1"
"2026-07-27","2","4082","1"
"2026-07-27","3","4392","1"
"2026-07-27","4","277A","1"
"2026-07-27","5","6740","1"
"2026-07-27","6","6330","1"
"2026-07-27","7","3687","1"
"2026-07-27","8","285A","1"
"2026-07-27","9","4784","1"
"2026-07-27","10","3853","1"
"2026-07-27","11","3962","1"
"2026-07-27","12","6333","1"
"2026-07-27","13","8591","1"
"2026-07-27","14","4765","1"
"2026-07-27","15","4481","1"
"2026-07-27","16","3662","1"
"2026-07-27","17","7744","1"
"2026-07-27","18","8151","1"
"2026-07-27","19","547A","1"
"2026-07-27","20","4914","1"
"2026-07-28","1","4082","1"
"2026-07-28","2","4392","1"
"2026-07-28","3","6740","1"
"2026-07-28","4","277A","1"
"2026-07-28","5","6330","1"
"2026-07-28","6","3687","1"
"2026-07-28","7","3853","1"
"2026-07-28","8","3696","1"
"2026-07-28","9","4784","1"
"2026-07-28","10","285A","1"
"2026-07-28","11","3962","1"
"2026-07-28","12","6333","1"
"2026-07-28","13","8591","1"
"2026-07-28","14","4765","1"
"2026-07-28","15","4481","1"
"2026-07-28","16","3662","1"
"2026-07-28","17","547A","1"
"2026-07-28","18","8151","1"
"2026-07-28","19","7744","1"
"2026-07-28","20","8923","1"
"2026-07-29","1","4082","1"
"2026-07-29","2","4392","1"
"2026-07-29","3","6740","1"
"2026-07-29","4","277A","1"
"2026-07-29","5","6330","1"
"2026-07-29","6","3687","1"
"2026-07-29","7","285A","1"
"2026-07-29","8","3853","1"
"2026-07-29","9","5074","1"
"2026-07-29","10","6616","1"
"2026-07-29","11","6333","1"
"2026-07-29","12","3962","1"
"2026-07-29","13","8591","1"
"2026-07-29","14","3662","1"
"2026-07-29","15","4481","1"
"2026-07-29","16","8151","1"
"2026-07-29","17","4765","1"
"2026-07-29","18","547A","1"
"2026-07-29","19","7744","1"
"2026-07-29","20","8923","1"
"2026-07-30","1","4082","1"
"2026-07-30","2","4392","1"
"2026-07-30","3","6740","1"
"2026-07-30","4","277A","1"
"2026-07-30","5","6330","1"
"2026-07-30","6","3687","1"
"2026-07-30","7","3853","1"
"2026-07-30","8","285A","1"
"2026-07-30","9","5074","1"
"2026-07-30","10","6616","1"
"2026-07-30","11","3176","1"
"2026-07-30","12","6333","1"
"2026-07-30","13","3962","1"
"2026-07-30","14","8591","1"
"2026-07-30","15","4481","1"
"2026-07-30","16","547A","1"
"2026-07-30","17","8151","1"
"2026-07-30","18","4765","1"
"2026-07-30","19","7744","1"
"2026-07-30","20","3662","1"
"2026-07-31","1","4082","1"
"2026-07-31","2","4392","1"
"2026-07-31","3","6740","1"
"2026-07-31","4","277A","1"
"2026-07-31","5","6330","1"
"2026-07-31","6","3687","1"
"2026-07-31","7","285A","1"
"2026-07-31","8","5074","1"
"2026-07-31","9","3853","1"
"2026-07-31","10","6616","1"
"2026-07-31","11","3176","1"
"2026-07-31","12","6333","1"
"2026-07-31","13","3962","1"
"2026-07-31","14","8591","1"
"2026-07-31","15","4481","1"
"2026-07-31","16","8151","1"
"2026-07-31","17","547A","1"
"2026-07-31","18","3193","1"
"2026-07-31","19","7744","1"
"2026-07-31","20","4765","1"
"2026-08-03","1","4392","1"
"2026-08-03","2","4082","1"
"2026-08-03","3","6740","1"
"2026-08-03","4","277A","1"
"2026-08-03","5","6330","1"
"2026-08-03","6","3687","1"
"2026-08-03","7","285A","1"
"2026-08-03","8","3853","1"
"2026-08-03","9","5074","1"
"2026-08-03","10","6616","1"
"2026-08-03","11","3962","1"
"2026-08-03","12","3176","1"
"2026-08-03","13","6333","1"
"2026-08-03","14","8591","1"
"2026-08-03","15","4481","1"
"2026-08-03","16","547A","1"
"2026-08-03","17","7203","1"
"2026-08-03","18","3662","1"
"2026-08-03","19","8151","1"
"2026-08-03","20","4765","1"
"2026-08-04","1","4392","1"
"2026-08-04","2","4082","1"
"2026-08-04","3","6740","1"
"2026-08-04","4","277A","1"
"2026-08-04","5","6330","1"
"2026-08-04","6","3687","1"
"2026-08-04","7","285A","1"
"2026-08-04","8","3853","1"
"2026-08-04","9","3696","1"
"2026-08-04","10","6616","1"
"2026-08-04","11","3962","1"
"2026-08-04","12","3176","1"
"2026-08-04","13","6333","1"
"2026-08-04","14","4481","1"
"2026-08-04","15","8591","1"
"2026-08-04","16","547A","1"
"2026-08-04","17","4765","1"
"2026-08-04","18","7203","1"
"2026-08-04","19","9663","1"
"2026-08-04","20","7744","1"
"2026-08-05","1","4392","1"
"2026-08-05","2","4082","1"
"2026-08-05","3","6740","1"
"2026-08-05","4","277A","1"
"2026-08-05","5","6330","1"
"2026-08-05","6","3687","1"
"2026-08-05","7","285A","1"
"2026-08-05","8","3696","1"
"2026-08-05","9","6616","1"
"2026-08-05","10","3853","1"
"2026-08-05","11","3176","1"
"2026-08-05","12","3962","1"
"2026-08-05","13","6333","1"
"2026-08-05","14","547A","1"
"2026-08-05","15","4481","1"
"2026-08-05","16","8591","1"
"2026-08-05","17","4765","1"
"2026-08-05","18","3662","1"
"2026-08-05","19","7203","1"
"2026-08-05","20","9663","1"
"2026-08-06","1","4392","1"
"2026-08-06","2","4082","1"
"2026-08-06","3","6740","1"
"2026-08-06","4","277A","1"
"2026-08-06","5","6330","1"
"2026-08-06","6","3687","1"
"2026-08-06","7","285A","1"
"2026-08-06","8","3696","1"
"2026-08-06","9","3853","1"
"2026-08-06","10","5074","1"
"2026-08-06","11","3962","1"
"2026-08-06","12","3176","1"
"2026-08-06","13","6333","1"
"2026-08-06","14","547A","1"
"2026-08-06","15","4481","1"
"2026-08-06","16","8591","1"
"2026-08-06","17","4765","1"
"2026-08-06","18","9663","1"
"2026-08-06","19","7203","1"
"2026-08-06","20","8923","1"
"2026-08-07","1","4392","1"
"2026-08-07","2","4082","1"
"2026-08-07","3","6740","1"
"2026-08-07","4","277A","1"
"2026-08-07","5","6330","1"
"2026-08-07","6","3687","1"
"2026-08-07","7","285A","1"
"2026-08-07","8","3696","1"
"2026-08-07","9","3853","1"
"2026-08-07","10","5074","1"
"2026-08-07","11","3962","1"
"2026-08-07","12","3176","1"
"2026-08-07","13","4481","1"
"2026-08-07","14","547A","1"
"2026-08-07","15","6333","1"
"2026-08-07","16","9663","1"
"2026-08-07","17","8591","1"
"2026-08-07","18","4765","1"
"2026-08-07","19","7203","1"
"2026-08-07","20","8151","1"
"2026-08-10","1","4082","1"
"2026-08-10","2","4392","1"
"2026-08-10","3","6740","1"
"2026-08-10","4","277A","1"
"2026-08-10","5","6330","1"
"2026-08-10","6","3687","1"
"2026-08-10","7","285A","1"
"2026-08-10","8","3853","1"
"2026-08-10","9","3696","1"
"2026-08-10","10","4390","1"
"2026-08-10","11","3962","1"
"2026-08-10","12","4481","1"
"2026-08-10","13","6333","1"
"2026-08-10","14","9663","1"
"2026-08-10","15","3176","1"
"2026-08-10","16","8591","1"
"2026-08-10","17","4765","1"
"2026-08-10","18","547A","1"
"2026-08-10","19","8151","1"
"2026-08-10","20","7203","1"
"2026-08-12","1","4082","1"
"2026-08-12","2","4392","1"
"2026-08-12","3","6740","1"
"2026-08-12","4","6330","1"
"2026-08-12","5","277A","1"
"2026-08-12","6","3687","1"
"2026-08-12","7","285A","1"
"2026-08-12","8","3853","1"
"2026-08-12","9","3696","1"
"2026-08-12","10","5074","1"
"2026-08-12","11","3962","1"
"2026-08-12","12","4481","1"
"2026-08-12","13","3176","1"
"2026-08-12","14","6333","1"
"2026-08-12","15","9663","1"
"2026-08-12","16","8591","1"
"2026-08-12","17","547A","1"
"2026-08-12","18","4765","1"
"2026-08-12","19","8151","1"
"2026-08-12","20","8923","1"
"2026-08-13","1","4392","1"
"2026-08-13","2","4082","1"
"2026-08-13","3","6330","1"
"2026-08-13","4","6740","1"
"2026-08-13","5","277A","1"
"2026-08-13","6","3687","1"
"2026-08-13","7","285A","1"
"2026-08-13","8","3696","1"
"2026-08-13","9","3853","1"
"2026-08-13","10","6616","1"
"2026-08-13","11","3962","1"
"2026-08-13","12","6333","1"
"2026-08-13","13","4481","1"
"2026-08-13","14","8591","1"
"2026-08-13","15","547A","1"
"2026-08-13","16","3176","1"
"2026-08-13","17","9663","1"
"2026-08-13","18","4765","1"
"2026-08-13","19","8923","1"
"2026-08-13","20","7203","1"
"2026-08-14","1","4082","1"
"2026-08-14","2","4392","1"
"2026-08-14","3","6330","1"
"2026-08-14","4","277A","1"
"2026-08-14","5","6740","1"
"2026-08-14","6","285A","1"
"2026-08-14","7","3687","1"
"2026-08-14","8","5074","1"
"2026-08-14","9","3853","1"
"2026-08-14","10","6616","1"
"2026-08-14","11","3962","1"
"2026-08-14","12","8591","1"
"2026-08-14","13","547A","1"
"2026-08-14","14","4481","1"
"2026-08-14","15","6333","1"
"2026-08-14","16","9663","1"
"2026-08-14","17","3176","1"
"2026-08-14","18","7203","1"
"2026-08-14","19","8923","1"
"2026-08-14","20","4765","1"
"2026-08-17","1","4082","1"
"2026-08-17","2","4392","1"
"2026-08-17","3","6330","1"
"2026-08-17","4","277A","1"
"2026-08-17","5","3687","1"
"2026-08-17","6","6740","1"
"2026-08-17","7","285A","1"
"2026-08-17","8","3853","1"
"2026-08-17","9","5074","1"
"2026-08-17","10","6616","1"
"2026-08-17","11","8591","1"
"2026-08-17","12","3962","1"
"2026-08-17","13","547A","1"
"2026-08-17","14","4481","1"
"2026-08-17","15","7203","1"
"2026-08-17","16","6333","1"
"2026-08-17","17","3176","1"
"2026-08-17","18","9663","1"
"2026-08-17","19","8923","1"
"2026-08-17","20","8151","1"
"2026-08-18","1","4082","1"
"2026-08-18","2","4392","1"
"2026-08-18","3","6330","1"
"2026-08-18","4","277A","1"
"2026-08-18","5","3687","1"
"2026-08-18","6","285A","1"
"2026-08-18","7","6740","1"
"2026-08-18","8","5074","1"
"2026-08-18","9","3853","1"
"2026-08-18","10","6616","1"
"2026-08-18","11","8591","1"
"2026-08-18","12","547A","1"
"2026-08-18","13","3962","1"
"2026-08-18","14","6333","1"
"2026-08-18","15","9663","1"
"2026-08-18","16","7203","1"
"2026-08-18","17","4481","1"
"2026-08-18","18","8923","1"
"2026-08-18","19","7744","1"
"2026-08-18","20","3176","1"
"2026-08-19","1","4082","1"
"2026-08-19","2","4392","1"
"2026-08-19","3","6330","1"
"2026-08-19","4","277A","1"
"2026-08-19","5","3687","1"
"2026-08-19","6","285A","1"
"2026-08-19","7","6740","1"
"2026-08-19","8","6616","1"
"2026-08-19","9","5074","1"
"2026-08-19","10","3853","1"
"2026-08-19","11","8591","1"
"2026-08-19","12","547A","1"
"2026-08-19","13","3962","1"
"2026-08-19","14","7744","1"
"2026-08-19","15","4481","1"
"2026-08-19","16","7203","1"
"2026-08-19","17","6333","1"
"2026-08-19","18","9663","1"
"2026-08-19","19","8151","1"
"2026-08-19","20","3176","1"
"2026-08-20","1","4082","1"
"2026-08-20","2","4392","1"
"2026-08-20","3","6330","1"
"2026-08-20","4","3687","1"
"2026-08-20","5","277A","1"
"2026-08-20","6","285A","1"
"2026-08-20","7","6740","1"
"2026-08-20","8","5074","1"
"2026-08-20","9","6616","1"
"2026-08-20","10","3853","1"
"2026-08-20","11","547A","1"
"2026-08-20","12","8591","1"
"2026-08-20","13","3962","1"
"2026-08-20","14","7203","1"
"2026-08-20","15","6333","1"
"2026-08-20","16","7744","1"
"2026-08-20","17","9663","1"
"2026-08-20","18","3176","1"
"2026-08-20","19","8151","1"
"2026-08-20","20","8923","1"
"2026-08-21","1","4082","1"
"2026-08-21","2","4392","1"
"2026-08-21","3","6330","1"
"2026-08-21","4","277A","1"
"2026-08-21","5","3687","1"
"2026-08-21","6","285A","1"
"2026-08-21","7","6740","1"
"2026-08-21","8","5074","1"
"2026-08-21","9","3853","1"
"2026-08-21","10","6616","1"
"2026-08-21","11","547A","1"
"2026-08-21","12","8591","1"
"2026-08-21","13","3962","1"
"2026-08-21","14","6333","1"
"2026-08-21","15","7203","1"
"2026-08-21","16","7744","1"
"2026-08-21","17","8151","1"
"2026-08-21","18","9663","1"
"2026-08-21","19","5451","1"
"2026-08-21","20","4481","1"
"2026-08-24","1","4082","1"
"2026-08-24","2","4392","1"
"2026-08-24","3","6330","1"
"2026-08-24","4","277A","1"
"2026-08-24","5","3687","1"
"2026-08-24","6","285A","1"
"2026-08-24","7","6740","1"
"2026-08-24","8","5074","1"
"2026-08-24","9","6616","1"
"2026-08-24","10","3853","1"
"2026-08-24","11","547A","1"
"2026-08-24","12","8591","1"
"2026-08-24","13","3962","1"
"2026-08-24","14","6333","1"
"2026-08-24","15","7203","1"
"2026-08-24","16","7744","1"
"2026-08-24","17","8151","1"
"2026-08-24","18","9663","1"
"2026-08-24","19","5451","1"
"2026-08-24","20","3176","1"
"2026-08-25","1","4082","1"
"2026-08-25","2","4392","1"
"2026-08-25","3","277A","1"
"2026-08-25","4","6330","1"
"2026-08-25","5","3687","1"
"2026-08-25","6","285A","1"
"2026-08-25","7","6740","1"
"2026-08-25","8","6616","1"
"2026-08-25","9","5074","1"
"2026-08-25","10","3853","1"
"2026-08-25","11","547A","1"
"2026-08-25","12","5269","1"
"2026-08-25","13","6333","1"
"2026-08-25","14","8591","1"
"2026-08-25","15","3962","1"
"2026-08-25","16","3176","1"
"2026-08-25","17","9663","1"
"2026-08-25","18","8151","1"
"2026-08-25","19","7203","1"
"2026-08-25","20","4481","1"
"2026-08-26","1","4082","1"
"2026-08-26","2","4392","1"
"2026-08-26","3","6330","1"
"2026-08-26","4","277A","1"
"2026-08-26","5","3687","1"
"2026-08-26","6","285A","1"
"2026-08-26","7","6740","1"
"2026-08-26","8","6616","1"
"2026-08-26","9","5074","1"
"2026-08-26","10","3853","1"
"2026-08-26","11","547A","1"
"2026-08-26","12","5269","1"
"2026-08-26","13","8591","1"
"2026-08-26","14","6333","1"
"2026-08-26","15","3176","1"
"2026-08-26","16","8151","1"
"2026-08-26","17","9663","1"
"2026-08-26","18","7203","1"
"2026-08-26","19","5451","1"
"2026-08-26","20","7744","1"
"2026-08-27","1","4082","1"
"2026-08-27","2","4392","1"
"2026-08-27","3","6330","1"
"2026-08-27","4","277A","1"
"2026-08-27","5","3687","1"
"2026-08-27","6","285A","1"
"2026-08-27","7","6740","1"
"2026-08-27","8","6616","1"
"2026-08-27","9","5074","1"
"2026-08-27","10","4344","1"
"2026-08-27","11","547A","1"
"2026-08-27","12","5269","1"
"2026-08-27","13","8591","1"
"2026-08-27","14","6333","1"
"2026-08-27","15","7203","1"
"2026-08-27","16","3176","1"
"2026-08-27","17","8151","1"
"2026-08-27","18","7744","1"
"2026-08-27","19","8923","1"
"2026-08-27","20","9601","1"
"2026-08-28","1","4082","1"
"2026-08-28","2","4392","1"
"2026-08-28","3","277A","1"
"2026-08-28","4","6330","1"
"2026-08-28","5","3687","1"
"2026-08-28","6","285A","1"
"2026-08-28","7","6740","1"
"2026-08-28","8","6616","1"
"2026-08-28","9","5074","1"
"2026-08-28","10","4344","1"
"2026-08-28","11","547A","1"
"2026-08-28","12","5269","1"
"2026-08-28","13","8591","1"
"2026-08-28","14","6333","1"
"2026-08-28","15","8151","1"
"2026-08-28","16","7203","1"
"2026-08-28","17","7744","1"
"2026-08-28","18","6430","1"
"2026-08-28","19","8923","1"
"2026-08-28","20","4687","1"
"2026-08-31","1","4082","1"
"2026-08-31","2","4392","1"
"2026-08-31","3","277A","1"
"2026-08-31","4","6330","1"
"2026-08-31","5","3687","1"
"2026-08-31","6","285A","1"
"2026-08-31","7","6740","1"
"2026-08-31","8","6616","1"
"2026-08-31","9","5074","1"
"2026-08-31","10","4344","1"
"2026-08-31","11","547A","1"
"2026-08-31","12","5269","1"
"2026-08-31","13","8591","1"
"2026-08-31","14","8151","1"
"2026-08-31","15","6333","1"
"2026-08-31","16","7203","1"
"2026-08-31","17","5451","1"
"2026-08-31","18","6430","1"
"2026-08-31","19","9663","1"
"2026-08-31","20","8923","1"
"2026-09-01","1","4082","1"
"2026-09-01","2","4392","1"
"2026-09-01","3","277A","1"
"2026-09-01","4","6330","1"
"2026-09-01","5","3687","1"
"2026-09-01","6","6740","1"
"2026-09-01","7","285A","1"
"2026-09-01","8","6616","1"
"2026-09-01","9","5074","1"
"2026-09-01","10","3696","1"
"2026-09-01","11","547A","1"
"2026-09-01","12","5269","1"
"2026-09-01","13","8591","1"
"2026-09-01","14","6333","1"
"2026-09-01","15","8151","1"
"2026-09-01","16","9663","1"
"2026-09-01","17","6430","1"
"2026-09-01","18","7744","1"
"2026-09-01","19","5451","1"
"2026-09-01","20","4343","1"
"2026-09-02","1","4082","1"
"2026-09-02","2","4392","1"
"2026-09-02","3","277A","1"
"2026-09-02","4","6330","1"
"2026-09-02","5","3687","1"
"2026-09-02","6","6740","1"
"2026-09-02","7","285A","1"
"2026-09-02","8","6616","1"
"2026-09-02","9","5074","1"
"2026-09-02","10","3696","1"
"2026-09-02","11","547A","1"
"2026-09-02","12","5269","1"
"2026-09-02","13","8591","1"
"2026-09-02","14","6333","1"
"2026-09-02","15","8151","1"
"2026-09-02","16","9663","1"
"2026-09-02","17","6430","1"
"2026-09-02","18","7744","1"
"2026-09-02","19","4343","1"
"2026-09-02","20","5451","1"
"2026-09-03","1","4082","1"
"2026-09-03","2","4392","1"
"2026-09-03","3","277A","1"
"2026-09-03","4","6330","1"
"2026-09-03","5","3687","1"
"2026-09-03","6","6740","1"
"2026-09-03","7","285A","1"
"2026-09-03","8","5074","1"
"2026-09-03","9","6616","1"
"2026-09-03","10","3697","1"
"2026-09-03","11","547A","1"
"2026-09-03","12","5269","1"
"2026-09-03","13","8591","1"
"2026-09-03","14","8151","1"
"2026-09-03","15","6333","1"
"2026-09-03","16","9663","1"
"2026-09-03","17","6430","1"
"2026-09-03","18","7744","1"
"2026-09-03","19","4481","1"
"2026-09-03","20","3771","1"
"2026-09-04","1","4082","1"
"2026-09-04","2","4392","1"
"2026-09-04","3","277A","1"
"2026-09-04","4","6330","1"
"2026-09-04","5","3687","1"
"2026-09-04","6","6740","1"
"2026-09-04","7","5074","1"
"2026-09-04","8","285A","1"
"2026-09-04","9","6616","1"
"2026-09-04","10","3697","1"
"2026-09-04","11","547A","1"
"2026-09-04","12","5269","1"
"2026-09-04","13","8591","1"
"2026-09-04","14","8151","1"
"2026-09-04","15","6333","1"
"2026-09-04","16","3176","1"
"2026-09-04","17","9663","1"
"2026-09-04","18","6430","1"
"2026-09-04","19","4343","1"
"2026-09-04","20","4481","1"
"2026-09-07","1","4082","1"
"2026-09-07","2","4392","1"
"2026-09-07","3","277A","1"
"2026-09-07","4","3687","1"
"2026-09-07","5","6740","1"
"2026-09-07","6","6330","1"
"2026-09-07","7","285A","1"
"2026-09-07","8","6616","1"
"2026-09-07","9","5074","1"
"2026-09-07","10","3696","1"
"2026-09-07","11","547A","1"
"2026-09-07","12","8591","1"
"2026-09-07","13","5269","1"
"2026-09-07","14","8151","1"
"2026-09-07","15","6333","1"
"2026-09-07","16","4343","1"
"2026-09-07","17","9663","1"
"2026-09-07","18","3176","1"
"2026-09-07","19","6430","1"
"2026-09-07","20","8923","1"
"2026-09-08","1","4082","1"
"2026-09-08","2","4392","1"
"2026-09-08","3","277A","1"
"2026-09-08","4","3687","1"
"2026-09-08","5","6740","1"
"2026-09-08","6","285A","1"
"2026-09-08","7","6330","1"
"2026-09-08","8","5074","1"
"2026-09-08","9","6616","1"
"2026-09-08","10","3696","1"
"2026-09-08","11","547A","1"
"2026-09-08","12","5269","1"
"2026-09-08","13","8591","1"
"2026-09-08","14","8151","1"
"2026-09-08","15","3176","1"
"2026-09-08","16","6333","1"
"2026-09-08","17","8923","1"
"2026-09-08","18","7744","1"
"2026-09-08","19","4343","1"
"2026-09-08","20","5451","1"
"2026-09-09","1","4082","1"
"2026-09-09","2","4392","1"
"2026-09-09","3","277A","1"
"2026-09-09","4","3687","1"
"2026-09-09","5","6740","1"
"2026-09-09","6","6330","1"
"2026-09-09","7","285A","1"
"2026-09-09","8","5074","1"
"2026-09-09","9","6616","1"
"2026-09-09","10","3696","1"
"2026-09-09","11","547A","1"
"2026-09-09","12","8591","1"
"2026-09-09","13","8151","1"
"2026-09-09","14","4343","1"
"2026-09-09","15","8923","1"
"2026-09-09","16","4481","1"
"2026-09-09","17","7744","1"
"2026-09-09","18","3176","1"
"2026-09-09","19","9663","1"
"2026-09-09","20","6333","1"
"2026-09-10","1","4082","1"
"2026-09-10","2","4392","1"
"2026-09-10","3","277A","1"
"2026-09-10","4","3687","1"
"2026-09-10","5","6330","1"
"2026-09-10","6","285A","1"
"2026-09-10","7","6740","1"
"2026-09-10","8","5074","1"
"2026-09-10","9","6616","1"
"2026-09-10","10","3696","1"
"2026-09-10","11","547A","1"
"2026-09-10","12","8591","1"
"2026-09-10","13","8151","1"
"2026-09-10","14","4343","1"
"2026-09-10","15","6333","1"
"2026-09-10","16","3176","1"
"2026-09-10","17","9663","1"
"2026-09-10","18","4481","1"
"2026-09-10","19","7744","1"
"2026-09-10","20","8923","1"
"2026-09-11","1","4082","1"
"2026-09-11","2","4392","1"
"2026-09-11","3","277A","1"
"2026-09-11","4","3687","1"
"2026-09-11","5","6330","1"
"2026-09-11","6","285A","1"
"2026-09-11","7","6740","1"
"2026-09-11","8","5074","1"
"2026-09-11","9","6616","1"
"2026-09-11","10","3696","1"
"2026-09-11","11","547A","1"
"2026-09-11","12","8591","1"
"2026-09-11","13","8151","1"
"2026-09-11","14","4343","1"
"2026-09-11","15","9663","1"
"2026-09-11","16","8923","1"
"2026-09-11","17","3176","1"
"2026-09-11","18","5021","1"
"2026-09-11","19","4481","1"
"2026-09-11","20","7744","1"
"2026-09-14","1","4082","1"
"2026-09-14","2","4392","1"
"2026-09-14","3","277A","1"
"2026-09-14","4","3687","1"
"2026-09-14","5","6740","1"
"2026-09-14","6","6330","1"
"2026-09-14","7","5074","1"
"2026-09-14","8","285A","1"
"2026-09-14","9","6616","1"
"2026-09-14","10","3696","1"
"2026-09-14","11","547A","1"
"2026-09-14","12","8591","1"
"2026-09-14","13","8151","1"
"2026-09-14","14","4343","1"
"2026-09-14","15","8923","1"
"2026-09-14","16","9663","1"
"2026-09-14","17","3176","1"
"2026-09-14","18","5021","1"
"2026-09-14","19","4481","1"
"2026-09-14","20","7744","1"
"2026-09-15","1","4082","1"
"2026-09-15","2","4392","1"
"2026-09-15","3","277A","1"
"2026-09-15","4","6740","1"
"2026-09-15","5","3687","1"
"2026-09-15","6","6330","1"
"2026-09-15","7","5074","1"
"2026-09-15","8","285A","1"
"2026-09-15","9","6616","1"
"2026-09-15","10","3696","1"
"2026-09-15","11","547A","1"
"2026-09-15","12","8591","1"
"2026-09-15","13","8151","1"
"2026-09-15","14","8923","1"
"2026-09-15","15","4343","1"
"2026-09-15","16","9663","1"
"2026-09-15","17","7744","1"
"2026-09-15","18","3176","1"
"2026-09-15","19","5021","1"
"2026-09-15","20","4481","1"
"2026-09-16","1","4082","1"
"2026-09-16","2","4392","1"
"2026-09-16","3","277A","1"
"2026-09-16","4","6740","1"
"2026-09-16","5","3687","1"
"2026-09-16","6","6330","1"
"2026-09-16","7","5074","1"
"2026-09-16","8","285A","1"
"2026-09-16","9","4344","1"
"2026-09-16","10","3696","1"
"2026-09-16","11","547A","1"
"2026-09-16","12","8591","1"
"2026-09-16","13","2325","1"
"2026-09-16","14","8151","1"
"2026-09-16","15","8923","1"
"2026-09-16","16","4343","1"
"2026-09-16","17","5021","1"
"2026-09-16","18","9663","1"
"2026-09-16","19","7744","1"
"2026-09-16","20","3176","1"
"2026-09-17","1","4082","1"
"2026-09-17","2","4392","1"
"2026-09-17","3","277A","1"
"2026-09-17","4","6740","1"
"2026-09-17","5","3687","1"
"2026-09-17","6","6330","1"
"2026-09-17","7","285A","1"
"2026-09-17","8","5074","1"
"2026-09-17","9","4344","1"
"2026-09-17","10","6616","1"
"2026-09-17","11","547A","1"
"2026-09-17","12","8591","1"
"2026-09-17","13","2325","1"
"2026-09-17","14","8923","1"
"2026-09-17","15","8151","1"
"2026-09-17","16","3397","1"
"2026-09-17","17","4343","1"
"2026-09-17","18","7744","1"
"2026-09-17","19","5021","1"
"2026-09-17","20","9663","1"
"2026-09-18","1","4082","1"
"2026-09-18","2","4392","1"
"2026-09-18","3","277A","1"
"2026-09-18","4","6740","1"
"2026-09-18","5","3687","1"
"2026-09-18","6","6330","1"
"2026-09-18","7","285A","1"
"2026-09-18","8","5074","1"
"2026-09-18","9","4344","1"
"2026-09-18","10","6616","1"
"2026-09-18","11","547A","1"
"2026-09-18","12","8591","1"
"2026-09-18","13","8151","1"
"2026-09-18","14","2325","1"
"2026-09-18","15","8923","1"
"2026-09-18","16","9663","1"
"2026-09-18","17","5021","1"
"2026-09-18","18","4343","1"
"2026-09-18","19","7744","1"
"2026-09-18","20","4481","1"
"2026-09-24","1","4082","1"
"2026-09-24","2","4392","1"
"2026-09-24","3","277A","1"
"2026-09-24","4","6330","1"
"2026-09-24","5","6740","1"
"2026-09-24","6","285A","1"
"2026-09-24","7","3687","1"
"2026-09-24","8","5074","1"
"2026-09-24","9","4344","1"
"2026-09-24","10","3696","1"
"2026-09-24","11","547A","1"
"2026-09-24","12","8591","1"
"2026-09-24","13","8151","1"
"2026-09-24","14","5021","1"
"2026-09-24","15","2325","1"
"2026-09-24","16","4343","1"
"2026-09-24","17","8923","1"
"2026-09-24","18","4481","1"
"2026-09-24","19","9663","1"
"2026-09-24","20","7744","1"
"2026-09-25","1","4082","1"
"2026-09-25","2","4392","1"
"2026-09-25","3","277A","1"
"2026-09-25","4","6330","1"
"2026-09-25","5","285A","1"
"2026-09-25","6","6740","1"
"2026-09-25","7","3687","1"
"2026-09-25","8","5074","1"
"2026-09-25","9","4344","1"
"2026-09-25","10","3696","1"
"2026-09-25","11","547A","1"
"2026-09-25","12","8591","1"
"2026-09-25","13","8151","1"
"2026-09-25","14","9663","1"
"2026-09-25","15","8923","1"
"2026-09-25","16","2325","1"
"2026-09-25","17","5021","1"
"2026-09-25","18","4343","1"
"2026-09-25","19","7744","1"
"2026-09-25","20","4481","1"
"2026-09-28","1","4082","1"
"2026-09-28","2","4392","1"
"2026-09-28","3","285A","1"
"2026-09-28","4","277A","1"
"2026-09-28","5","6330","1"
"2026-09-28","6","6740","1"
"2026-09-28","7","3687","1"
"2026-09-28","8","5074","1"
"2026-09-28","9","4344","1"
"2026-09-28","10","3696","1"
"2026-09-28","11","547A","1"
"2026-09-28","12","8591","1"
"2026-09-28","13","8151","1"
"2026-09-28","14","9663","1"
"2026-09-28","15","2325","1"
"2026-09-28","16","5021","1"
"2026-09-28","17","8923","1"
"2026-09-28","18","4343","1"
"2026-09-28","19","7744","1"
"2026-09-28","20","4481","1"
"2026-09-29","1","4082","1"
"2026-09-29","2","4392","1"
"2026-09-29","3","285A","1"
"2026-09-29","4","277A","1"
"2026-09-29","5","6740","1"
"2026-09-29","6","3687","1"
"2026-09-29","7","6330","1"
"2026-09-29","8","5074","1"
"2026-09-29","9","4344","1"
"2026-09-29","10","3696","1"
"2026-09-29","11","547A","1"
"2026-09-29","12","8591","1"
"2026-09-29","13","8151","1"
"2026-09-29","14","8923","1"
"2026-09-29","15","2325","1"
"2026-09-29","16","5021","1"
"2026-09-29","17","7744","1"
"2026-09-29","18","9663","1"
"2026-09-29","19","4343","1"
"2026-09-29","20","3176","1"
"2026-09-30","1","4082","1"
"2026-09-30","2","4392","1"
"2026-09-30","3","6740","1"
"2026-09-30","4","277A","1"
"2026-09-30","5","285A","1"
"2026-09-30","6","3687","1"
"2026-09-30","7","5074","1"
"2026-09-30","8","6330","1"
"2026-09-30","9","4344","1"
"2026-09-30","10","3696","1"
"2026-09-30","11","547A","1"
"2026-09-30","12","8591","1"
"2026-09-30","13","8151","1"
"2026-09-30","14","9663","1"
"2026-09-30","15","8923","1"
"2026-09-30","16","5021","1"
"2026-09-30","17","7744","1"
"2026-09-30","18","3771","1"
"2026-09-30","19","4343","1"
"2026-09-30","20","3397","1"
"2026-10-01","1","4082","1"
"2026-10-01","2","4392","1"
"2026-10-01","3","6740","1"
"2026-10-01","4","277A","1"
"2026-10-01","5","285A","1"
"2026-10-01","6","3687","1"
"2026-10-01","7","5074","1"
"2026-10-01","8","6330","1"
"2026-10-01","9","4344","1"
"2026-10-01","10","3696","1"
"2026-10-01","11","547A","1"
"2026-10-01","12","8591","1"
"2026-10-01","13","8151","1"
"2026-10-01","14","5021","1"
"2026-10-01","15","9663","1"
"2026-10-01","16","7744","1"
"2026-10-01","17","8923","1"
"2026-10-01","18","3771","1"
"2026-10-01","19","4343","1"
"2026-10-01","20","8877","1"
"2026-10-02","1","4082","1"
"2026-10-02","2","6740","1"
"2026-10-02","3","4392","1"
"2026-10-02","4","277A","1"
"2026-10-02","5","285A","1"
"2026-10-02","6","3687","1"
"2026-10-02","7","6330","1"
"2026-10-02","8","5074","1"
"2026-10-02","9","3696","1"
"2026-10-02","10","4344","1"
"2026-10-02","11","547A","1"
"2026-10-02","12","8591","1"
"2026-10-02","13","8151","1"
"2026-10-02","14","5021","1"
"2026-10-02","15","9663","1"
"2026-10-02","16","3771","1"
"2026-10-02","17","8877","1"
"2026-10-02","18","4343","1"
"2026-10-02","19","8923","1"
"2026-10-02","20","7744","1"
"2026-10-05","1","4082","1"
"2026-10-05","2","4392","1"
"2026-10-05","3","6740","1"
"2026-10-05","4","277A","1"
"2026-10-05","5","285A","1"
"2026-10-05","6","3687","1"
"2026-10-05","7","5074","1"
"2026-10-05","8","6330","1"
"2026-10-05","9","4344","1"
"2026-10-05","10","3696","1"
"2026-10-05","11","547A","1"
"2026-10-05","12","8591","1"
"2026-10-05","13","5021","1"
"2026-10-05","14","8151","1"
"2026-10-05","15","8923","1"
"2026-10-05","16","9663","1"
"2026-10-05","17","7744","1"
"2026-10-05","18","3771","1"
"2026-10-05","19","8877","1"
"2026-10-05","20","4343","1"
"2026-10-06","1","4082","1"
"2026-10-06","2","6740","1"
"2026-10-06","3","4392","1"
"2026-10-06","4","285A","1"
"2026-10-06","5","5074","1"
"2026-10-06","6","277A","1"
"2026-10-06","7","3687","1"
"2026-10-06","8","6330","1"
"2026-10-06","9","4344","1"
"2026-10-06","10","3696","1"
"2026-10-06","11","547A","1"
"2026-10-06","12","8591","1"
"2026-10-06","13","5021","1"
"2026-10-06","14","8151","1"
"2026-10-06","15","8923","1"
"2026-10-06","16","7744","1"
"2026-10-06","17","9663","1"
"2026-10-06","18","4343","1"
"2026-10-06","19","8877","1"
"2026-10-06","20","4481","1"
