"forecast_date","target_date","sell_date","stocks","overnight_ret_pct","rv_pct2","basket_rms_pct","nk_cc_pct","nk_gap_pct","gap_days","rv_lag1","rv_lag5","rv_lag22"
"2022-01-04","2022-01-05","2022-01-06","10","-0.7279448576707948","0.5299037158093536","1.1018128982475344","1.2124886015731948","0.7321409038926696","1","NaN","NaN","NaN"
"2022-01-05","2022-01-06","2022-01-07","10","1.1363193747101952","1.291221721341769","1.0774972182049605","1.2046869841450638","0.7127954568883921","1","0.5299037158093536","NaN","NaN"
"2022-01-06","2022-01-07","2022-01-11","10","0.3904475569656618","0.1524492947404537","1.1413670386434034","1.335232473694327","0.7236808862814798","4","1.291221721341769","NaN","NaN"
"2022-01-07","2022-01-11","2022-01-12","10","1.2508525583839258","1.5646321228156126","1.0955960237068676","1.3329858365631695","0.7421509337894473","1","0.1524492947404537","NaN","NaN"
"2022-01-11","2022-01-12","2022-01-13","10","0.5295996866617925","0.2804758281122688","1.0994775416607532","1.2849077441224461","0.7280628920918173","1","1.5646321228156126","NaN","NaN"
"2022-01-12","2022-01-13","2022-01-14","10","-0.9944833667485765","0.9889971667395837","1.1324177750803777","1.3142585275063388","0.7040107293239205","1","0.2804758281122688","0.7637365365638915","NaN"
"2022-01-13","2022-01-14","2022-01-17","10","0.26029845027821685","0.06775528321724134","1.1868662086330521","1.3263913057649659","0.708072728547319","3","0.9889971667395837","0.8555552267499374","NaN"
"2022-01-14","2022-01-17","2022-01-18","10","0.38917937382114354","0.1514605850078174","1.2625562760206068","1.337261597199313","0.718165281083215","1","0.06775528321724134","0.6108619391250321","NaN"
"2022-01-17","2022-01-18","2022-01-19","10","-1.1870534741634897","1.4090959505236107","1.1895881220093227","1.3380320688839318","0.707469432637271","1","0.1514605850078174","0.6106641971785047","NaN"
"2022-01-18","2022-01-19","2022-01-20","10","-0.10732045847638093","0.011517680807580604","1.1583619515383394","1.3302946993887017","0.7101475959758782","1","1.4090959505236107","0.5795569627201044","NaN"
"2022-01-19","2022-01-20","2022-01-21","10","-0.9403652102983485","0.8842867287394572","1.2244323201909717","1.4575904798523602","0.7500633236935277","1","0.011517680807580604","0.5257653332591667","NaN"
"2022-01-20","2022-01-21","2022-01-24","10","-0.895738978538695","0.8023483176735446","1.2321884322323184","1.40512401512448","0.6866492354277504","3","0.8842867287394572","0.5048232456591414","NaN"
"2022-01-21","2022-01-24","2022-01-25","10","-0.33545167916584684","0.11252782905518624","1.2147548629185856","1.3658562562997423","0.7262386597580162","1","0.8023483176735446","0.6517418525504021","NaN"
"2022-01-24","2022-01-25","2022-01-26","10","-0.10506240620523521","0.011038109197633848","1.1683636962068502","1.2892119860682563","0.7362970881465504","1","0.11252782905518624","0.6439553013598759","NaN"
"2022-01-25","2022-01-26","2022-01-27","10","0.06234546283263697","0.003886956735815718","1.1222620292402534","1.2613692633320386","0.6858997624751394","1","0.011038109197633848","0.36434373309468054","NaN"
"2022-01-26","2022-01-27","2022-01-28","10","1.6259603305760837","2.6437469966070872","1.0933664431724357","1.2644496762917403","0.6823883995840772","1","0.003886956735815718","0.36281758828032756","NaN"
"2022-01-27","2022-01-28","2022-01-31","10","1.0065692362515233","1.0131816273679748","1.1468810447324584","1.41718836277771","0.6818382993810118","3","2.6437469966070872","0.7147096418538534","NaN"
"2022-01-28","2022-01-31","2022-02-01","10","1.444039642791115","2.085250489952291","1.1969706535163351","1.485561952534887","0.7133264089933424","1","1.0131816273679748","0.7568763037927396","NaN"
"2022-01-31","2022-02-01","2022-02-02","10","0.4902094392417633","0.240305294321724","1.2786382614178893","1.5007686821902873","0.713640115828554","1","2.085250489952291","1.1514208359721605","NaN"
"2022-02-01","2022-02-02","2022-02-03","10","-0.4740625128534149","0.22473526609289415","1.455793268327695","1.4733344946640807","0.6956431147953317","1","0.240305294321724","1.1972742729969785","NaN"
"2022-02-02","2022-02-03","2022-02-04","10","0.26505806442874924","0.07025577751871498","1.215915977945899","1.511606076356747","0.7157271141679731","1","0.22473526609289415","1.241443934868394","NaN"
"2022-02-03","2022-02-04","2022-02-07","10","-0.6886177714492947","0.47419443515579307","1.339242101280801","1.5260937074698666","0.7279999390797004","3","0.07025577751871498","0.7267456910507198","NaN"
"2022-02-04","2022-02-07","2022-02-08","10","0.20866707937128418","0.04354195001334181","1.2654567193957054","1.4867669595114807","0.7009684396454472","1","0.47419443515579307","0.6189482526082835","0.6824212353424276"
"2022-02-07","2022-02-08","2022-02-09","10","1.1917926620622066","1.420369749345321","1.159627405188782","1.4940008644665186","0.7063205555357495","1","0.04354195001334181","0.21060654462049358","0.6603138823516997"
"2022-02-08","2022-02-09","2022-02-10","10","1.1048720128161382","1.2207421647043848","1.3696798048850614","1.3624325649745628","0.6940218296281739","1","1.420369749345321","0.446619435625213","0.6661842472609523"
"2022-02-09","2022-02-10","2022-02-14","10","-1.4774321342766605","2.1828057113932884","1.2498281653963592","1.381823420713554","0.692164064641905","4","1.2207421647043848","0.6458208153475111","0.7147430140774946"
"2022-02-10","2022-02-14","2022-02-15","10","0.5123192783496022","0.2624710429686572","1.1265503930653384","1.371405560427244","0.7125029177911699","1","2.1828057113932884","1.0683308021224258","0.742841813558298"
"2022-02-14","2022-02-15","2022-02-16","10","0.7546294265110376","0.5694655713563775","1.1782716412458059","1.391974292623826","0.7539533979039246","1","0.2624710429686572","1.0259861236849985","0.7420234142335883"
"2022-02-15","2022-02-16","2022-02-17","10","-0.3784932364916338","0.14325713006991184","1.2115203398611378","1.3871120616949233","0.754191866013022","1","0.5694655713563775","1.1311708479536056","0.7229537962616246"
"2022-02-16","2022-02-17","2022-02-18","10","-0.9700130463804968","0.9409253101483718","1.2801417119343528","1.4396699807825348","0.7991812887075782","1","0.14325713006991184","0.875748324098524","0.7263856983912914"
"2022-02-17","2022-02-18","2022-02-21","10","-0.7325289757011666","0.5365987002418003","1.2461085175280924","1.4417685426887736","0.7837276727974283","3","0.9409253101483718","0.8197849531873214","0.7622704586249529"
"2022-02-18","2022-02-21","2022-02-22","10","-1.5287597635954253","2.337106414788341","1.3849349964502584","1.443234936646657","0.8223557278374269","1","0.5365987002418003","0.49054355095702373","0.7226114927030524"
"2022-02-21","2022-02-22","2022-02-24","10","-0.12627033166990542","0.015944196660027922","1.5318020935510024","1.3248364410238735","0.8311424179872292","2","2.337106414788341","0.9054706253209606","0.8283200715203598"
"2022-02-22","2022-02-24","2022-02-25","10","1.4592427013206954","2.1293892613577206","1.56852630403273","1.3536722249875317","0.8867510943822184","1","0.015944196660027922","0.7947663503816906","0.78884995642584"
"2022-02-24","2022-02-25","2022-02-28","10","0.2969806879430148","0.08819752901110633","1.587308263699083","1.3943978084161177","0.8512755336260588","3","2.1293892613577206","1.1919927766392522","0.8491699993205752"
"2022-02-25","2022-02-28","2022-03-01","10","0.6188793348727384","0.38301163113252307","1.6308139227457716","1.4539776776009923","0.8499986987651165","1","0.08819752901110633","1.0214472204117993","0.848064076591299"
"2022-02-28","2022-03-01","2022-03-02","10","-1.1818496452039629","1.396768583868733","1.5790962774270734","1.4110105557115382","0.8449308683905045","1","0.38301163113252307","0.9907298065899438","0.8649719639519756"
"2022-03-01","2022-03-02","2022-03-03","10","1.251232763334551","1.5655834280418166","1.528199845689128","1.430852446319655","0.8806565372601213","1","1.396768583868733","0.8026622404060222","0.9282847651852901"
"2022-03-02","2022-03-03","2022-03-04","10","-0.5094085706904683","0.2594970918929058","1.4507025705174015","1.3173322248736208","0.9093218400791452","1","1.5655834280418166","1.11259008668238","0.8792773302505054"
"2022-03-03","2022-03-04","2022-03-07","10","-1.8884206054832553","3.5661323832137444","1.4309611875808084","1.248561558396725","0.904682681879383","3","0.2594970918929058","0.738611652789417","0.8450189422743658"
"2022-03-04","2022-03-07","2022-03-08","10","-1.1960073885859224","1.4304336735521175","1.413790234742075","1.316316149139108","0.9129839468292356","1","3.5661323832137444","1.4341986236299447","0.9123317556044319"
"2022-03-07","2022-03-08","2022-03-09","10","6.946949749453424E-05","4.826011082143099E-09","1.4870899346752928","1.456715784255582","0.9484975231251336","1","1.4304336735521175","1.6436830321138636","0.9664285001149043"
"2022-03-08","2022-03-09","2022-03-10","10","3.1596548599303165","9.983418833881268","1.2996187803439008","1.4580885704290103","0.9549958964406854","1","4.826011082143099E-09","1.364329316305319","0.9562132609664095"
"2022-03-09","2022-03-10","2022-03-11","10","-1.5432750396448858","2.3816978479909237","1.2962900569349332","1.441799111187263","0.9448854363145724","1","9.983418833881268","3.0478963974732096","1.4068115817101619"
"2022-03-10","2022-03-11","2022-03-14","10","0.8521736889910958","0.7261999962086929","1.485419243854441","1.6609565615712145","0.9967773771404485","3","2.3816978479909237","3.4723365486928133","1.4935162822935766"
"2022-03-11","2022-03-14","2022-03-15","10","0.3660067634137987","0.1339609508646444","1.4987577663506013","1.711271831012391","1.0060972990829413","1","0.7261999962086929","2.9043500712918027","1.5245461934842743"
"2022-03-14","2022-03-15","2022-03-16","10","0.6627633786397469","0.43925529606597247","1.4927385056391274","1.7154537541307222","1.0156195367348364","1","0.1339609508646444","2.6450555267543083","1.4660730662806076"
"2022-03-15","2022-03-16","2022-03-17","10","2.3920202010190628","5.721760642083278","1.4476846491969086","1.7001701901614756","1.005239055141084","1","0.43925529606597247","2.7329065850023","1.4305509358879525"
"2022-03-16","2022-03-17","2022-03-18","10","-0.08444951025885938","0.007131719782961197","1.4373673775444304","1.73339926226961","1.006730596987387","1","5.721760642083278","1.8805749466427024","1.5914125236465884"
"2022-03-17","2022-03-18","2022-03-22","10","1.149706033467468","1.3218239633914988","1.4636015821949715","1.8229185947318503","1.0185865556974634","4","0.007131719782961197","1.4056617210011098","1.5798061907745113"
"2022-03-18","2022-03-22","2022-03-23","10","1.2292846391320933","1.5111407240061208","1.5171888713032227","1.8204481837040098","1.0152956739725696","1","1.3218239633914988","1.524786514437671","1.6140042995033808"
"2022-03-22","2022-03-23","2022-03-24","10","-0.8191065271348241","0.6709355027948724","1.5151928950460796","1.7861386288815582","0.985943632377272","1","1.5111407240061208","1.8002224690659663","1.676180826500481"
"2022-03-23","2022-03-24","2022-03-25","10","0.9172659832105445","0.8413768839552069","1.5381746987222698","1.8887832437004777","1.030238764125055","1","0.6709355027948724","1.8465585104117461","1.663908562529867"
"2022-03-24","2022-03-25","2022-03-28","10","0.2455428493612621","0.06029129087244746","1.4802232992474902","1.8875458653642363","1.029979830616089","3","0.8413768839552069","0.8704817587861321","1.6777621163350218"
"2022-03-25","2022-03-28","2022-03-29","10","0.2457519127906338","0.06039400264025528","1.475959767401576","1.880468487823329","1.00745436963736","1","0.06029129087244746","0.8811136730040292","1.5742705197933906"
"2022-03-28","2022-03-29","2022-03-30","10","1.2590747327075225","1.5852691825425191","1.451747785487083","1.8512026987842145","0.9588046974654563","1","0.06039400264025528","0.6288276808537805","1.5762909655197646"
"2022-03-29","2022-03-30","2022-03-31","10","-0.9726033651301458","0.9459573058624837","1.464471829997489","1.82576478094812","0.9651847899018249","1","1.5852691825425191","0.6436533725610601","1.5515582346645282"
"2022-03-30","2022-03-31","2022-04-01","10","-0.4614758157236077","0.21295992849776912","1.45820244938704","1.7860462579028993","0.9444534125882956","1","0.9459573058624837","0.6986577331745825","1.5905473154305"
"2022-03-31","2022-04-01","2022-04-04","10","0.12974374270194988","0.016833438770309773","1.4337819259807305","1.7924374867060788","0.9586849901567382","3","0.21295992849776912","0.572974342083095","1.5828176925834656"
"2022-04-01","2022-04-04","2022-04-05","10","0.645568051485782","0.4167581090991493","1.5129822739283143","1.77812857632509","0.9380280121173762","1","0.016833438770309773","0.5642827716626674","1.5200933678062647"
"2022-04-04","2022-04-05","2022-04-06","10","-0.22183050646143232","0.04920877359693557","1.5008877477415932","1.7424128478336187","0.9047214195630472","1","0.4167581090991493","0.6355555929544463","1.4678740351270525"
"2022-04-05","2022-04-06","2022-04-07","10","-1.1137884411387144","1.2405246916142076","1.533788211483146","1.7364966176082013","0.9018528486598293","1","0.04920877359693557","0.32834351116532945","1.4583154752045084"
"2022-04-06","2022-04-07","2022-04-08","10","0.5889369064185979","0.3468466797419083","1.5259411764120645","1.7037639098662916","0.9142220638787869","1","1.2405246916142076","0.3872569883156743","1.3526060346772566"
"2022-04-07","2022-04-08","2022-04-11","10","0.009220098969733304","8.501022501167712E-05","1.4737015019323285","1.6246163157483295","0.9022694949741548","3","0.3468466797419083","0.4140343385645021","1.3033520804131562"
"2022-04-08","2022-04-11","2022-04-12","10","-0.262267854754622","0.0687844276375915","1.2559202963500025","1.5852180341128255","0.8931965469678517","1","8.501022501167712E-05","0.41068465285544253","1.3033559442949287"
"2022-04-11","2022-04-12","2022-04-13","10","-0.15702190856089704","0.024655879768106712","1.1915685910590867","1.5892686746523297","0.8942571363276272","1","0.0687844276375915","0.3410899165631309","0.8526907440111254"
"2022-04-12","2022-04-13","2022-04-14","10","0.19898658236500388","0.03959565996130447","1.166447452035213","1.4039853895475098","0.8456359007888591","1","0.024655879768106712","0.33617933779736514","0.74555247272827"
"2022-04-13","2022-04-14","2022-04-15","10","-0.7068450864524134","0.4996299762419198","1.0938813526754279","1.3960394490411838","0.8339715674494353","1","0.03959565996130447","0.09599353146678455","0.7143431847170251"
"2022-04-14","2022-04-15","2022-04-18","10","-0.8544092494968814","0.730015165625824","1.0808153960234759","1.4148830638759846","0.8231423189268773","3","0.4996299762419198","0.12655019076678684","0.7309645040523557"
"2022-04-15","2022-04-18","2022-04-19","10","0.6084594785986253","0.3702229370965109","1.020268613442314","1.4158597582230452","0.8416755593733163","1","0.730015165625824","0.27253622184694926","0.7441808617596218"
"2022-04-18","2022-04-19","2022-04-20","10","0.7231789680724743","0.5229878198623688","1.0356207366718133","1.391340704998017","0.8449407187835554","1","0.3702229370965109","0.33282392373873315","0.500929147896587"
"2022-04-19","2022-04-20","2022-04-21","10","0.24776214303234623","0.06138607951998079","0.9896635261738134","1.1891197828665763","0.8095991679030563","1","0.5229878198623688","0.43249031175758557","0.524377152445651"
"2022-04-20","2022-04-21","2022-04-22","10","-0.7794755059987857","0.607582064452063","0.9188473639362869","1.1951279739117744","0.8289998288720152","1","0.06138607951998079","0.4368483956693209","0.4670845213605819"
"2022-04-21","2022-04-22","2022-04-25","10","-1.331147520295064","1.7719537207876979","0.9002485031070379","1.182326675557416","0.8026865084560628","3","0.607582064452063","0.4584388133113495","0.4260136731990338"
"2022-04-22","2022-04-25","2022-04-26","10","0.20181409013822368","0.04072892697831908","0.9135138474141306","1.0533476942760274","0.7937624765417373","1","1.7719537207876979","0.6668265243437242","0.4760599558350714"
"2022-04-25","2022-04-26","2022-04-27","10","-1.2345350349857986","1.524076752607387","1.0069157468654821","1.127142382984896","0.816154657755774","1","0.04072892697831908","0.6009277223200858","0.4396668668815765"
"2022-04-26","2022-04-27","2022-04-28","10","0.8823670363697199","0.7785715868718827","1.0026026976911278","1.130149935803366","0.8068657573971141","1","1.524076752607387","0.8011455088690894","0.5062025696877102"
"2022-04-27","2022-04-28","2022-05-02","10","0.11701395521903635","0.013692265716002643","0.9959749578381466","1.1469809368618438","0.8625715907361733","4","0.7785715868718827","0.9445826103394699","0.5388470053346022"
"2022-04-28","2022-05-02","2022-05-06","10","-0.0372783801243215","0.001389677624693408","1.0600460644479357","1.1828184848174208","0.8453421356564106","4","0.013692265716002643","0.8258046505922578","0.46741169093339696"
"2022-05-02","2022-05-06","2022-05-09","10","-0.8807480202064732","0.7757170750976222","1.0643981178638553","1.1707821776148926","0.8453450701532259","3","0.001389677624693408","0.47169184195965697","0.4244767987407702"
"2022-05-06","2022-05-09","2022-05-10","10","-0.7738759725006961","0.5988840208138981","1.0575895388985912","1.169553393301251","0.829476318900592","1","0.7757170750976222","0.6186894715835176","0.45005666904076347"
"2022-05-09","2022-05-10","2022-05-11","10","-0.03461742655434086","0.0011983662212451836","1.1351426429194764","1.2827677864625604","0.8488887606103529","1","0.5988840208138981","0.43365092522481985","0.47651351367910844"
"2022-05-10","2022-05-11","2022-05-12","10","-0.6658485562259253","0.4433542998281492","1.144190195707822","1.2875367434964562","0.8598886639951407","1","0.0011983662212451836","0.2781762810946923","0.4576244344573856"
"2022-05-11","2022-05-12","2022-05-13","10","0.3145595539764312","0.09894771299785134","1.0868623295490285","1.2874863604373807","0.847426746433525","1","0.4433542998281492","0.36410868791712164","0.475540140195168"
"2022-05-12","2022-05-13","2022-05-16","10","2.0886306358668327","4.36237793308149","1.4052034058293514","1.2991677576539322","0.8531405085538679","3","0.09894771299785134","0.3836202949917532","0.4236502775307882"
"2022-05-13","2022-05-16","2022-05-17","10","0.09787078761285928","0.00957869106796141","1.430668350677118","1.369054336970831","0.8284196469953384","1","4.36237793308149","1.1009524665885269","0.6061744254098601"
"2022-05-16","2022-05-17","2022-05-18","10","0.43060437651696426","0.18542012907556352","1.4236932656655983","1.370271720487863","0.85322943722952","1","0.00957869106796141","0.9830914006393394","0.6066059563572669"
"2022-05-17","2022-05-18","2022-05-19","10","-1.4273356258257985","2.037286988751524","1.4767974599882625","1.3671104824479885","0.8489617752950058","1","0.18542012907556352","1.0199357532102031","0.6119075791499019"
"2022-05-18","2022-05-19","2022-05-20","10","-0.08418791709737028","0.007087605385193691","1.4909846471204755","1.326595767121379","0.8423034005455875","1","2.037286988751524","1.3387222909948782","0.7033908113764209"
"2022-05-19","2022-05-20","2022-05-23","10","0.6419792177438621","0.4121373160150211","1.5380803095953601","1.3238506052410588","0.9191923705893625","3","0.007087605385193691","1.3203502694723466","0.7019131725320522"
"2022-05-20","2022-05-23","2022-05-24","10","-0.07339553673911259","0.005386904813222426","1.4732318087566472","1.325971408994455","0.9176060574969308","1","0.4121373160150211","0.5303021460590529","0.6979362334308296"
"2022-05-23","2022-05-24","2022-05-25","10","0.5197955093478068","0.2701873715381459","1.5340989786760404","1.3409624031819176","0.9204233584746483","1","0.005386904813222426","0.5294637888081051","0.6649985852120751"
"2022-05-24","2022-05-25","2022-05-26","10","0.0760205450134277","0.005779123264138587","1.5146498428185458","1.3359908138348984","0.8970875198845562","1","0.2701873715381459","0.5464172373006215","0.6604515140503311"
"2022-05-25","2022-05-26","2022-05-27","10","1.346992058325086","1.814387605190852","1.4496383758792608","1.329009361976062","0.8659534424039346","1","0.005779123264138587","0.14011566420314434","0.6369420278413206"
"2022-05-26","2022-05-27","2022-05-30","10","0.979132436326946","0.958700327867541","1.4291193800972173","1.317515812781167","0.8474145302487857","3","1.814387605190852","0.501575664164276","0.7166239153718148"
"2022-05-27","2022-05-30","2022-05-31","10","-0.200809679824786","0.04032452751133307","1.4785257724147434","1.298839799872326","0.8902807219489663","1","0.958700327867541","0.61088826653478","0.7325838364361548"
"2022-05-30","2022-05-31","2022-06-01","10","0.20641786132606588","0.04260833347442696","1.448251184681105","1.336354412325003","0.8822603244464879","1","0.04032452751133307","0.617875791074402","0.6538734185599563"
"2022-05-31","2022-06-01","2022-06-02","10","-0.03620514870388836","0.0013108127926706689","1.4108809077818627","1.275522521027814","0.8213201598099928","1","0.04260833347442696","0.5723599834616583","0.6539588461279613"
"2022-06-01","2022-06-02","2022-06-03","10","0.5379092475494229","0.28934635859918634","1.5634277863709982","1.2800959028713588","0.8122701484027608","1","0.0013108127926706689","0.5714663213673647","0.5847422125000196"
"2022-06-02","2022-06-03","2022-06-06","10","-0.39680868378319634","0.1574571315257527","1.5341231351080118","1.2558489758884734","0.7567102134822364","3","0.28934635859918634","0.2664580720490316","0.5625047021239878"
"2022-06-03","2022-06-06","2022-06-07","10","-0.06420467131182939","0.004122239818260047","1.1896989751930036","1.2293772649460488","0.7798645556602911","1","0.1574571315257527","0.10620943278067393","0.5690394687517037"
"2022-06-06","2022-06-07","2022-06-08","10","0.19118289375802733","0.03655089886569316","1.2353792977876181","1.2348562286281197","0.796662862138256","1","0.004122239818260047","0.09896897524205935","0.5691636761241385"
"2022-06-07","2022-06-08","2022-06-09","10","0.03562950459591541","0.0012694615977503572","1.228608318462189","1.2262512319223768","0.7979345770234036","1","0.03655089886569316","0.09775748832031259","0.5355652135681418"
"2022-06-08","2022-06-09","2022-06-10","10","-0.8422522601150928","0.709388869668982","1.2378181513009365","1.122912946146202","0.7716712293964861","1","0.0012694615977503572","0.09774921808132853","0.5084009154219533"
"2022-06-09","2022-06-10","2022-06-13","10","-1.68496247222653","2.8390985328117395","1.2263429853612606","1.116158778465155","0.7600012313144988","3","0.709388869668982","0.18175772029528764","0.5405913928513959"
"2022-06-10","2022-06-13","2022-06-14","10","-1.2306365798528374","1.514466391671889","1.2062470025430965","1.16014770651639","0.7768038659954604","1","2.8390985328117395","0.718086000552485","0.6494888579870136"
"2022-06-13","2022-06-14","2022-06-15","10","0.0699140448575386","0.00488797366834192","1.1689389462956463","1.2704857108377396","0.8228310290703337","1","1.514466391671889","1.0201548309232107","0.7138306161085608"
"2022-06-14","2022-06-15","2022-06-16","10","1.240411889344517","1.5386216552272345","1.0102376507257176","1.1738452895897578","0.8795016743516783","1","0.00488797366834192","1.0138222458837405","0.5157628906806905"
"2022-06-15","2022-06-16","2022-06-17","10","-1.7808193395515335","3.17131752012076","1.0926760443486492","1.1948863427483376","0.8393373855787928","1","1.5386216552272345","1.3212926846096373","0.585264843597021"
"2022-06-16","2022-06-17","2022-06-20","10","0.3982731272645301","0.15862148390106862","1.0918369573440831","1.1944863019982397","0.8965884864356591","3","3.17131752012076","1.813678414699993","0.7209874522808936"
"2022-06-17","2022-06-20","2022-06-21","10","1.4740969976007745","2.172961958335618","1.1235755036369115","1.2365232730083717","0.9558808212792766","1","0.15862148390106862","1.2775830049178587","0.6355935656967819"
"2022-06-20","2022-06-21","2022-06-22","10","0.9645908847686369","0.9304355749787416","1.05398729110374","1.1796567918706","0.8926653238164992","1","2.172961958335618","1.4092821182506046","0.7340423999218014"
"2022-06-21","2022-06-22","2022-06-23","10","0.13987499119656466","0.01956501316223904","1.155513624635344","1.2134122632835083","0.9257322200828139","1","0.9304355749787416","1.5943916385126844","0.7576014116928796"
"2022-06-22","2022-06-23","2022-06-24","10","0.9011861160975586","0.8121364158470024","1.1189635699735563","1.1978076704697658","0.9174303492834603","1","0.01956501316223904","1.2905803100996855","0.7582458711632895"
"2022-06-23","2022-06-24","2022-06-27","10","1.059743519829236","1.1230563278200583","1.1294066520550259","1.1811139843745881","0.9175030129337056","3","0.8121364158470024","0.8187440892449338","0.7828799186318739"
"2022-06-24","2022-06-27","2022-06-28","10","0.07971553396229125","0.00635456635489321","1.1157081311011543","1.208366427190398","0.9182206855844939","1","1.1230563278200583","1.011631058028732","0.8336652461116885"
"2022-06-27","2022-06-28","2022-06-29","10","-0.6313848364374264","0.39864681168311566","1.305154217812865","1.2449607396024924","0.9399573651296554","1","0.00635456635489321","0.5783095796325869","0.7514819261645993"
"2022-06-28","2022-06-29","2022-06-30","10","0.1245196912726454","0.015505153514634922","1.2907270076172679","1.2449237886134246","0.9008785976964669","1","0.39864681168311566","0.47195182697346166","0.7260249481562162"
"2022-06-29","2022-06-30","2022-07-01","10","0.08068711782802884","0.00651041098339421","1.381290876926891","1.1696859406219413","0.8857823409558498","1","0.015505153514634922","0.47113985504394085","0.7248967947927298"
"2022-06-30","2022-07-01","2022-07-04","10","0.9643905007298725","0.9300490378980143","1.3803546449241062","1.2126206934605128","0.8858200733972157","3","0.00651041098339421","0.31001465407121925","0.7232559801340466"
"2022-07-01","2022-07-04","2022-07-05","10","0.6691394416061458","0.4477475923129846","1.3928112881295198","1.2600028502876592","0.8874189421971962","1","0.9300490378980143","0.27141319608681047","0.7654713540024712"
"2022-07-04","2022-07-05","2022-07-06","10","-0.6396303132111103","0.40912693757854307","1.440873092922795","1.2722460733867267","0.8914299162276212","1","0.4477475923129846","0.35969180127842876","0.7726714100803712"
"2022-07-05","2022-07-06","2022-07-07","10","0.7168147723727203","0.5138234178917548","1.4396685315287123","1.2624636512084875","0.8909106525737507","1","0.40912693757854307","0.3617878264575142","0.7841109467191344"
"2022-07-06","2022-07-07","2022-07-08","10","0.5404142001750689","0.29204750775085947","1.4029152196977814","1.2824600805853146","0.8958778772350953","1","0.5138234178917548","0.46145147933293823","0.8072791820861113"
"2022-07-07","2022-07-08","2022-07-11","10","1.102853608749892","1.2162860823326596","1.4065418461990729","1.3198505317111755","0.9054578359133111","3","0.29204750775085947","0.5185588986864312","0.8188926643081643"
"2022-07-08","2022-07-11","2022-07-12","10","-0.20717011070284672","0.04291945476862977","1.406696461031846","1.301305470478347","0.9039603530260492","1","1.2162860823326596","0.5758063075733603","0.8741206925233874"
"2022-07-11","2022-07-12","2022-07-13","10","0.48985838296488843","0.2399612353609753","1.4129041235364377","1.3227277291732529","0.952449294619964","1","0.04291945476862977","0.4948406800644894","0.843826628209735"
"2022-07-12","2022-07-13","2022-07-14","10","-0.2542521065441372","0.0646441336821313","1.3744703939745149","1.3383129579163424","0.937728492020994","1","0.2399612353609753","0.46100753962097574","0.7256840237801551"
"2022-07-13","2022-07-14","2022-07-15","10","0.36201058487861926","0.13105166356416","1.3813267359762722","1.1803149754797309","0.8723169333793958","1","0.0646441336821313","0.3711716827790511","0.659783012053348"
"2022-07-14","2022-07-15","2022-07-19","10","0.854915713645038","0.7308808774372046","1.3932301523491186","1.1536520675779085","0.8088230596122207","4","0.13105166356416","0.3389725139417112","0.6655177252304306"
"2022-07-15","2022-07-19","2022-07-20","10","1.4604056734376814","2.1327847310089676","1.280210720527322","1.1336982648672052","0.8122098027063694","1","0.7308808774372046","0.2418914729626202","0.6288022353308838"
"2022-07-19","2022-07-20","2022-07-21","10","0.20480564404812496","0.04194535183396726","1.23175335766256","1.1388760564267872","0.7678769763319707","1","2.1327847310089676","0.6598645282106878","0.581596199462166"
"2022-07-20","2022-07-21","2022-07-22","10","0.22208609784161612","0.04932223485451589","1.2616907764852843","1.2154361934407285","0.7292561706977948","1","0.04194535183396726","0.6202613515052862","0.5762927389136614"
"2022-07-21","2022-07-22","2022-07-25","10","-0.43850411040706977","0.19228585484389563","1.2368001598055822","1.208892646152235","0.7128554711270709","3","0.04932223485451589","0.6171969717397631","0.47976366057361125"
"2022-07-22","2022-07-25","2022-07-26","10","-0.02663748314380987","0.0007095555082367549","1.1451202779042897","1.1464194985140175","0.6687413707337048","1","0.19228585484389563","0.6294438099957103","0.4462114005674818"
"2022-07-25","2022-07-26","2022-07-27","10","-0.37732585444218536","0.14237480043052525","0.9564560361534152","1.1554943609597472","0.6704173755319054","1","0.0007095555082367549","0.48340954560991667","0.4453543343104817"
"2022-07-26","2022-07-27","2022-07-28","10","1.243626242784368","1.546606231741964","0.8560554115108708","1.1558560535747175","0.6704392818893787","1","0.14237480043052525","0.08532755949422816","0.4149106245188237"
"2022-07-27","2022-07-28","2022-07-29","10","0.6670850732807143","0.44500249499393596","0.8734428720900336","1.1269067716260055","0.6716608634229579","1","1.546606231741964","0.38625973547582754","0.4341628928789103"
"2022-07-28","2022-07-29","2022-08-01","10","0.9077971086992287","0.8240955905626792","1.014533674233678","1.087486397869234","0.6579037427235402","3","0.44500249499393596","0.46539578750371147","0.4541014350897759"
"2022-07-29","2022-08-01","2022-08-02","10","-0.3830466071983818","0.1467247032861914","0.957134166280537","1.0783082901381549","0.6596096623000867","1","0.8240955905626792","0.5917577346474683","0.47344001594793794"
"2022-08-01","2022-08-02","2022-08-03","10","-0.862986279664052","0.7447453188884012","1.0538047302179268","1.071032843512308","0.6330828990974006","1","0.1467247032861914","0.6209607642030591","0.4794045409375541"
"2022-08-02","2022-08-03","2022-08-04","10","0.5694046865321889","0.3242216970448203","1.0188677659426408","1.0640121052142875","0.6466091266647875","1","0.7447453188884012","0.7414348678946343","0.5129606731150544"
"2022-08-03","2022-08-04","2022-08-05","10","-0.17048229104027146","0.029064211558339822","1.1202326737705768","1.004251225655175","0.6471259571250223","1","0.3242216970448203","0.49695796095520556","0.48542306671263646"
"2022-08-04","2022-08-05","2022-08-08","10","-0.21961460320104043","0.04823057393915044","1.031221880515125","0.9988684857793618","0.6514888321652871","3","0.029064211558339822","0.41377030426808636","0.4663920039510618"
"2022-08-05","2022-08-08","2022-08-09","10","0.2602452103509634","0.06772756951061717","1.0208681569731224","0.9919719317546044","0.623467853125755","1","0.04823057393915044","0.2585973009433806","0.44998762378563484"
"2022-08-08","2022-08-09","2022-08-10","10","-0.5102342365766988","0.26033897617500656","1.0136312713123563","0.9602894180804882","0.6020012624618869","1","0.06772756951061717","0.2427978741882658","0.4297105397683104"
"2022-08-09","2022-08-10","2022-08-12","10","1.2163067217850387","1.4794020414594675","1.05451093531224","0.9272483637525628","0.5852072920691084","2","0.26033897617500656","0.14591660564558687","0.42826924287849893"
"2022-08-10","2022-08-12","2022-08-15","10","0.28614356648205774","0.0818781406390718","1.0796051339540063","0.9371477396029596","0.5762993054117058","3","1.4794020414594675","0.37695267452851633","0.44022905920244465"
"2022-08-12","2022-08-15","2022-08-16","10","-0.11196065246829479","0.012535187701126283","1.1397461075040078","1.064389793781167","0.5922605616871203","1","0.0818781406390718","0.3875154603446627","0.44199990856019206"
"2022-08-15","2022-08-16","2022-08-17","10","0.3155323035536206","0.09956063458585418","1.0851813190553536","1.0240724007862383","0.5884129113415176","1","0.012535187701126283","0.3803763830970579","0.43166236093928984"
"2022-08-16","2022-08-17","2022-08-18","10","-0.6729297485067942","0.4528344464254173","1.0786498827650726","1.0175924815940285","0.5867282659026438","1","0.09956063458585418","0.3867429961121053","0.43324947461673174"
"2022-08-17","2022-08-18","2022-08-19","10","0.6641012582436889","0.4410304812008508","1.0767850977121085","1.0422180709802011","0.5818179733520693","1","0.4528344464254173","0.4252420901621875","0.4478759647467889"
"2022-08-18","2022-08-19","2022-08-22","10","-1.1603444389882356","1.3463992170909231","1.0063344516750388","1.0557740065404047","0.6086822049649635","3","0.4410304812008508","0.21756777811046407","0.4347009467360456"
"2022-08-19","2022-08-22","2022-08-23","10","-0.8537559642475845","0.7288992464883227","1.0296412874529273","1.046771913973305","0.5949072013706888","1","1.3463992170909231","0.47047199340083434","0.3989561506488618"
"2022-08-22","2022-08-23","2022-08-24","10","0.6246848891931367","0.39023121078624146","0.8979779845564104","0.8848032533417088","0.5705216917811758","1","0.7288992464883227","0.6137448051582737","0.4301813276786053"
"2022-08-23","2022-08-24","2022-08-25","10","0.3927300551292079","0.15423689620179068","0.9157653851638716","0.9154060255051666","0.5907998772604535","1","0.39023121078624146","0.6718789203983511","0.4456771902209564"
"2022-08-24","2022-08-25","2022-08-26","10","0.26437142790686874","0.0698922518935167","0.9685078836251243","0.9173486737595015","0.5907445816433445","1","0.15423689620179068","0.6121594103536256","0.44394769210086077"
"2022-08-25","2022-08-26","2022-08-29","10","-2.322061392265972","5.391969109452184","0.9227304688742523","0.9110429067623463","0.5721852672605405","3","0.0698922518935167","0.5379317644921588","0.4470923601183735"
"2022-08-26","2022-08-29","2022-08-30","10","0.5884396223250477","0.34626118912204473","0.8497149042586933","0.9184910342354292","0.5845115374251165","1","5.391969109452184","1.347045742964411","0.6857102832557216"
"2022-08-29","2022-08-30","2022-08-31","10","-0.8861137410800236","0.7851975621308351","0.9932195192717282","1.0786742201157198","0.6824080064276408","1","0.34626118912204473","1.2705181314911553","0.631149144954816"
"2022-08-30","2022-08-31","2022-09-01","10","-0.3008355344099545","0.09050201876372291","0.9647199669139914","1.1028507294951286","0.6846832253763906","1","0.7851975621308351","1.3495114017600742","0.6466125570974023"
"2022-08-31","2022-09-01","2022-09-02","10","0.09157421079449723","0.008385836082635014","0.9942876945456058","1.1056027405809183","0.7098287155815763","1","0.09050201876372291","1.3367644262724607","0.6132673947429045"
"2022-09-01","2022-09-02","2022-09-05","10","-0.5226022934226626","0.2731131570906268","1.0187527336167739","1.1433619415845695","0.7441347989541478","3","0.008385836082635014","1.3244631431102842","0.60697926441547"
"2022-09-02","2022-09-05","2022-09-06","10","0.2652308862093189","0.07034742299938067","0.9460202902279023","1.102349707665811","0.7348635469179531","1","0.2731131570906268","0.3006919526379729","0.5855414388792075"
"2022-09-05","2022-09-06","2022-09-07","10","-0.24644235484380883","0.06073383426096179","0.961056289874009","1.0967341448927175","0.7351990781685088","1","0.07034742299938067","0.24550919941344004","0.5740016991498694"
"2022-09-06","2022-09-07","2022-09-08","10","1.1349907135333392","1.2882039198069186","1.0113972685685244","1.0869525353064338","0.7210876309819957","1","0.06073383426096179","0.10061645383946542","0.5754412274545341"
"2022-09-07","2022-09-08","2022-09-09","10","-0.3877716237396578","0.15036683217769073","1.0279994390389913","1.0815738667054855","0.7236405315836706","1","1.2882039198069186","0.3401568340481046","0.6318036522667053"
"2022-09-08","2022-09-09","2022-09-12","10","0.9296963484222663","0.8643353002696961","1.0628431440932058","1.1875586737837003","0.7548728693674073","3","0.15036683217769073","0.36855303326711575","0.635559982387936"
"2022-09-09","2022-09-12","2022-09-13","10","0.40162033138737335","0.16129889058370359","1.0426553782385282","1.17804667710938","0.762210368988883","1","0.8643353002696961","0.48679746190292955","0.6630143607558764"
"2022-09-12","2022-09-13","2022-09-14","10","-1.9118570880356143","3.6551975250720186","1.0206266008714417","1.1958538320710357","0.7880775395624299","1","0.16129889058370359","0.5049877554197942","0.6031005811706143"
"2022-09-13","2022-09-14","2022-09-15","10","0.02549540283425022","0.0006500155656806942","1.0674109350600758","1.0592558821410762","0.7150934195240934","1","3.6551975250720186","1.2238804935820056","0.7655241895539299"
"2022-09-14","2022-09-15","2022-09-16","10","0.2116078553613976","0.04477788445065016","1.1118341004117878","1.1895108090971627","0.798125394012906","1","0.0006500155656806942","0.9663697127337579","0.7649839544568643"
"2022-09-15","2022-09-16","2022-09-20","10","0.7046492467890442","0.4965305610003673","1.0973630933908085","1.1903190129906824","0.7986424013965457","4","0.04477788445065016","0.9452519231883498","0.7624938294507188"
"2022-09-16","2022-09-20","2022-09-21","10","-0.8164160263662189","0.6665351281076066","1.122919743406229","1.1849685531776937","0.8179114723921598","1","0.4965305610003673","0.871690975334484","0.7644800164768527"
"2022-09-20","2022-09-21","2022-09-22","10","-0.82619714059877","0.6826017151335838","1.0800959889357338","1.17087835473365","0.8128443283280126","1","0.6665351281076066","0.9727382228392647","0.7747302276998872"
"2022-09-21","2022-09-22","2022-09-26","10","-1.1064194008732164","1.2241638906286472","1.0770289860483409","1.2059790577582628","0.8272004223433551","4","0.6826017151335838","0.37821906085157775","0.7445576139745534"
"2022-09-22","2022-09-26","2022-09-27","10","0.5122733561074522","0.2624239913775925","1.0921104151149739","1.2082333257385356","0.8269577370093926","1","1.2241638906286472","0.622921835864171","0.7670696432536591"
"2022-09-26","2022-09-27","2022-09-28","10","-0.24561562028288852","0.06032703292694808","1.0548802440184395","1.310498362152626","0.8631872368755523","1","0.2624239913775925","0.6664510572495594","0.7612602241896297"
"2022-09-27","2022-09-28","2022-09-29","10","1.47744714774245","2.182850074372301","1.0565474489318378","1.3112301287405088","0.8717967110121915","1","0.06032703292694808","0.5792103516348757","0.7569915940407732"
"2022-09-28","2022-09-29","2022-09-30","10","-0.9208678719332231","0.847997637558823","0.9523207000977431","1.3437655369539434","0.8766221183630358","1","2.182850074372301","0.8824733408878146","0.8530351314261725"
"2022-09-29","2022-09-30","2022-10-03","10","-0.4340169664609661","0.18837072717597939","1.0106214781008647","1.3534256438004295","0.8726767049831998","3","0.847997637558823","0.9155525253728622","0.6464909736128378"
"2022-09-30","2022-10-03","2022-10-04","10","1.668606081927737","2.784246256646234","1.0123343739175417","1.289466228334049","0.8095110128337986","1","0.18837072717597939","0.7083938926823288","0.6393141344334713"
"2022-10-03","2022-10-04","2022-10-05","10","0.6999530480666727","0.4899342694978258","1.0092534815234906","1.2870631178838294","0.804355598069738","1","2.784246256646234","1.2127583457360571","0.7301799841841711"
"2022-10-04","2022-10-05","2022-10-06","10","0.4955345835042512","0.24555452344873174","1.0645978186155012","1.4314474952947152","0.8560295561734401","1","0.4899342694978258","1.2986797930502325","0.7483359955811758"
"2022-10-05","2022-10-06","2022-10-07","10","-1.2199476133430676","1.4882721793014466","1.1012559542247435","1.3974197830555335","0.8442578557958479","1","0.24555452344873174","0.9112206828655187","0.759116390461453"
"2022-10-06","2022-10-07","2022-10-11","10","-1.4717110930399846","2.1659335413769463","1.1032331246572578","1.4054201751654933","0.8412467258050863","4","1.4882721793014466","1.0392755912140434","0.8143508914710357"
"2022-10-07","2022-10-11","2022-10-12","10","-0.21094430633525454","0.04449750037526171","1.129768571056442","1.4134508958022076","0.8786864449577877","1","2.1659335413769463","1.4347881540542367","0.9096048059427434"
"2022-10-11","2022-10-12","2022-10-13","10","-0.34194889396663153","0.11692904608500261","1.116113476860442","1.5210934792482589","0.922606524767438","1","0.04449750037526171","0.8868384028000426","0.9088667907661206"
"2022-10-12","2022-10-13","2022-10-14","10","1.9073387162544742","3.6379409785232655","1.140184666832922","1.5135422943555326","0.9213293363361077","1","0.11692904608500261","0.8122373581174778","0.8556270237787608"
"2022-10-13","2022-10-14","2022-10-17","10","-0.7121239514764721","0.5071205222664649","1.0970000698489195","1.4365971636729409","0.8908498883030666","3","3.6379409785232655","1.4907146491323846","1.014153121339923"
"2022-10-14","2022-10-17","2022-10-18","10","0.9073125120837401","0.823215994583707","1.0980887204766399","1.5911425871522884","0.9321340246911641","1","0.5071205222664649","1.2944843177253884","0.99791608597614"
"2022-10-17","2022-10-18","2022-10-19","10","-0.1180338389351976","0.013931987133780169","1.0222727447036446","1.5912224795820897","0.9410105396445403","1","0.823215994583707","1.0259408083667405","1.0280032270670492"
"2022-10-18","2022-10-19","2022-10-20","10","-0.7739077287206997","0.5989331725736321","1.155681584473404","1.618880559220646","0.9913548922804808","1","0.013931987133780169","1.0198277057184442","0.8624911571607657"
"2022-10-19","2022-10-20","2022-10-21","10","-0.5193216635669573","0.26969499024995197","1.1649864849484122","1.5084220455159614","0.925627479122176","1","0.5989331725736321","1.1162285310161701","0.8896858461156726"
"2022-10-20","2022-10-21","2022-10-24","10","0.9831232717175277","0.9665313673925757","1.1102036121694463","1.5204523069197102","0.9494562445563549","3","0.26969499024995197","0.4425793333615073","0.8999093509247317"
"2022-10-21","2022-10-24","2022-10-25","10","0.4973839223398435","0.2473907662021675","1.0670513168678997","1.5048693385150234","0.9344323897560921","1","0.9665313673925757","0.5344615023867293","0.9212730239425594"
"2022-10-24","2022-10-25","2022-10-26","10","0.9724176233988768","0.9455960342967199","1.1212540659956527","1.5034551902335165","0.9579398450917105","1","0.2473907662021675","0.4192964567104215","0.902221007492312"
"2022-10-25","2022-10-26","2022-10-27","10","-0.16945716561573732","0.028715730978519424","1.1050552280851451","1.4913900056084033","0.9451213859526532","1","0.9455960342967199","0.6056292661430095","0.9141752947270002"
"2022-10-26","2022-10-27","2022-10-28","10","-0.754150170824317","0.5687424801543466","1.1174641488218602","1.4929701941331426","0.9316376690039756","1","0.028715730978519424","0.4915857778239869","0.8598367420156308"
"2022-10-27","2022-10-28","2022-10-31","10","1.1101020592966027","1.232326582054558","1.1410384607217732","1.3827085868662516","0.8842535597275683","3","0.5687424801543466","0.5513952758048658","0.8737603096873013"
"2022-10-28","2022-10-31","2022-11-01","10","-0.653786370424031","0.4274366181522283","1.073543822671784","1.390718597555351","0.8965781841349085","1","1.232326582054558","0.6045543187372623","0.927033016465829"
"2022-10-31","2022-11-01","2022-11-02","10","-0.02987492802015046","0.000892511324209171","1.0956210050234751","1.4057280333001827","0.9191882898228344","1","0.4274366181522283","0.6405634891272743","0.847241495728553"
"2022-11-01","2022-11-02","2022-11-04","10","-0.5602951145009516","0.3139306153336345","1.049964270679435","1.3929236775386402","0.9153250957178629","2","0.000892511324209171","0.4516227845327722","0.8087367172633435"
"2022-11-02","2022-11-04","2022-11-07","10","-0.12267145723308115","0.015048286419687657","0.9805186594077833","1.3369094187102848","0.9079152543178053","3","0.3139306153336345","0.5086657614037953","0.8144439849068733"
"2022-11-04","2022-11-07","2022-11-08","10","0.5144308014272148","0.26463904945704647","0.9709163585626278","1.364763234213917","0.9262062978004817","1","0.015048286419687657","0.39792692265686347","0.6885713498965758"
"2022-11-07","2022-11-08","2022-11-09","10","0.06627575112693518","0.004392475187439449","1.18579416212402","1.2369062035365688","0.870336392176347","1","0.26463904945704647","0.20438941613736122","0.6783306580765402"
"2022-11-08","2022-11-09","2022-11-10","10","-0.4373175464135593","0.1912466364011756","1.1919300542192894","1.2612855746932818","0.8657149130637819","1","0.004392475187439449","0.11978058754440343","0.667368746791936"
"2022-11-09","2022-11-10","2022-11-11","10","1.8664469114344293","3.4836240732031203","1.166268916514754","1.257986952072985","0.8656585207216843","1","0.1912466364011756","0.1578514125597967","0.6084130402964691"
"2022-11-10","2022-11-11","2022-11-14","10","-0.7859378865953958","0.6176983615860372","1.3544354591856906","1.2659203492130833","0.8485331046465738","3","3.4836240732031203","0.7917901041336939","0.6683080644703862"
"2022-11-11","2022-11-14","2022-11-15","10","0.3422401964509958","0.1171283520668162","1.4019614907398255","1.2999542623024505","0.8649270843410477","1","0.6176983615860372","0.9123201191669639","0.694362649070876"
"2022-11-14","2022-11-15","2022-11-16","10","-0.12956334799688052","0.016786661144160765","1.3348452009951113","1.319512658411557","0.8641222072981892","1","0.1171283520668162","0.8828179796889177","0.6943717084336856"
"2022-11-15","2022-11-16","2022-11-17","10","-0.07719498337631636","0.005959065458469759","1.3390710487162425","1.3133739136352582","0.8643025921690879","1","0.016786661144160765","0.8852968168802618","0.5297737849164537"
"2022-11-16","2022-11-17","2022-11-18","10","0.702848999208554","0.493996715688466","1.2582861301827448","1.115785991178102","0.8130638639350051","1","0.005959065458469759","0.8482393026917207","0.5069937186979083"
"2022-11-17","2022-11-18","2022-11-21","10","0.41787589108859713","0.17462026035308909","1.2549295176191062","1.0904409163881985","0.7787990181389822","3","0.493996715688466","0.25031383118878997","0.49202920602085193"
"2022-11-18","2022-11-21","2022-11-22","10","0.440211428878764","0.1937861021154831","1.2348567265433568","1.0478045344597955","0.7160954716000663","1","0.17462026035308909","0.16169821094220035","0.49933321843991146"
"2022-11-21","2022-11-22","2022-11-24","10","0.6308183907697651","0.39793184213335603","1.229758611906545","1.0453517763149602","0.7168014246514006","2","0.1937861021154831","0.17702976095193373","0.4809174425099956"
"2022-11-22","2022-11-24","2022-11-25","10","0.38763232476066833","0.15025881919936024","1.158171885050168","1.035086912535557","0.689191530894152","1","0.39793184213335603","0.2532587971497728","0.4867463903228776"
"2022-11-24","2022-11-25","2022-11-28","10","0.25119813579621675","0.06310050342749456","1.2550697324318292","1.0507443035844113","0.7117468500620648","3","0.15025881919936024","0.2821187478979509","0.44964309267773145"
"2022-11-25","2022-11-28","2022-11-29","10","-0.8010465845393399","0.6416756306021417","1.2471447669862574","1.05130558359272","0.6580407459364408","1","0.06310050342749456","0.1959395054457566","0.4412662625516099"
"2022-11-28","2022-11-29","2022-11-30","10","-0.5157443183594201","0.26599220192002293","1.2556115169640045","1.0325122076577855","0.6506051611382381","1","0.6416756306021417","0.28935057949556714","0.4274516987473109"
"2022-11-29","2022-11-30","2022-12-01","10","0.4657234855787484","0.21689836501961865","1.1506271182200318","1.0277872091207958","0.6514357563215204","1","0.26599220192002293","0.3037917994564751","0.43823699288101553"
"2022-11-30","2022-12-01","2022-12-02","10","-0.8147767322950028","0.6638611234893227","1.1556890286255173","1.0265575863292717","0.6599500993432218","1","0.21689836501961865","0.2675851040337276","0.4222440785567098"
"2022-12-01","2022-12-02","2022-12-05","10","0.07838925717013723","0.006144875639685911","1.0498614094180527","1.0282025384356983","0.6722641525498606","3","0.6638611234893227","0.37030556489172006","0.39640473953101724"
"2022-12-02","2022-12-05","2022-12-06","10","-0.6784819394066677","0.46033774210103307","1.091131313000437","1.0138575015072382","0.6559356393539566","1","0.006144875639685911","0.35891443933415845","0.3772551148713562"
"2022-12-05","2022-12-06","2022-12-07","10","-0.5165241204175175","0.26679716697309014","1.1058763653380443","1.0119166227798178","0.6558779555887594","1","0.46033774210103307","0.3226468616339367","0.3981389889975755"
"2022-12-06","2022-12-07","2022-12-08","10","0.11763850305772094","0.01383881740166142","0.8858608832108704","1.0130890265424066","0.6557864134949251","1","0.26679716697309014","0.3228078546445501","0.3959965595266416"
"2022-12-07","2022-12-08","2022-12-09","10","-0.32891917214473154","0.10818782180437554","0.8709058661158631","0.9601663012844087","0.6377700627557636","1","0.01383881740166142","0.2821959451209587","0.39594158366218585"
"2022-12-08","2022-12-09","2022-12-12","10","-0.10152577524595308","0.010307483039291779","0.9394801801676007","0.9291366414086181","0.6187494914084183","3","0.10818782180437554","0.1710612847839692","0.38883016422342803"
"2022-12-09","2022-12-12","2022-12-13","10","0.8476560263056454","0.718520738932277","0.8799447326244947","0.925136380012343","0.6025287756702327","1","0.010307483039291779","0.1718938062638904","0.38909902821669407"
"2022-12-12","2022-12-13","2022-12-14","10","0.22329370603962895","0.04986007915691223","0.7367683257880199","0.9185352669453747","0.6147205709914376","1","0.718520738932277","0.22353040563013918","0.4130660328771987"
"2022-12-13","2022-12-14","2022-12-15","10","-0.15396161045654","0.023704177494371367","0.7441138139392578","0.8988271167906702","0.6069502354694294","1","0.04986007915691223","0.1801429880669036","0.25698585132964397"
"2022-12-14","2022-12-15","2022-12-16","10","-0.8254510866998077","0.6813694965338934","0.7241677762939407","0.6543981936849212","0.5119512059983727","1","0.023704177494371367","0.1821160600854456","0.22998611568911365"
"2022-12-15","2022-12-16","2022-12-19","10","-0.6840083824375343","0.4678674672448121","0.7715923475185541","0.6190753954548847","0.5268818408730513","3","0.6813694965338934","0.2967523950313492","0.25563344043761715"
"2022-12-16","2022-12-19","2022-12-20","10","0.25827518257355075","0.06670606993340097","0.7452617340933931","0.7360693128655416","0.5882560463823181","1","0.4678674672448121","0.38826439187245326","0.2761371134421922"
"2022-12-19","2022-12-20","2022-12-21","10","-0.3626776562285283","0.13153508232741856","0.7749416858001938","0.7689096848000043","0.6181975528697375","1","0.06670606993340097","0.25790145807267806","0.27889834091832544"
"2022-12-20","2022-12-21","2022-12-22","10","0.6886621066523335","0.47425549713883","0.7945811891718269","0.9275837813878591","0.6156754565331485","1","0.13153508232741856","0.2742364587067793","0.2624228121291869"
"2022-12-21","2022-12-22","2022-12-23","10","-0.7510505048364191","0.56407686081504","0.7678926005991971","0.938506685440842","0.6129249624904978","1","0.47425549713883","0.364346722635671","0.27604259561944783"
"2022-12-22","2022-12-23","2022-12-26","10","0.022422230053061876","0.0005027564005524312","0.7543018272402138","0.942886376788429","0.6240496763335454","3","0.56407686081504","0.34088819549190036","0.292873993742155"
"2022-12-23","2022-12-26","2022-12-27","10","0.564462341463049","0.3186177349299477","0.8119840467873931","0.9592191855602443","0.6633519877544276","1","0.0005027564005524312","0.2474152533230484","0.2748090352997548"
"2022-12-26","2022-12-27","2022-12-28","10","-0.16618022700591095","0.027615867847736095","0.7605351050361632","0.9477482215818777","0.6359999391955059","1","0.3186177349299477","0.29779758632235775","0.2824617132875088"
"2022-12-27","2022-12-28","2022-12-29","10","-0.3516075554013831","0.12362787301533669","0.795429845539318","0.9453716057555999","0.6496812079989542","1","0.027615867847736095","0.27701374342642127","0.2808487753066107"
"2022-12-28","2022-12-29","2022-12-30","10","0.21917620266966978","0.04803820781669616","0.7905193249991884","0.9449915373015418","0.6575246018927219","1","0.12362787301533669","0.2068882186017226","0.2573011499617559"
"2022-12-29","2022-12-30","2023-01-04","10","-0.08896214217831822","0.007914262740955304","0.7539504002839948","0.9604581843656208","0.6795080385774556","5","0.04803820781669616","0.10368048800205383","0.24739415022978647"
"2022-12-30","2023-01-04","2023-01-05","10","-0.0578034378427994","0.003341237426446374","0.6870981463071313","0.9594146348184063","0.6895002454835959","1","0.007914262740955304","0.10516278927013441","0.23789487285348362"
"2023-01-04","2023-01-05","2023-01-06","10","0.0698167411518591","0.004874377345065696","0.7035671350670987","0.988570123587712","0.6831092159679301","1","0.003341237426446374","0.042107489769434125","0.20787124166880747"
"2023-01-05","2023-01-06","2023-01-10","10","0.5350023213896771","0.2862274838923433","0.6518749374942648","0.9327900888313204","0.6641451125985802","4","0.004874377345065696","0.037559191668900045","0.2078134917463247"
"2023-01-06","2023-01-10","2023-01-11","10","0.38496256183237376","0.1481961740125442","0.6549442323078288","0.9407460106705077","0.6672072335188283","1","0.2862274838923433","0.07007911384430136","0.19989938910047522"
"2023-01-10","2023-01-11","2023-01-12","10","-0.20187359671984376","0.04075294905260611","0.7007037652018625","0.9538864153229721","0.6818473788495012","1","0.1481961740125442","0.09011070708347098","0.1945084348749959"
"2023-01-11","2023-01-12","2023-01-13","10","-0.09161443951559045","0.00839320552775578","0.6383552311879198","0.9670380266422736","0.6788682607232193","1","0.04075294905260611","0.09667844434580114","0.19573180449549332"
"2023-01-12","2023-01-13","2023-01-16","10","-0.8532683336213709","0.7280668491609911","0.7296178599106145","0.9631913137295177","0.6800555791043941","3","0.00839320552775578","0.09768883796606302","0.19119568557382882"
"2023-01-13","2023-01-16","2023-01-17","10","0.20360160256697957","0.0414536125678423","0.683715509095477","0.9668829613059812","0.6801071560640983","1","0.7280668491609911","0.24232733232924808","0.22382111130663332"
"2023-01-16","2023-01-17","2023-01-18","10","0.427255551271134","0.18254730609200062","0.6949116436464868","0.9958421319019066","0.7077559706589647","1","0.0414536125678423","0.1933725580643479","0.19304533283552266"
"2023-01-17","2023-01-18","2023-01-19","10","-0.3300230171355867","0.10891519183927574","0.6890868125625398","1.0259159602326815","0.6907558086018944","1","0.18254730609200062","0.20024278448023916","0.19907657042348123"
"2023-01-18","2023-01-19","2023-01-20","10","-0.13315458126497925","0.017730142511851964","0.6962192913163213","1.1454771331798885","0.6957895056262099","1","0.10891519183927574","0.2138752330375731","0.20294979834824958"
"2023-01-19","2023-01-20","2023-01-23","10","0.9111934942706613","0.8302735840011777","0.7294704819605149","1.1832822712729767","0.7128059371470093","3","0.017730142511851964","0.21574262043439232","0.17278437316542952"
"2023-01-20","2023-01-23","2023-01-24","10","0.47958143194955616","0.22999834987078677","0.6779432979778157","1.1205071851101216","0.6645093005769763","1","0.8302735840011777","0.23618396740242967","0.18925737847253699"
"2023-01-23","2023-01-24","2023-01-25","10","-0.06431068816295515","0.00413586461199286","0.7531227129769172","1.1337444920460487","0.6882697283945509","1","0.22999834987078677","0.27389291486301853","0.19667975483332728"
"2023-01-24","2023-01-25","2023-01-26","10","0.5247929805260332","0.27540767240939745","0.7565237195964043","1.0524782716323449","0.7148276516063903","1","0.00413586461199286","0.23821062656701703","0.19088888130080794"
"2023-01-25","2023-01-26","2023-01-27","10","0.28549948125158875","0.08150995379492627","0.7510521873954257","1.0451672991376286","0.7210910627010028","1","0.27540767240939745","0.2715091226810414","0.18185034381310647"
"2023-01-26","2023-01-27","2023-01-30","10","0.7980537174685665","0.6368897359653986","0.7844923518076093","1.040952232076643","0.7097567468741393","3","0.08150995379492627","0.2842650849376562","0.1599154844031013"
"2023-01-27","2023-01-30","2023-01-31","10","-0.005958821551890203","3.550755428727117E-05","0.7960323651655081","1.0177143389990098","0.6694128697236462","1","0.6368897359653986","0.24558831533050038","0.1888421652924125"
"2023-01-30","2023-01-31","2023-02-01","10","0.1754518672713079","0.030783357728988645","1.0651037700198924","1.0090017527944461","0.6673732545463715","1","3.550755428727117E-05","0.19959574686720047","0.17436115495715518"
"2023-01-31","2023-02-01","2023-02-02","10","0.150039152811412","0.022511747376366242","1.0637777170435572","1.0118093495392988","0.6542483695773187","1","0.030783357728988645","0.20492524549059965","0.17450513176993937"
"2023-02-01","2023-02-02","2023-02-03","10","-0.25747676107286677","0.06629428249257412","1.0733691668379914","1.0082186468681442","0.6560797253805982","1","0.022511747376366242","0.1543460604839934","0.16990894424089528"
"2023-02-02","2023-02-03","2023-02-06","10","0.8391373399493196","0.70415147529722","1.060037802171427","0.9891616648525469","0.6254252856011716","3","0.06629428249257412","0.15130292622352295","0.17073876581707156"
"2023-02-03","2023-02-06","2023-02-07","10","0.2043153972953027","0.04174478157193739","1.0776033011339914","0.9926853990371338","0.6063373910889363","1","0.70415147529722","0.16475527408988727","0.20238591184235633"
"2023-02-06","2023-02-07","2023-02-08","10","-0.24666966702882598","0.06084592463211188","1.080584814971422","0.9542543966044403","0.6014862521917594","1","0.04174478157193739","0.17309712889341727","0.2041315274853332"
"2023-02-07","2023-02-08","2023-02-09","10","-0.5239590201046118","0.274533054748985","0.9357736896735116","0.9503766245924163","0.5960121201938506","1","0.06084592463211188","0.17910964227404194","0.20667568872565345"
"2023-02-08","2023-02-09","2023-02-10","10","-0.14600878345311097","0.021318564845457452","0.9519839237130471","0.9439004047292396","0.5922876122461308","1","0.274533054748985","0.22951390374856567","0.20614412376459168"
"2023-02-09","2023-02-10","2023-02-13","10","-1.068914321483132","1.1425778266717446","0.9393085359948253","0.9294224714802691","0.5805842890081956","3","0.021318564845457452","0.22051876021914235","0.2003769597115423"
"2023-02-10","2023-02-13","2023-02-14","10","1.1585147454730227","1.3421564154784225","1.0446104339420643","0.9054219481262301","0.5688460924743447","1","1.1425778266717446","0.30820403049404727","0.2504599086942304"
"2023-02-13","2023-02-14","2023-02-15","10","-0.16990254293529183","0.028866874095878684","1.0847578952592953","0.9246752933312209","0.572865253824258","1","1.3421564154784225","0.5682863572753443","0.31108550914653343"
"2023-02-14","2023-02-15","2023-02-16","10","0.4734896192002213","0.22419241949037058","1.0737238966936204","0.8959575624985326","0.6104919551544262","1","0.028866874095878684","0.5618905471680976","0.2793036920981193"
"2023-02-15","2023-02-16","2023-02-17","10","-0.6687212099675199","0.4471880566604239","1.1339105545016699","0.8660054607862818","0.5687972664212002","1","0.22419241949037058","0.5518224201163747","0.2876100015036887"
"2023-02-16","2023-02-17","2023-02-20","10","0.29526228764309104","0.08717981850423143","1.018691345482645","0.8393410013676059","0.575893201491411","3","0.4471880566604239","0.636996318479368","0.2996391265295262"
"2023-02-17","2023-02-20","2023-02-21","10","0.2667812705215511","0.07117224630109303","0.9703211745930413","0.6642335662311937","0.5914393857010788","1","0.08717981850423143","0.4259167168458654","0.2986511550142969"
"2023-02-20","2023-02-21","2023-02-22","10","-0.4829977884198667","0.2332868636184823","1.0020294392068911","0.5891662974987893","0.557101350470207","1","0.07117224630109303","0.1717198830103995","0.30108034155017144"
"2023-02-21","2023-02-22","2023-02-24","10","0.42613010480641145","0.1815868662223232","1.1326850195006894","0.5786670359527513","0.5562268685643232","2","0.2332868636184823","0.21260388091492027","0.27394458153277623"
"2023-02-22","2023-02-24","2023-02-27","10","0.8876702749103182","0.7879585169593599","0.9912190431597901","0.5802152918835796","0.5161603563987929","3","0.1815868662223232","0.20408277026131075","0.2717440595487552"
"2023-02-24","2023-02-27","2023-02-28","10","0.22246193051026708","0.0494893105263549","0.9745394167497","0.561276063721497","0.47951021927163434","1","0.7879585169593599","0.272236862321098","0.3073723619281809"
"2023-02-27","2023-02-28","2023-03-01","10","-0.06296118714817611","0.003964111087107657","1.5770258902581566","0.5567371826613728","0.48058951009681256","1","0.0494893105263549","0.26469876072552273","0.29710334547895173"
"2023-02-28","2023-03-01","2023-03-02","10","-0.21382003008024844","0.045719005263518346","1.4028720908793217","0.5564242541021543","0.48427378532016807","1","0.003964111087107657","0.2512571336827256","0.2935785344467781"
"2023-03-01","2023-03-02","2023-03-03","10","0.55187529373669","0.30456633983695786","1.4493507370768044","0.5589355488093689","0.4857574548849668","1","0.045719005263518346","0.2137435620117328","0.2667071375966927"
"2023-03-02","2023-03-03","2023-03-06","10","0.7329379779799083","0.5371980795652767","1.3517694128836018","0.5577000022459908","0.48719331853697995","3","0.30456633983695786","0.23833945673465973","0.2805494481549959"
"2023-03-03","2023-03-06","2023-03-07","10","0.22217193774186628","0.04936036991997571","1.341201179630022","0.6439158437371904","0.5073582352904613","1","0.5371980795652767","0.18818736925584306","0.30356829914755445"
"2023-03-06","2023-03-07","2023-03-08","10","-0.2414732547033294","0.05830933273701899","1.3654233301546257","0.6859355747137492","0.5295194465903077","1","0.04936036991997571","0.18816158113456724","0.30478869108135487"
"2023-03-07","2023-03-08","2023-03-09","10","0.3917212562738126","0.15344554261673396","1.3552761893184972","0.6867038599749129","0.5236080901465765","1","0.05830933273701899","0.1990306254645495","0.3044257388197388"
"2023-03-08","2023-03-09","2023-03-10","10","-0.8181525932264501","0.669373665803165","1.4365924880218635","0.6891441283526024","0.5247880483157935","1","0.15344554261673396","0.22057593293519262","0.2793936509706257"
"2023-03-09","2023-03-10","2023-03-13","10","-1.0912593675953464","1.1908470073645954","1.4240924091158946","0.6874122811830519","0.5095555912885604","3","0.669373665803165","0.29353739812843405","0.3079222366174997"
"2023-03-10","2023-03-13","2023-03-14","10","-1.396018764565522","1.9488683910190463","1.4422228422964085","0.7745238142719437","0.538033564144101","1","1.1908470073645954","0.42426718368829786","0.35928592219624894"
"2023-03-13","2023-03-14","2023-03-15","10","1.0700615436930483","1.1450317072907494","1.3798015229896898","0.8072750642318995","0.5723556742522168","1","1.9488683910190463","0.8041687879081119","0.4353920738448881"
"2023-03-14","2023-03-15","2023-03-16","10","-2.21357966638988","4.899934939454732","1.3679073449119439","0.9329492151371349","0.6300941713708986","1","1.1450317072907494","1.0215132628188581","0.4864699439560377"
"2023-03-15","2023-03-16","2023-03-17","10","0.7341227028307995","0.5389361428115984","1.306056626608427","0.9305616109226197","0.6417486179818116","1","4.899934939454732","1.9708111421864576","0.6572589036279916"
"2023-03-16","2023-03-17","2023-03-20","10","-0.6070948718921099","0.3685641834776973","1.4308183740773397","0.9273985139293075","0.7197520020846431","3","0.5389361428115984","1.9447236375881443","0.6207488912340451"
"2023-03-17","2023-03-20","2023-03-22","10","1.5420660966392141","2.377967846404102","1.4696486860133258","0.9521241300137989","0.7084694727643922","2","0.3685641834776973","1.7802670728107646","0.6361896780241278"
"2023-03-20","2023-03-22","2023-03-23","10","-0.46416712281315275","0.21545111790064042","1.4342438007019997","0.9960472924603314","0.7083040726500154","1","2.377967846404102","1.8660869638877755","0.7340885610656612"
"2023-03-22","2023-03-23","2023-03-24","10","-0.03160655191338346","0.0009989741238534038","1.512803259694489","1.067356068523217","0.7519523269470706","1","0.21545111790064042","1.680170846009754","0.7235550638493072"
"2023-03-23","2023-03-24","2023-03-27","10","0.6874309057548478","0.4725612501869304","1.1986071315162785","1.0586164736421027","0.7561283890913613","3","0.0009989741238534038","0.7003836529435783","0.7196377527411083"
"2023-03-24","2023-03-27","2023-03-28","10","0.5549943331912466","0.30801870987439645","1.202316375058873","1.0588532286441494","0.7570656064377534","1","0.4725612501869304","0.6871086744186446","0.7378827074631917"
"2023-03-27","2023-03-28","2023-03-29","10","0.2228861715196329","0.04967824545467921","1.1953681351706222","1.0602743544135196","0.7600046553515617","1","0.30801870987439645","0.6749995796979845","0.7412796095657334"
"2023-03-28","2023-03-29","2023-03-30","10","0.22125689164494863","0.04895461210038454","1.117469204451258","1.0214257496913843","0.7466150210933598","1","0.04967824545467921","0.20934165950809996","0.7352837631672041"
"2023-03-29","2023-03-30","2023-03-31","10","0.37100692228422605","0.13764613638281376","1.107242096973928","1.0237581044288424","0.7463279395083706","1","0.04895461210038454","0.1760423583480488","0.7016926765827052"
"2023-03-30","2023-03-31","2023-04-03","10","0.4730303081316267","0.22375767241110173","1.1363532199377449","1.0264020111825436","0.7406222447283809","3","0.13764613638281376","0.20337179079984086","0.7056998050307262"
"2023-03-31","2023-04-03","2023-04-04","10","0.09973469966152448","0.009947010316574492","1.1111185432689152","1.0452676015362823","0.7573832269297323","1","0.22375767241110173","0.15361107524467515","0.7156904214545441"
"2023-04-03","2023-04-04","2023-04-05","10","-0.9627514341192068","0.9268903238985895","1.111418684616615","1.0497525608273375","0.7646692050585203","1","0.009947010316574492","0.09399673533311073","0.7140644216842283"
"2023-04-04","2023-04-05","2023-04-06","10","-0.5999532707696031","0.35994392710714473","1.108397532925121","1.0523452720936715","0.7640020862549551","1","0.9268903238985895","0.2694391510218928","0.7423518755052115"
"2023-04-05","2023-04-06","2023-04-07","10","-0.02487298036019991","0.0006186651519988905","1.0851576727459062","1.0605297498970163","0.7621903452314412","1","0.35994392710714473","0.33163701402324486","0.7342948685752966"
"2023-04-06","2023-04-07","2023-04-10","10","0.6488869273462439","0.42105424448084955","1.0980216431214482","1.066199886897765","0.7567032722149617","3","0.0006186651519988905","0.30423151977708185","0.7320793365403886"
"2023-04-07","2023-04-10","2023-04-11","10","0.5169568048435025","0.2672443380740031","1.069698909164765","1.0654268242723226","0.7588923941618639","1","0.42105424448084955","0.34369083419103147","0.7485677416196537"
"2023-04-10","2023-04-11","2023-04-12","10","0.34332576443607765","0.11787258052561708","1.0883963126539187","1.064321188754192","0.764710159772239","1","0.2672443380740031","0.39515029974251714","0.7537404141404385"
"2023-04-11","2023-04-12","2023-04-13","10","-0.21717707102317574","0.04716588017820552","1.055523877174871","1.0792343088104799","0.7761153689843225","1","0.11787258052561708","0.23334675106792266","0.728672182991459"
"2023-04-12","2023-04-13","2023-04-14","10","0.4458862146961872","0.19881451645609435","1.0018660656276002","1.0257459284786328","0.757130615219664","1","0.04716588017820552","0.17079114168213483","0.6766866772102594"
"2023-04-13","2023-04-14","2023-04-17","10","0.09307471943289958","0.008662903397512974","0.9373044590946563","0.9999131068323239","0.7381584353030437","3","0.19881451645609435","0.21043031194295395","0.5971387738210342"
"2023-04-14","2023-04-17","2023-04-18","10","0.3178714594617982","0.1010422647403736","0.79910509844085","0.9196482906304244","0.6906553711419594","1","0.008662903397512974","0.1279520437262866","0.5454856463713417"
"2023-04-17","2023-04-18","2023-04-19","10","-0.1080896338302584","0.01168336894155934","0.7572794988298559","0.919768027503","0.6735516410831656","1","0.1010422647403736","0.0947116290595607","0.3273541611570528"
"2023-04-18","2023-04-19","2023-04-20","10","-0.17104165095847557","0.029255246362600986","0.7487199885105719","0.9100579292598014","0.5834274961321315","1","0.01168336894155934","0.07347378674274915","0.30338812598114195"
"2023-04-19","2023-04-20","2023-04-21","10","-0.05718675114996796","0.003270324507088362","0.643897449325387","0.8744332876591188","0.5573404057852861","1","0.029255246362600986","0.06989165997962825","0.28796499247591023"
"2023-04-20","2023-04-21","2023-04-24","10","0.5667167298576437","0.3211678519005415","0.6428140946218432","0.821232478209","0.5628640422099186","3","0.003270324507088362","0.030782821589827054","0.18002419602604602"
"2023-04-21","2023-04-24","2023-04-25","10","0.4496405942648917","0.202176664010885","0.639903586541972","0.7136793172005139","0.49144853075760075","1","0.3211678519005415","0.09328381129043276","0.18482950211695062"
"2023-04-24","2023-04-25","2023-04-26","10","-0.5917029996658918","0.35011243981361434","0.6734523267064862","0.7130782577420941","0.45952552499099975","1","0.202176664010885","0.11351069114453502","0.19397394256636113"
"2023-04-25","2023-04-26","2023-04-27","10","-1.0229969951180384","1.0465228520205359","0.649144708083963","0.7128525600373038","0.46435918705207263","1","0.35011243981361434","0.18119650531894602","0.18840808754939226"
"2023-04-26","2023-04-27","2023-04-28","10","0.7210621673450734","0.5199306491763747","0.6776845813164002","0.7253098752201701","0.4701371958098121","1","1.0465228520205359","0.384650026450533","0.22197645764694404"
"2023-04-27","2023-04-28","2023-05-01","10","0.5315608218245127","0.2825569072987513","0.6054285507385484","0.7252581426858762","0.46755858465711253","3","0.5199306491763747","0.48798209138439025","0.24335156690702106"
"2023-04-28","2023-05-01","2023-05-02","10","0.206805091686556","0.04276834594748483","0.6690482631049305","0.7314689579891259","0.5026080000181686","1","0.2825569072987513","0.4802599024640323","0.2539698530524014"
"2023-05-01","2023-05-02","2023-05-08","10","-0.35877600026066325","0.12872021836303943","0.6860467242636316","0.7536179042719618","0.522471908048724","6","0.04276834594748483","0.44837823885135225","0.2496572262144319"
"2023-05-02","2023-05-08","2023-05-09","10","0.094638279961341","0.008956404034041156","0.6447335515765561","0.7274768627351982","0.5057677324423815","1","0.12872021836303943","0.40409979456123724","0.24533734193951995"
"2023-05-08","2023-05-09","2023-05-10","10","0.6286214919788702","0.39516498017774077","0.624795269530175","0.7348014849931479","0.4926890166523269","1","0.008956404034041156","0.19658650496393826","0.24529231438122298"
"2023-05-09","2023-05-10","2023-05-11","10","-0.23059249569207682","0.05317289906950047","0.6955176410253348","0.7621268025267309","0.4950526055522022","1","0.39516498017774077","0.1716333711642115","0.22112298057572988"
"2023-05-10","2023-05-11","2023-05-12","10","0.4177282807211446","0.17449691651424337","0.8444186623260584","0.6788657969617661","0.47845696528067566","1","0.05317289906950047","0.12575656951836134","0.20717884293765518"
"2023-05-11","2023-05-12","2023-05-15","10","0.5192526165567191","0.2696232798009991","0.8404784263384355","0.6266522435466767","0.4466277843194941","3","0.17449691651424337","0.15210228363171305","0.21508239981775723"
"2023-05-12","2023-05-15","2023-05-16","10","0.34948957639550415","0.12214296400910893","0.856370997027714","0.6542914397639367","0.44528095053519784","1","0.2696232798009991","0.18028289591930496","0.2081991741504913"
"2023-05-15","2023-05-16","2023-05-17","10","0.13748337883949469","0.018901679457124013","0.8696051333815514","0.6707695528126264","0.44691889894138276","1","0.12214296400910893","0.2029202079143185","0.20160365714754153"
"2023-05-16","2023-05-17","2023-05-18","10","0.6628916271724195","0.43942530937529795","1.0189766132570028","0.6513670720174917","0.4266190932401645","1","0.018901679457124013","0.12766754777019518","0.1971049798262464"
"2023-05-17","2023-05-18","2023-05-19","10","0.29336063133183043","0.08606046001541014","0.9890153088349068","0.6644785707896893","0.4268300478134178","1","0.43942530937529795","0.2049180298313547","0.21493495388065967"
"2023-05-18","2023-05-19","2023-05-22","10","-0.2468919993189267","0.0609556593276969","1.1685968788195862","0.7444173410813028","0.4796755101665193","3","0.08606046001541014","0.18723073853158803","0.20980976949699218"
"2023-05-19","2023-05-22","2023-05-23","10","0.10481907536238233","0.010987038559824787","1.4204080677827076","0.7183030679076562","0.5009155438416675","1","0.0609556593276969","0.1454972144369276","0.21218671294836416"
"2023-05-22","2023-05-23","2023-05-24","10","-0.23984646070077442","0.05752632471068813","1.0131671937639044","0.7435330909411647","0.5023281385903733","1","0.010987038559824787","0.12326602934707073","0.20809329357652107"
"2023-05-23","2023-05-24","2023-05-25","10","-0.4248543430995","0.18050121285050766","1.064571679572463","0.7409956127165374","0.5124973764854452","1","0.05752632471068813","0.13099095839778357","0.21017706429329966"
"2023-05-24","2023-05-25","2023-05-26","10","0.3269027643714961","0.10686541735372591","1.0891330325144593","0.7638488787125766","0.5354451580865883","1","0.18050121285050766","0.07920613909282552","0.21705188095184083"
"2023-05-25","2023-05-26","2023-05-29","10","1.272693434128167","1.619748577272947","1.09099534759495","0.7673366229525876","0.5291254077911608","3","0.10686541735372591","0.08336713056048868","0.22176074880850616"
"2023-05-26","2023-05-29","2023-05-30","10","0.0037869205898244385","1.4340767553636274E-05","1.3950652233990142","0.7683449245589464","0.532095648178352","1","1.619748577272947","0.3951257141495387","0.2807871454163428"
"2023-05-29","2023-05-30","2023-05-31","10","-0.8765026715050273","0.7682569331554497","1.421712401781012","0.7985847743818428","0.6216153455370144","1","1.4340767553636274E-05","0.3929311745910845","0.27159794890528227"
"2023-05-30","2023-05-31","2023-06-01","10","-0.08267547201649683","0.0068352336731505505","0.9659198118747655","0.8009478143082301","0.617265098250106","1","0.7682569331554497","0.5350772962800368","0.29060451678445665"
"2023-05-31","2023-06-01","2023-06-02","10","0.18942745451482446","0.03588276052396589","0.9578416737834028","0.8416002066323444","0.6355533658386305","1","0.0068352336731505505","0.5003441004445655","0.2433459886777573"
"2023-06-01","2023-06-02","2023-06-05","10","1.6235589560966843","2.6359436839217554","1.0237670208376763","0.8599847375252964","0.6329996689940869","3","0.03588276052396589","0.48614756907861345","0.22134381192082964"
"2023-06-02","2023-06-05","2023-06-06","10","-0.4455949534470061","0.19855486253743954","1.0772599607982805","0.8465431537637137","0.6140272114909742","1","2.6359436839217554","0.689386590408375","0.3283159381309661"
"2023-06-05","2023-06-06","2023-06-07","10","0.3957390457487086","0.1566093923300985","1.095156293310481","0.9474126918515643","0.6385015046491207","1","0.19855486253743954","0.7290946947623522","0.3353971434305095"
"2023-06-06","2023-06-07","2023-06-08","10","0.27391471746357365","0.07502927244314939","1.0907240328014771","0.9662334349564924","0.6462835725745658","1","0.1566093923300985","0.606765186597282","0.3366648331562849"
"2023-06-07","2023-06-08","2023-06-09","10","0.5146709178882669","0.26488615371995117","0.9297744696829146","1.0304106631877692","0.6488379707238028","1","0.07502927244314939","0.6204039943512818","0.339668145356699"
"2023-06-08","2023-06-09","2023-06-12","10","0.5147930160457936","0.26501184936952477","0.9586026087050381","1.0238836792469441","0.6471883419431141","3","0.26488615371995117","0.6662046729904787","0.3337463805177086"
"2023-06-09","2023-06-12","2023-06-13","10","0.46044262801206665","0.21200741369065837","0.8107194397960613","1.1033256322998448","0.6741675717742636","1","0.26501184936952477","0.19201830608003267","0.3433754237131642"
"2023-06-12","2023-06-13","2023-06-14","10","0.6732262715759596","0.45323361274006774","0.7863523960664992","1.108946258593319","0.6810733485003323","1","0.21200741369065837","0.19470881631067644","0.34508044631209217"
"2023-06-13","2023-06-14","2023-06-15","10","-0.053466896805294255","0.002858709053987985","0.7471154347341378","1.157927417974736","0.6963407290906348","1","0.45323361274006774","0.2540336603926703","0.3534263705365953"
"2023-06-14","2023-06-15","2023-06-16","10","0.07319538176158158","0.0053575639112236695","0.7473884969310542","1.1868237743793129","0.7158406636246196","1","0.002858709053987985","0.239599547714838","0.34800435894772613"
"2023-06-15","2023-06-16","2023-06-19","10","0.4238803782046596","0.17967457502692527","0.7543143161691679","1.1765879895032483","0.6994683443288829","3","0.0053575639112236695","0.1876938297530925","0.3473887173320034"
"2023-06-16","2023-06-19","2023-06-20","10","-0.24890642691471457","0.061954409359450145","0.8054692748646985","1.1713382276293964","0.6998687403406126","1","0.17967457502692527","0.1706263748845726","0.33558186577071375"
"2023-06-19","2023-06-20","2023-06-21","10","-0.3443633960507464","0.11858614853960321","0.8041284234697639","1.1407475458966234","0.658575436797135","1","0.061954409359450145","0.14061577401833097","0.3344861361954428"
"2023-06-20","2023-06-21","2023-06-22","10","0.16315084729982554","0.02661819897465099","0.7848044028453101","1.1290362273207963","0.6336545396612855","1","0.11858614853960321","0.07368628117823806","0.3371057038868931"
"2023-06-21","2023-06-22","2023-06-23","10","0.32161680399550363","0.1034373686122822","0.9607060678878095","1.118806167815634","0.6429970518449497","1","0.02661819897465099","0.07843817916237066","0.3378162111784761"
"2023-06-22","2023-06-23","2023-06-26","10","-0.08978130422325648","0.00806068258802893","0.9328974033036678","1.132567339799267","0.6396494072269775","3","0.1034373686122822","0.09805414010258237","0.3399030768103668"
"2023-06-23","2023-06-26","2023-06-27","10","0.06848788671522055","0.004690590626716883","0.9308478579691688","1.158784774942658","0.6321693686851297","1","0.00806068258802893","0.0637313616148031","0.332064870889345"
"2023-06-26","2023-06-27","2023-06-28","10","0.4516809030398505","0.2040156381708948","0.8905196571441948","1.1571096085543549","0.6355518024359037","1","0.004690590626716883","0.05227859786825645","0.32742056058357183"
"2023-06-27","2023-06-28","2023-06-29","10","-0.1297670219658209","0.016839479989877844","0.9321467088623931","1.1590923395481731","0.6326951891106224","1","0.2040156381708948","0.06936449579451476","0.26306906335166036"
"2023-06-28","2023-06-29","2023-06-30","10","0.12916086803800964","0.01668252983233214","0.9064868990997901","1.2166345945169748","0.5706804054961272","1","0.016839479989877844","0.06740875199756012","0.2638338424072206"
"2023-06-29","2023-06-30","2023-07-03","10","0.5659302060964566","0.32027699817237787","0.833206284931156","1.2151926380627824","0.5747014022041653","3","0.01668252983233214","0.05005778424157011","0.22967136952889708"
"2023-06-30","2023-07-03","2023-07-04","10","0.11241994371221087","0.01263824374425666","0.8721426495050796","1.1780294929693595","0.5545821761892704","1","0.32027699817237787","0.11250104735843991","0.24391872246068014"
"2023-07-03","2023-07-04","2023-07-05","10","-0.3725879493512352","0.1388217800017586","0.7216968085187353","1.2193906162444503","0.5933862866899717","1","0.01263824374425666","0.11409057798194788","0.2428621535161479"
"2023-07-04","2023-07-05","2023-07-06","10","0.03691444025395896","0.0013626758992631054","0.7850739361089499","1.2100680963722292","0.6036281522299773","1","0.1388217800017586","0.10105180634812064","0.12935661242887528"
"2023-07-05","2023-07-06","2023-07-07","10","-0.768174183818322","0.5900915766849452","0.7763445399760908","1.1168388937896674","0.581804552856533","1","0.0013626758992631054","0.09795644552999767","0.12039333121804908"
"2023-07-06","2023-07-07","2023-07-10","10","0.573333086468687","0.3287108280397109","0.8032406009353478","1.1582440538069272","0.5896191265244386","3","0.5900915766849452","0.21263825490052027","0.14009706687054216"
"2023-07-07","2023-07-10","2023-07-11","10","0.30990446012703177","0.09604077440662702","0.7455754266228113","1.1193044558293186","0.6214797379470459","1","0.3287108280397109","0.21432502087398692","0.15162804667038585"
"2023-07-10","2023-07-11","2023-07-12","10","0.27339541076010665","0.07474505062468743","0.7963775345061401","1.1121220098858777","0.6210243518832057","1","0.09604077440662702","0.23100552700646096","0.1439532567015984"
"2023-07-11","2023-07-12","2023-07-13","10","0.1528294697055088","0.023356846810467038","0.840286697745884","1.0296472976911917","0.6122288909691","1","0.07474505062468743","0.2181901811310467","0.13530476584956033"
"2023-07-12","2023-07-13","2023-07-14","10","0.22788407017294343","0.051931149438587","0.8573291463338404","1.0379187020045124","0.6065965742881676","1","0.023356846810467038","0.2225890153132875","0.1267297400822789"
"2023-07-13","2023-07-14","2023-07-18","10","0.0026122350743951195","6.823772083900075E-06","0.8510948738216344","1.0150146570030454","0.5965025981178842","4","0.051931149438587","0.11495692986401589","0.1084887190231207"
"2023-07-14","2023-07-18","2023-07-19","10","0.7517268824154377","0.5650933057460333","0.8147236988968839","0.9659293862977197","0.5721065063888116","1","6.823772083900075E-06","0.04921612901049048","0.10835908787394324"
"2023-07-18","2023-07-19","2023-07-20","10","0.2661001017346232","0.0708092641431768","0.7480205218676106","0.96822866088992","0.5737225584313438","1","0.5650933057460333","0.14302663527837173","0.13380162159370734"
"2023-07-19","2023-07-20","2023-07-21","10","0.42098306788628137","0.1772267434469454","0.7721277607401296","0.9936600229218874","0.608110205700907","1","0.0708092641431768","0.14223947798206962","0.12885319837171874"
"2023-07-20","2023-07-21","2023-07-24","10","0.5070111371677821","0.25706029321216756","0.5989157733987149","1.0056614461529636","0.609784740538337","3","0.1772267434469454","0.1730134573093653","0.13409284992115034"
"2023-07-21","2023-07-24","2023-07-25","10","0.12459979831840329","0.015525109740986774","0.6104630471623382","1.012993247521764","0.6146971999879768","1","0.25706029321216756","0.2140392860640814","0.1403871292244487"
"2023-07-24","2023-07-25","2023-07-26","10","0.19290594857109822","0.03721270499411519","0.5942984126692539","1.0394983925518528","0.6441347122230974","1","0.015525109740986774","0.21714294325786193","0.13988289789564579"
"2023-07-25","2023-07-26","2023-07-27","10","-0.11479150127558069","0.013177088765101642","0.6141463482217606","1.0207283787390868","0.6382285421523183","1","0.03721270499411519","0.11156682310747834","0.13687268591300183"
"2023-07-26","2023-07-27","2023-07-28","10","-0.7400745918143836","0.5477104014492266","0.5894721948558261","0.9726290987534048","0.6262380750376851","1","0.013177088765101642","0.1000403880318633","0.1371052498301415"
"2023-07-27","2023-07-28","2023-07-31","10","1.3104862222896774","1.7173741388110697","0.601061324270271","0.9819667578622838","0.6272469512203677","3","0.5477104014492266","0.17413711963231954","0.16178796850389196"
"2023-07-28","2023-07-31","2023-08-01","10","0.32003023781797757","0.10241935311783128","0.6204004929226257","0.9801139096747187","0.6894045014708754","1","1.7173741388110697","0.46619988875209994","0.23057699126026357"
"2023-07-31","2023-08-01","2023-08-02","10","-0.2334313406134747","0.05449019078060405","0.6929010927659983","0.9210335271731201","0.7084863709603265","1","0.10241935311783128","0.4835787374274688","0.23446698549335235"
"2023-08-01","2023-08-02","2023-08-03","10","-0.8998714252521522","0.8097685819853399","0.6596240085587541","0.94122402330613","0.7089825940336169","1","0.05449019078060405","0.4870342345847666","0.23618551553645561"
"2023-08-02","2023-08-03","2023-08-04","10","-0.27060382343285116","0.0732264292564777","0.674198654762423","1.060589740326584","0.7362186719353694","1","0.8097685819853399","0.6463525332288144","0.2584351329824993"
"2023-08-03","2023-08-04","2023-08-07","10","0.191927251330003","0.036836069803090135","0.8660559082341838","1.058885926673418","0.737738698888577","3","0.0732264292564777","0.5514557387902645","0.261189141414873"
"2023-08-04","2023-08-07","2023-08-08","10","0.9242299629508833","0.8542010244161912","0.7099700626930913","1.0383016788485386","0.7278145977782823","1","0.036836069803090135","0.21534812498866857","0.2565534273149335"
"2023-08-07","2023-08-08","2023-08-09","10","0.35849239494645024","0.12851679723444168","0.7922931102310995","1.0377317320123367","0.7314808418613489","1","0.8542010244161912","0.3657044592483406","0.29531880679297573"
"2023-08-08","2023-08-09","2023-08-10","10","0.07234376836362855","0.005233620821050343","0.9276718921258551","0.9760142206161844","0.718661413730907","1","0.12851679723444168","0.3805097805391081","0.27433813499977105"
"2023-08-09","2023-08-10","2023-08-14","10","-0.3451299511104766","0.11911468315351999","1.179872728527309","0.9502509130586269","0.6876829314872609","4","0.005233620821050343","0.2196027883062502","0.25963462558074096"
"2023-08-10","2023-08-14","2023-08-15","10","-0.11714198603078874","0.013722244891237504","1.0107334033690558","0.9579460217514841","0.698890663952019","1","0.11911468315351999","0.22878043908565865","0.26068343961469065"
"2023-08-14","2023-08-15","2023-08-16","10","-0.6076894495109375","0.36928646704690626","1.1951554144399625","0.9956716254930769","0.6798920963784736","1","0.013722244891237504","0.22415767410328816","0.25790967571771567"
"2023-08-15","2023-08-16","2023-08-17","10","-0.2851058149383967","0.08128532571168731","1.1973073067823716","0.9879177358593055","0.7091610910122628","1","0.36928646704690626","0.12717476262943114","0.2736337493648265"
"2023-08-16","2023-08-17","2023-08-18","10","-0.7054673755075069","0.4976842179054498","1.20758730320363","0.9862899289845706","0.7237887050159515","1","0.08128532571168731","0.11772846832488029","0.27496803010451293"
"2023-08-17","2023-08-18","2023-08-21","10","0.301361258258972","0.09081860797943081","1.189692861519708","0.9906358024895605","0.7218241510237764","3","0.4976842179054498","0.21621858774176017","0.29758972983784776"
"2023-08-18","2023-08-21","2023-08-22","10","0.36891284397423507","0.13609668644915832","1.1686870925139972","0.9953651907808101","0.7492336148226287","1","0.09081860797943081","0.21055937270694236","0.27603178903027487"
"2023-08-21","2023-08-22","2023-08-23","10","-0.3968037290928994","0.1574531994220311","1.1209908001452198","0.9629108246266428","0.7228264005472846","1","0.13609668644915832","0.23503426101852654","0.2789993991350922"
"2023-08-22","2023-08-23","2023-08-24","10","-0.2637820176176209","0.06958095281842284","1.1039572295777809","0.9469823337936738","0.7364568633542149","1","0.1574531994220311","0.19266760749355147","0.27810060167941425"
"2023-08-23","2023-08-24","2023-08-25","10","-0.22758982206645847","0.051797127108242226","1.1647680333384833","0.944667006078497","0.7354120169512828","1","0.06958095281842284","0.19032673291489854","0.2695788134796986"
"2023-08-24","2023-08-25","2023-08-28","10","0.38937182869716813","0.15161042098297683","1.063892392087074","0.926217532489673","0.704084955996749","3","0.051797127108242226","0.10114931475545705","0.2712275415418466"
"2023-08-25","2023-08-28","2023-08-29","10","0.23072092380543086","0.05323214468163143","1.0760135826152493","1.024382858798399","0.7632676785449868","1","0.15161042098297683","0.11330767735616627","0.2764274377231584"
"2023-08-28","2023-08-29","2023-08-30","10","0.18112885465445427","0.03280766198843442","1.01626128503292","1.0884051470496101","0.7880080840380401","1","0.05323214468163143","0.0967347690026609","0.2782481220830007"
"2023-08-29","2023-08-30","2023-08-31","10","-0.1818183001184892","0.03305789425797701","0.9611348431600215","1.0793079126153944","0.7857580302529098","1","0.03280766198843442","0.07180566151594155","0.2548434521075102"
"2023-08-30","2023-08-31","2023-09-01","10","-0.1583873437018657","0.025086550644932933","0.9645368465001036","1.0782187088898934","0.74305409725287","1","0.03305789425797701","0.06450104980385238","0.17828362280964236"
"2023-08-31","2023-09-01","2023-09-04","10","0.4187960686111191","0.1753901470841292","0.8505913490951285","1.0610597262586194","0.7032787081884396","3","0.025086550644932933","0.05915893451119052","0.17476849542451062"
"2023-09-01","2023-09-04","2023-09-05","10","0.213051370415025","0.045390886435720194","1.1758822250282417","1.0445774773241945","0.7019703887564877","1","0.1753901470841292","0.063914879731421","0.18026394798376177"
"2023-09-04","2023-09-05","2023-09-06","10","0.3136539724231291","0.09837881441680903","1.091824559455753","0.9346386167266763","0.667295851146613","1","0.045390886435720194","0.06234662808223875","0.14551950727696086"
"2023-09-05","2023-09-06","2023-09-07","10","-0.022841216831652744","0.0005217211863505766","1.05205062367147","0.8658816543153038","0.6312668367483123","1","0.09837881441680903","0.07546085856791367","0.14666279751152136"
"2023-09-06","2023-09-07","2023-09-08","10","-0.391379151318354","0.15317764008667503","1.0619664185776565","0.8755765317302677","0.6264261192803533","1","0.0005217211863505766","0.06895362395358838","0.1450121453016696"
"2023-09-07","2023-09-08","2023-09-11","10","0.257458773274738","0.06628501993613294","1.011343052508933","0.8891889231015865","0.6051916538918466","3","0.15317764008667503","0.09457184184193682","0.11314744601396431"
"2023-09-08","2023-09-11","2023-09-12","10","0.6442427554055574","0.4150487278925449","0.942472547818636","0.9196376898654909","0.595864063141083","1","0.06628501993613294","0.07275081641233755","0.1103187288640412"
"2023-09-11","2023-09-12","2023-09-13","10","0.2550228682861644","0.06503666334890235","0.932155351859711","0.9170779178066909","0.598024385449793","1","0.4150487278925449","0.14668238470370248","0.12894668827638187"
"2023-09-12","2023-09-13","2023-09-14","10","0.39812552266553336","0.1585039317977041","0.9115047794281879","0.9221222744264096","0.5944025978747967","1","0.06503666334890235","0.14001395449012116","0.1264885964670811"
"2023-09-13","2023-09-14","2023-09-15","10","0.5532546388527104","0.30609069541204303","0.9343967085570872","0.8823766349575062","0.5947120207223388","1","0.1585039317977041","0.17161039661239186","0.13306958223555684"
"2023-09-14","2023-09-15","2023-09-19","10","0.3468586150695363","0.12031089884795676","0.9367670526212502","0.9246377030137537","0.5751919433556516","4","0.30609069541204303","0.20219300767746548","0.13019704716124483"
"2023-09-15","2023-09-19","2023-09-20","10","0.016012978591072313","0.00025641548335814026","0.931580372620801","0.9014077456764309","0.5711226162131186","1","0.12031089884795676","0.21299818345983024","0.1319709368492571"
"2023-09-19","2023-09-20","2023-09-21","10","0.15371570751083308","0.023628518735555985","0.9350810316575251","0.9152687484685078","0.5825890057965486","1","0.00025641548335814026","0.13003972097799288","0.10936058219370746"
"2023-09-20","2023-09-21","2023-09-22","10","-0.754090267297739","0.5686521312331754","0.963543374767959","0.91839764302655","0.5452992264739817","1","0.023628518735555985","0.12175809205532358","0.10630648722807678"
"2023-09-21","2023-09-22","2023-09-25","10","0.7589920122695981","0.5760688746890538","0.9540465637575309","0.9606384337109484","0.5504508181322257","3","0.5686521312331754","0.20378773194241787","0.125968098354623"
"2023-09-22","2023-09-25","2023-09-26","10","0.08593393407429484","0.007384641025485251","0.9409399629968102","0.9467623580117623","0.5847438859248156","1","0.5760688746890538","0.25778336779781996","0.14499608359403313"
"2023-09-25","2023-09-26","2023-09-27","10","-0.4213370780033254","0.17752493330038033","0.9876670988456915","0.9585551992552745","0.5822431071646427","1","0.007384641025485251","0.2351981162333257","0.142168978512536"
"2023-09-26","2023-09-27","2023-09-28","10","-0.2748671937274283","0.0755519741875916","0.9148012872773551","0.9700852551211672","0.5772560604784851","1","0.17752493330038033","0.27065181979673014","0.1478838787939968"
"2023-09-27","2023-09-28","2023-09-29","10","0.39747005379393685","0.15798244366295505","0.9288909784323097","0.8665139764739408","0.5323597952852933","1","0.0755519741875916","0.2810365108871372","0.14442667666693382"
"2023-09-28","2023-09-29","2023-10-02","10","0.7677502703424177","0.5894404776108555","0.9317792164494836","0.8506850049018397","0.5219908737986896","3","0.15798244366295505","0.19890257337309322","0.14918805389335763"
"2023-09-29","2023-10-02","2023-10-03","10","-0.3635461259345196","0.1321657856819976","1.0065441473376244","0.8499048740765726","0.5259823812174125","1","0.5894404776108555","0.20157689395745354","0.1744895455125586"
"2023-10-02","2023-10-03","2023-10-04","10","-1.418645577240949","2.0125552738253054","0.6845174995079782","0.8495019283387019","0.533694610877402","1","0.1321657856819976","0.22653312288875602","0.1789944496681959"
"2023-10-03","2023-10-04","2023-10-05","10","0.944976554784227","0.8929806890918672","0.6708007845017898","0.8993785912702338","0.5430458260530265","1","2.0125552738253054","0.593539190993741","0.26933393708548553"
"2023-10-04","2023-10-05","2023-10-06","10","-0.02778702178489967","0.0007721185796744889","0.719596498160122","1.0202157022535092","0.6284557437179566","1","0.8929806890918672","0.7570249339745961","0.3019516889949282"
"2023-10-05","2023-10-06","2023-10-10","10","1.8702162686071877","3.4977088913629926","0.7343764221083993","1.0795286454468878","0.6423527570443806","4","0.0007721185796744889","0.72558286895794","0.2999235631832897"
"2023-10-06","2023-10-10","2023-10-11","10","0.016110764918969567","0.0002595567462743005","0.7775326325020593","1.079100309452209","0.6442167936117367","1","3.4977088913629926","1.3072365517083675","0.4544385666808436"
"2023-10-10","2023-10-11","2023-10-12","10","0.1892555900646098","0.035817678370703626","0.8734568429193201","1.1893497270931224","0.6789058939514503","1","0.0002595567462743005","1.2808553059212229","0.4544266501153855"
"2023-10-11","2023-10-12","2023-10-13","10","-0.7526061563544206","0.5664160265825746","0.8870216943967696","1.185382848091927","0.6777204239730338","1","0.035817678370703626","0.8855077868303025","0.44909210640102315"
"2023-10-12","2023-10-13","2023-10-16","10","-0.39007147346848403","0.15215575441387424","0.8824028453956771","1.2175023356672559","0.6871137989503966","3","0.5664160265825746","0.820194854328444","0.47182533397586146"
"2023-10-13","2023-10-16","2023-10-17","10","1.0166020971418543","1.0334798239132164","0.9162239354085082","1.2197476935348657","0.6935641289039973","1","0.15215575441387424","0.8504715814952839","0.4598756533631946"
"2023-10-16","2023-10-17","2023-10-18","10","0.4903458518614967","0.24043905443777688","0.8309305347574908","1.2785036402984693","0.7197563792744872","1","1.0334798239132164","0.35762576800532864","0.5038957970252089"
"2023-10-17","2023-10-18","2023-10-19","10","-1.0757247205450404","1.1571836743917052","0.8933317745688072","1.303237559583476","0.7693215905183218","1","0.24043905443777688","0.4056616675436292","0.5076201207815758"
"2023-10-18","2023-10-19","2023-10-20","10","-0.6430677208808455","0.41353609363888505","0.9374036538538684","1.268028760173317","0.7559702378258838","1","1.1571836743917052","0.6299348667478295","0.5463061652806513"
"2023-10-19","2023-10-20","2023-10-23","10","-0.035412726479365775","0.001254061196702374","0.9733869760274347","1.310905772724363","0.7989209127002477","3","0.41353609363888505","0.5993588801590917","0.5596345832256936"
"2023-10-20","2023-10-23","2023-10-24","10","0.1872250257931407","0.0350532102832422","0.9979695829181555","1.3030180479815956","0.8050379716898386","1","0.001254061196702374","0.5691785415156572","0.5596799307581183"
"2023-10-23","2023-10-24","2023-10-25","10","1.1409795532821176","1.3018343410078608","0.9334814041672093","1.307502365513925","0.8082728080492723","1","0.0350532102832422","0.36949321878966235","0.5601992349193768"
"2023-10-24","2023-10-25","2023-10-26","10","-0.5526905029298024","0.3054667920287979","0.9412528194983387","1.2751435766770784","0.8090723561884894","1","1.3018343410078608","0.5817722761036791","0.5935256990000443"
"2023-10-25","2023-10-26","2023-10-27","10","0.681760114127421","0.4647968532150341","0.9451697001317377","1.2783216409155431","0.7869824867485096","1","0.3054667920287979","0.4114288996310977","0.5812256043336691"
"2023-10-26","2023-10-27","2023-10-30","10","-0.6936928175186818","0.4812097250770072","1.0774533213414461","1.3448408080950802","0.822339707303619","3","0.4647968532150341","0.42168105154632746","0.6020170685241032"
"2023-10-27","2023-10-30","2023-10-31","10","0.4366725835935892","0.19068294526230012","1.1264492222024813","1.3513424970110952","0.8256507335086266","1","0.4812097250770072","0.5176721843223884","0.615820922695768"
"2023-10-30","2023-10-31","2023-11-01","10","1.643180765733665","2.7000430288770736","1.1052107898234196","1.3659532306943545","0.8340533419669884","1","0.19068294526230012","0.5487981313182","0.6210541486537093"
"2023-10-31","2023-11-01","2023-11-02","10","0.7053040164466295","0.4974537556157475","1.062836193146203","1.3305265360121288","0.8173039190046033","1","2.7000430288770736","0.8284398688920426","0.7366023570725329"
"2023-11-01","2023-11-02","2023-11-06","10","1.574131995553866","2.477891539426396","1.2068912002745265","1.4260326954679918","0.869547267204448","4","0.4974537556157475","0.8668372616094325","0.7324211424363916"
"2023-11-02","2023-11-06","2023-11-07","10","-0.1637222057953469","0.026804960670493923","1.1654654188509599","1.4437755670537322","0.8927294071415136","1","2.477891539426396","1.2694561988517048","0.8390450403338643"
"2023-11-06","2023-11-07","2023-11-08","10","1.1661367506302955","1.359874921170584","1.1597053625341702","1.4892848918030144","0.9477882122153227","1","0.026804960670493923","1.1785752459704022","0.748783662463191"
"2023-11-07","2023-11-08","2023-11-09","10","0.3430968952539326","0.11771547953288801","1.3084604090623753","1.4364758442280314","0.8969727312685625","1","1.359874921170584","1.412413641152059","0.7700061275576782"
"2023-11-08","2023-11-09","2023-11-10","10","-0.8892701939774539","0.7908014778966984","1.2394593529977391","1.3862076134157413","0.8937057300868684","1","0.11771547953288801","0.8959481312832219","0.7753217348737332"
"2023-11-09","2023-11-10","2023-11-13","10","0.7507346325727116","0.5636024885440842","1.2396528129375306","1.4211669503707403","0.8978765245350224","3","0.7908014778966984","0.9546176757394121","0.6522804888070837"
"2023-11-10","2023-11-13","2023-11-14","10","0.3843182648788923","0.14770052871952244","1.3437018064343376","1.324712343916349","0.8763599326083107","1","0.5636024885440842","0.5717598655629497","0.677886985706984"
"2023-11-13","2023-11-14","2023-11-15","10","1.0002505171774811","1.0005010971138184","1.2951518008917033","1.3186009932834484","0.8889528835859025","1","0.14770052871952244","0.5959389791727554","0.6829725698137485"
"2023-11-14","2023-11-15","2023-11-16","10","-0.48127633744250553","0.23162691298207244","1.287037849378353","1.2669369237319361","0.887833818159108","1","1.0005010971138184","0.5240642143614023","0.7027037093833506"
"2023-11-15","2023-11-16","2023-11-17","10","-0.3090077695991267","0.09548580167262696","1.2888046049977324","1.37110316433007","0.9219896817408042","1","0.23162691298207244","0.5468465010512391","0.7063160347728141"
"2023-11-16","2023-11-17","2023-11-20","10","0.06772915737090157","0.004587238758172351","1.2729533628835608","1.3022068956102084","0.8986937736207453","3","0.09548580167262696","0.40778336580642494","0.6636799428527873"
"2023-11-17","2023-11-20","2023-11-21","10","-0.009263144008434532","8.580583692099657E-05","1.1806847487916587","1.2807577726777635","0.8578623614658258","1","0.004587238758172351","0.29598031584924256","0.6529594057764417"
"2023-11-20","2023-11-21","2023-11-22","10","-0.3301023932951286","0.10896759005917175","1.3508427290287202","1.2868584334334912","0.8580051817871097","1","8.580583692099657E-05","0.26645737127272223","0.6003640481148605"
"2023-11-21","2023-11-22","2023-11-24","10","0.940216273006662","0.884006640026538","1.2583552895246126","1.2210053182777203","0.8019441438121111","2","0.10896759005917175","0.0881506698617929","0.5865200252248736"
"2023-11-22","2023-11-24","2023-11-27","10","0.4409674197940294","0.19445226531980378","1.2583165040436068","1.2170693172071876","0.7890457270342031","3","0.884006640026538","0.218626615270686","0.6266451424444116"
"2023-11-24","2023-11-27","2023-11-28","10","0.4300248773451132","0.18492139513567965","1.232574287893401","1.209179156781088","0.8086047648782057","1","0.19445226531980378","0.2384199080001214","0.6338905540369825"
"2023-11-27","2023-11-28","2023-11-29","10","-0.16069926773635168","0.02582425465099964","1.2246849867313636","1.213658137051523","0.8031094201849144","1","0.18492139513567965","0.27448673927562284","0.5831217837700652"
"2023-11-28","2023-11-29","2023-11-30","10","-0.16099472995419584","0.025919303073024442","1.105220889482428","1.2055271280313802","0.7873766204472937","1","0.02582425465099964","0.2796344290384386","0.5704107593438015"
"2023-11-29","2023-11-30","2023-12-01","10","0.41810273516553087","0.17480989715289805","1.16443595387325","1.1175287736943138","0.753855749112552","1","0.025919303073024442","0.26302477164120913","0.5504617797918919"
"2023-11-30","2023-12-01","2023-12-04","10","-0.30888518558236266","0.09541005787225063","1.1574144996254796","1.0891806426512793","0.7508235688448067","3","0.17480989715289805","0.1211854230664811","0.5365345148862507"
"2023-12-01","2023-12-04","2023-12-05","10","-0.19227004526709668","0.036967770307011406","1.022630025485455","1.0707236568546254","0.7167937416011942","1","0.09541005787225063","0.10137698157697048","0.5322039290957937"
"2023-12-04","2023-12-05","2023-12-06","10","0.18584200116375627","0.034537249396549584","1.067036607673628","1.0724337421380001","0.7204339209657771","1","0.036967770307011406","0.07178625661123685","0.41115505370624555"
"2023-12-05","2023-12-06","2023-12-07","10","-0.5180443136929325","0.2683699109495814","0.9449263902140587","0.9859654267479108","0.6628010478970254","1","0.034537249396549584","0.07352885556034681","0.3901133943326457"
"2023-12-06","2023-12-07","2023-12-08","10","-0.3449468559702962","0.11898833344379225","0.8627453404086631","1.0521010218904385","0.6177611220537885","1","0.2683699109495814","0.12201897713565821","0.28968059303824506"
"2023-12-07","2023-12-08","2023-12-11","10","0.8593818266805053","0.7385371240287221","0.7231676499261708","0.9954735265660644","0.5493552299504825","3","0.11898833344379225","0.11085466439383704","0.29387074634612226"
"2023-12-08","2023-12-11","2023-12-12","10","0.7367202298764775","0.5427566971092498","0.7411708435029878","1.0185865828460967","0.5651067272224952","1","0.7385371240287221","0.23948007762513135","0.26562811920331036"
"2023-12-11","2023-12-12","2023-12-13","10","0.13151333429357037","0.017295757097012393","0.7424626830530823","1.0652056193858022","0.5999284875196649","1","0.5427566971092498","0.34063786298557897","0.28494817454769045"
"2023-12-12","2023-12-13","2023-12-14","10","-0.2352537458777504","0.055344324949513156","0.7356123690508998","1.0171494399775076","0.626267855159435","1","0.017295757097012393","0.3371895645256716","0.24978882360225016"
"2023-12-13","2023-12-14","2023-12-15","10","0.5619371123797268","0.31577331826966565","0.7218650297202669","1.0172774510092724","0.6237242780782443","1","0.055344324949513156","0.2945844473256579","0.22668617980249695"
"2023-12-14","2023-12-15","2023-12-18","10","-0.4731673828151428","0.2238873721601319","0.6816834281578064","1.0290285488436648","0.6057608163674515","3","0.31577331826966565","0.3339414442908326","0.23432585205477618"
"2023-12-15","2023-12-18","2023-12-19","10","-0.1364003784416279","0.018605063239019306","0.678000265531896","1.043086756444266","0.596762167860644","1","0.2238873721601319","0.23101149391711456","0.1990252281932449"
"2023-12-18","2023-12-19","2023-12-20","10","0.3972763685363412","0.1578285129974228","0.6889043223888873","0.9045496027813756","0.5471338187678769","1","0.018605063239019306","0.12618116714306848","0.18934241684128797"
"2023-12-19","2023-12-20","2023-12-21","10","-0.3115916387419837","0.09708934933391487","0.7495199863574997","0.9509585465971001","0.5418647968492795","1","0.1578285129974228","0.15428771832315058","0.1921761764469605"
"2023-12-20","2023-12-21","2023-12-22","10","0.3503532680206456","0.12274741241274632","0.7420548534390952","0.9897776218664845","0.5624601708772128","1","0.09708934933391487","0.16263672320003092","0.196380817836767"
"2023-12-21","2023-12-22","2023-12-25","10","0.8772069534406901","0.7694920391646971","0.7210308718596364","1.0387099357415825","0.6164004647138508","3","0.12274741241274632","0.12403154202864704","0.2019563454083954"
"2023-12-22","2023-12-25","2023-12-26","10","-0.11232931703123561","0.012617875464703839","0.6864418320431851","1.0386472444067922","0.6196229551306298","1","0.7694920391646971","0.2331524754295601","0.23198018400410111"
"2023-12-25","2023-12-26","2023-12-27","10","0.307941700099702","0.09482809066029481","0.7147506703986408","1.0382064998327738","0.6299658179183505","1","0.012617875464703839","0.231955037874697","0.192371603796745"
"2023-12-26","2023-12-27","2023-12-28","10","0.04185010323538352","0.001751431140812258","0.7132610162884393","1.0328215799488656","0.600797665847282","1","0.09482809066029481","0.2193549534072714","0.1878432322213128"
"2023-12-27","2023-12-28","2023-12-29","10","-0.09311756922189995","0.00867088169779533","0.7061732981031257","1.0543934184018735","0.6158116782994101","1","0.001751431140812258","0.20028736976865086","0.17951732476700064"
"2023-12-28","2023-12-29","2024-01-04","10","-0.08424736711846181","0.007097618866392881","0.7096595251538087","1.0579009545156082","0.6274652884883445","6","0.00867088169779533","0.17747206362566065","0.17873762599640042"
"2023-12-29","2024-01-04","2024-01-05","10","0.22491787077896563","0.050588048595743486","0.7344306974625916","1.0575253909552065","0.620817390513824","1","0.007097618866392881","0.024993179565999824","0.17788209489609896"
"2024-01-04","2024-01-05","2024-01-09","10","0.2859754190960706","0.08178194032717323","0.784949419853689","1.0581492165109172","0.6432131928533608","4","0.050588048595743486","0.03258721419220775","0.1722356472344101"
"2024-01-05","2024-01-09","2024-01-10","10","0.11541937107636957","0.013321631219664697","0.7358637372515778","1.0591012812497542","0.6462055372746035","1","0.08178194032717323","0.029977984125583435","0.1716161873459975"
"2024-01-09","2024-01-10","2024-01-11","10","1.0426291544782984","1.0870755537681314","0.9781154499832068","1.0798630293568692","0.6753403337792131","1","0.013321631219664697","0.032292024141353924","0.1705413628420272"
"2024-01-10","2024-01-11","2024-01-12","10","0.519709638535224","0.2700981083864132","1.1109840101827493","1.1244149922848623","0.667227864764578","1","1.0870755537681314","0.24797295855542112","0.2183840130407355"
"2024-01-11","2024-01-12","2024-01-15","10","-0.025921815529802442","0.0006719405203611071","1.1419792364397192","1.1027412559328416","0.7113346669429186","3","0.2700981083864132","0.3005730564594252","0.21846256746968243"
"2024-01-12","2024-01-15","2024-01-16","10","0.2660953752279449","0.07080674871770079","0.9675303015654041","1.0856343332879268","0.7659987100488019","1","0.0006719405203611071","0.2905898348443487","0.2130845496095264"
"2024-01-15","2024-01-16","2024-01-17","10","0.3934748436159319","0.15482245255858204","0.91735011658882","1.0435022170632668","0.7482865262994844","1","0.07080674871770079","0.2883947965224542","0.18273316891357094"
"2024-01-16","2024-01-17","2024-01-18","10","0.014359427373152878","0.00020619315448485215","0.923114302012052","1.0075093200857204","0.7101970466616251","1","0.15482245255858204","0.3166949607902377","0.16509979416126785"
"2024-01-17","2024-01-18","2024-01-19","10","0.6933808793877283","0.4807770439004994","0.779430770666221","1.0104962642800388","0.6937777700226389","1","0.00020619315448485215","0.09932108866750841","0.16432299580024387"
"2024-01-18","2024-01-19","2024-01-22","10","0.7921505493452118","0.6275024928279208","0.886233708839819","1.009094889588206","0.6916122856007485","3","0.4807770439004994","0.14145687577032565","0.18366084666165233"
"2024-01-19","2024-01-22","2024-01-23","10","0.25086295111513945","0.06293222024219684","0.9006653076619873","1.0408642225471028","0.7389197408407463","1","0.6275024928279208","0.2668229862318376","0.19783035459611845"
"2024-01-22","2024-01-23","2024-01-24","10","0.06942982354897431","0.004820500398041708","0.9385424214869935","1.0810837361409218","0.7629670839580821","1","0.06293222024219684","0.2652480805367368","0.19051421132712143"
"2024-01-23","2024-01-24","2024-01-25","10","-0.3121448037370367","0.09743437850003314","0.9300675742801021","1.072529185528588","0.7525491421398307","1","0.004820500398041708","0.23524769010462876","0.18988764028889518"
"2024-01-24","2024-01-25","2024-01-26","10","-0.19295792237391307","0.037232759806857064","0.7892723871250646","1.0437506169080188","0.7548324328568836","1","0.09743437850003314","0.2546933271737384","0.18714245235719565"
"2024-01-25","2024-01-26","2024-01-29","10","0.9698995869807692","0.9407052088254666","0.8848421587995021","1.0017951903095563","0.737912171900976","3","0.037232759806857064","0.1659844703550099","0.18442169828778396"
"2024-01-26","2024-01-29","2024-01-30","10","0.27804078521239006","0.07730667824152243","0.8628823928143611","0.9850025966940031","0.7067753450243899","1","0.9407052088254666","0.22862501355451906","0.2216015981247258"
"2024-01-29","2024-01-30","2024-01-31","10","-0.21058918343975996","0.04434780418182487","0.925657711373956","0.9984774599828694","0.7037333756002896","1","0.07730667824152243","0.23149990515438418","0.19013862717367236"
"2024-01-30","2024-01-31","2024-02-01","10","-0.883285953646975","0.7801940759100462","0.9552247994519971","0.9972482141998175","0.6931326576197464","1","0.04434780418182487","0.2394053659111408","0.19158089666081424"
"2024-01-31","2024-02-01","2024-02-02","10","0.0995851407654691","0.009917200261278293","0.9464343690065815","1.0052088147169764","0.717670327791072","1","0.7801940759100462","0.3759573053931434","0.2227338959903484"
"2024-02-01","2024-02-02","2024-02-05","10","0.7260089656053481","0.5270890181393475","0.9312669511857352","0.9893717120361523","0.7215417008116785","3","0.009917200261278293","0.3704941934840277","0.22310506731400592"
"2024-02-02","2024-02-05","2024-02-06","10","-0.2500072569742062","0.06250362853976679","0.8380195515028562","0.9891153535824507","0.7238282983310963","1","0.5270890181393475","0.28777095534680386","0.2466695280613492"
"2024-02-05","2024-02-06","2024-02-07","10","-0.4991326204134572","0.24913337276080433","0.871860079566774","0.994698067354428","0.738254288413702","1","0.06250362853976679","0.2848103454064527","0.24918798304650255"
"2024-02-06","2024-02-07","2024-02-08","10","-0.8064649865373131","0.6503857745106286","0.8280066667473376","0.9948594692854487","0.7204033059521171","1","0.24913337276080433","0.32576745912224864","0.25821277050855074"
"2024-02-07","2024-02-08","2024-02-09","10","-0.3874329575649449","0.1501042966075204","0.8655826972422365","0.9935106376113221","0.7229997903920341","1","0.6503857745106286","0.2998057988423651","0.28405839933507154"
"2024-02-08","2024-02-09","2024-02-13","10","0.6302968616173965","0.39727413376473947","0.929728875980968","1.057766562592861","0.6969330030148599","4","0.1501042966075204","0.32784321811161354","0.2902757932163376"
"2024-02-09","2024-02-13","2024-02-14","10","-0.5455749543237076","0.29765203078531566","1.0432807645399778","0.9673022531012198","0.6925002428489574","1","0.39727413376473947","0.30188024123669194","0.25892118321618346"
"2024-02-13","2024-02-14","2024-02-15","10","0.6725783530415985","0.45236164098014914","1.0526973277897675","1.0833974897072225","0.670785879766329","1","0.29765203078531566","0.3489099216858017","0.26017363423431544"
"2024-02-14","2024-02-15","2024-02-16","10","0.6737614400845815","0.4539544781448491","1.406366718124471","1.0451403323498023","0.5976481354322382","1","0.45236164098014914","0.38955557532967067","0.2807049842552149"
"2024-02-15","2024-02-16","2024-02-19","10","-0.12230680464932696","0.014958954463528627","0.9061688157941319","1.0585596349679922","0.6226112092019019","3","0.4539544781448491","0.3502693160565148","0.2981207901382671"
"2024-02-16","2024-02-19","2024-02-20","10","0.10916565974553373","0.011917141267677643","0.9425689433241372","1.0612421113067583","0.65418347140723","1","0.014958954463528627","0.3232402476277164","0.2917633584066737"
"2024-02-19","2024-02-20","2024-02-21","10","-0.07945566392848824","0.006313202530316867","0.9624793795085095","1.057901608084904","0.6394506142078595","1","0.011917141267677643","0.2461688491283041","0.2922956742300007"
"2024-02-20","2024-02-21","2024-02-22","10","0.38407856744273383","0.14751634596886265","0.9525064844872366","1.0595322642278704","0.6366256863731782","1","0.006313202530316867","0.18790108347730425","0.2707291359859015"
"2024-02-21","2024-02-22","2024-02-26","10","0.4758494130315117","0.2264326638824342","0.9359659449510354","1.0180821158231057","0.5848159996575291","4","0.14751634596886265","0.12693202447504698","0.2489115838559443"
"2024-02-22","2024-02-26","2024-02-27","10","-0.2619458800418428","0.06861564407089552","0.9434479065043047","1.0649061681259342","0.5677318944328996","1","0.2264326638824342","0.081427661622564","0.2563434222032278"
"2024-02-26","2024-02-27","2024-02-28","10","0.35571780406326803","0.12653515612759356","0.9590938296137107","1.0673110822711487","0.5794909154297168","1","0.06861564407089552","0.09215899954403736","0.2592432014610848"
"2024-02-27","2024-02-28","2024-02-29","10","-0.029361224832002986","0.0008620815236354287","0.978213207130529","1.0536986675985933","0.5766160527216168","1","0.12653515612759356","0.11508260251602057","0.26056596408051935"
"2024-02-28","2024-02-29","2024-03-01","10","0.25605446999132475","0.06556389160253823","0.9038709899658258","1.0538211569866835","0.577209984795054","1","0.0008620815236354287","0.11399237831468427","0.25891275143128206"
"2024-02-29","2024-03-01","2024-03-04","10","0.06828059719865776","0.004662239953805349","1.1602576221552479","1.0146406686422353","0.5798784129833233","3","0.06556389160253823","0.09760188744141939","0.21913360064842166"
"2024-03-01","2024-03-04","2024-03-05","10","-0.3448693636101019","0.11893487795683667","1.1524507687668086","1.080152430483251","0.5806534896756939","1","0.004662239953805349","0.05324780265569361","0.2158315807262527"
"2024-03-04","2024-03-05","2024-03-06","10","-0.3153988775025107","0.09947645192984376","1.4406537797301115","1.0850956524600441","0.5926451977506698","1","0.11893487795683667","0.06331164943288184","0.21922190226148047"
"2024-03-05","2024-03-06","2024-03-07","10","0.24232252993342196","0.058720208513334184","1.4329236082247883","1.0772307311920466","0.5749095773216929","1","0.09947645192984376","0.0578999085933319","0.18828019208056218"
"2024-03-06","2024-03-07","2024-03-08","10","-0.6877735186155276","0.4730324129087835","1.3448984765014012","1.0650283499423638","0.5745921541713916","1","0.058720208513334184","0.06947153399127165","0.19049851063747383"
"2024-03-07","2024-03-08","2024-03-11","10","-0.7031809532835598","0.4944634530607759","1.4011019184977542","1.093267295621682","0.5714378946632936","3","0.4730324129087835","0.1509652382525207","0.18804139221790273"
"2024-03-08","2024-03-11","2024-03-12","10","-0.6179784305140934","0.38189734058066216","1.4123895034747842","1.0882178750513285","0.5618598178509616","1","0.4944634530607759","0.2489254808739148","0.20767592969613038"
"2024-03-11","2024-03-12","2024-03-13","10","0.32480561668085883","0.105498688627433","1.4319004296392959","1.178548606760473","0.6100015931400247","1","0.38189734058066216","0.3015179733986799","0.21371065550612392"
"2024-03-12","2024-03-13","2024-03-14","10","0.3014281985567824","0.09085895888518702","1.113817133101441","1.1783713914125828","0.6327943027755475","1","0.105498688627433","0.3027224207381977","0.18894306069325142"
"2024-03-13","2024-03-14","2024-03-15","10","-0.007278836808034539","5.2981465277998434E-05","1.0805367493420863","1.0950572318356417","0.6438191046030664","1","0.09085895888518702","0.30915017081256824","0.18625009079678173"
"2024-03-14","2024-03-15","2024-03-18","10","0.48973130893490535","0.23983675495109572","1.0543192409070683","1.0965985253138701","0.6456712499720981","3","5.2981465277998434E-05","0.21455428452386727","0.16819458387407898"
"2024-03-15","2024-03-18","2024-03-19","10","-0.12316933000865449","0.015170683854780835","0.9884438907322078","0.9087019940827511","0.6293272441302634","1","0.23983675495109572","0.16362894490193117","0.1655666167907053"
"2024-03-18","2024-03-19","2024-03-21","10","0.6659233131624309","0.44345385901322903","0.9547661915869868","1.0620355468761973","0.6289995094919123","2","0.015170683854780835","0.09028361355675492","0.14569430055773402"
"2024-03-19","2024-03-21","2024-03-22","10","0.5586913001681715","0.3121359688836019","0.9878413028699253","1.040079022901552","0.6066382358234473","1","0.44345385901322903","0.15787464763391412","0.1452169996881149"
"2024-03-21","2024-03-22","2024-03-25","10","-0.22519021788530158","0.0507106342312296","1.0298806843366393","1.1114042661681938","0.6332180276422922","3","0.3121359688836019","0.2021300496335971","0.15872504579811822"
"2024-03-22","2024-03-25","2024-03-26","10","-0.1093833055796223","0.01196470753952503","1.0156685367393237","1.112014869916573","0.6366493235555003","1","0.0507106342312296","0.2122615801867874","0.16048838638737062"
"2024-03-25","2024-03-26","2024-03-27","10","0.5382068073350132","0.28966656746174807","1.0094748580917032","1.1376467881370642","0.6379713511248276","1","0.01196470753952503","0.16668717070447328","0.16074527297869826"
"2024-03-26","2024-03-27","2024-03-28","10","-0.16719991164907522","0.027955810455458557","1.0007022917646875","1.1362806263620966","0.6318519550032766","1","0.28966656746174807","0.22158634742586672","0.16720664668292032"
"2024-03-27","2024-03-28","2024-03-29","10","0.5382075131372321","0.28966732719736393","0.7979038496127533","1.0539985908806515","0.6200119811818134","1","0.027955810455458557","0.13848673771431266","0.1581849715271487"
"2024-03-28","2024-03-29","2024-04-01","10","0.5518666903077607","0.3045568438712419","0.7759330241212268","1.096461388888034","0.6498619223875043","3","0.28966732719736393","0.13399300937706501","0.16823277530562453"
"2024-03-29","2024-04-01","2024-04-02","10","-0.016074529649364733","0.0002583905034483059","0.7897817292206917","1.1016539334387923","0.6522840889386019","1","0.3045568438712419","0.18476225130506746","0.17632467020306308"
"2024-04-01","2024-04-02","2024-04-03","10","-0.7241400683087762","0.524378838530239","0.7964873380521912","1.1414078178402354","0.6679583268493217","1","0.0002583905034483059","0.18242098789785213","0.1762972297021455"
"2024-04-02","2024-04-03","2024-04-04","10","0.5170117699500065","0.2673011702668385","0.8299255430772643","1.1413423334428585","0.6530774694514897","1","0.524378838530239","0.22936344211155033","0.19715245456249553"
"2024-04-03","2024-04-04","2024-04-05","10","-0.8779539045731931","0.7708030585553155","0.8498697274711405","1.086862133310772","0.6755490780234386","1","0.2673011702668385","0.2772325140738263","0.2090905877585425"
"2024-04-04","2024-04-05","2024-04-08","10","0.28352445781937297","0.0803861181817694","0.8617415184636362","1.0955281371774888","0.7060548147136749","3","0.7708030585553155","0.37345966034541667","0.2387209596039279"
"2024-04-05","2024-04-08","2024-04-09","10","0.47303300602256854","0.22376022478674737","0.8780605427791833","1.172790989734074","0.7525721345627747","1","0.0803861181817694","0.3286255152075221","0.2378532171608336"
"2024-04-08","2024-04-09","2024-04-10","10","0.025707401983001702","0.0006608705167156398","0.8509447575275579","1.1887365507652687","0.7667025661469951","1","0.22376022478674737","0.37332588206418194","0.24535503608235237"
"2024-04-09","2024-04-10","2024-04-11","10","-0.7566798795838559","0.5725644401670386","0.8550622981493751","1.1823372623272332","0.760331235373617","1","0.0006608705167156398","0.2685822884614773","0.2238836023372584"
"2024-04-10","2024-04-11","2024-04-12","10","0.48841082744646386","0.2385451363669395","0.8658861947464949","1.1857820330037219","0.7587339425475881","1","0.5725644401670386","0.32963494244151736","0.22743364720572481"
"2024-04-11","2024-04-12","2024-04-15","10","-0.24092940048814235","0.05804697601957569","0.8584454989073853","1.092731846992814","0.7651434246599744","3","0.2385451363669395","0.2231833580038421","0.22091763792328292"
"2024-04-12","2024-04-15","2024-04-16","10","-0.5327155109304293","0.2837858155858684","0.8339647288054509","1.093534148815405","0.7558325581474474","1","0.05804697601957569","0.21871552957140333","0.218760741895653"
"2024-04-15","2024-04-16","2024-04-17","10","0.264357908637991","0.06988510385945242","0.8695022840344278","1.1033139058483028","0.7834805672154758","1","0.2837858155858684","0.23072064773122752","0.2275301444729567"
"2024-04-16","2024-04-17","2024-04-18","10","-0.0993849773630018","0.00987737372544438","0.8620447792836832","1.1767857198781568","0.8241285150089671","1","0.06988510385945242","0.2445654943997749","0.2307043318545101"
"2024-04-17","2024-04-18","2024-04-19","10","-0.7071839415526016","0.5001091271898733","0.8537708075526824","1.2089314996327856","0.8142843409195522","1","0.00987737372544438","0.13202808111145609","0.22025163270788964"
"2024-04-18","2024-04-19","2024-04-22","10","1.0383333777358628","1.0781362033203659","0.77304528950784","1.0687812296203434","0.8114226339092262","3","0.5001091271898733","0.18434087927604287","0.24229428922312107"
"2024-04-19","2024-04-22","2024-04-23","10","0.5318389261907663","0.28285264341174743","0.790188564045853","1.2012417427092161","0.8330451963999848","1","1.0781362033203659","0.38835872473620087","0.2711434866916273"
"2024-04-22","2024-04-23","2024-04-24","10","0.29330788815123965","0.08602951725174011","0.8238373819743027","1.1406248236697876","0.7940597725806062","1","0.28285264341174743","0.38817209030137667","0.26981242644290665"
"2024-04-23","2024-04-24","2024-04-25","10","-0.21052498167529857","0.0443207679093848","0.8362928800459031","1.1418237621846696","0.8171793224973116","1","0.08602951725174011","0.39140097297983417","0.27141783021656624"
"2024-04-24","2024-04-25","2024-04-26","10","-0.16613157089928388","0.027599698849463786","0.7972706768926969","1.2281297708146566","0.8358012380723512","1","0.0443207679093848","0.3982896518166223","0.272888560233378"
"2024-04-25","2024-04-26","2024-04-30","10","0.175768546148114","0.03089458181502168","0.8020699838614533","1.3117708304048457","0.8631220488725521","4","0.027599698849463786","0.30378776614854036","0.26097642984191055"
"2024-04-26","2024-04-30","2024-05-01","10","-0.3723124965551261","0.1386165950911108","0.7984495706222725","1.3091268469096302","0.8625861178743848","1","0.03089458181502168","0.09433944184747156","0.2611100103582543"
"2024-04-30","2024-05-01","2024-05-02","10","-0.12269066546979346","0.015052999393420769","0.8635151553036866","1.2988913707471026","0.858258776280026","1","0.1386165950911108","0.06549223218334424","0.25424406798978827"
"2024-05-01","2024-05-02","2024-05-07","10","0.832356618918364","0.6928175410572106","0.8567205257258781","1.2965464881654325","0.8721558961395568","5","0.015052999393420769","0.05129692861168036","0.24108480233170554"
"2024-05-02","2024-05-07","2024-05-08","10","0.04351346764359554","0.001893421866370236","0.8315582532196254","1.2617516688852766","0.8728355552337188","1","0.6928175410572106","0.18099628324124553","0.27256476372051286"
"2024-05-07","2024-05-08","2024-05-09","10","0.32469607694879166","0.10542754238593563","0.8300108849769451","1.3050726441030434","0.899626975508044","1","0.001893421866370236","0.1758550278446268","0.24881542659942796"
"2024-05-08","2024-05-09","2024-05-10","10","-1.0497629405681197","1.1020022313902256","0.8442916480118248","1.3345297093388635","0.8857938905782214","1","0.10542754238593563","0.1907616199588096","0.24145753442302328"
"2024-05-09","2024-05-10","2024-05-13","10","-0.2028763241065978","0.04115880288300532","0.7746531038666029","1.3251253921927844","0.8478449844150814","3","1.1020022313902256","0.3834387472186326","0.2565120422791555"
"2024-05-10","2024-05-13","2024-05-14","10","0.6127468757564658","0.3754587337493097","0.8317293710014031","1.2602413599201583","0.8138424692737931","1","0.04115880288300532","0.3886599079165495","0.2547289824928481"
"2024-05-13","2024-05-14","2024-05-15","10","0.621592430380502","0.3863771495063393","0.8098249539878477","1.2455142723628945","0.7839791486096022","1","0.3754587337493097","0.3251881464549693","0.2616243692638736"
"2024-05-14","2024-05-15","2024-05-16","10","0.6248793164825917","0.39047416016775094","1.3026842937345606","1.227895466571898","0.7821112770030286","1","0.3863771495063393","0.4020848919829631","0.2791569273997656"
"2024-05-15","2024-05-16","2024-05-17","10","-0.49830331560356317","0.24830619434150428","1.2941521077125473","1.223716313355694","0.7816139699519611","1","0.39047416016775094","0.4590942155393261","0.2708800964907071"
"2024-05-16","2024-05-17","2024-05-20","10","0.0340953601943117","0.0011624935867798546","1.422811319448243","1.2569820204539057","0.7495536309617162","3","0.24830619434150428","0.2883550081295819","0.2713237809440964"
"2024-05-17","2024-05-20","2024-05-21","10","1.2117438379642598","1.4683231288443543","1.431419749598787","1.2583279192836205","0.7600955097871317","1","0.0011624935867798546","0.2803557462703368","0.2687381226516966"
"2024-05-20","2024-05-21","2024-05-22","10","-0.39681048551075127","0.15745856141127815","1.4245084411673692","1.2581211695058494","0.7173474116806807","1","1.4683231288443543","0.49892862528934573","0.3225807277998096"
"2024-05-21","2024-05-22","2024-05-23","10","0.10658247521339258","0.011359824022613443","1.4159316860261852","1.1899852082935192","0.6736499999501381","1","0.15745856141127815","0.45314490767033344","0.3265613395067108"
"2024-05-22","2024-05-23","2024-05-24","10","-1.3094883082619202","1.7147596294746656","1.5332420857146072","1.170030245670643","0.6739343647340458","1","0.011359824022613443","0.377322040441306","0.3266287236111276"
"2024-05-23","2024-05-24","2024-05-27","10","0.6033055801295639","0.36397762301546965","1.5112432044066737","1.1985884376432727","0.670757437058338","3","1.7147596294746656","0.6706127274679383","0.3818401100786181"
"2024-05-24","2024-05-27","2024-05-28","10","-0.33690192555847487","0.11350290744500814","1.5545891253989068","1.0854069337908556","0.7185932458173498","1","0.36397762301546965","0.7431757533536762","0.3493783564283955"
"2024-05-27","2024-05-28","2024-05-29","10","-0.19072460604728114","0.03637587535189059","1.5642180922501894","1.073489275445726","0.714782367674533","1","0.11350290744500814","0.47221170907380694","0.3416806411571801"
"2024-05-28","2024-05-29","2024-05-30","10","-1.011481423675027","1.0230946704396593","1.5661547894723742","1.0718193273044556","0.6851113710660235","1","0.03637587535189059","0.44799517186192944","0.33942365743445974"
"2024-05-29","2024-05-30","2024-05-31","10","0.7202945377904979","0.518824221170827","1.564784894467975","0.9538959955409659","0.660764513097736","1","1.0230946704396593","0.6503421411453386","0.38391338027674493"
"2024-05-30","2024-05-31","2024-06-03","10","0.5794830029569231","0.33580055071597337","1.7140480248602052","0.8801619541211874","0.6702003952614363","3","0.518824221170827","0.4111550594845709","0.40624176765498876"
"2024-05-31","2024-06-03","2024-06-04","10","-0.6351790237793276","0.40345239224925955","1.5980912430657792","0.8964539666642407","0.6712612374943351","1","0.33580055071597337","0.4055196450246717","0.42010112987775927"
"2024-06-03","2024-06-04","2024-06-05","10","-0.9123124379546266","0.8323139844467143","1.618337072313124","0.8897682131148088","0.6513157150795315","1","0.40345239224925955","0.46350954198552197","0.4321391206576752"
"2024-06-04","2024-06-05","2024-06-06","10","0.7854923628619059","0.6169982521143801","1.6429587734863431","0.8880014610904754","0.64138946786599","1","0.8323139844467143","0.6226971638044867","0.4692873472510067"
"2024-06-05","2024-06-06","2024-06-07","10","0.25978224267335315","0.06748681360839695","1.6441396281051115","0.907989592725927","0.6315747877762362","1","0.6169982521143801","0.5414778801394309","0.46584101593542343"
"2024-06-06","2024-06-07","2024-06-10","10","0.23033636778934885","0.053054842326390184","1.6373466216316515","0.8525514728876717","0.6220988340472168","3","0.06748681360839695","0.4512103986269448","0.4688225337418792"
"2024-06-07","2024-06-10","2024-06-11","10","-0.058945659465662326","0.0034745907698418266","1.4819642281871868","0.7786524560676864","0.6188171074029852","1","0.053054842326390184","0.39466125694902826","0.46644195646644526"
"2024-06-10","2024-06-11","2024-06-12","10","-0.02391027982835303","0.0005717014814701459","1.180351892465891","0.7995497869686754","0.6184115664023037","1","0.0034745907698418266","0.3146656966531447","0.41650888189279145"
"2024-06-11","2024-06-12","2024-06-13","10","0.12838509541470589","0.016482732724643134","1.1527273164642995","0.796566987788462","0.6017414369351893","1","0.0005717014814701459","0.1483172400600958","0.4146640136472671"
"2024-06-12","2024-06-13","2024-06-14","10","0.2251693620781947","0.050701241618701154","1.1427153735924358","0.8084057769928883","0.6193351619458444","1","0.016482732724643134","0.028214136182148446","0.3983469226916005"
"2024-06-13","2024-06-14","2024-06-17","10","0.003279244198391984","1.0753442512687485E-05","0.9772615843879852","0.8069303662688919","0.63870483306502","3","0.050701241618701154","0.02485702178420929","0.383088926878526"
"2024-06-14","2024-06-17","2024-06-18","10","0.8220009315480236","0.6756855314658186","0.9812559108355371","0.8084235222397416","0.6353074750828348","1","1.0753442512687485E-05","0.014248204007433787","0.365340590209197"
"2024-06-17","2024-06-18","2024-06-19","10","0.34506609232131336","0.11907060806990115","0.9693541724627961","0.8475884730278638","0.6517910014272108","1","0.6756855314658186","0.14869039214662913","0.38476692371484766"
"2024-06-18","2024-06-19","2024-06-20","10","0.08905752401814238","0.007931242584242005","0.8795218609838876","0.8707692444363995","0.6483985363997793","1","0.11907060806990115","0.17239017346431534","0.3901263834640804"
"2024-06-19","2024-06-20","2024-06-21","10","0.29504637420002533","0.08705236292858137","0.8752574127376818","0.8582385531580203","0.6551955595935219","1","0.007931242584242005","0.1706798754362351","0.32374493408862076"
"2024-06-20","2024-06-21","2024-06-24","10","0.5402252680899589","0.2918433402828679","0.8647328527235976","0.8563123483598852","0.6551982381817056","3","0.08705236292858137","0.17795009969821116","0.32054465233940727"
"2024-06-21","2024-06-24","2024-06-25","10","0.17533938429652673","0.030743899685485087","0.7993433495152239","0.8373043405173484","0.6518668787883884","1","0.2918433402828679","0.2363166170662822","0.3332939030785097"
"2024-06-24","2024-06-25","2024-06-26","10","0.19596076116642377","0.03840061991692418","0.8256662333512885","0.8014204112546618","0.6460462724410645","1","0.030743899685485087","0.1073282907102155","0.2567477335426379"
"2024-06-25","2024-06-26","2024-06-27","10","-0.25868392143820973","0.06691737121064986","0.8744652267095991","0.7881312623473087","0.5582270913042624","1","0.03840061991692418","0.0911942930796201","0.2419487788563404"
"2024-06-26","2024-06-27","2024-06-28","10","0.3936497914919279","0.15496015834163832","0.8736151146959678","0.8208488414161701","0.5640031132227903","1","0.06691737121064986","0.10299151880490168","0.23983125448205136"
"2024-06-27","2024-06-28","2024-07-01","10","0.7166707721323662","0.5136169956288019","0.8470726110900502","0.8389319194508817","0.5775794871857455","3","0.15496015834163832","0.11657307788751307","0.24522144916340355"
"2024-06-28","2024-07-01","2024-07-02","10","-0.3407509652881169","0.11611122034478344","0.7397896602017743","0.8331349857017458","0.5932788881335457","1","0.5136169956288019","0.16092780895669986","0.2220633730356374"
"2024-07-01","2024-07-02","2024-07-03","10","0.21493072510214592","0.04619521659293422","0.7171843318361831","0.7858131123561515","0.5574941878595228","1","0.11611122034478344","0.17800127308855954","0.2037582366344535"
"2024-07-02","2024-07-03","2024-07-04","10","0.2953216314113871","0.08721486597948319","0.705107725188376","0.7844745232486414","0.5554829274529036","1","0.04619521659293422","0.17956019242376153","0.19059435781067904"
"2024-07-03","2024-07-04","2024-07-05","10","-0.07703391238646051","0.005934223657564875","0.660160365524277","0.7935915246525609","0.544332597806145","1","0.08721486597948319","0.18361969137752823","0.17621992479841644"
"2024-07-04","2024-07-05","2024-07-08","10","-0.32727208640602634","0.10710701854055357","0.6466250922015335","0.8112811559850969","0.5379530837314586","3","0.005934223657564875","0.1538145044407135","0.13865720839890963"
"2024-07-05","2024-07-08","2024-07-09","10","0.16567756236508635","0.027449054671237077","0.6352503331949855","0.7885629033347451","0.5307994352715385","1","0.10710701854055357","0.07251250902306386","0.1154803341455539"
"2024-07-08","2024-07-09","2024-07-10","10","-0.18971896638366514","0.035993286205686266","0.587410981479622","0.7826718765939014","0.49447038471318333","1","0.027449054671237077","0.05478007588835458","0.11366043601204665"
"2024-07-09","2024-07-10","2024-07-11","10","0.5602543098867241","0.31388489174664946","0.58080571773634","0.8872157531657728","0.49924624086691555","1","0.035993286205686266","0.052739689810905","0.11288491073383282"
"2024-07-10","2024-07-11","2024-07-12","10","-0.1645868153986263","0.02708881980306149","0.598616145027561","0.8750479519527492","0.5040714218013312","1","0.31388489174664946","0.09807369496433824","0.12699446986914226"
"2024-07-11","2024-07-12","2024-07-16","10","1.5260992357101943","2.3289788772352393","0.5998177679784165","0.8960161954953374","0.5625617427795988","4","0.02708881980306149","0.10230461419343757","0.1281997934292146"
"2024-07-12","2024-07-16","2024-07-17","10","0.3933379574064044","0.15471474873664243","0.6071515448407266","1.0272841796456458","0.6111252351585984","1","2.3289788772352393","0.5466789859323747","0.23331325454333254"
"2024-07-16","2024-07-17","2024-07-18","10","-0.369426957863217","0.1364762771960711","0.8122790811523292","1.0246362387592625","0.594762438244059","1","0.15471474873664243","0.5721321247454558","0.23804114123051176"
"2024-07-17","2024-07-18","2024-07-19","10","-0.34856808606831935","0.12149971062533128","0.7981973010814378","1.0274195210483688","0.5947266060088483","1","0.1364762771960711","0.5922287229435328","0.24424411958294623"
"2024-07-18","2024-07-19","2024-07-22","10","-0.018691868583686766","0.0003493859511498163","0.8121779243693563","1.0754087611729977","0.6331459919313462","3","0.12149971062533128","0.5537516867192691","0.2190538549992877"
"2024-07-19","2024-07-22","2024-07-23","10","0.46207774667818","0.2135158439751843","0.9788889549712465","1.054740478533392","0.6114164102407189","1","0.0003493859511498163","0.5484037999488868","0.21365743581207175"
"2024-07-22","2024-07-23","2024-07-24","10","0.03522402960390303","0.001240732261536637","0.9331761281089399","1.0822392028312164","0.6071000399870333","1","0.2135158439751843","0.1253111932968758","0.22300219042075095"
"2024-07-23","2024-07-24","2024-07-25","10","-0.9241674055136617","0.8540853934138528","0.8091639570812308","1.0816947752007602","0.6173133213441699","1","0.001240732261536637","0.09461639000185464","0.21910166175406712"
"2024-07-24","2024-07-25","2024-07-26","10","0.28424393217257093","0.08079461297692511","0.8192043398643293","1.1071006264984602","0.6325683311135812","1","0.8540853934138528","0.23813821324541098","0.24465811871456644"
"2024-07-25","2024-07-26","2024-07-29","10","0.7994380731123917","0.6391012327416538","0.8689682022336612","1.3047123106346825","0.7176830436586406","3","0.08079461297692511","0.22999719371572974","0.24693315113690462"
"2024-07-26","2024-07-29","2024-07-30","10","0.39741217751589114","0.15793643883792216","0.8797806209415449","1.2939202500106002","0.7187992873372746","1","0.6391012327416538","0.3577475630738305","0.2742377244471195"
"2024-07-29","2024-07-30","2024-07-31","10","-0.5108146694037874","0.2609316264781006","0.907197485818999","1.3444796760331008","0.7596613242715755","1","0.15793643883792216","0.34663168204637806","0.27837495479381374"
"2024-07-30","2024-07-31","2024-08-01","10","-0.7252044035794059","0.5259214269709618","0.9123510891840185","1.3334249327873238","0.759817245429927","1","0.2609316264781006","0.3985698608896909","0.2831918397091075"
"2024-07-31","2024-08-01","2024-08-02","10","-2.2809838485243383","5.202887317228901","0.8974878347504628","1.3647153800017726","0.7772940690374307","1","0.5259214269709618","0.3329370676011127","0.283751132042842"
"2024-08-01","2024-08-02","2024-08-05","10","-4.4402482112012125","19.71580417707557","1.1431169679669","1.464472229338877","0.7845736073907853","3","5.202887317228901","1.357355608451508","0.5149682273557565"
"2024-08-02","2024-08-05","2024-08-06","10","5.938758121553218","35.26884802631431","1.1319732393060078","1.9037208542845179","0.8711218690202008","1","19.71580417707557","5.172696197318291","1.409041361923149"
"2024-08-05","2024-08-06","2024-08-07","10","-1.5538542161992508","2.414462925200188","1.6123963587967656","3.2459167894415484","0.9518894194240778","1","35.26884802631431","12.194878514813569","3.0082065055747322"
"2024-08-06","2024-08-07","2024-08-08","10","-0.7437534357172171","0.5531691731411645","2.3784871947666475","3.9062673221241297","1.0365081148743311","1","2.414462925200188","12.625584774557986","3.117685082917578"
"2024-08-07","2024-08-08","2024-08-09","10","3.008175413230211","9.04911931676275","2.429281214735007","3.9145584552131547","1.089731171528431","1","0.5531691731411645","12.631034323792026","3.1379606353994247"
"2024-08-08","2024-08-09","2024-08-13","10","0.5855192567655498","0.34283280004328187","2.386454969967652","3.917106444070926","1.1223085247143834","4","9.04911931676275","13.400280723698796","3.5480365564035847"
"2024-08-09","2024-08-13","2024-08-14","10","0.3349151465346212","0.11216815537830678","2.603240771717419","3.8965509476596245","1.1508048760789815","1","0.34283280004328187","9.525686448292339","3.561983807032566"
"2024-08-13","2024-08-14","2024-08-15","10","-0.03126413723611776","0.0009774462771188052","2.605883821561158","3.963167799995451","1.1831386351854845","1","0.11216815537830678","2.4943504741051385","3.5528148644703688"
"2024-08-14","2024-08-15","2024-08-16","10","1.4974695525198811","2.242415060724093","2.4632978112260755","3.960054968797989","1.1677341695455292","1","0.0009774462771188052","2.011653378320524","3.5516279838555533"
"2024-08-15","2024-08-16","2024-08-19","10","0.21019373657365062","0.04418140689479323","2.405056057174404","3.9290516366363617","1.1341521458844717","3","2.242415060724093","2.34950255583711","3.5476932649232293"
"2024-08-16","2024-08-19","2024-08-20","10","0.7103196141799284","0.5045539542887223","2.483154251727379","4.004629294047774","1.1792740269537036","1","0.04418140689479323","0.5485149738635189","3.5426690221122357"
"2024-08-19","2024-08-20","2024-08-21","10","-0.9076109754484996","0.8237576827545768","2.4151673153859408","4.021344213530405","1.1822811000288074","1","0.5045539542887223","0.5808592047126069","3.559399825616447"
"2024-08-20","2024-08-21","2024-08-22","10","0.17525017943387122","0.03071262539160406","2.310013003431995","4.008134356136578","1.1734913167931686","1","0.8237576827545768","0.7231771101878609","3.591320642531413"
"2024-08-21","2024-08-22","2024-08-23","10","0.07266418017671805","0.005280083080754545","2.307214388708324","4.008479776120642","1.192664054424216","1","0.03071262539160406","0.729124146010758","3.592700789778706"
"2024-08-22","2024-08-23","2024-08-26","10","0.16764358067650864","0.028104370142041063","2.3582654727336867","4.003490679416832","1.191959924600035","3","0.005280083080754545","0.28169715048209015","3.583235527919868"
"2024-08-23","2024-08-26","2024-08-27","10","0.2700692711623509","0.07293741122616343","2.354030398830432","4.004403028933989","1.183977526081469","1","0.028104370142041063","0.2784817431315398","3.584456602368982"
"2024-08-26","2024-08-27","2024-08-28","10","-0.3426596173748886","0.11741561337950505","2.355634840214429","3.9998951443742268","1.1814814403577698","1","0.07293741122616343","0.19215843451902798","3.548949875905905"
"2024-08-27","2024-08-28","2024-08-29","10","-0.27225482277314694","0.07412268852323765","2.346813273993528","3.939453731257009","1.130744077973269","1","0.11741561337950505","0.050890020644013635","3.5506144668332955"
"2024-08-28","2024-08-29","2024-08-30","10","0.06723959589239659","0.004521163255772796","2.313750810072657","3.9380823836175387","1.130540736748638","1","0.07412268852323765","0.05957203327034035","3.5249336239142766"
"2024-08-29","2024-08-30","2024-09-02","10","0.45240354371257946","0.2046689663636998","2.287950293200579","3.911887016235639","1.1074352048550047","3","0.004521163255772796","0.059420249305343995","3.5179602022969054"
"2024-08-30","2024-09-02","2024-09-03","10","0.29306622809531113","0.08588781405001293","2.1178719963774357","3.914968271182029","1.1003396627043196","1","0.2046689663636998","0.09473316854967576","3.515402808655342"
"2024-09-02","2024-09-03","2024-09-04","10","-1.5134099814546775","2.2904097719666474","2.085001099602987","3.902086065154857","1.0994055041158253","1","0.08588781405001293","0.09732324911444565","3.4954012807952988"
"2024-09-03","2024-09-04","2024-09-05","10","-0.21680326859977228","0.04700365727554501","1.8242581141507823","3.865674755316035","1.085730862633706","1","2.2904097719666474","0.5319220808318741","3.3630159378288327"
"2024-09-04","2024-09-05","2024-09-06","10","0.1489745626916117","0.022193420329156943","1.0766098053730153","3.7712835078781404","1.0771263875150965","1","0.04700365727554501","0.5264982745823357","2.468979550565195"
"2024-09-05","2024-09-06","2024-09-09","10","-1.8256171115465993","3.3328778379717483","0.9830577302404448","2.699773280746248","1.0455114908758005","3","0.022193420329156943","0.5300327259970125","0.8668588866567792"
"2024-09-06","2024-09-09","2024-09-10","10","0.32946808435857067","0.10854921861090623","0.9580674403198823","1.5997209285876863","0.9620767024876754","1","3.3328778379717483","1.1556745003186222","0.9086050190554861"
"2024-09-09","2024-09-10","2024-09-11","10","-0.1887574763781441","0.03562938488864563","0.8799558580307514","1.5826752243564033","0.9631508866472491","1","0.10854921861090623","1.160206781230801","0.8883950211222925"
"2024-09-10","2024-09-11","2024-09-12","10","1.8662573223200771","3.482916393113304","0.8482041575097623","1.5752166572895212","0.9300529629009864","1","0.03562938488864563","0.7092507038152004","0.4786909333098333"
"2024-09-11","2024-09-12","2024-09-13","10","-0.33618730381240636","0.11302190324465522","0.8535453184373518","1.6026147209213546","0.8932407178092185","1","3.482916393113304","1.3964332509827522","0.621422005722107"
"2024-09-12","2024-09-13","2024-09-17","10","0.7207375624347545","0.5194626339043916","0.9408345063165331","1.5986482435809408","0.9122893860032739","4","0.11302190324465522","1.4145989475658518","0.6214608124433048"
"2024-09-13","2024-09-17","2024-09-18","10","0.8482931650380032","0.719601293850193","0.8872839358347597","1.6005037311030397","0.8951390633283975","1","0.5194626339043916","0.8519159067523805","0.6450283209718172"
"2024-09-17","2024-09-18","2024-09-19","10","0.522359654804434","0.27285960896740746","0.8695369855663891","1.6070586020275692","0.8945038992251771","1","0.719601293850193","0.9741263218002378","0.5758095133866399"
"2024-09-18","2024-09-19","2024-09-20","10","0.8899128616892192","0.7919449013998955","0.8772419809276396","1.411374955100948","0.8533466280745059","1","0.27285960896740746","1.0215723666159904","0.5862039771172133"
"2024-09-19","2024-09-20","2024-09-24","10","1.009396843180037","1.0188819870218244","0.9195561618291073","1.4338028820017108","0.9114960640152929","4","0.7919449013998955","0.4833780682733086","0.5992672019859029"
"2024-09-20","2024-09-24","2024-09-25","10","0.2725704370657356","0.07429464316220612","0.9725345008571475","1.419292096720239","0.9300767290601255","1","1.0188819870218244","0.6645500850287425","0.6081364885435051"
"2024-09-24","2024-09-25","2024-09-26","10","0.6636259545418721","0.44039940754161094","0.9398121099539228","1.4232048927562926","0.9361403599818902","1","0.07429464316220612","0.5755164868803053","0.6101174893512598"
"2024-09-25","2024-09-26","2024-09-27","10","0.5218373522710495","0.2723142222252595","0.942255838998817","1.4162873667650755","0.9350145702602055","1","0.44039940754161094","0.5196761096185889","0.6298956404631167"
"2024-09-26","2024-09-27","2024-09-30","10","-2.233628919941908","4.989098152000854","0.9548471670832601","1.5334824609119255","0.9605633135760022","3","0.2723142222252595","0.5195670322701593","0.6409960882850814"
"2024-09-27","2024-09-30","2024-10-01","10","0.41497418471027386","0.17220357397595648","0.983480684868033","1.605227058733012","0.9588250755902863","1","4.989098152000854","1.358997682390351","0.8644579401384763"
"2024-09-30","2024-10-01","2024-10-02","10","-0.5803068269579947","0.33675601341405603","1.109875019973851","1.9005479883473608","1.0314482785307344","1","0.17220357397595648","1.1896619997811775","0.8669483019837696"
"2024-10-01","2024-10-02","2024-10-03","10","1.44789132441139","2.0963892873057692","1.1176357573889983","1.944098048565972","1.0456755199875372","1","0.33675601341405603","1.2421542738315474","0.8788861803878977"
"2024-10-02","2024-10-03","2024-10-04","10","0.41916011038251155","0.17569519813587928","1.1477390909319758","1.9989531836976702","1.0746155986848058","1","2.0963892873057692","1.573352249784379","0.9739710951174431"
"2024-10-03","2024-10-04","2024-10-07","10","1.2568225195927374","1.5796028457554367","1.1955914049588516","2.0362627390233756","1.1353826729265974","3","0.17569519813587928","1.554028444966503","0.9726541056525421"
"2024-10-04","2024-10-07","2024-10-08","10","-0.8162654509135814","0.6662892863551524","1.2567714459432116","2.0365762265908636","1.1163645882689421","1","1.5796028457554367","0.8721293837174195","1.0405502434573342"
"2024-10-07","2024-10-08","2024-10-09","10","0.5746811312780553","0.33025840264702544","1.3545651883066026","2.0725737146927767","1.1648429519624695","1","0.6662892863551524","0.9709465261932586","0.9667265850204481"
"2024-10-08","2024-10-09","2024-10-10","10","0.2332280459472769","0.0543953214163851","1.3064477548891653","1.877732685195531","1.1218234392935575","1","0.33025840264702544","0.9696470040398527","0.9796018007191517"
"2024-10-09","2024-10-10","2024-10-11","10","-0.07750235357290025","0.006006614809338845","1.201804958199349","1.8735308192388418","1.1099766429799303","1","0.0543953214163851","0.5612482108619757","0.9810655234958439"
"2024-10-10","2024-10-11","2024-10-15","10","1.128072956101287","1.2725485942870962","1.2044311775526153","1.8679863052002963","1.117921989393513","4","0.006006614809338845","0.5273104941966676","0.8298441042611888"
"2024-10-11","2024-10-15","2024-10-16","10","-0.5061358153774675","0.2561734636078139","1.2635845324491277","1.8691177284681015","1.0729558768107084","1","1.2725485942870962","0.46589964390299965","0.8827531667919248"
"2024-10-15","2024-10-16","2024-10-17","10","0.15095765586281895","0.02278821386359728","1.1748376303964805","1.876007281011428","1.0943579539284045","1","0.2561734636078139","0.3838764793535319","0.8927778976427961"
"2024-10-16","2024-10-17","2024-10-18","10","0.7677461246820627","0.5894341119643254","1.192610002733328","1.8895589988797374","1.130257784673511","1","0.02278821386359728","0.32238244159684626","0.7354993440405365"
"2024-10-17","2024-10-18","2024-10-21","10","0.18329526325542966","0.03359715353187726","1.1796365289484325","1.750518061086744","1.0792768060186073","3","0.5894341119643254","0.4293901997064344","0.7571544444368851"
"2024-10-18","2024-10-21","2024-10-22","10","-0.11188130811145558","0.012517427104730456","1.1711064911912126","1.744882442097646","1.0834642508945889","1","0.03359715353187726","0.434908307450942","0.7350696498744981"
"2024-10-21","2024-10-22","2024-10-23","10","-0.19917188180550105","0.03966943850194448","1.173060923593889","1.730942889557609","1.083464605427376","1","0.012517427104730456","0.18290207401446887","0.7029294741133408"
"2024-10-22","2024-10-23","2024-10-24","10","-0.48099079834937775","0.23135214809677176","1.1249710577180294","1.7531421099975373","1.0645512442271632","1","0.03966943850194448","0.139601268993295","0.6923299209103652"
"2024-10-23","2024-10-24","2024-10-25","10","0.028008969260648883","0.000784502359043974","1.1056214924454146","1.701822857282744","1.0091073655334613","1","0.23135214809677176","0.18131405583992988","0.6668484321238595"
"2024-10-24","2024-10-25","2024-10-28","10","0.0007570772848497498","5.731660152354692E-07","1.1194934797759628","1.670394958851587","0.9714651474291753","3","0.000784502359043974","0.06358413391887359","0.6205712737300968"
"2024-10-25","2024-10-28","2024-10-29","10","0.29807691449310725","0.08884984695373117","1.0867323046440243","1.6708259733525619","0.9438738467783216","1","5.731660152354692E-07","0.05686481784570119","0.6171942705484518"
"2024-10-28","2024-10-29","2024-10-30","10","0.35332760061219215","0.12484039335436876","1.070251842736962","1.7150363861898146","0.9479325222117169","1","0.08884984695373117","0.07213130181550133","0.6012147450671845"
"2024-10-29","2024-10-30","2024-10-31","10","0.2791397830481879","0.0779190184801894","0.8809087668107134","1.617235282416835","0.9223634495297302","1","0.12484039335436876","0.08916549278598618","0.5945113892094167"
"2024-10-30","2024-10-31","2024-11-01","10","-1.1260664607652893","1.2680256740604647","0.8669927237228006","1.5531502377874684","0.9233991140332952","1","0.0779190184801894","0.05847886686266971","0.37127597404938656"
"2024-10-31","2024-11-01","2024-11-05","10","0.5818789440922323","0.3385831055778912","0.91354882182716","1.1740192639845686","0.8428127188910851","4","1.2680256740604647","0.31192710120295386","0.4210860695077732"
"2024-11-01","2024-11-05","2024-11-06","10","0.4603935206960263","0.21196219389888238","0.8525010323361375","1.2340946984559054","0.8822846066458593","1","0.3385831055778912","0.37964360768532907","0.42116911915158395"
"2024-11-05","2024-11-06","2024-11-07","10","0.3978475491260481","0.15828267234560325","0.8060963414297225","1.1672025300634457","0.8442497090520307","1","0.21196219389888238","0.4042660770743593","0.3355133421785436"
"2024-11-06","2024-11-07","2024-11-08","10","0.3323895370897967","0.11048280436676933","0.8815312399942463","1.2236417248225924","0.7687141363664958","1","0.15828267234560325","0.4109545328726062","0.334721863733531"
"2024-11-07","2024-11-08","2024-11-11","10","-0.7286280830166458","0.5308988833605122","0.8859617986562169","1.2239431291805654","0.7815209279941301","3","0.11048280436676933","0.4174672900499221","0.2679436800340463"
"2024-11-08","2024-11-11","2024-11-12","10","0.11954896122960523","0.014291954131077655","0.8753394268816068","1.1637014275181778","0.7395588044353764","1","0.5308988833605122","0.27004193190993164","0.2617895708070172"
"2024-11-11","2024-11-12","2024-11-13","10","-0.2307374563429887","0.05323977375963262","0.8442091353946047","1.1439532676171","0.7214102003144572","1","0.014291954131077655","0.20518370162056895","0.24742745951083772"
"2024-11-12","2024-11-13","2024-11-14","10","0.09300352727693917","0.008649656085952367","1.0427318364475917","1.1318459993812249","0.6809983726631027","1","0.05323977375963262","0.17343921759271902","0.24737493461734902"
"2024-11-13","2024-11-14","2024-11-15","10","0.2713681308588911","0.07364066244584824","1.0124926370189584","1.184698305521594","0.6622997121591905","1","0.008649656085952367","0.14351261434078882","0.24749507285719508"
"2024-11-14","2024-11-15","2024-11-18","10","0.14599090674162207","0.021313344851240992","1.0024405784032073","1.182864201648372","0.6559788415101883","3","0.07364066244584824","0.1361441859566046","0.19299925777350202"
"2024-11-15","2024-11-18","2024-11-19","10","0.2846291915249788","0.08101377666816306","0.8301777969383757","1.1729338921965033","0.6227865682435443","1","0.021313344851240992","0.034227078254750375","0.1823237978300214"
"2024-11-18","2024-11-19","2024-11-20","10","0.07522317563878222","0.00565852615318308","0.9635998751674795","1.130407569609189","0.5889967671753051","1","0.08101377666816306","0.04757144276216746","0.18497041432113803"
"2024-11-19","2024-11-20","2024-11-21","10","-0.02945571112850986","0.0008676389180862197","0.867349075117809","1.1260716385334764","0.5953784668213353","1","0.00565852615318308","0.03805519324087755","0.15843516042063155"
"2024-11-20","2024-11-21","2024-11-22","10","0.3572251255171399","0.12760979030073638","0.8706377078426151","1.1259352617241296","0.5880190673994831","1","0.0008676389180862197","0.036498789807304324","0.15694745521091377"
"2024-11-21","2024-11-22","2024-11-25","10","0.5256434473185889","0.2763010337089702","0.8881149397388894","1.140344481696307","0.5879009999553927","3","0.12760979030073638","0.047292615378281944","0.16217892626527772"
"2024-11-22","2024-11-25","2024-11-26","10","-0.06915323223041114","0.004782169527913174","0.8836873587019749","1.110429975443389","0.5916783939082156","1","0.2763010337089702","0.09829015314982778","0.17293490786559704"
"2024-11-25","2024-11-26","2024-11-27","10","-0.46063305742669364","0.21218281359426364","1.0146269504094654","1.1315418089193034","0.631402985184012","1","0.004782169527913174","0.0830438317217778","0.16263627247610346"
"2024-11-26","2024-11-27","2024-11-28","10","0.06734177488754711","0.004534914645005071","1.0148048780655925","1.1465090092003942","0.6169238213462745","1","0.21218281359426364","0.12434868920999391","0.17224528662315888"
"2024-11-27","2024-11-28","2024-11-29","10","0.5718599702410332","0.3270238255640754","0.9726353549359228","1.1519731421093946","0.6111466957597831","1","0.004534914645005071","0.1250821443553777","0.17245139305402207"
"2024-11-28","2024-11-29","2024-12-02","10","-0.043776363166714294","0.00191636997210406","0.942132490480201","1.0909243170019556","0.6149704277714585","3","0.3270238255640754","0.16496495140804548","0.18327748299085592"
"2024-11-29","2024-12-02","2024-12-03","10","0.12352675913005595","0.015258860221174862","0.9836001754617154","1.0812733992237349","0.6185333609282375","1","0.00191636997210406","0.11008801866067228","0.17769002738257111"
"2024-12-02","2024-12-03","2024-12-04","10","0.08011291237583262","0.006418078729337836","0.940668885619402","1.0752538150767577","0.6088429697045282","1","0.015258860221174862","0.1121833567993246","0.17484183837079773"
"2024-12-03","2024-12-04","2024-12-05","10","0.36128139516544366","0.13052424649268946","0.915667065804483","1.144887372879324","0.6203978231852497","1","0.006418078729337836","0.07103040982633943","0.11749603858301927"
"2024-12-04","2024-12-05","2024-12-06","10","0.08276273022661207","0.006849669514562967","0.91875296684638","0.998370914152261","0.5376883924696606","1","0.13052424649268946","0.09622827619587632","0.10803881771551009"
"2024-12-05","2024-12-06","2024-12-09","10","0.5288255962282273","0.2796565112261401","0.7143206112963908","0.9722329805772719","0.5538221031245403","3","0.006849669514562967","0.03219344498597384","0.09871552115258647"
"2024-12-06","2024-12-09","2024-12-10","10","0.4259175623966671","0.18140576995791882","0.6988853295266853","0.8134891899484381","0.542428134634627","1","0.2796565112261401","0.08774147323678105","0.10423251382897449"
"2024-12-09","2024-12-10","2024-12-11","10","0.19407806302917274","0.03766629454915555","0.6809010884574702","0.8126014414619015","0.539581928005767","1","0.18140576995791882","0.12097085518412984","0.10745628499220858"
"2024-12-10","2024-12-11","2024-12-12","10","0.4993755370051933","0.2493759269592252","0.6271208691990668","0.8178530117835585","0.5074202331638629","1","0.03766629454915555","0.1272204983480934","0.08503662186441964"
"2024-12-11","2024-12-12","2024-12-13","10","-0.4735819511463369","0.22427986445157141","0.6245402199948995","0.8176635137557946","0.5054590315510012","1","0.2493759269592252","0.15099083444140055","0.0957222569929718"
"2024-12-12","2024-12-13","2024-12-16","10","0.3370779585391759","0.11362155013293837","0.5879919978787296","0.8532732216245993","0.564736581204986","3","0.22427986445157141","0.1944768734288022","0.10349680656987809"
"2024-12-13","2024-12-16","2024-12-17","10","-0.01961537109754219","0.00038476278329429344","0.610706692533054","0.8022284111396194","0.5765515611530311","1","0.11362155013293837","0.1612698812101619","0.10826825629928655"
"2024-12-16","2024-12-17","2024-12-18","10","0.0760496636350938","0.005783551339010908","0.6050118018928657","0.795698258909598","0.5687203922084345","1","0.00038476278329429344","0.12506567977523697","0.10493844267826137"
"2024-12-17","2024-12-18","2024-12-19","10","-0.936657836417446","0.8773279025222112","0.5995784754172125","0.795067418836347","0.5608412916711851","1","0.005783551339010908","0.11868913113320803","0.10423254297316001"
"2024-12-18","2024-12-19","2024-12-20","10","0.2561310674041528","0.06560312368959068","0.6097083445381345","0.7754978826134806","0.5293037823661892","1","0.8773279025222112","0.24427952624580523","0.14042863960288948"
"2024-12-19","2024-12-20","2024-12-23","10","0.22006565699921654","0.04842889339049682","0.6320339486497473","0.7817500213807594","0.6030583555078433","3","0.06560312368959068","0.21254417809340906","0.14315339403636254"
"2024-12-20","2024-12-23","2024-12-24","10","0.23368194636567582","0.054607252057250595","0.6054017143479555","0.7833956954833061","0.6067632186090424","1","0.04842889339049682","0.19950564674492077","0.14531526923965393"
"2024-12-23","2024-12-24","2024-12-25","10","0.47923067598598657","0.22966204080598565","0.5879872954240895","0.8030510422798015","0.6348223305889282","1","0.054607252057250595","0.21035014459971202","0.1419969720467682"
"2024-12-24","2024-12-25","2024-12-26","10","-0.07599009449733352","0.0057744944617136775","0.5848706891450283","0.7928504352944763","0.6317594586247439","1","0.22966204080598565","0.255125842493107","0.13987701782390527"
"2024-12-25","2024-12-26","2024-12-27","10","0.2803599647588806","0.07860170983960077","0.6236944977488692","0.7448741714702504","0.5963542403919675","1","0.0057744944617136775","0.08081516088100749","0.13992212350271438"
"2024-12-26","2024-12-27","2024-12-30","10","0.4581828934163745","0.2099315638194008","0.6231053329866861","0.7596927256596955","0.5877711501292315","3","0.07860170983960077","0.08341487811100949","0.13385025515022966"
"2024-12-27","2024-12-30","2025-01-06","10","0.7195329718729948","0.5177276976123839","0.6337716962273537","0.8341300726655765","0.5870377226766499","7","0.2099315638194008","0.11571541219679031","0.1431864664763386"
"2024-12-30","2025-01-06","2025-01-07","10","1.4824225845917638","2.197576719307725","0.6417913698791043","0.8504828366789834","0.5768795780473542","1","0.5177276976123839","0.20833950130781695","0.15185482429671626"
"2025-01-06","2025-01-07","2025-01-08","10","-0.09016174372582508","0.008129140031681359","0.6870844490553372","0.903185927659231","0.5719459501026225","1","2.197576719307725","0.6019224370081648","0.2516575674483354"
"2025-01-07","2025-01-08","2025-01-09","10","-0.22617843203920351","0.0511566831197126","0.8062098560687001","0.981862630163811","0.5913721983583066","1","0.008129140031681359","0.6023933661221583","0.25133348925790383"
"2025-01-08","2025-01-09","2025-01-10","10","-0.13850445307788672","0.019183483522404527","0.8060719466283889","0.8950308101754826","0.5869186045310246","1","0.0511566831197126","0.5969043607781808","0.2533670621847391"
"2025-01-09","2025-01-10","2025-01-14","10","0.2569615873526898","0.06602925737481403","0.7972660098765985","0.9170886091174538","0.5861963773552911","4","0.019183483522404527","0.5587547447187815","0.24830611841336248"
"2025-01-10","2025-01-14","2025-01-15","10","1.0712918729657783","1.1476662770825252","0.7792953803477088","0.9416464605200766","0.5582288453283192","1","0.06602925737481403","0.4684150566712676","0.2509960996797375"
"2025-01-14","2025-01-15","2025-01-16","10","0.17031839739578447","0.02900835649146836","0.8224217291255002","1.0056425708987597","0.5665501555065102","1","1.1476662770825252","0.2584329682262275","0.29045108903684597"
"2025-01-15","2025-01-16","2025-01-17","10","-0.6015500319151856","0.36186244089716085","0.9507248327081393","1.0050664536242517","0.5678283965529279","1","0.02900835649146836","0.26260881151818494","0.2835239338792801"
"2025-01-16","2025-01-17","2025-01-20","10","0.6263155929157482","0.3922712219294053","0.9564741656811124","1.0012437819426","0.5781442604629295","3","0.36186244089716085","0.3247499630736746","0.29826012234964394"
"2025-01-17","2025-01-20","2025-01-21","10","0.331091768445565","0.10962175913241162","0.9629780924713127","1.0034769932366434","0.5818183200359004","1","0.3922712219294053","0.39936751075507476","0.3047553630301067"
"2025-01-20","2025-01-21","2025-01-22","10","0.17272023114068058","0.029832278245290125","0.8334749961539674","1.0014078902498256","0.5352670585821306","1","0.10962175913241162","0.40808601110659426","0.29954363097014486"
"2025-01-21","2025-01-22","2025-01-23","10","-0.11482501164397751","0.013184783299039571","1.008192466394164","0.9831049774271764","0.5408075780666161","1","0.029832278245290125","0.18451921133914723","0.2957350277025245"
"2025-01-22","2025-01-23","2025-01-24","10","-0.03495494986368919","0.001221848519973025","1.0075415753873767","1.0394801174907315","0.5679129734942854","1","0.013184783299039571","0.1813544967006615","0.2963168468168766"
"2025-01-23","2025-01-24","2025-01-27","10","0.6571570101066815","0.4318553359323531","0.7976209232918408","1.0517920916423684","0.5702503549497461","3","0.001221848519973025","0.10922637822522392","0.2961094966887385"
"2025-01-24","2025-01-27","2025-01-28","10","-0.3083502163400065","0.0950798559169288","0.784097494897531","1.0406655258476973","0.5637192350774798","1","0.4318553359323531","0.11714320102581348","0.2758607436619267"
"2025-01-27","2025-01-28","2025-01-29","10","1.2701436500747976","1.6132648918253298","0.8008412465334462","1.0487191241974863","0.48534781323061754","1","0.0950798559169288","0.11423482038271693","0.27720059512680567"
"2025-01-28","2025-01-29","2025-01-30","10","-0.4567528930504605","0.20862320530996542","0.8059402009641602","1.0879067491169387","0.4877540931802017","1","1.6132648918253298","0.43092134309872493","0.3483295041465709"
"2025-01-29","2025-01-30","2025-01-31","10","-0.10102488029379297","0.0102060264383752","0.9110624732224949","1.0801663462166737","0.47199240834884987","1","0.20862320530996542","0.47000902750091","0.35533022929442154"
"2025-01-30","2025-01-31","2025-02-03","10","-0.645877811395742","0.41715814725335365","0.8787366764495678","1.0793723359961407","0.4751147391981027","3","0.0102060264383752","0.47180586308459044","0.3453549559140756"
"2025-01-31","2025-02-03","2025-02-04","10","0.6170171875462294","0.3807102097274588","0.9178326240723363","1.0786239289124255","0.4707709358899778","1","0.41715814725335365","0.4688664253487905","0.3640542128591502"
"2025-02-03","2025-02-04","2025-02-05","10","0.6107389632728188","0.3730020812595576","0.9282580414553692","1.1950119266371482","0.5834830600272793","1","0.3807102097274588","0.5259924961108966","0.37778641739950736"
"2025-02-04","2025-02-05","2025-02-06","10","-0.027778055122702483","0.0007716203463998977","0.9038831835044269","1.1419899843806947","0.6579399540386547","1","0.3730020812595576","0.27793993399774214","0.38519871364678715"
"2025-02-05","2025-02-06","2025-02-07","10","0.20159860745554425","0.040641998528014624","0.92157918015799","1.1236539240480397","0.6649828933242727","1","0.0007716203463998977","0.23636961700502904","0.361700710134697"
"2025-02-06","2025-02-07","2025-02-10","10","0.27358077092251465","0.07484643821855744","0.9282594657646472","1.0865918106003123","0.6692511084516138","3","0.040641998528014624","0.2424568114229569","0.2636582228265284"
"2025-02-07","2025-02-10","2025-02-12","10","0.6934141769240498","0.4808232207592575","0.930505184639322","1.0132514176744787","0.6578609201813327","2","0.07484643821855744","0.17399446961599768","0.2666908272895683"
"2025-02-10","2025-02-12","2025-02-13","10","0.2681583117973685","0.0719088801860147","0.9459930736760886","1.0118209062621282","0.6494529824547142","1","0.4808232207592575","0.19401707182235742","0.2862211244550021"
"2025-02-12","2025-02-13","2025-02-14","10","-0.11804873299741558","0.013935503362295114","0.9233100473624904","0.9957719154687368","0.6617673922867243","1","0.0719088801860147","0.13379843160764884","0.2886177333942571"
"2025-02-13","2025-02-14","2025-02-17","10","0.014053289887191456","0.00019749495665343764","0.8815159649416845","1.0079247579655128","0.6764507339824757","3","0.013935503362295114","0.13643120821082788","0.2862498354845971"
"2025-02-14","2025-02-17","2025-02-18","10","0.04279934602005153","0.0018317840197441008","0.8834534584532812","0.944760357985165","0.6697588711291044","1","0.00019749495665343764","0.12834230749655565","0.2340921635697847"
"2025-02-17","2025-02-18","2025-02-19","10","0.2659218969820998","0.07071445529455848","0.9048324415499112","0.9447134799517141","0.6562807184128988","1","0.0018317840197441008","0.11373937665679297","0.23285686482107"
"2025-02-18","2025-02-19","2025-02-20","10","-0.4617341293768906","0.21319840623143516","0.8620638360160481","0.9434940828802949","0.6365837781719853","1","0.07071445529455848","0.03171762356385317","0.21962286547549714"
"2025-02-19","2025-02-20","2025-02-21","10","-0.30034662845702664","0.0902080972255032","0.8849964040347909","0.9428660352979137","0.6335734168856781","1","0.21319840623143516","0.059975528772937256","0.21148319203468027"
"2025-02-20","2025-02-21","2025-02-25","10","-0.4838602829850302","0.2341207734503535","0.9124635234145371","0.9468958689567163","0.6332921589184429","4","0.0902080972255032","0.07523004754557888","0.21060075285709348"
"2025-02-21","2025-02-25","2025-02-26","10","-0.02175432713383718","0.0004732507490460046","0.9102933241313179","0.945967661713616","0.6228089910461824","1","0.2341207734503535","0.12201470324431889","0.21988659354823276"
"2025-02-25","2025-02-26","2025-02-27","10","0.39011520920425036","0.15218987645247603","0.916627194544476","0.9320165730042274","0.6391937331881645","1","0.0004732507490460046","0.12174299659017929","0.21930879661414213"
"2025-02-26","2025-02-27","2025-02-28","10","-0.5008477752206519","0.2508484939434767","0.8560489048014317","0.918271681398176","0.6352654774368153","1","0.15218987645247603","0.13803808082176278","0.2261709797019832"
"2025-02-27","2025-02-28","2025-03-03","10","1.0076579008755338","1.015374445196887","0.8449719851433632","0.9203604062440746","0.6358591842132104","3","0.2508484939434767","0.1455680983641711","0.2179433959752161"
"2025-02-28","2025-03-03","2025-03-04","10","-0.07781498432138934","0.006055171784938068","0.7194978822145229","1.0886239276968146","0.6661508550273756","1","1.015374445196887","0.3306013679584478","0.2597749682152142"
"2025-03-03","2025-03-04","2025-03-05","10","0.35832275834747795","0.1283951991497451","0.7292601164470354","1.108276821951951","0.7113748385499773","1","0.006055171784938068","0.28498824762536473","0.18671998094065098"
"2025-03-04","2025-03-05","2025-03-06","10","0.741253777513804","0.549457162678484","0.7265467467079405","1.116559621684238","0.7118957336535953","1","0.1283951991497451","0.31057263730550455","0.1830732533879137"
"2025-03-05","2025-03-06","2025-03-07","10","-0.5041757069186859","0.2541931434469566","0.7338434032077656","1.1163775767131952","0.7093652288133935","1","0.549457162678484","0.39002609455070614","0.20758466867155503"
"2025-03-06","2025-03-07","2025-03-10","10","0.5219365517562413","0.2724177640591956","0.8030442405621905","1.127823240577963","0.7213371056925456","3","0.2541931434469566","0.39069502445140214","0.20017716849853695"
"2025-03-07","2025-03-10","2025-03-11","10","-0.9000367034707256","0.8100660675944509","0.8113198639355433","1.0790359868301642","0.6953885299579534","1","0.2724177640591956","0.24210368822386386","0.19525478460452497"
"2025-03-10","2025-03-11","2025-03-12","10","-0.022994427519138494","0.0005287436969329136","0.7913885198599971","1.0710958348850093","0.6248395702127393","1","0.8100660675944509","0.4029058673857664","0.21512132943792925"
"2025-03-11","2025-03-12","2025-03-13","10","0.46848045162829366","0.21947393355785","0.8280222131532448","1.0794667460901808","0.6677381218382106","1","0.0005287436969329136","0.377332576295204","0.21511028959022616"
"2025-03-12","2025-03-13","2025-03-14","10","-0.33684733252480337","0.11346612542907546","0.7799298614093482","1.0718304670001402","0.6631307045148337","1","0.21947393355785","0.3113359304710772","0.22323901390976414"
"2025-03-13","2025-03-14","2025-03-17","10","0.6085980728253126","0.37039161424668454","0.7753620513559591","1.0610538231047018","0.6747946344805607","3","0.11346612542907546","0.28319052686750096","0.22499445423751496"
"2025-03-14","2025-03-17","2025-03-18","10","0.509221661473378","0.2593067005137076","0.7854935056099472","1.0719216460408947","0.6825320741519929","1","0.37039161424668454","0.3027852969049988","0.21997483575967075"
"2025-03-17","2025-03-18","2025-03-19","10","-0.026776071411169774","0.0007169580002160632","1.0162351691703375","1.0863179208242537","0.7074272840128184","1","0.2593067005137076","0.1926334234888501","0.22849291850183864"
"2025-03-18","2025-03-19","2025-03-21","10","0.13642783798015978","0.018612554975940727","1.024904352047372","1.0823117146435635","0.7432079088578478","2","0.0007169580002160632","0.19267106634950676","0.22789207553083501"
"2025-03-19","2025-03-21","2025-03-24","10","0.26766549662019856","0.07164481808093753","1.0258823452068975","1.0703989972878687","0.742865569743648","3","0.018612554975940727","0.15249879063312488","0.22872912371352988"
"2025-03-21","2025-03-24","2025-03-25","10","0.9984137602552867","0.9968300366671011","0.9830816673561849","1.0711473883309908","0.7460167211742228","1","0.07164481808093753","0.14413452916349728","0.23190244344358416"
"2025-03-24","2025-03-25","2025-03-26","10","0.29622332748599267","0.08774825974687366","0.9826303715408109","1.070571860739699","0.751772929933584","1","0.9968300366671011","0.2694222136475806","0.2739986062332452"
"2025-03-25","2025-03-26","2025-03-27","10","-0.5567628813465297","0.30998490604528994","1.0263060080483315","1.0734703301384334","0.7764482883725319","1","0.08774825974687366","0.23511052549421385","0.2682963268475833"
"2025-03-26","2025-03-27","2025-03-28","10","-0.2611277079999297","0.06818767988529655","1.0091170038371395","1.0495565459507301","0.7887809659675159","1","0.30998490604528994","0.2969641151032286","0.2782861817939372"
"2025-03-27","2025-03-28","2025-03-31","10","-1.2516724659767575","1.5666839620843371","0.8875846002817026","1.0558597147133415","0.7993323656924938","3","0.06818767988529655","0.30687914008509976","0.27074376845007103"
"2025-03-28","2025-03-31","2025-04-01","10","1.3583780352483399","1.84519088664514","0.943380821134099","1.083472016413526","0.8053413291169949","1","1.5666839620843371","0.6058869688857798","0.34193516441985694"
"2025-03-31","2025-04-01","2025-04-02","10","0.5254400804188986","0.27608727811061856","0.8957887332657908","1.3842148102842238","0.8935455464945209","1","1.84519088664514","0.7755591388813874","0.41888975579225074"
"2025-04-01","2025-04-02","2025-04-03","10","-3.3850294655309714","11.458424482512894","0.9169935762940294","1.3827586776829064","0.9148983146251158","1","0.27608727811061856","0.8132269425541365","0.42003697325439365"
"2025-04-02","2025-04-03","2025-04-04","10","-2.4972839670686753","6.236427212178261","0.948936912559056","1.2407424278072372","0.8901741471150013","1","11.458424482512894","3.042914857847657","0.8947210658596667"
"2025-04-03","2025-04-04","2025-04-07","10","-7.484327554613618","56.015158944748656","1.1478691426766132","1.3258122058224064","0.9427876405694563","3","6.236427212178261","4.2765627643062505","1.1779197949684541"
"2025-04-04","2025-04-07","2025-04-08","10","4.098898569523183","16.8009694832392","1.3731626375133457","1.426851648894636","0.9687435528614249","1","56.015158944748656","15.166257760839112","3.7182272379502233"
"2025-04-07","2025-04-08","2025-04-09","10","-1.402644943932001","1.9674128387380063","2.1686723251561024","2.195005758245866","1.0460861401650674","1","16.8009694832392","18.157413480157928","4.456932343430255"
"2025-04-08","2025-04-09","2025-04-10","10","7.249667237066222","52.55767504819139","2.267057248627269","2.5379970358423174","1.113873960591711","1","1.9674128387380063","18.495678592283404","4.534805965943485"
"2025-04-09","2025-04-10","2025-04-11","10","-2.093644670778807","4.3833480074805","2.2816340680263254","2.632661896955928","1.1207540856812253","1","52.55767504819139","26.715528705419104","6.9114085697676755"
"2025-04-10","2025-04-11","2025-04-14","10","1.295413083953798","1.67809505807869","2.805492281852578","3.2728957732389734","1.1917493126437293","3","4.3833480074805","26.344912864479546","7.073830476126132"
"2025-04-11","2025-04-14","2025-04-15","10","0.4129715808745304","0.1705455266100088","2.8442691890634015","3.3303134159607812","1.232526647458258","1","1.67809505807869","15.477500087145557","7.150083490416211"
"2025-04-14","2025-04-15","2025-04-16","10","0.3598109414553441","0.12946391359098106","2.821114222690514","3.3397907690393733","1.2610202174286675","1","0.1705455266100088","12.151415295819719","7.147859471918582"
"2025-04-15","2025-04-16","2025-04-17","10","-0.26392006254980616","0.0696537994162936","2.852735179290638","3.3445374656055753","1.2727819746850653","1","0.12946391359098106","11.783825510790313","7.14858664410776"
"2025-04-16","2025-04-17","2025-04-18","10","0.8151568578612634","0.6644807029182479","2.85175198337926","3.3480347070122463","1.2683919692416843","1","0.0696537994162936","1.2862212610352945","7.13491674343365"
"2025-04-17","2025-04-18","2025-04-21","10","-0.11839504350140584","0.014017386325699781","2.882234241975351","3.354529833815744","1.2479608711551886","3","0.6644807029182479","0.5424478001228443","7.153333743542948"
"2025-04-18","2025-04-21","2025-04-22","10","-0.10321989388126895","0.010654346492860425","2.8280737958533435","3.351896979750552","1.2186866435768993","1","0.014017386325699781","0.2096322657722462","7.1539383084668335"
"2025-04-21","2025-04-22","2025-04-23","10","1.1469547277891845","1.3155051475979622","2.823652591284583","3.362866198642662","1.2233566761787849","1","0.010654346492860425","0.17765402974881656","7.153576571717602"
"2025-04-22","2025-04-23","2025-04-24","10","0.40380774208299325","0.1630606925661652","2.7584821051024155","3.3628031164904635","1.2255695487069547","1","1.3155051475979622","0.4148622765502128","7.2101156776047395"
"2025-04-23","2025-04-24","2025-04-25","10","0.17732822720163854","0.03144530016247594","2.9155404739831843","3.3867299362450627","1.2721141281239334","1","0.1630606925661652","0.4335436551801871","7.172217071054698"
"2025-04-24","2025-04-25","2025-04-28","10","-0.033180283352016726","0.0011009312033201182","2.9141412461817557","3.3869303638043897","1.2727335955106402","3","0.03144530016247594","0.30693657462903273","7.169657845619043"
"2025-04-25","2025-04-28","2025-04-30","10","0.4628776875878959","0.21425575366671773","2.914277923881182","3.408286448938045","1.2770878029626556","2","0.0011009312033201182","0.30435328360455677","7.155617664944409"
"2025-04-28","2025-04-30","2025-05-01","10","-0.4137146521756641","0.17115981342483075","2.91232422474827","3.406845971863432","1.276894574317798","1","0.21425575366671773","0.3450735650393283","7.162257122843565"
"2025-04-30","2025-05-01","2025-05-02","10","0.06631034511463074","0.004397061869221433","2.899813599754705","3.387415400803363","1.2538846948759774","1","0.17115981342483075","0.11620449820470195","7.098824206995405"
"2025-05-01","2025-05-02","2025-05-07","10","0.0914438786387084","0.00836198294049083","2.964839495047259","3.284439555747673","1.1948519894786676","5","0.004397061869221433","0.08447177206531319","7.015151760414682"
"2025-05-02","2025-05-07","2025-05-08","10","-0.2070184167231137","0.04285662486254476","2.8427693484227574","3.2918846928434373","1.1819368365951064","1","0.00836198294049083","0.07985510862091617","7.00298242881604"
"2025-05-07","2025-05-08","2025-05-09","10","0.3310010901403704","0.1095617216741136","2.854125608203064","3.2914579638847474","1.1802643297390703","1","0.04285662486254476","0.0882062473527611","6.484092980741024"
"2025-05-08","2025-05-09","2025-05-12","10","0.291707846766619","0.08509346786521726","2.4148511292504815","3.23915855282062","1.1084507914638564","3","0.1095617216741136","0.06726744095424028","6.205599094809016"
"2025-05-09","2025-05-12","2025-05-13","10","0.38757002698056486","0.15021052581371577","2.1744263714903194","3.2028740935764812","1.1013544687268055","1","0.08509346786521726","0.05005417184231757","3.663323391314316"
"2025-05-12","2025-05-13","2025-05-14","10","-0.33124732222372555","0.10972478848038866","2.3262484476484637","2.734996297928215","1.034039423337749","1","0.15021052581371577","0.07921686463121644","2.9064707114313384"
"2025-05-13","2025-05-14","2025-05-15","10","-0.9204813972114123","0.8472860026122738","1.5522826472837932","2.433789260581718","0.993235624726367","1","0.10972478848038866","0.09948942573919602","2.8220303455105378"
"2025-05-14","2025-05-15","2025-05-16","10","0.008523000628560817","7.264153971444809E-05","1.5292682702523428","2.28494790144489","0.9429498648687249","1","0.8472860026122738","0.2603753012891418","0.47155811616603266"
"2025-05-15","2025-05-16","2025-05-19","10","-0.03948820895333771","0.0015593186463424605","1.382942806660175","1.2152408739320169","0.8659634014427484","3","7.264153971444809E-05","0.23847748526226203","0.27231832680508783"
"2025-05-16","2025-05-19","2025-05-20","10","0.41679964403037123","0.17372194326384416","1.1214383554332765","1.038911696820578","0.7653284820318079","1","0.0015593186463424605","0.22177065541848706","0.19611215683089026"
"2025-05-19","2025-05-20","2025-05-21","10","0.2481156489683822","0.06156137526300146","1.0875978718786583","1.018158723686202","0.7244752394492753","1","0.17372194326384416","0.22647293890851272","0.1962565394060646"
"2025-05-20","2025-05-21","2025-05-22","10","-0.8180628174485106","0.6692267732917953","1.090644348386519","1.0024686625004102","0.6987919435726871","1","0.06156137526300146","0.21684025626503528","0.19317006039115645"
"2025-05-21","2025-05-22","2025-05-23","10","0.4031656421836472","0.16254253503735264","0.8585209259824692","0.9876457683944591","0.6995542630713101","1","0.6692267732917953","0.18122841040093957","0.22042337738549744"
"2025-05-22","2025-05-23","2025-05-26","10","0.46487960695924646","0.21611304896658348","0.9051811629468564","0.9617149988356456","0.7291440894078394","3","0.16254253503735264","0.2137223891004672","0.197608006118184"
"2025-05-23","2025-05-26","2025-05-27","10","-0.10427694191158077","0.01087368061443119","0.9096239850685318","0.9419052824693476","0.7360107784648175","1","0.21611304896658348","0.25663313516451536","0.20679417260186056"
"2025-05-26","2025-05-27","2025-05-28","10","0.5018086658712517","0.25181193714348554","0.9303657821161233","0.9252431436457292","0.7287520586812894","1","0.01087368061443119","0.22406348263463277","0.20680414233465924"
"2025-05-27","2025-05-28","2025-05-29","10","0.30886538478171355","0.09539782591635597","0.8891056897443687","0.9309570869865537","0.7211670761349585","1","0.25181193714348554","0.2621135950107296","0.15845445095036484"
"2025-05-28","2025-05-29","2025-05-30","10","-0.5351629282281078","0.2863993597496829","0.803254410346083","0.8388573302964824","0.6625993690800418","1","0.09539782591635597","0.14734780553564175","0.15537886610264626"
"2025-05-29","2025-05-30","2025-06-02","10","-0.3191099201080916","0.10183114111139259","0.7700626576695119","0.9241757732270601","0.6579791651157341","3","0.2863993597496829","0.17211917047810782","0.16696768699297385"
"2025-05-30","2025-06-02","2025-06-03","10","-0.1388925597214863","0.019291143145986636","0.8232781369131592","0.8700332834976171","0.6865370132975299","1","0.10183114111139259","0.14926278890706962","0.17154633289788623"
"2025-06-02","2025-06-03","2025-06-04","10","0.2866978807224074","0.08219567481071975","1.0186414143965627","0.9097392410853793","0.6919904338695996","1","0.019291143145986636","0.15094628141338073","0.1626843051469439"
"2025-06-03","2025-06-04","2025-06-05","10","-0.7347072946116118","0.5397948087555137","1.0467715687747368","0.9015995786127029","0.6928792594462236","1","0.08219567481071975","0.11702302894682756","0.1586404806644843"
"2025-06-04","2025-06-05","2025-06-06","10","0.14982887458877436","0.022448691660538676","0.789004567049097","0.8855792368385116","0.7004876372516179","1","0.5397948087555137","0.2059024255146591","0.18297674188658852"
"2025-06-05","2025-06-06","2025-06-09","10","0.330802433639632","0.10943025010190315","0.6849173601794384","0.8643782249889773","0.6978102117294365","3","0.022448691660538676","0.15311229189683026","0.18361704682840882"
"2025-06-06","2025-06-09","2025-06-10","10","0.23213683864037105","0.05388751185394566","0.7968929536465676","0.8703803895752492","0.6968296411801392","1","0.10943025010190315","0.15463211369493238","0.18664312070292519"
"2025-06-09","2025-06-10","2025-06-11","10","0.19153737912759095","0.03668656760306651","0.7098481656171345","0.8879864555677137","0.7138064162266775","1","0.05388751185394566","0.16155138743652417","0.18411247480200846"
"2025-06-10","2025-06-11","2025-06-12","10","0.5791452984889534","0.3354092767618589","0.9045428581313603","0.8265407600876182","0.6829326369826997","1","0.03668656760306651","0.15244956599499354","0.18191216115372885"
"2025-06-11","2025-06-12","2025-06-13","10","-0.658665680230629","0.4338404783136772","0.6776059729372175","0.8309256448208022","0.6850189638081958","1","0.3354092767618589","0.11157245959626258","0.19033028619682624"
"2025-06-12","2025-06-13","2025-06-16","10","0.9157192378192291","0.8385417225122299","0.7260994451103672","0.7849864568689231","0.6246720537894321","3","0.4338404783136772","0.19385081692689027","0.20506281755288483"
"2025-06-13","2025-06-16","2025-06-17","10","0.037298460165321456","0.0013911751307040714","0.753718033295886","0.8068890761430139","0.6250680942794757","1","0.8385417225122299","0.3396731114089556","0.2046653502756101"
"2025-06-16","2025-06-17","2025-06-18","10","-0.03506344455697086","0.0012294451441997693","0.7943473429733271","0.8245801432120649","0.6157059765911087","1","0.0013911751307040714","0.32917384406430733","0.20472528362065506"
"2025-06-17","2025-06-18","2025-06-19","10","0.20123214866481384","0.04049437765625774","0.8064829543849346","0.8340662446135324","0.6164635734509283","1","0.0012294451441997693","0.322082419572534","0.20471028937055769"
"2025-06-18","2025-06-19","2025-06-20","10","-0.05481233554873399","0.003004392128307008","0.796853560168081","0.8438421352439216","0.6153487892596184","1","0.04049437765625774","0.26309943975141376","0.1986544909338492"
"2025-06-19","2025-06-20","2025-06-23","10","-0.157599834099863","0.02483770770830434","0.7094941005345422","0.8712609102221466","0.6020850787204255","3","0.003004392128307008","0.1769322225143397","0.19599280988227222"
"2025-06-20","2025-06-23","2025-06-24","10","0.8851469894509223","0.7834851929340312","0.7008539457304723","0.8626532547286718","0.6011641739456286","1","0.02483770770830434","0.014191419553554584","0.1667023978102953"
"2025-06-23","2025-06-24","2025-06-25","10","0.1772527038137639","0.031418521009289914","0.6568695851944921","0.8443242998873572","0.5688869812565324","1","0.7834851929340312","0.17061022311422","0.19492706407832616"
"2025-06-24","2025-06-25","2025-06-26","10","0.08216778915795753","0.0067515455751065625","0.6923897444970808","0.8727081849071551","0.607611167118571","1","0.031418521009289914","0.17664803828723802","0.18653185826208557"
"2025-06-25","2025-06-26","2025-06-27","10","0.3355451496368622","0.11259054744482426","0.7434413578835677","0.8504305467416399","0.6101700376548836","1","0.0067515455751065625","0.1698994718710078","0.1863444884875708"
"2025-06-26","2025-06-27","2025-06-30","10","0.2742448890996452","0.07521025919727668","0.7370890539507087","0.9137837524140062","0.6142939125078563","3","0.11259054744482426","0.19181670293431125","0.18001624350126796"
"2025-06-27","2025-06-30","2025-07-01","10","0.006324768715437745","4.0002699303780025E-05","0.7324314303986867","0.9633273391298778","0.5970785989372858","1","0.07521025919727668","0.2018912132321057","0.17909862683221892"
"2025-06-30","2025-07-01","2025-07-02","10","-0.38130794804673296","0.14539575124361","0.6725240194784476","0.8936755712740145","0.6066018079652996","1","4.0002699303780025E-05","0.045202175185160245","0.16608229242083805"
"2025-07-01","2025-07-02","2025-07-03","10","0.002111376389396513","4.4579102577010565E-06","0.6397626045529103","0.8949350517853493","0.5390452084332085","1","0.14539575124361","0.06799762123202427","0.1680625019723025"
"2025-07-02","2025-07-03","2025-07-04","10","1.0386915800075014","1.0788801983784797","0.5955387346290266","0.8591043207603254","0.5434615424562225","1","4.4579102577010565E-06","0.06664820369905448","0.16718583446158755"
"2025-07-03","2025-07-04","2025-07-07","10","-0.01831435091222522","0.0003354154493361247","0.5998815560280526","0.8590887856930352","0.5389007476485185","3","1.0788801983784797","0.2599061338857856","0.21248967644194028"
"2025-07-04","2025-07-07","2025-07-08","10","-0.06605524665756035","0.0043632956109911376","0.8450965198865065","0.8419705418726272","0.5331776051338645","1","0.0003354154493361247","0.24493116513619745","0.18796879492802313"
"2025-07-07","2025-07-08","2025-07-09","10","0.2922942710020471","0.08543594086061813","0.7240742850690266","0.8434002931405865","0.527546996586078","1","0.0043632956109911376","0.24579582371853492","0.1871467314712255"
"2025-07-08","2025-07-09","2025-07-10","10","1.5700485341046744","2.465052399444237","0.719679795718698","0.8384541541947933","0.5277239533340675","1","0.08543594086061813","0.23380386164193653","0.18605608105116714"
"2025-07-09","2025-07-10","2025-07-11","10","0.07603107670696274","0.005780724625220052","0.8359785860696307","0.8183242940049665","0.5203895075462327","1","2.465052399444237","0.7268134499487324","0.295654485032544"
"2025-07-10","2025-07-11","2025-07-14","10","0.13176459040528665","0.017361907284672958","0.8053016343368098","0.820786004855161","0.5096357809258163","3","0.005780724625220052","0.5121935551980805","0.2942496739880964"
"2025-07-11","2025-07-14","2025-07-15","10","0.6813718706605065","0.464267626127398","0.7902557942248104","0.8134514113159448","0.5112722486401752","1","0.017361907284672958","0.5155988535651478","0.2797929753754971"
"2025-07-14","2025-07-15","2025-07-16","10","-0.07100691381000779","0.005041981808821875","0.9070711429133012","0.8039066395595436","0.5151632847291084","1","0.464267626127398","0.6075797196684292","0.281176027548848"
"2025-07-15","2025-07-16","2025-07-17","10","-0.2696332085917952","0.07270206717550654","0.9918908382057208","0.7901747864440228","0.5158491529429363","1","0.005041981808821875","0.59150092785807","0.24328967569869311"
"2025-07-16","2025-07-17","2025-07-18","10","0.43000907170924085","0.18490780175224306","0.9974327539660519","0.7430768822326049","0.5012915126096804","1","0.07270206717550654","0.11303086140432388","0.24653107988254777"
"2025-07-17","2025-07-18","2025-07-22","10","0.736142114993823","0.5419052134675789","0.9680659880688294","0.7434823549258937","0.5087539115523545","4","0.18490780175224306","0.14885627682972852","0.2548800960920043"
"2025-07-18","2025-07-22","2025-07-23","10","0.8996218972909142","0.8093195580853042","0.885003849389982","0.719399235190683","0.508018124521509","1","0.5419052134675789","0.2537649380663097","0.2776714977197916"
"2025-07-22","2025-07-23","2025-07-24","10","0.5418645318463278","0.29361717087303996","0.8918652075112543","0.686120358863285","0.5083928148142897","1","0.8093195580853042","0.3227753244578909","0.3143221870814733"
"2025-07-23","2025-07-24","2025-07-25","10","-0.2245021645748457","0.05040122189879111","0.8705147414510016","1.0142892424835939","0.5546979812304931","1","0.29361717087303996","0.3804903622707346","0.3265394354071431"
"2025-07-24","2025-07-25","2025-07-28","10","0.3727688306298049","0.1389566010891122","1.1609583502743095","1.0691543177038714","0.6041005635373277","3","0.05040122189879111","0.37603019321539144","0.29321743672372313"
"2025-07-25","2025-07-28","2025-07-29","10","-0.06283669110530354","0.003948449749063334","1.1588314211150403","1.0582137467860702","0.5569784366484926","1","0.1389566010891122","0.36683995308276524","0.29810553127280587"
"2025-07-28","2025-07-29","2025-07-30","10","-0.03740424248653729","0.001399077355991681","1.089679986341118","1.0809030178427472","0.5543168507340434","1","0.003948449749063334","0.2592486003390621","0.29797811782616757"
"2025-07-29","2025-07-30","2025-07-31","10","0.05157803952123396","0.002660294160853972","1.1120843862500416","1.035835010114148","0.5626400950559405","1","0.001399077355991681","0.09766450419319965","0.292923960094857"
"2025-07-30","2025-07-31","2025-08-01","10","-0.22184091567586825","0.049213391867907685","1.1111100699284364","0.9899811565374256","0.5430252642602175","1","0.002660294160853972","0.039473128850762464","0.2896262344113832"
"2025-07-31","2025-08-01","2025-08-04","10","-1.6742555533757075","2.803131658009397","1.125730756471911","0.9977516575763419","0.5001660715425902","3","0.049213391867907685","0.03923556284458578","0.2918613884645016"
"2025-08-01","2025-08-04","2025-08-05","10","0.5085261130135632","0.25859880761668325","1.121723555352527","0.9724029727582912","0.49459600337186643","1","2.803131658009397","0.5720705742286427","0.4126675660447647"
"2025-08-04","2025-08-05","2025-08-06","10","-0.07084064535002099","0.005018397033607451","1.0199808264800576","1.0010201597599082","0.5790737130687198","1","0.25859880761668325","0.6230006458021667","0.42442185466778404"
"2025-08-05","2025-08-06","2025-08-07","10","0.09208789808831219","0.008480180974323372","1.0235192464980154","1.0102690601078053","0.5914725925098016","1","0.005018397033607451","0.6237245097376899","0.3756099546066535"
"2025-08-06","2025-08-07","2025-08-08","10","0.09067323038027042","0.008221634707593595","1.233515437813621","1.0183816988453833","0.5841637712866563","1","0.008480180974323372","0.6248884871003838","0.37598017122142563"
"2025-08-07","2025-08-08","2025-08-12","10","1.0682421175110268","1.1411412216244425","1.204284891512072","1.0207307858104686","0.5862874788913176","4","0.008221634707593595","0.616690135668321","0.3761555502712712"
"2025-08-08","2025-08-12","2025-08-13","10","0.05492449691804957","0.0030167003617008366","0.9693093858031748","1.0932547252709712","0.5972645092704792","1","1.1411412216244425","0.28429204839133004","0.4241421539423541"
"2025-08-12","2025-08-13","2025-08-14","10","-0.5194341780097189","0.26981186528463236","1.0175991494426666","1.1830379957074264","0.5984745081637245","1","0.0030167003617008366","0.23317562694033356","0.31223144034769335"
"2025-08-13","2025-08-14","2025-08-15","10","0.09932431344346071","0.00986531924101483","0.9849207297561751","1.2115893126167614","0.6265712830025263","1","0.26981186528463236","0.28613432059053856","0.32423285583221206"
"2025-08-14","2025-08-15","2025-08-18","10","0.3136238947078751","0.09835994733173634","0.9801325863739528","1.249474384525325","0.6172906128558211","3","0.00986531924101483","0.2864113482438768","0.3238921018302276"
"2025-08-15","2025-08-18","2025-08-19","10","0.502418015269438","0.2524238620672812","1.0305918461688592","1.3001885810198373","0.6212732590812463","1","0.09835994733173634","0.30443901076870533","0.30725993461224294"
"2025-08-18","2025-08-19","2025-08-20","10","-0.20413333884352625","0.041670420027405904","1.0437456756318628","1.3053113568640002","0.6213250535537326","1","0.2524238620672812","0.1266955388572731","0.318504565533082"
"2025-08-19","2025-08-20","2025-08-21","10","-0.05411081413953189","0.002927980206842965","0.9075748819410426","1.3078574358942836","0.6239196919454414","1","0.041670420027405904","0.13442628279041413","0.3170940361172592"
"2025-08-20","2025-08-21","2025-08-22","10","0.3168989242895326","0.10042492821586291","0.8790266281862442","1.34084070537489","0.621186919392128","1","0.002927980206842965","0.08104950577485624","0.30882222604701376"
"2025-08-21","2025-08-22","2025-08-25","10","0.6311247178358359","0.3983184094633635","0.9355377625139678","1.3472491180883515","0.6166399806116577","3","0.10042492821586291","0.09916142756982586","0.28875494035375393"
"2025-08-22","2025-08-25","2025-08-26","10","0.005244532912367372","2.7505125468904592E-05","0.830227016723647","1.3470910238683975","0.616236478103243","1","0.3983184094633635","0.15915311999615128","0.2700730699618476"
"2025-08-25","2025-08-26","2025-08-27","10","-0.054815805412978806","0.0030047725230735564","0.7984407565512835","1.1234000981036272","0.6000262633242914","1","2.7505125468904592E-05","0.10867384860778884","0.2567280851551398"
"2025-08-26","2025-08-27","2025-08-28","10","-0.04687338231450511","0.00219711396960176","0.9308023198776277","1.090582671243898","0.5525430158253095","1","0.0030047725230735564","0.10094071910692234","0.2545737010926072"
"2025-08-27","2025-08-28","2025-08-29","10","-0.22266513374404662","0.04957976178525417","0.7543280545081472","1.0760049707639068","0.5530532725133476","1","0.00219711396960176","0.10079454585947412","0.24835736076899304"
"2025-08-28","2025-08-29","2025-09-01","10","-0.18554770720594527","0.03442795164938319","0.7601986991619001","1.0612481298871668","0.5623514119993825","3","0.04957976178525417","0.09062551257335238","0.25043151131609265"
"2025-08-29","2025-09-01","2025-09-02","10","0.29468014965673417","0.08683639060171525","0.7295113260792538","1.0492495687773309","0.5500976432301742","1","0.03442795164938319","0.017847421010556315","0.2519328237839741"
"2025-09-01","2025-09-02","2025-09-03","10","0.14641465090760253","0.021437250000395112","0.7540007157812414","1.0819887038365406","0.5768768450038341","1","0.08683639060171525","0.035209198105805584","0.25575900998583145"
"2025-09-02","2025-09-03","2025-09-04","10","0.07590624769611476","0.005761758439303927","0.6891685435227484","1.0616448737833377","0.5792416581879182","1","0.021437250000395112","0.0388956936012699","0.25449645808276267"
"2025-09-03","2025-09-04","2025-09-05","10","0.12895046466974258","0.01662822233854253","0.6681800274823682","1.068865706574821","0.5898514659093256","1","0.005761758439303927","0.039608622495210334","0.12734328082957666"
"2025-09-04","2025-09-05","2025-09-08","10","0.37064118218993025","0.13737488593514907","0.7068328195440909","1.0853869611280338","0.4770308878783264","3","0.01662822233854253","0.033018314605868","0.11634461786238845"
"2025-09-05","2025-09-08","2025-09-09","10","0.5643227428444841","0.3184601580915218","0.8516911135433665","1.0988660201472245","0.5034522336548602","1","0.13737488593514907","0.053607701463021185","0.12236082190336761"
"2025-09-08","2025-09-09","2025-09-10","10","-0.03319632680869655","0.0011019961135897854","0.5900546413722733","1.1343863945274943","0.5435537503300658","1","0.3184601580915218","0.09993245496098249","0.13645082086324026"
"2025-09-09","2025-09-10","2025-09-11","10","0.018162886143513468","0.00032989043306223354","0.5995580218345021","1.1295484585510227","0.5546780654918763","1","0.0011019961135897854","0.09586540418362142","0.13612720092714917"
"2025-09-10","2025-09-11","2025-09-12","10","0.3186677099309554","0.10154910935263953","0.6930704598836921","1.074269848736472","0.54292813227983","1","0.00032989043306223354","0.0947790305823731","0.08427214041845012"
"2025-09-11","2025-09-12","2025-09-16","10","-0.3165235204329875","0.10018713898729184","0.59558067576695","1.006118982118247","0.5244613929999618","4","0.10154910935263953","0.11176320798519249","0.08875088628167462"
"2025-09-12","2025-09-16","2025-09-17","10","-0.09663448673487784","0.009338224026513282","0.9208711289801247","0.9855294466784492","0.5322577371555692","1","0.10018713898729184","0.10432565859562104","0.0810406714499773"
"2025-09-16","2025-09-17","2025-09-18","10","0.20821788008372533","0.043354685586560616","0.6099895530753133","0.9383026206991486","0.5343859851533701","1","0.009338224026513282","0.04250127178261933","0.08101671257659086"
"2025-09-17","2025-09-18","2025-09-19","10","0.31389614861130455","0.09853079211301019","0.833819562586614","0.8662642473383232","0.5281004340691487","1","0.043354685586560616","0.0509518096772135","0.07851647340635558"
"2025-09-18","2025-09-19","2025-09-22","10","-0.03948079178245467","0.0015587329197695404","0.6057055990209902","0.884749058954541","0.5299201161734911","3","0.09853079211301019","0.07059199001320308","0.07152133386297964"
"2025-09-19","2025-09-22","2025-09-24","10","-0.07424911655842137","0.0055129313097060425","0.5898442875829815","0.889249408200213","0.5485430039828065","2","0.0015587329197695404","0.050593914726629094","0.06969807535808706"
"2025-09-22","2025-09-24","2025-09-25","10","0.7825127616920147","0.6123262222108637","0.6918693389426701","0.8555664473298037","0.5483794116678387","1","0.0055129313097060425","0.031659073191111935","0.06981557313548993"
"2025-09-24","2025-09-25","2025-09-26","10","0.17601206821314053","0.030980248156667233","0.5988788901257657","0.8467260290942887","0.545893153416706","1","0.6123262222108637","0.15225667282798203","0.09308381377162633"
"2025-09-25","2025-09-26","2025-09-29","10","0.29620849402971716","0.08773947193535299","0.8197860581957649","0.8486469231703052","0.5459875550015691","3","0.030980248156667233","0.14978178534200334","0.07638662462132197"
"2025-09-26","2025-09-29","2025-09-30","10","-0.033817569690276494","0.0011436280197567074","0.7876246996578016","0.8644726841220257","0.5212264166534253","1","0.08773947193535299","0.1476235213064719","0.0803735322035894"
"2025-09-29","2025-09-30","2025-10-01","10","-0.337521916436645","0.11392104407506555","0.8020796890553065","0.852245618866314","0.525170140206432","1","0.0011436280197567074","0.14754050032646937","0.08028893472616593"
"2025-09-30","2025-10-01","2025-10-02","10","0.06339581925893234","0.004019029899511217","0.8567453654567018","0.8515174524027349","0.5235876852386037","1","0.11392104407506555","0.16922212287954125","0.08536729518550518"
"2025-10-01","2025-10-02","2025-10-03","10","0.09378363529147782","0.008795370248484924","0.7609958971348644","0.8567185374975632","0.5148912412253134","1","0.004019029899511217","0.047560684417270745","0.08329635282706233"
"2025-10-02","2025-10-03","2025-10-06","10","2.6636459164456405","7.095009568197536","0.743773946472039","0.8746723814117797","0.5217568890970695","3","0.008795370248484924","0.04312370883563428","0.08213123549065787"
"2025-10-03","2025-10-06","2025-10-07","10","-0.1716089411338073","0.029449628677066544","0.7540036648884143","0.9226463020240409","0.4931788314771934","1","7.095009568197536","1.444577728088071","0.4006845617450134"
"2025-10-06","2025-10-07","2025-10-08","10","0.11045771291639084","0.012200906342719815","0.8834105861169348","1.3690158531272836","0.6348462454513141","1","0.029449628677066544","1.450238928219533","0.4010487607757712"
"2025-10-07","2025-10-08","2025-10-09","10","-0.18025895111842494","0.032493289458314714","0.8773103757077946","1.356152857607909","0.6423137928081161","1","0.012200906342719815","1.4298949006730637","0.40134144931683563"
"2025-10-08","2025-10-09","2025-10-10","10","-0.5807936642056577","0.3373212803814343","0.9175113785714734","1.3198693017778844","0.6375764366845852","1","0.032493289458314714","1.4355897525848245","0.40206258873137063"
"2025-10-09","2025-10-10","2025-10-14","10","-1.5652371834788847","2.449967440544912","0.9123884542790686","1.3551536247764342","0.6194773963815319","4","0.3373212803814343","1.5012949346114144","0.4111510612062018"
"2025-10-10","2025-10-14","2025-10-15","10","0.58003747079581","0.33644346752720017","0.9677023800101588","1.336799058744677","0.5820499455813399","1","2.449967440544912","0.5722865090808895","0.5080377558631741"
"2025-10-14","2025-10-15","2025-10-16","10","0.6326875002609267","0.4002934729864201","0.9538971320312708","1.4428636900872367","0.6349916681422617","1","0.33644346752720017","0.6336852768509162","0.5232805500183382"
"2025-10-15","2025-10-16","2025-10-17","10","-0.6087977219201512","0.37063466621516583","1.0106961669305896","1.4793530451748085","0.6383499263100915","1","0.4002934729864201","0.7113037901796563","0.5414607128616725"
"2025-10-16","2025-10-17","2025-10-20","10","1.2958835523232826","1.6793141811820098","0.9999712378539215","1.4812330019326703","0.6670418394116958","3","0.37063466621516583","0.7789320655310265","0.5536918745372419"
"2025-10-17","2025-10-20","2025-10-21","10","0.34840366329116357","0.12138511259470247","0.9117235542952418","1.500759234628577","0.6654236638940407","1","1.6793141811820098","1.0473306456911415","0.6254703764551837"
"2025-10-20","2025-10-21","2025-10-22","10","0.10896617113325013","0.011873626451440755","0.9329066596612219","1.6626220784187506","0.740594841159022","1","0.12138511259470247","0.5816141801010997","0.6305634168446468"
"2025-10-21","2025-10-22","2025-10-23","10","-0.17254163022501268","0.02977061416070501","1.0344632092023391","1.6627364184576734","0.7671235168648826","1","0.011873626451440755","0.5167002118859478","0.6291324596112322"
"2025-10-22","2025-10-23","2025-10-24","10","0.5412188603552792","0.29291785480426724","1.0108590635304393","1.644708614118689","0.7654903229226577","1","0.02977061416070501","0.4425956401208048","0.6260069969770365"
"2025-10-23","2025-10-24","2025-10-27","10","0.6821474621231638","0.46532516008107316","1.0151301208358126","1.6653345833106057","0.7733862643759728","3","0.29291785480426724","0.4270522778386251","0.6392505934263318"
"2025-10-24","2025-10-27","2025-10-28","10","0.1154915809212953","0.0133383052637001","0.9682053161660633","1.6767820460695286","0.79546269966068","1","0.46532516008107316","0.18425447361843772","0.660151149279576"
"2025-10-27","2025-10-28","2025-10-29","10","-0.035646082473570484","0.0012706431957125888","1.048356765111659","1.7557120150776186","0.8375305274066069","1","0.0133383052637001","0.16264511215223726","0.6329244257819776"
"2025-10-28","2025-10-29","2025-10-30","10","0.1181489059848484","0.013959163985416545","1.1099425965078509","1.7591028485074687","0.8399686263399089","1","0.0012706431957125888","0.16052451550109162","0.6315739891928432"
"2025-10-29","2025-10-30","2025-10-31","10","0.46714411749492646","0.21822362651011365","1.1089747413674031","1.8092122981160124","0.8439729944729357","1","0.013959163985416545","0.1573622254660339","0.6282203388314825"
"2025-10-30","2025-10-31","2025-11-04","10","0.3611173680430302","0.1304057535023253","1.0833044593449712","1.8033025095582662","0.8389747851849412","4","0.21822362651011365","0.1424233798072032","0.6380876114901352"
"2025-10-31","2025-11-04","2025-11-05","10","-0.15392522399823916","0.0236929745829081","1.0846067633164185","1.8580997431476076","0.8484201697945889","1","0.1304057535023253","0.07543949849145364","0.6388369164641015"
"2025-11-04","2025-11-05","2025-11-06","10","0.9181742952360229","0.8430440364321673","1.3050856883062583","1.886265477138945","0.8484108901701537","1","0.0236929745829081","0.07751043235529523","0.6397311866769831"
"2025-11-05","2025-11-06","2025-11-07","10","-0.1341928979938778","0.01800773387199529","0.9410459225995949","1.9511240235410843","0.848061171296922","1","0.8430440364321673","0.24586511100258618","0.6776515805944232"
"2025-11-06","2025-11-07","2025-11-10","10","0.5475595359521002","0.2998214454120793","1.0327737405068704","1.9318509139214235","0.8816995456568315","3","0.01800773387199529","0.24667482497990192","0.3559696790341713"
"2025-11-07","2025-11-10","2025-11-11","10","0.21986649791320367","0.048341276904616794","1.0863526117518327","1.6643579330195213","0.7982011843420319","1","0.2998214454120793","0.2629943887602951","0.36825930706758103"
"2025-11-10","2025-11-11","2025-11-12","10","0.6743410806653505","0.45473589307291273","1.3001577520760468","1.6860246152565959","0.7995154243891177","1","0.048341276904616794","0.24658149344075336","0.3699020511840309"
"2025-11-11","2025-11-12","2025-11-13","10","0.17151408587182893","0.029417081652449106","1.2042479376861894","1.683536687311664","0.816990469907661","1","0.45473589307291273","0.3327900771387543","0.38909489680287623"
"2025-11-12","2025-11-13","2025-11-14","10","-0.10429532068008007","0.010877513915760738","1.2619254726127382","1.643243080386469","0.8082053439913652","1","0.029417081652449106","0.17006468618281065","0.37509925140610423"
"2025-11-13","2025-11-14","2025-11-17","10","0.030217839397577162","0.0009131178178577665","1.2461245147462783","1.631569407065175","0.8078974032760095","3","0.010877513915760738","0.16863864219156374","0.26423152746841555"
"2025-11-14","2025-11-17","2025-11-18","10","-0.014660284466535556","0.0002149239406397437","1.2348074761943466","1.5813681097057275","0.7857142087925888","1","0.0009131178178577665","0.10885697667271943","0.2489801479361727"
"2025-11-17","2025-11-18","2025-11-19","10","0.22952731091314127","0.05268278645501782","1.2121731219490397","1.5362729092738912","0.7835557000466675","1","0.0002149239406397437","0.09923170607992401","0.2307947593431827"
"2025-11-18","2025-11-19","2025-11-20","10","1.0434912613910252","1.088874012599433","1.1731173845567826","1.6608713509166186","0.7893124104867588","1","0.05268278645501782","0.018821084756345037","0.21634240117226688"
"2025-11-19","2025-11-20","2025-11-21","10","-0.5965900493008203","0.3559196869247552","1.1617437950415646","1.6338201143734319","0.7649051143146333","1","1.088874012599433","0.23071247094574182","0.18950421169124068"
"2025-11-20","2025-11-21","2025-11-25","10","1.3121252892144941","1.72167277459622","1.181013247162023","1.5724038936753466","0.7345094194329486","4","0.3559196869247552","0.29972090554754066","0.20016487416078857"
"2025-11-21","2025-11-25","2025-11-26","10","0.25097639889744006","0.06298915280352695","1.2409001133293638","1.6528981663194275","0.7446182361168485","1","1.72167277459622","0.6438728369032132","0.2778830172582785"
"2025-11-25","2025-11-26","2025-11-27","10","0.1128109027409696","0.012726299777232502","1.2646612853538874","1.6529601093227524","0.7742478941804816","1","0.06298915280352695","0.6564276826757907","0.27939295083295224"
"2025-11-26","2025-11-27","2025-11-28","10","-0.0235380005549779","0.0005540374701261399","1.1860588208257148","1.6747086597418692","0.7661267376772765","1","0.012726299777232502","0.6484363853402335","0.2666569710589961"
"2025-11-27","2025-11-28","2025-12-01","10","0.07499855875471528","0.00562478381528448","1.1504242230925796","1.6702934674304535","0.7517740437140601","3","0.0005540374701261399","0.43077239031437226","0.24553101094031665"
"2025-11-28","2025-12-01","2025-12-02","10","0.09974996403660397","0.009950055325303785","1.1508715361916926","1.586257760949892","0.7049359349769606","1","0.00562478381528448","0.360713409692478","0.24518039632902508"
"2025-12-01","2025-12-02","2025-12-03","10","-0.057771789740230776","0.003337579689789434","1.2119393690406035","1.632040807043976","0.7024230314074339","1","0.009950055325303785","0.018368865838294772","0.2455749150621883"
"2025-12-02","2025-12-03","2025-12-04","10","-0.2663758267230987","0.07095608106241429","1.1611402071874113","1.5652545267704807","0.7002379539424919","1","0.003337579689789434","0.006438551215547268","0.2450921157760234"
"2025-12-03","2025-12-04","2025-12-05","10","-0.41756631535789007","0.1743616277215649","1.0407878791586944","1.5839396016404994","0.7045257117226172","1","0.07095608106241429","0.018084507472583625","0.2383981364374916"
"2025-12-04","2025-12-05","2025-12-08","10","0.5270350777349686","0.2777659731631044","0.856732644817377","1.5978227393720816","0.6939091415299947","3","0.1743616277215649","0.052846025522871376","0.24039613072018431"
"2025-12-05","2025-12-08","2025-12-09","10","0.23769892190635297","0.056500777475442486","0.8643189919391879","1.5700363261000094","0.7228763370700063","1","0.2777659731631044","0.10727426339243537","0.25194490338292047"
"2025-12-08","2025-12-09","2025-12-10","10","0.2088050734702351","0.043599558706910284","0.843104790768358","1.4776575958842746","0.7206713794295131","1","0.056500777475442486","0.11658440782246311","0.21619293706670575"
"2025-12-09","2025-12-10","2025-12-11","10","-0.0028816286390220824","8.303783613232259E-06","0.7546831669058548","1.4502249064063986","0.6784381447102498","1","0.043599558706910284","0.12463680362588728","0.21735620183192916"
"2025-12-10","2025-12-11","2025-12-12","10","0.7073551018431479","0.50035124010353","0.7323353353480305","1.4278959805791651","0.6681758114486783","1","8.303783613232259E-06","0.11044724817012705","0.20372833175790805"
"2025-12-11","2025-12-12","2025-12-15","10","0.3475605012166838","0.12079830200599247","0.7860285662720787","1.4152288912817885","0.6559251935494117","3","0.50035124010353","0.17564517064652008","0.22427423917604045"
"2025-12-12","2025-12-15","2025-12-16","10","0.1290278856781113","0.016648195282563758","0.8154802182587166","1.4448278291501377","0.649392340312105","1","0.12079830200599247","0.1442516364150977","0.20909525776390767"
"2025-12-15","2025-12-16","2025-12-17","10","0.053085558071844785","0.002818076475799205","0.7472274046535856","1.4688685085013173","0.6776894089000691","1","0.016648195282563758","0.13628111997652198","0.20851485383800378"
"2025-12-16","2025-12-17","2025-12-18","10","0.20311322521871397","0.041254982258748026","0.7505024697375372","1.503492895749989","0.6791841711799831","1","0.002818076475799205","0.12812482353029978","0.208148515772551"
"2025-12-17","2025-12-18","2025-12-19","10","0.1691365655986754","0.02860717782251503","0.8063486095550052","1.4566870087009305","0.6448081557639573","1","0.041254982258748026","0.13637415922532672","0.20998223688350057"
"2025-12-18","2025-12-19","2025-12-22","10","0.347542741638337","0.12078595726549185","0.7821344587533956","1.4730295748931035","0.6726092277510481","3","0.02860717782251503","0.0420253467691237","0.21127279387813128"
"2025-12-19","2025-12-22","2025-12-23","10","0.05428423001576643","0.002946777628404637","0.7703926018387052","1.3216079602162443","0.6586192276225844","1","0.12078595726549185","0.042022877821023576","0.2143683925513346"
"2025-12-22","2025-12-23","2025-12-24","10","0.20525518514211916","0.04212969102772561","0.7946802255851448","1.374782535809372","0.7020262323978185","1","0.002946777628404637","0.03928259429019175","0.16500806368901516"
"2025-12-23","2025-12-24","2025-12-25","10","0.6508085323034984","0.42355174571903376","0.7569373643372416","1.2533337641918785","0.6522697815133602","1","0.04212969102772561","0.04714491720057703","0.15074488205733197"
"2025-12-24","2025-12-25","2025-12-26","10","0.348868524315773","0.12170924725826508","0.6955044398207477","1.1440587109430618","0.6050663916972127","1","0.42355174571903376","0.12360426989263418","0.0917393807447326"
"2025-12-25","2025-12-26","2025-12-29","10","-0.11033400439736328","0.01217359252635738","0.6958970979895647","1.14428152300249","0.5677620296965108","3","0.12170924725826508","0.14222468377978417","0.0944084759472207"
"2025-12-26","2025-12-29","2025-12-30","10","0.08013495097262568","0.006421610367385122","0.6892763363386483","1.0839897975560113","0.5486495403941756","1","0.01217359252635738","0.1205022108319573","0.09438335289036273"
"2025-12-29","2025-12-30","2026-01-05","10","0.3765524485638061","0.14179174651939783","0.7760163079198261","1.0561378179977816","0.5328052819418161","6","0.006421610367385122","0.1211971773797534","0.09465006074932907"
"2025-12-30","2026-01-05","2026-01-06","10","0.0017019489778669072","2.8966303232622104E-06","0.744050442565792","1.058452445600596","0.5399582226769426","1","0.14179174651939783","0.14112958847808782","0.10083946814497056"
"2026-01-05","2026-01-06","2026-01-07","10","-0.4045416665889756","0.1636539600065859","0.7729142434729832","1.1651930530215726","0.6095207694123091","1","2.8966303232622104E-06","0.05641981866034573","0.100387324567926"
"2026-01-06","2026-01-07","2026-01-08","10","0.17394768406472472","0.030257796791481287","0.7594016961726685","1.1988019401508025","0.6184489601538892","1","0.1636539600065859","0.0648087612100099","0.10767443276414403"
"2026-01-07","2026-01-08","2026-01-09","10","0.5273233978180081","0.2780699658863292","0.7847333777330231","1.1954878757788434","0.6284436378125815","1","0.030257796791481287","0.06842560206303469","0.10582451075182887"
"2026-01-08","2026-01-09","2026-01-13","10","1.350096283835398","1.8227599756261517","0.7738825196074485","1.1409388691208908","0.6324852091715139","4","0.2780699658863292","0.12275527316682351","0.11053852612295455"
"2026-01-09","2026-01-13","2026-01-14","10","0.42590993378472614","0.1813992716965098","0.7839934973040841","1.1701311837818644","0.6063545117670939","1","1.8227599756261517","0.45894891898817425","0.18076552623491124"
"2026-01-13","2026-01-14","2026-01-15","10","0.08962481612018625","0.008032607664577196","0.8136570913705151","1.3431710244535262","0.7004641718842616","1","0.1813992716965098","0.49522819400141155","0.18644273051768698"
"2026-01-14","2026-01-15","2026-01-16","10","-0.40307867983230045","0.16247242213535018","0.8849638698914056","1.3793499483765133","0.7080184692995115","1","0.008032607664577196","0.4641039235330098","0.18482605092485366"
"2026-01-15","2026-01-16","2026-01-19","10","0.053159841327655714","0.0028259687299815326","0.7934748969387788","1.3821419356227067","0.7116599899403183","3","0.16247242213535018","0.49054684860178366","0.19221078357720536"
"2026-01-16","2026-01-19","2026-01-20","10","-0.030276571934941824","0.0009166708081317069","0.7921031479755518","1.370565313232703","0.7060085956849557","1","0.0028259687299815326","0.4354980491705141","0.16959599851477133"
"2026-01-19","2026-01-20","2026-01-21","10","-1.132336150624994","1.2821851580122292","0.828202299216462","1.3462503051391435","0.7247053720716234","1","0.0009166708081317069","0.07112938820691007","0.16414683346032313"
"2026-01-20","2026-01-21","2026-01-22","10","0.908332742462522","0.8250683710294864","0.8869511827136888","1.3376745702120532","0.7018966598863499","1","1.2821851580122292","0.29128656547005394","0.22167124085712614"
"2026-01-21","2026-01-22","2026-01-23","10","0.63236376309175","0.39988392887155894","0.9264456343302063","1.2983518300201213","0.7644832843242794","1","0.8250683710294864","0.45469371814303583","0.2590462542459301"
"2026-01-22","2026-01-23","2026-01-26","10","-1.274187176405338","1.623552960515808","0.9547352878950509","1.3487140036380498","0.796323869329842","3","0.39988392887155894","0.5021760194902776","0.27534757000105786"
"2026-01-23","2026-01-26","2026-01-27","10","-0.4634230150545049","0.21476089088220787","1.028163592677036","1.3321374037204001","0.7764301161271948","1","1.623552960515808","0.8263214178474427","0.3478451055780258"
"2026-01-26","2026-01-27","2026-01-28","10","-0.3336389676928653","0.1113149607631608","0.9446556131732216","1.367897040641238","0.8251926716882068","1","0.21476089088220787","0.869090261862258","0.3521166934696946"
"2026-01-27","2026-01-28","2026-01-29","10","-0.3512685494177292","0.12338959381003568","0.9491494797309779","1.3248352943719683","0.7869928232720723","1","0.1113149607631608","0.6349162224124445","0.3570425199758199"
"2026-01-28","2026-01-29","2026-01-30","10","0.5075431070111946","0.257600005474577","1.0258511286510141","1.3248660901427556","0.7965810963168248","1","0.12338959381003568","0.49458046696855434","0.36073615192047037"
"2026-01-29","2026-01-30","2026-02-02","10","1.1135678646769287","1.2400333892411346","0.9973028891534049","1.3245640289619731","0.7964717585042753","3","0.257600005474577","0.46612368228915785","0.3531928910002678"
"2026-01-30","2026-02-02","2026-02-03","10","0.6528380223438979","0.4261974834178917","1.0498044056815046","1.3244570185481164","0.7955545419909328","1","1.2400333892411346","0.3894197680342232","0.40402580654494363"
"2026-02-02","2026-02-03","2026-02-04","10","0.15207363676950192","0.023126391000302407","1.567956875170799","1.3432997814857635","0.8003456789648653","1","0.4261974834178917","0.43170708654136","0.4228450743127407"
"2026-02-03","2026-02-04","2026-02-05","10","1.491940515660093","2.225886502268104","1.6554622062500286","1.57957587351355","0.8456213747761423","1","0.023126391000302407","0.4140693725887883","0.4236043825233278"
"2026-02-04","2026-02-05","2026-02-06","10","-0.32165542463756247","0.10346221219877064","1.6382073886494446","1.586354677668425","0.8605143188113636","1","2.225886502268104","0.8345687542804019","0.5183359623300873"
"2026-02-05","2026-02-06","2026-02-09","10","1.7956341915931726","3.2243021500184663","1.7360419582677835","1.466749495454312","0.8122648008471985","3","0.10346221219877064","0.8037411956252407","0.5230386584922894"
"2026-02-06","2026-02-09","2026-02-10","10","0.2304736033523247","0.05311808184220469","1.6948681212709196","1.4497194604583323","0.8154437284237912","1","3.2243021500184663","1.200594947780707","0.6621590307655567"
"2026-02-09","2026-02-10","2026-02-12","10","0.47811068239510424","0.22858982462031224","1.850041817735799","1.6548144605790376","0.8721957444751294","2","0.05311808184220469","1.1259790674655696","0.6631981346314988"
"2026-02-10","2026-02-12","2026-02-13","10","0.08978038685329537","0.008060517863527373","1.6010874056768825","1.6897128600777707","0.8850056892734496","1","0.22858982462031224","1.1670717541895717","0.6609490373012252"
"2026-02-12","2026-02-13","2026-02-16","10","-0.08601872233539143","0.007399220592213168","1.608784638754403","1.6545166212218798","0.8823689924653356","3","0.008060517863527373","0.7235065573086563","0.578462698312015"
"2026-02-13","2026-02-16","2026-02-17","10","0.014485568266028315","0.00020983168798976656","1.5003712352821734","1.5387362694364697","0.8235922913004167","1","0.007399220592213168","0.7042939589873448","0.5705536050800015"
"2026-02-16","2026-02-17","2026-02-18","10","0.5363716217139713","0.28769451658007555","1.5010435980474117","1.5069295432732477","0.8224002916181914","1","0.00020983168798976656","0.05947549532124944","0.570198024353793"
"2026-02-17","2026-02-18","2026-02-19","10","0.1332381633006685","0.017752408159735607","1.494819099787354","1.5069008589814767","0.8138443587501036","1","0.28769451658007555","0.10639078226882362","0.5758899377376441"
"2026-02-18","2026-02-19","2026-02-20","10","-0.3342784380703745","0.1117420741587692","1.5308168007007459","1.5209814036673506","0.8161512151486099","1","0.017752408159735607","0.0642232989767083","0.5765684122571784"
"2026-02-19","2026-02-20","2026-02-24","10","0.5540833288488289","0.3070083353081995","1.5543618766890739","1.5193978775664596","0.7965546223518383","4","0.1117420741587692","0.08495961023575666","0.5816059305912982"
"2026-02-20","2026-02-24","2026-02-25","10","0.5965187492061452","0.355834618154464","1.5621083489827676","1.519786221213532","0.8115090074737361","1","0.3070083353081995","0.1448814331789539","0.5372797113774787"
"2026-02-24","2026-02-25","2026-02-26","10","0.4859193882099089","0.23611765183829214","1.5909400109369858","1.5286302516551953","0.751556851577539","1","0.355834618154464","0.21600639047224876","0.515950904428614"
"2026-02-25","2026-02-26","2026-02-27","10","0.3237241675512048","0.10479733665672053","1.5690153685123998","1.5558389303791376","0.7309968887477581","1","0.23611765183829214","0.2056910175238921","0.5085069827452837"
"2026-02-26","2026-02-27","2026-03-02","10","-0.9158035655998209","0.8386961707653454","1.3416776328830249","1.5558081234306964","0.7415810523319114","3","0.10479733665672053","0.22310000322328905","0.43947263620623417"
"2026-02-27","2026-03-02","2026-03-03","10","-0.37245489550384536","0.13872264918478036","1.3558727517942966","1.5089099992917627","0.6681813302012085","1","0.8386961707653454","0.3684908225446043","0.46783333074637673"
"2026-03-02","2026-03-03","2026-03-04","10","-1.9815060676099072","3.926366295974878","1.6648562064200045","1.525348519199108","0.7392602108185027","1","0.13872264918478036","0.33483368531992047","0.4690791347655413"
"2026-03-03","2026-03-04","2026-03-05","10","2.653252766499654","7.0397502429380685","1.8179749776279568","1.6592134552068167","0.738675151451628","1","3.926366295974878","1.0489400208840034","0.6419417121366705"
"2026-03-04","2026-03-05","2026-03-06","10","-0.4949043845213841","0.24493034981849","1.3455611340395839","1.8293124938334153","0.7992789244987898","1","7.0397502429380685","2.4096665391039584","0.9502212683850111"
"2026-03-05","2026-03-06","2026-03-09","10","-2.8419727989864416","8.076809390178829","1.5410320190967783","1.873665425221666","0.883312821396061","3","0.24493034981849","2.437693141736313","0.9049893120476181"
"2026-03-06","2026-03-09","2026-03-10","10","1.2678376407855185","1.6074122833925895","1.4441364868179296","1.8592567382685536","0.9078647134737766","1","8.076809390178829","3.8853157856190093","1.2527443987185698"
"2026-03-09","2026-03-10","2026-03-11","10","0.6698029686904117","0.4486360168664886","1.5142116272509185","1.9965894790485748","0.9484806142056159","1","1.6074122833925895","4.17905371246057","1.3247573938273105"
"2026-03-10","2026-03-11","2026-03-12","10","-0.4079982930807769","0.1664626071568275","1.6176298872329073","2.0823567949013437","0.9846172989440828","1","0.4486360168664886","3.483507656638893","1.2439732808545096"
"2026-03-11","2026-03-12","2026-03-13","10","-0.7378435094693758","0.5444130444660849","1.6131888154285303","2.0963339837515282","1.0191703022259078","1","0.1664626071568275","2.108850129482645","1.246836935170785"
"2026-03-12","2026-03-13","2026-03-16","10","0.4506740608752824","0.20310710914581773","1.5755900159108112","2.100957227116975","1.037657718715807","3","0.5444130444660849","2.168746668412164","1.125023794009313"
"2026-03-13","2026-03-16","2026-03-17","10","0.6374864680536196","0.4063889969514786","1.6940176216768539","1.946233760210981","1.0357848025478544","1","0.20310710914581773","0.5940062122055616","1.1318414770685683"
"2026-03-16","2026-03-17","2026-03-18","10","0.6059065363968641","0.3671227308484444","1.700407508475093","1.8846003777136688","1.0246436369042298","1","0.4063889969514786","0.35380155491733944","1.1399232576290756"
"2026-03-17","2026-03-18","2026-03-19","10","-1.3283395553627964","1.7644859743414316","1.6680589576347618","1.8847037583777475","1.0433932780370896","1","0.3671227308484444","0.33749889771373065","1.1562442673102082"
"2026-03-18","2026-03-19","2026-03-23","10","-1.422927451627739","2.0247225325958116","1.6771588454078052","1.9643869203545514","1.045742917469967","4","1.7644859743414316","0.6571035711506514","1.236111847026082"
"2026-03-19","2026-03-23","2026-03-24","10","2.0411351374773434","4.1662326494446535","1.7275833124554598","2.0917470924829322","1.1037094987918017","1","2.0247225325958116","0.9531654687765968","1.328135151612801"
"2026-03-23","2026-03-24","2026-03-25","10","1.1665387754114764","1.3608127145385072","1.7293761581731826","2.2175617557350225","1.1612481237180936","1","4.1662326494446535","1.7457905768363637","1.5044323394702817"
"2026-03-24","2026-03-25","2026-03-26","10","-0.045461073446639855","0.0020667091989207834","1.8108778849560434","2.2278259950632964","1.213542885641284","1","1.3608127145385072","1.9366753203537699","1.5654805352147712"
"2026-03-25","2026-03-26","2026-03-27","10","-0.37745757844176","0.1424742235231174","1.8032566484412151","2.3069143354974706","1.2468927329606612","1","0.0020667091989207834","1.863664116023865","1.56049529135296"
"2026-03-26","2026-03-27","2026-03-30","10","-2.628919448558944","6.911217467011462","1.8004413380454658","2.2953116194473355","1.2343840552358023","3","0.1424742235231174","1.5392617658602021","1.5530164680900016"
"2026-03-27","2026-03-30","2026-03-31","10","0.05028669519509865","0.002528751713644758","1.8070619611155343","2.289611569412081","1.2426332261095239","1","6.911217467011462","2.5165607527433322","1.8509884157653196"
"2026-03-30","2026-03-31","2026-04-01","10","1.3464526085409712","1.8129346270467857","1.8843888314269557","2.318384933695238","1.3424233442081923","1","0.002528751713644758","1.6838199731971304","1.8403707384869266"
"2026-03-31","2026-04-01","2026-04-02","10","0.14299843926178446","0.02044855363130626","1.5064453867486076","2.3420481097546957","1.349948998921646","1","1.8129346270467857","1.7742443556987861","1.918013342595566"
"2026-04-01","2026-04-02","2026-04-03","10","0.29334459231106447","0.08605104983814463","1.5311827301394199","2.594654773181838","1.3997762087787318","1","0.02044855363130626","1.7779207245852633","1.8808202690894733"
"2026-04-02","2026-04-03","2026-04-06","10","0.05290229218184783","0.0027986525180935984","1.5953918085498195","2.6279504114389196","1.3696525726476918","3","0.08605104983814463","1.766636089848269","1.878426105482808"
"2026-04-03","2026-04-06","2026-04-07","10","0.3887516359142218","0.15112783442598365","1.4819289400495628","2.5596300472988007","1.3843068860214327","1","0.0027986525180935984","0.38495232694959497","1.7000821216893185"
"2026-04-06","2026-04-07","2026-04-08","10","1.3657257779564347","1.8652069005747087","1.4747506842390459","2.443732609766452","1.3504323479142935","1","0.15112783442598365","0.4146721434920627","1.3869629213024053"
"2026-04-07","2026-04-08","2026-04-09","10","0.29655152302304644","0.08794280580728844","1.28390155871791","2.40981064834125","1.2983344011596143","1","1.8652069005747087","0.42512659819764737","1.4606118554276881"
"2026-04-08","2026-04-09","2026-04-10","10","0.2523823526730862","0.06369685194080205","1.2769111226942975","2.666336642389264","1.3331751290969271","1","0.08794280580728844","0.4386254486328438","1.0974815561380724"
"2026-04-09","2026-04-10","2026-04-13","10","-0.04861534188846828","0.0023634514669326583","1.2673961100971949","2.4299924488789597","1.2761301629545732","3","0.06369685194080205","0.43415460905337533","1.027312672890264"
"2026-04-10","2026-04-13","2026-04-14","10","0.3571840198501619","0.12758042403632086","1.2522010746483567","2.3835460004892206","1.2430002342335165","1","0.0023634514669326583","0.4340675688431431","1.0070275562811932"
"2026-04-13","2026-04-14","2026-04-15","10","0.44562201238958815","0.19857897792614626","1.236089179050429","2.3691664799360477","1.2293296771909692","1","0.12758042403632086","0.42935808676521053","1.0052601843211701"
"2026-04-14","2026-04-15","2026-04-16","10","0.37407660776877627","0.13993330847979488","1.1920727102815032","2.415117591502675","1.2241802308954897","1","0.19857897792614626","0.09603250223549806","0.9895404540239003"
"2026-04-15","2026-04-16","2026-04-17","10","-0.07181560599886394","0.005157481264984063","1.2392588624725582","2.4042154693035416","1.1849670573015911","1","0.13993330847979488","0.10643060276999934","0.9866689176299901"
"2026-04-16","2026-04-17","2026-04-20","10","0.4199816606295504","0.17638459526515485","1.2225514998038243","2.457066923387751","1.1893024692538707","3","0.005157481264984063","0.09472272863483575","0.9684311214624223"
"2026-04-17","2026-04-20","2026-04-21","10","0.1960526628121495","0.03843664659573439","1.1716102612253945","2.485198151268193","1.1740028903198263","1","0.17638459526515485","0.12952695739448017","0.9597612062086363"
"2026-04-20","2026-04-21","2026-04-22","10","0.07935175349980339","0.00629670078349356","1.0437170811272216","2.4122728979885464","1.1672315809998814","1","0.03843664659573439","0.11169820190636288","0.8813044185838318"
"2026-04-21","2026-04-22","2026-04-23","10","-0.04564975345460964","0.002083899990466645","0.9280936134740042","2.309978538130884","1.1104708575801927","1","0.00629670078349356","0.07324174647783234","0.78955778986509"
"2026-04-22","2026-04-23","2026-04-24","10","0.10074962148122978","0.010150486228611076","0.9444429538532793","2.189280197825425","1.053826037049338","1","0.002083899990466645","0.0456718647799667","0.6002783012535362"
"2026-04-23","2026-04-24","2026-04-27","10","0.35461095483387717","0.12574892928819406","0.9801666347138276","2.1737963929381214","0.993067560859676","3","0.010150486228611076","0.04667046577269211","0.5388845636030863"
"2026-04-24","2026-04-27","2026-04-28","10","1.4942995724098573","2.2329312121042824","0.9739843550015838","2.0964837845211184","0.947844919758163","1","0.12574892928819406","0.03654333257729995","0.5445064826980534"
"2026-04-27","2026-04-28","2026-04-30","10","-0.8496264704763213","0.7218651393340514","0.8091407334613034","2.116092262595008","0.9487408044007434","2","2.2329312121042824","0.47544224567900956","0.6395272549062881"
"2026-04-28","2026-04-30","2026-05-01","10","0.00696782919835659","4.855064373747064E-05","0.9360866527392631","2.125346516933232","0.9376279750163298","1","0.7218651393340514","0.6185559333891211","0.35819305819367836"
"2026-04-30","2026-05-01","2026-05-07","10","0.5953657346346131","0.3544603579770125","0.8765814799982199","2.053005188346798","0.7908927951756015","6","4.855064373747064E-05","0.6181488635197752","0.35808032178140986"
"2026-05-01","2026-05-07","2026-05-08","10","-0.06172429715537109","0.0038098888593245516","0.884203310871016","2.0266831423654232","0.7641244205475163","1","0.3544603579770125","0.6870108378694556","0.29178603682369286"
"2026-05-07","2026-05-08","2026-05-11","10","0.7703683344038414","0.5934673706521488","0.8750966893101431","2.06745227273107","0.7155887377588716","3","0.0038098888593245516","0.6626230297836816","0.29102973387951186"
"2026-05-08","2026-05-11","2026-05-12","10","1.0309736334297448","1.0629066328273298","0.8645427902660143","2.004892205300002","0.7063604745216923","1","0.5934673706521488","0.3347302614932549","0.3140941120983302"
"2026-05-11","2026-05-12","2026-05-13","10","0.22732449506537078","0.05167642605672578","0.9452543400959961","1.9894013949036096","0.6869168256069006","1","1.0629066328273298","0.4029385601919106","0.36228083847602277"
"2026-05-12","2026-05-13","2026-05-14","10","-0.15695786643344145","0.024635771835338046","0.9436106099785448","1.9890837701415063","0.6895405013976712","1","0.05167642605672578","0.41326413527450834","0.3577603199137838"
"2026-05-13","2026-05-14","2026-05-15","10","-0.19787950276073607","0.039156297612836156","0.9667299142142873","1.9971960284627042","0.6965747508976649","1","0.024635771835338046","0.3472992180461734","0.274097995880176"
"2026-05-14","2026-05-15","2026-05-18","10","0.13642545959787755","0.018611906026492122","0.9596059706121496","1.6469735672997639","0.5825551191877109","3","0.039156297612836156","0.3543684997968757","0.2718804273258828"
"2026-05-15","2026-05-18","2026-05-19","10","0.8825678427041784","0.7789259969755075","0.7408986370585229","1.6933602604087443","0.5861101633062804","1","0.018611906026492122","0.23939740687174438","0.269831111602505"
"2026-05-18","2026-05-19","2026-05-20","10","0.0448918546241972","0.002015278611600056","0.744153447195499","1.6600957648972146","0.5700899272361156","1","0.7789259969755075","0.1826012797013799","0.3051294091256221"
"2026-05-19","2026-05-20","2026-05-21","10","0.7097076035341288","0.5036848825141561","0.777910356238165","1.6551945315998309","0.5549384769408398","1","0.002015278611600056","0.17266905021235474","0.2994219025154075"
"2026-05-20","2026-05-21","2026-05-22","10","0.08891140624723848","0.007905238160861477","1.0463844200452055","1.5936327451260182","0.5095283617139589","1","0.5036848825141561","0.26847887234811835","0.3132903527239534"
"2026-05-21","2026-05-22","2026-05-25","10","-0.058078737174528376","0.0033731397117879444","0.8316594275333916","1.7262013580271844","0.5296860096770125","3","0.007905238160861477","0.2622286604577234","0.3072890768003655"
"2026-05-22","2026-05-25","2026-05-26","10","-0.22163843294683686","0.0491235949591295","1.0746615986724002","1.7462221410828198","0.520365869355156","1","0.0033731397117879444","0.2591809071947826","0.3072079703661293"
"2026-05-25","2026-05-26","2026-05-27","10","-0.029945070699729518","0.0008967072592117993","1.2894565794502306","1.8123990940358503","0.5229547020847335","1","0.0491235949591295","0.11322042679150704","0.3014233794431282"
"2026-05-26","2026-05-27","2026-05-28","10","-0.06858702146996465","0.0047041795141213915","1.093763698227683","1.8087049122866534","0.5084137424928434","1","0.0008967072592117993","0.11299671252102939","0.29971701856419536"
"2026-05-27","2026-05-28","2026-05-29","10","0.0839186390975799","0.007042337987989867","1.307064393268918","1.7986962737948415","0.5644800021602335","1","0.0047041795141213915","0.013200571921022423","0.29964463123376933"
"2026-05-28","2026-05-29","2026-06-01","10","-0.43871380415711037","0.1924698019580034","1.3248219694739467","1.7994921431556115","0.562594272714159","3","0.007042337987989867","0.013027991886448102","0.2998700147791113"
"2026-05-29","2026-06-01","2026-06-02","10","-0.5520087188714573","0.30471362571010757","1.146766979041521","1.8717829498331482","0.5777524908841463","1","0.1924698019580034","0.05084732433569119","0.3081572564031746"
"2026-06-01","2026-06-02","2026-06-03","10","0.1300302575551926","0.016907867879869722","1.0968053225268104","1.8703624459323516","0.5697696749881483","1","0.30471362571010757","0.10196533048588681","0.31629201533144335"
"2026-06-02","2026-06-03","2026-06-04","10","-0.7826539999578562","0.612547283650032","1.188862973219011","1.8483405295577033","0.5749852053277025","1","0.016907867879869722","0.1051675626100184","0.21556368150306104"
"2026-06-03","2026-06-04","2026-06-05","10","0.297272485273149","0.08837093050047458","1.1891016173051538","1.911186339513312","0.597126617975083","1","0.612547283650032","0.22673618343720053","0.21059468806287834"
"2026-06-04","2026-06-05","2026-06-08","10","-1.5074530034130296","2.2724145574989634","1.171457977707994","1.919963810007792","0.6010936046045985","3","0.08837093050047458","0.24300190193969745","0.21460934169273002"
"2026-06-05","2026-06-08","2026-06-09","10","0.8391620873429863","0.7041930088338377","1.0395355093041094","1.9383762180138282","0.6105721033143148","1","2.2724145574989634","0.6589908530478894","0.30178907803463684"
"2026-06-08","2026-06-09","2026-06-10","10","0.25123391400100115","0.06311847954426245","1.0824988822543167","1.7366034159396138","0.5889051831077085","1","0.7041930088338377","0.7388867296726355","0.33362467439711474"
"2026-06-09","2026-06-10","2026-06-11","10","-0.8180393217875481","0.6691883319906317","0.9979082019322316","1.7969418146558849","0.6189456271765931","1","0.06311847954426245","0.7481288520055139","0.3095179066194836"
"2026-06-10","2026-06-11","2026-06-12","10","0.24797425229188377","0.06149122979971883","0.8739979594752729","1.8388900724966326","0.6150295698149247","1","0.6691883319906317","0.7594570616736339","0.29162162021781546"
"2026-06-11","2026-06-12","2026-06-15","10","0.901798891375869","0.8132412404867464","0.8496041166935981","1.8355860560637514","0.6732787876467596","3","0.06149122979971883","0.7540811215334828","0.2920677476606788"
"2026-06-12","2026-06-15","2026-06-16","10","-0.025043384729374063","0.000627171118703446","0.9362155316352172","1.9222959609422732","0.7354990611493907","1","0.8132412404867464","0.46224645813103943","0.3279134507811974"
"2026-06-15","2026-06-16","2026-06-17","10","0.2572710825452329","0.06618840991399604","0.9704994444925609","2.1876417612958545","0.7756874484131207","1","0.000627171118703446","0.3215332905880125","0.3261621268496459"
"2026-06-16","2026-06-17","2026-06-18","10","0.4022243075322385","0.16178439356978874","0.9289105932542693","2.146411078165986","0.7719611916691709","1","0.06618840991399604","0.32214727666195925","0.3283246952081688"
"2026-06-17","2026-06-18","2026-06-19","10","-0.022814963571961","0.0005205225627899074","0.9088627611015992","2.141967606290097","0.7806887324152924","1","0.16178439356978874","0.22066648897779068","0.30027280414427254"
"2026-06-18","2026-06-19","2026-06-22","10","0.5470782107660266","0.299294568694957","0.8488589766244135","2.1685620801239325","0.7729413845368364","3","0.0005205225627899074","0.20847234753040494","0.30020486068750846"
"2026-06-19","2026-06-22","2026-06-23","10","-0.21214130981861423","0.04500393533155727","0.754253811034939","2.153395472685726","0.7872047796566979","1","0.299294568694957","0.10568301317204702","0.2909143918775448"
"2026-06-22","2026-06-23","2026-06-24","10","0.10862325344541013","0.011799011189065803","0.8489377895516304","2.0729603421007394","0.7624521696369907","1","0.04500393533155727","0.1145583660146178","0.2926006962943946"
"2026-06-23","2026-06-24","2026-06-25","10","0.7985893323095217","0.6377449216785677","0.7809689635548245","2.1310776022043756","0.7584703229531927","1","0.011799011189065803","0.10368048626963174","0.2929836904524527"
"2026-06-24","2026-06-25","2026-06-26","10","-0.12421541601569606","0.015429469575952443","0.8453155145362414","2.0497982367432313","0.7526533314601418","1","0.6377449216785677","0.19887259189138753","0.31973920530333627"
"2026-06-25","2026-06-26","2026-06-29","10","0.667257892060692","0.44523309451727805","0.8625673188593221","2.272954918253518","0.8058631169864262","3","0.015429469575952443","0.20185438129402003","0.32039978540864267"
"2026-06-26","2026-06-29","2026-06-30","10","0.34806279965960196","0.12114771250688021","0.8190467472329696","2.439332128722629","0.7976694344135304","1","0.44523309451727805","0.23104208645848426","0.34042382699969526"
"2026-06-29","2026-06-30","2026-07-01","10","-0.02797619251955763","0.0007826673478913522","0.8771210445535409","2.4374852849260686","0.7978156734528017","1","0.12114771250688021","0.24627084189354886","0.3456104349323721"
"2026-06-30","2026-07-01","2026-07-02","10","0.8971657678614575","0.8049064150224386","0.8743565401422417","2.384065601716652","0.8070419677205549","1","0.0007826673478913522","0.244067573125314","0.3368973833591852"
"2026-07-01","2026-07-02","2026-07-03","10","0.8322879232200108","0.6927031871378786","0.8765600248878205","2.379441421099822","0.8355449543477907","1","0.8049064150224386","0.2774998717940881","0.3596334192370184"
"2026-07-02","2026-07-03","2026-07-06","10","0.572818924213444","0.32812151993704736","0.9084102076283255","2.4362548900067917","0.840260340378482","3","0.6927031871378786","0.41295461530647337","0.39035138829420063"
"2026-07-03","2026-07-06","2026-07-07","10","0.50026854810716","0.2502686202252459","0.9174880053979362","2.397860318337303","0.8248605434361492","1","0.32812151993704736","0.38953230039042724","0.37742294448906494"
"2026-07-06","2026-07-07","2026-07-08","10","0.03561169389297292","0.0012681927419268045","0.7990035539033238","2.3802210895387668","0.8104585187996305","1","0.2502686202252459","0.41535648193410035","0.3847819303856454"
"2026-07-07","2026-07-08","2026-07-09","10","-0.03253425618698791","0.001058477825640561","0.8661042161700097","2.4067820878417803","0.8071019818993254","1","0.0012681927419268045","0.41545358701290747","0.281548004714871"
"2026-07-08","2026-07-09","2026-07-10","10","0.6830717821343257","0.46658705954816376","0.8754399266375608","2.306650572195837","0.7994782343977216","1","0.001058477825640561","0.25468399957354787","0.24958734421449844"
"2026-07-09","2026-07-10","2026-07-13","10","0.5329604150088818","0.2840468039664395","0.8014706919590651","2.278779692591697","0.7774437502057041","3","0.46658705954816376","0.20946077405560487","0.2679268251237667"
"2026-07-10","2026-07-13","2026-07-14","10","0.4802171188032156","0.2306084811916617","0.8803981620977673","2.2573917001394084","0.8013920221052779","1","0.2840468039664395","0.2006458308614833","0.25042039203175787"
"2026-07-13","2026-07-14","2026-07-15","10","0.7140230329620212","0.5098288916002836","0.8305479863212566","2.2940986547211892","0.7513804504464663","1","0.2306084811916617","0.19671380305476643","0.2581075398223007"
"2026-07-14","2026-07-15","2026-07-16","10","0.14240866122028573","0.02028022679055411","0.9678834627090593","2.220332167621936","0.6848289881427382","1","0.5098288916002836","0.29842594282643786","0.2443160694183706"
"2026-07-15","2026-07-16","2026-07-17","10","-0.3822173343622781","0.1460900906870055","0.9704941901432397","1.9739776561228068","0.6436271033916154","1","0.02028022679055411","0.3022702926194205","0.24520939013072748"
"2026-07-16","2026-07-17","2026-07-21","10","0.34671067146843537","0.12020828971009333","0.9648859690534325","2.0612821138249116","0.695581347233321","4","0.1460900906870055","0.2381708988471889","0.2488412847113188"
"2026-07-17","2026-07-21","2026-07-22","10","0.17399813380486573","0.030275350567575958","0.8765482266848551","2.228058854539676","0.7027387388037183","1","0.12020828971009333","0.20540319599591964","0.24695146180860536"
"2026-07-21","2026-07-22","2026-07-23","10","-0.3733672674710431","0.13940311641879344","0.884146279911365","2.3073923076031293","0.7109289555638445","1","0.030275350567575958","0.16533656987110248","0.24830395399064112"
"2026-07-22","2026-07-23","2026-07-24","10","-0.6464961973278449","0.4179573331593638","0.8747986061924038","2.3069436004893733","0.6985811937454609","1","0.13940311641879344","0.09125141483480446","0.24103616070536102"
"2026-07-23","2026-07-24","2026-07-27","10","0.8202367733227088","0.6727883643108489","0.9076667719348231","2.2853181623470236","0.7033625861330466","3","0.4179573331593638","0.1707868361085664","0.2579885878793522"
"2026-07-24","2026-07-27","2026-07-28","10","-0.08441387338176343","0.007125702019312388","0.8731106368274905","2.233659464600666","0.7529330737587577","1","0.6727883643108489","0.27612649083333507","0.2880335584757969"
"2026-07-27","2026-07-28","2026-07-29","10","0.7823724045450832","0.6121065793936553","0.8032459849357206","2.228288623194907","0.7729831889460576","1","0.007125702019312388","0.2535099732951789","0.2593690484912853"
"2026-07-28","2026-07-29","2026-07-30","10","-0.7474701827637253","0.558711674120837","0.8002641962596755","2.169754147110855","0.7281696335535419","1","0.6121065793936553","0.36987621906039475","0.2864907353011809"
"2026-07-29","2026-07-30","2026-07-31","10","-0.01817911611237233","0.0003304802626271152","0.8282136254284964","2.0062534484231036","0.7025575316797743","1","0.558711674120837","0.4537379306008035","0.29164885255588807"
"2026-07-30","2026-07-31","2026-08-03","10","-0.16445779857313325","0.027046367511521268","0.8741213315907798","2.011609284230097","0.7010374180708047","3","0.0003304802626271152","0.3702125600214562","0.28615716018114923"
"2026-07-31","2026-08-03","2026-08-04","10","-0.14408086650875673","0.02075929609391418","0.8003099695288874","2.179983149219835","0.6756433396709894","1","0.027046367511521268","0.24106416066159064","0.28735096473404154"
"2026-08-03","2026-08-04","2026-08-05","10","0.6143407650253163","0.3774145755718909","0.8716524209252517","2.185636010179921","0.6633544813265814","1","0.02075929609391418","0.24379087947651099","0.25170791387365404"
"2026-08-04","2026-08-05","2026-08-06","10","-0.18952972634959764","0.035921517170153364","0.7999523754587108","2.122248400118141","0.6551166946083263","1","0.3774145755718909","0.19685247871215808","0.23737661334792734"
"2026-08-05","2026-08-06","2026-08-07","10","-0.7525329893561206","0.5663059000692591","0.8437022376796313","2.2395475001273315","0.6854970492340421","1","0.035921517170153364","0.09229444732202137","0.22409479504034122"
"2026-08-06","2026-08-07","2026-08-10","10","0.02121194947243832","0.00044994680042127625","0.8385875810328718","2.248323274677857","0.6941960175247728","3","0.5663059000692591","0.20548953128334774","0.2384601259423418"
"2026-08-07","2026-08-10","2026-08-12","10","0.680052262236106","0.4624710793724455","0.9096533151117725","2.2024194170832367","0.6892906990526064","2","0.00044994680042127625","0.2001702471411278","0.23842293294500064"
"2026-08-10","2026-08-12","2026-08-13","10","0.017725726984250123","0.00031420139712017296","0.9292710063045229","2.2011963517188176","0.674321794656311","1","0.4624710793724455","0.2885126037968341","0.25939623301530995"
"2026-08-12","2026-08-13","2026-08-14","10","-0.6115694349621259","0.37401717377989396","0.9193440345326792","2.1884426901090883","0.6704525398330937","1","0.00031420139712017296","0.2130925289618799","0.23820201219026255"
"2026-08-13","2026-08-14","2026-08-17","10","-0.6329778029803712","0.4006608990658576","0.9263435553395645","2.1874719033594574","0.6439274071717637","3","0.37401717377989396","0.28071166028382805","0.24229157445451047"
"2026-08-14","2026-08-17","2026-08-18","10","-0.10445865609864045","0.010911610833934035","0.9963001953642296","2.152625648752158","0.6611774773946023","1","0.4006608990658576","0.24758266008314772","0.25002122981242847"
"2026-08-17","2026-08-18","2026-08-19","10","-0.35864477549621854","0.128626074990733","1.1074116802593679","2.1525055296765694","0.6588635186182547","1","0.010911610833934035","0.24967499288985023","0.22734317159577622"
"2026-08-18","2026-08-19","2026-08-20","10","0.7306583629127905","0.5338616432943991","1.1004728645810538","2.196892876962885","0.6642942324576436","1","0.128626074990733","0.18290599201350774","0.23226798287760256"
"2026-08-19","2026-08-20","2026-08-21","10","-0.3337609824724608","0.11139639342098227","1.1065569448596415","2.219977869365025","0.6431409585306027","1","0.5338616432943991","0.28961548039296353","0.249893962541575"
"2026-08-20","2026-08-21","2026-08-24","10","0.18180661384594954","0.03305364483813021","1.0625378995946666","2.067365108670838","0.63735148179273","3","0.11139639342098227","0.23709132432118118","0.24949342180116085"
"2026-08-21","2026-08-24","2026-08-25","10","-0.02970333659421898","0.0008822882048294683","1.1706592928704465","1.9480913369477784","0.6729266820532929","1","0.03305364483813021","0.16356987347563573","0.24961970790436788"
"2026-08-24","2026-08-25","2026-08-26","10","0.10356102048721838","0.010724884964354066","1.1230715424594","1.9541025366208493","0.6693975485655493","1","0.0008822882048294683","0.16156400894981482","0.24332330662191498"
"2026-08-25","2026-08-26","2026-08-27","10","0.22589175494400537","0.05102708495168257","1.1640152936468147","1.954514894557898","0.6709101670733059","1","0.010724884964354066","0.13798377094453904","0.2248127407948691"
"2026-08-26","2026-08-27","2026-08-28","10","-0.08388747067913482","0.007037107736942705","1.120247293888179","1.8706459203902008","0.6199699814550282","1","0.05102708495168257","0.04141685927599571","0.19655086446036155"
"2026-08-27","2026-08-28","2026-08-31","10","-0.3446389611500422","0.11877601354258031","0.9909488860872978","1.8681321961948705","0.6150414475137047","3","0.007037107736942705","0.020545002139187803","0.19654683744752655"
"2026-08-28","2026-08-31","2026-09-01","10","-0.07042339198891523","0.00495945413922441","0.9686191204355113","1.6696316426056563","0.6015390446573381","1","0.11877601354258031","0.03768947588007783","0.17412272081793223"
"2026-08-31","2026-09-01","2026-09-02","10","-1.0589940837810907","1.1214684694833519","0.9775220620840924","1.6393094040179836","0.6339308255186299","1","0.00495945413922441","0.03850490906695681","0.14895216536422257"
"2026-09-01","2026-09-02","2026-09-03","10","0.46732685334311297","0.2183943878555754","0.9434472829330159","1.63269541637736","0.6457117922170509","1","1.1214684694833519","0.26065362597075636","0.19991298305607372"
"2026-09-02","2026-09-03","2026-09-04","10","0.1933208880107129","0.0373729657412506","0.9685735420431787","1.5155499176224294","0.723761438645879","1","0.2183943878555754","0.29412708655153497","0.2086106203444398"
"2026-09-03","2026-09-04","2026-09-07","10","0.11285252019699321","0.012735691314812761","0.9152889493902576","1.5025989476949289","0.7147384999494946","3","0.0373729657412506","0.30019425815239653","0.20936578714659146"
"2026-09-04","2026-09-07","2026-09-08","10","-0.4570787382667407","0.20892097297551568","0.9179792713836072","1.5247639655231153","0.716455931956493","1","0.012735691314812761","0.278986193706843","0.1927894742258152"
"2026-09-07","2026-09-08","2026-09-09","10","-0.289992426074418","0.08409560718052679","0.7306012766086722","1.3854127825825513","0.7130011643454481","1","0.20892097297551568","0.31977849747410125","0.20065308585333164"
"2026-09-08","2026-09-09","2026-09-10","10","-0.346744719370613","0.12023190041140518","0.718356893982994","1.4183596508718253","0.7234261001527126","1","0.08409560718052679","0.11230392501353625","0.1787344361765711"
"2026-09-09","2026-09-10","2026-09-11","10","-0.8518433319392938","0.7256370621694379","0.794547127309043","1.41874432013909","0.7255806984802056","1","0.12023190041140518","0.0926714275247022","0.1841790704316158"
"2026-09-10","2026-09-11","2026-09-14","10","0.10228327125970771","0.01046186757958695","0.7873978865585372","1.3484289981419328","0.7294294646652678","3","0.7256370621694379","0.23032424681033964","0.19614116055875178"
"2026-09-11","2026-09-14","2026-09-15","10","-0.16100465142263376","0.025922497779723802","0.8907999181351224","1.3987331668957441","0.7984071905872698","1","0.01046186757958695","0.2298694820632945","0.1966024181125003"
"2026-09-14","2026-09-15","2026-09-16","10","0.8167161902672647","0.6670253354446749","0.8193171342543136","1.387408275168828","0.7907874739850137","1","0.025922497779723802","0.19326978702413614","0.18077993283976526"
"2026-09-15","2026-09-16","2026-09-17","10","0.15073418508017022","0.02272079455178301","0.8157694839264202","1.3816352883482133","0.7817063278527565","1","0.6670253354446749","0.30985573267696576","0.1928874072206206"
"2026-09-16","2026-09-17","2026-09-18","10","0.034949243175423916","0.001221449598534915","0.8164661724095289","1.38056118640334","0.7825129171393969","1","0.02272079455178301","0.29035351150504135","0.1934241882987047"
"2026-09-17","2026-09-18","2026-09-24","10","-0.06220988279762363","0.003870069517694068","0.811383478769393","1.271734971086258","0.8104904441720191","6","0.001221449598534915","0.1454703889908607","0.1876330689626956"
"2026-09-18","2026-09-24","2026-09-25","10","0.5174076680786732","0.2677106949866105","0.8011584651154904","1.1173328659007344","0.8048319613627252","1","0.003870069517694068","0.14415202937848212","0.16354254288193634"
"2026-09-24","2026-09-25","2026-09-28","10","0.18269876681813346","0.03337883939686671","0.7987929472280567","1.091029096001112","0.8078798940403287","3","0.2677106949866105","0.19250966881985948","0.17064773840764672"
"2026-09-25","2026-09-28","2026-09-29","10","-0.7263207532153004","0.5275418365512413","0.8044436285602632","1.1237142610396758","0.7679781318284002","1","0.03337883939686671","0.06578036961029785","0.17066251997849838"
"2026-09-28","2026-09-29","2026-09-30","10","0.19832272054270073","0.03933190148345817","0.7789424923268545","1.1235231970159776","0.7692319314653392","1","0.5275418365512413","0.1667445780101895","0.19460159035788074"
"2026-09-29","2026-09-30","2026-10-01","10","-0.656293269232392","0.4307208552397409","0.8395414472002296","1.1257644132915963","0.7685645125773676","1","0.03933190148345817","0.17436666838717416","0.19590190929056728"
"2026-09-30","2026-10-01","2026-10-02","10","-0.6088958631390495","0.3707541721478481","0.7862330979548037","1.1923654535038266","0.792754715349268","1","0.4307208552397409","0.25973682553158356","0.21316071703093356"
"2026-10-01","2026-10-02","2026-10-05","10","0.21856583982188593","0.0477710263370463","0.7407878153575587","1.3838490387272295","0.7834831241494256","3","0.3707541721478481","0.2803455209638311","0.2296933108677929"
"2026-10-02","2026-10-05","2026-10-06","10","0.2161800076774645","0.046733795719428615","0.7441711111928455","1.395459295608779","0.8082831486672376","1","0.0477710263370463","0.283223958351867","0.22646581144935957"
"2026-10-05","2026-10-06","2026-10-07","10","-0.2632032711981558","0.06927596196940994","0.7030778283653103","1.4857905575453836","0.8126114982113454","1","0.046733795719428615","0.1870623501855044","0.22836464515755067"
"2026-10-06","2026-10-07","2026-10-08","10","-0.44606603485020546","0.1989749074469847","0.6720192786734919","1.502361019534955","0.800963955899655","1","0.06927596196940994","0.19305116228269478","0.18053771299782603"
