"forecast_date","target_date","sell_date","model_year","pred_raw_pct2","pred_variance_pct2","pred_sigma_pct","realized_variance_pct2","realized_ret_pct","gap_days","source","recal_adj"
"2023-12-29","2024-01-04","2024-01-05","2024","0.1603162217881479","0.1603162217881479","0.40039508212283015","0.05058670013208056","0.2249148730788619","1","overnight_har","1"
"2024-01-04","2024-01-05","2024-01-09","2024","0.18032582335767522","0.18032582335767522","0.4246478816121366","0.081782245265132","0.2859759522497163","4","overnight_har","1"
"2024-01-05","2024-01-09","2024-01-10","2024","0.12549708187730255","0.12549708187730255","0.35425567303474836","0.013321808455339871","0.11542013886380431","1","overnight_har","1"
"2024-01-09","2024-01-10","2024-01-11","2024","0.14954721700076204","0.14954721700076204","0.38671335249867184","1.0870759980340983","1.0426293675290843","1","overnight_har","1"
"2024-01-10","2024-01-11","2024-01-12","2024","0.2125114256082263","0.2125114256082263","0.46098961551018297","0.2700955676098203","0.5197071941101261","1","overnight_har","1"
"2024-01-11","2024-01-12","2024-01-15","2024","0.49595257301690465","0.49595257301690465","0.7042390027660387","0.0006717654010184071","-0.025918437472548517","3","overnight_har","1"
"2024-01-12","2024-01-15","2024-01-16","2024","0.3016376818092664","0.3016376818092664","0.5492155149021798","0.07080425402312482","0.26609068759189003","1","overnight_har","1"
"2024-01-15","2024-01-16","2024-01-17","2024","0.19706812045949781","0.19706812045949781","0.443923552494681","0.15482684607979535","0.3934804265523196","1","overnight_har","1"
"2024-01-16","2024-01-17","2024-01-18","2024","0.18910000754686535","0.18910000754686535","0.43485630678060233","0.00020615505240212864","0.014358100584761503","1","overnight_har","1"
"2024-01-17","2024-01-18","2024-01-19","2024","0.21569444200736407","0.21569444200736407","0.4644291571460216","0.4807742946593863","0.6933788968950427","1","overnight_har","1"
"2024-01-18","2024-01-19","2024-01-22","2024","0.33224924456689114","0.33224924456689114","0.5764106561878355","0.6275075918547385","0.7921537678094692","3","overnight_har","1"
"2024-01-19","2024-01-22","2024-01-23","2024","0.16986286375338777","0.16986286375338777","0.4121442268834877","0.06292938300146961","0.25085729608976814","1","overnight_har","1"
"2024-01-22","2024-01-23","2024-01-24","2024","0.19772087469742897","0.19772087469742897","0.44465815487566285","0.004821201263666531","0.06943487066068843","1","overnight_har","1"
"2024-01-23","2024-01-24","2024-01-25","2024","0.24074263918625766","0.24074263918625766","0.4906553160684776","0.09743411724835584","-0.31214438525841826","1","overnight_har","1"
"2024-01-24","2024-01-25","2024-01-26","2024","0.17974463598876697","0.17974463598876697","0.4239630125244028","0.03723332840324308","-0.19295939573714227","1","overnight_har","1"
"2024-01-25","2024-01-26","2024-01-29","2024","0.39323345336531496","0.39323345336531496","0.6270832906124313","0.940710160958254","0.9699021398874497","3","overnight_har","1"
"2024-01-26","2024-01-29","2024-01-30","2024","0.17607262377266328","0.17607262377266328","0.41961008540389405","0.0773079442035308","0.2780430617791618","1","overnight_har","1"
"2024-01-29","2024-01-30","2024-01-31","2024","0.2053986720209419","0.2053986720209419","0.4532093026637272","0.044348920404131895","-0.21059183365964573","1","overnight_har","1"
"2024-01-30","2024-01-31","2024-02-01","2024","0.22516581210731568","0.22516581210731568","0.4745163981437477","0.7801906060705579","-0.8832839894793508","1","overnight_har","1"
"2024-01-31","2024-02-01","2024-02-02","2024","0.205041660598873","0.205041660598873","0.45281526100483077","0.00991757782426246","0.09958703642674814","1","overnight_har","1"
"2024-02-01","2024-02-02","2024-02-05","2024","0.6361635292900369","0.6361635292900369","0.7975986016098805","0.5270918643521997","0.7260109257801839","3","overnight_har","1"
"2024-02-02","2024-02-05","2024-02-06","2024","0.2021123988258329","0.2021123988258329","0.4495691257480132","0.0625044912127713","-0.25000898226418045","1","overnight_har","1"
"2024-02-05","2024-02-06","2024-02-07","2024","0.24046156981774156","0.24046156981774156","0.49036880999686505","0.24913651335134201","-0.49913576645171603","1","overnight_har","1"
"2024-02-06","2024-02-07","2024-02-08","2024","0.23114462769696592","0.23114462769696592","0.4807750281545059","0.6503731900832319","-0.8064571842839717","1","overnight_har","1"
"2024-02-07","2024-02-08","2024-02-09","2024","0.22177375652834916","0.22177375652834916","0.4709286108619322","0.15010601841027899","-0.3874351796239972","1","overnight_har","1"
"2024-02-08","2024-02-09","2024-02-13","2024","0.379063733806286","0.379063733806286","0.6156815197862333","0.39727668725108317","0.6302988872361137","4","overnight_har","1"
"2024-02-09","2024-02-13","2024-02-14","2024","0.2414177719420085","0.2414177719420085","0.49134282526766226","0.2976561327966699","-0.545578713657956","1","overnight_har","1"
"2024-02-13","2024-02-14","2024-02-15","2024","0.28181499879110733","0.28181499879110733","0.5308625046008687","0.45235855273945547","0.6725760572154316","1","overnight_har","1"
"2024-02-14","2024-02-15","2024-02-16","2024","0.36852243019953057","0.36852243019953057","0.6070604831477096","0.453953487974032","0.6737607052760142","1","overnight_har","1"
"2024-02-15","2024-02-16","2024-02-19","2024","0.6883895326344748","0.6883895326344748","0.8296924325522529","0.014957496503973164","-0.12230084424881606","3","overnight_har","1"
"2024-02-16","2024-02-19","2024-02-20","2024","0.38846732841649917","0.38846732841649917","0.6232714724873096","0.011916212413061478","0.10916140532743923","1","overnight_har","1"
"2024-02-19","2024-02-20","2024-02-21","2024","0.38394454176459997","0.38394454176459997","0.6196325861061537","0.0063127436227136844","-0.07945277605416745","1","overnight_har","1"
"2024-02-20","2024-02-21","2024-02-22","2024","0.3605745724395051","0.3605745724395051","0.6004786194690908","0.14751645404994856","0.38407870814450074","1","overnight_har","1"
"2024-02-21","2024-02-22","2024-02-26","2024","0.3478675698219261","0.3478675698219261","0.5898029923812917","0.22643460446023192","0.4758514520942769","4","overnight_har","1"
"2024-02-22","2024-02-26","2024-02-27","2024","0.24607241724479093","0.24607241724479093","0.49605686896241136","0.06861501289215885","-0.2619446752506316","1","overnight_har","1"
"2024-02-26","2024-02-27","2024-02-28","2024","0.2768220163987364","0.2768220163987364","0.5261387805500906","0.126536340279978","0.35571946851413405","1","overnight_har","1"
"2024-02-27","2024-02-28","2024-02-29","2024","0.28061608893280116","0.28061608893280116","0.5297320916584166","0.0008621830456389656","-0.02936295362593766","1","overnight_har","1"
"2024-02-28","2024-02-29","2024-03-01","2024","0.3985990226467257","0.3985990226467257","0.6313469906847784","0.06556423715176729","0.2560551447477033","1","overnight_har","1"
"2024-02-29","2024-03-01","2024-03-04","2024","0.5615241455939811","0.5615241455939811","0.7493491479904285","0.00466161614209231","0.06827602904455055","3","overnight_har","1"
"2024-03-01","2024-03-04","2024-03-05","2024","0.27953427528489366","0.27953427528489366","0.5287100105775316","0.11893310928625855","-0.3448667993389021","1","overnight_har","1"
"2024-03-04","2024-03-05","2024-03-06","2024","0.22949417962920465","0.22949417962920465","0.4790555078789979","0.09947933435410092","-0.3154034469597644","1","overnight_har","1"
"2024-03-05","2024-03-06","2024-03-07","2024","0.2157184531310151","0.2157184531310151","0.4644550065733118","0.05872417678174876","0.24233071778408274","1","overnight_har","1"
"2024-03-06","2024-03-07","2024-03-08","2024","0.2343151483261986","0.2343151483261986","0.48406109978617223","0.4730425928739666","-0.6877809192424333","1","overnight_har","1"
"2024-03-07","2024-03-08","2024-03-11","2024","0.5229155753721393","0.5229155753721393","0.7231290171000879","0.4944610186952771","-0.7031792223148214","3","overnight_har","1"
"2024-03-08","2024-03-11","2024-03-12","2024","0.2994018069501748","0.2994018069501748","0.5471762119739626","0.38189040840191607","-0.6179728217340275","1","overnight_har","1"
"2024-03-11","2024-03-12","2024-03-13","2024","0.29823828653175843","0.29823828653175843","0.5461119725218981","0.10549314542922611","0.3247970834678571","1","overnight_har","1"
"2024-03-12","2024-03-13","2024-03-14","2024","0.2763174658121743","0.2763174658121743","0.5256590775513863","0.09086047247090899","0.3014307092366486","1","overnight_har","1"
"2024-03-13","2024-03-14","2024-03-15","2024","0.2632249241212718","0.2632249241212718","0.5130545040454004","5.2902560823159955E-05","-0.007273414660471377","1","overnight_har","1"
"2024-03-14","2024-03-15","2024-03-18","2024","0.7165247604636544","0.7165247604636544","0.8464778558613654","0.23983320660144763","0.48972768617002616","3","overnight_har","1"
"2024-03-15","2024-03-18","2024-03-19","2024","0.1811955475514574","0.1811955475514574","0.42567070318669736","0.015170970073957776","-0.12317049189622398","1","overnight_har","1"
"2024-03-18","2024-03-19","2024-03-21","2024","0.1910617099002388","0.1910617099002388","0.4371060625297238","0.443456923212575","0.6659256138733327","2","overnight_har","1"
"2024-03-19","2024-03-21","2024-03-22","2024","0.17299534287628215","0.17299534287628215","0.41592708841368115","0.312133348602368","0.5586889551462138","1","overnight_har","1"
"2024-03-21","2024-03-22","2024-03-25","2024","0.42112292626386993","0.42112292626386993","0.6489398479550088","0.05071063554943652","-0.22519022081217585","3","overnight_har","1"
"2024-03-22","2024-03-25","2024-03-26","2024","0.23059833482566197","0.23059833482566197","0.4802065543343426","0.01196358293043164","-0.10937816477904372","1","overnight_har","1"
"2024-03-25","2024-03-26","2024-03-27","2024","0.24624781825456746","0.24624781825456746","0.4962336327321713","0.2896651307813283","0.538205472641563","1","overnight_har","1"
"2024-03-26","2024-03-27","2024-03-28","2024","0.20838150507580336","0.20838150507580336","0.45648823103756286","0.027955017717152194","-0.16719754100210982","1","overnight_har","1"
"2024-03-27","2024-03-28","2024-03-29","2024","0.20871438674983478","0.20871438674983478","0.4568526969930623","0.28966193976304316","0.5382025081352215","1","overnight_har","1"
"2024-03-28","2024-03-29","2024-04-01","2024","0.3554288424869851","0.3554288424869851","0.5961785323935986","0.3045636172126101","0.5518728270286644","3","overnight_har","1"
"2024-03-29","2024-04-01","2024-04-02","2024","0.1830651547938928","0.1830651547938928","0.4278611396164564","0.00025861582377153847","-0.016081536735385038","1","overnight_har","1"
"2024-04-01","2024-04-02","2024-04-03","2024","0.29126210539094277","0.29126210539094277","0.5396870439346704","0.5243808895527863","-0.7241414844854466","1","overnight_har","1"
"2024-04-02","2024-04-03","2024-04-04","2024","0.20231112142402694","0.1535278519511963","0.3918263032916452","0.26730629941919926","0.5170167303087969","1","overnight_har","0.7588700555389388"
"2024-04-03","2024-04-04","2024-04-05","2024","0.21998118491073976","0.16836603799357724","0.41032430831426164","0.7708124424483103","-0.8779592487401168","1","overnight_har","0.7653656291645758"
"2024-04-04","2024-04-05","2024-04-08","2024","0.47863087918723035","0.3825852245067271","0.6185347399352175","0.08038739458006267","0.2835267087596205","3","overnight_har","0.7993325151866514"
"2024-04-05","2024-04-08","2024-04-09","2024","0.24364945167715488","0.19071461930873057","0.4367088495882933","0.22375824352445112","0.4730309118064602","1","overnight_har","0.7827418366671924"
"2024-04-08","2024-04-09","2024-04-10","2024","0.22748191982261698","0.17846684275708072","0.4224533616354363","0.0006610475748318027","0.025710845470964246","1","overnight_har","0.7845319878443235"
"2024-04-09","2024-04-10","2024-04-11","2024","0.3090193121173365","0.2394950833988221","0.48938234888359233","0.5725619552105726","-0.7566782375690295","1","overnight_har","0.775016557243142"
"2024-04-10","2024-04-11","2024-04-12","2024","0.19674264186977297","0.15592856665270077","0.3948779136045732","0.2385471300908259","0.4884128684738209","1","overnight_har","0.7925509445782086"
"2024-04-11","2024-04-12","2024-04-15","2024","0.39147133608878193","0.31194621683883933","0.558521456023705","0.05804646264649836","-0.24092833508431166","3","overnight_har","0.7968558310182202"
"2024-04-12","2024-04-15","2024-04-16","2024","0.20525790862363227","0.16089976626408234","0.401123131050906","0.2837896621616052","-0.532719121265236","1","overnight_har","0.7838907028869396"
"2024-04-15","2024-04-16","2024-04-17","2024","0.17783776450631936","0.14050977029031828","0.37484632890068204","0.06988642691550002","0.2643604110215825","1","overnight_har","0.7901008578260966"
"2024-04-16","2024-04-17","2024-04-18","2024","0.1948014147835788","0.15322373020200694","0.39143802855880894","0.009877322918134349","-0.09938472175407219","1","overnight_har","0.7865637442738084"
"2024-04-17","2024-04-18","2024-04-19","2024","0.19571787285362008","0.15255302466847454","0.39058036902598486","0.5001067638335414","-0.7071822705876762","1","overnight_har","0.7794537230770483"
"2024-04-18","2024-04-19","2024-04-22","2024","0.32830464911402185","0.2615034335141565","0.5113740641782261","1.0781245879470664","1.0383277844433647","3","overnight_har","0.7965267449603951"
"2024-04-19","2024-04-22","2024-04-23","2024","0.18536338227949245","0.15496476376525353","0.3936556410941593","0.28285414247634105","0.5318403355108947","1","overnight_har","0.8360052663022537"
"2024-04-22","2024-04-23","2024-04-24","2024","0.2219975839314695","0.1869514925959543","0.4323788762138529","0.08602811277196974","0.29330549393417393","1","overnight_har","0.8421330056171517"
"2024-04-23","2024-04-24","2024-04-25","2024","0.2384825471518301","0.19969293644845187","0.4468701561398477","0.0443200487657328","-0.21052327369137314","1","overnight_har","0.8373482203765511"
"2024-04-24","2024-04-25","2024-04-26","2024","0.24967537645639298","0.20724662528308355","0.4552434791219788","0.027597980644131024","-0.16612639960021713","1","overnight_har","0.8300643348355187"
"2024-04-25","2024-04-26","2024-04-30","2024","0.30301377573605676","0.24899849085745976","0.49899748582278425","0.0308927890139196","0.17576344618241757","4","overnight_har","0.8217398375787127"
"2024-04-26","2024-04-30","2024-05-01","2024","0.16874778421872283","0.13698494067717557","0.37011476689964096","0.13861561262552108","-0.37231117714288553","1","overnight_har","0.8117732704544566"
"2024-04-30","2024-05-01","2024-05-02","2024","0.1355771323485054","0.11006791738379737","0.33176485254438476","0.01505311968776714","-0.12269115570311961","1","overnight_har","0.8118472155087646"
"2024-05-01","2024-05-02","2024-05-07","2024","0.19162545346168172","0.15475000285997087","0.3933827688905182","0.6928172606575511","0.8323564504811332","5","overnight_har","0.8075649662632912"
"2024-05-02","2024-05-07","2024-05-08","2024","0.15242235421737643","0.12675559300017972","0.3560275171952018","0.0018933769865162415","0.04351295193981031","1","overnight_har","0.8316076316431107"
"2024-05-07","2024-05-08","2024-05-09","2024","0.2246967850147163","0.18561439852781036","0.43082989511849146","0.10542807378406491","0.32469689524857626","1","overnight_har","0.8260661073350637"
"2024-05-08","2024-05-09","2024-05-10","2024","0.16898292414172356","0.13899563475948426","0.3728211833566921","1.1020019999138866","-1.0497628303163942","1","overnight_har","0.8225424874463092"
"2024-05-09","2024-05-10","2024-05-13","2024","0.3856566209768807","0.3334186092764603","0.5774241156000157","0.041159540601775256","-0.2028781422474468","3","overnight_har","0.864547867561304"
"2024-05-10","2024-05-13","2024-05-14","2024","0.2533800579714894","0.21588252486782813","0.464631601236752","0.3754649740074153","0.612751967771149","1","overnight_har","0.8520107170080429"
"2024-05-13","2024-05-14","2024-05-15","2024","0.21220695416115967","0.18223967788563622","0.42689539454723124","0.38637163280177994","0.6215879928069556","1","overnight_har","0.8587827793203944"
"2024-05-14","2024-05-15","2024-05-16","2024","0.259241948933875","0.22485818064549878","0.4741921347360148","0.3904778865682726","0.6248822981716418","1","overnight_har","0.8673680381212283"
"2024-05-15","2024-05-16","2024-05-17","2024","0.2624157442499568","0.2294191806563384","0.4789772235256478","0.24830655433846185","-0.49830367682615173","1","overnight_har","0.874258445552"
"2024-05-16","2024-05-17","2024-05-20","2024","0.5765781631337502","0.5045265029379157","0.7103002906784677","0.0011623527989057987","0.03409329551254614","3","overnight_har","0.8750357457101258"
"2024-05-17","2024-05-20","2024-05-21","2024","0.39401689640244736","0.336805728602871","0.5803496606381975","1.468326737619628","1.211745327046747","1","overnight_har","0.8548002171431219"
"2024-05-20","2024-05-21","2024-05-22","2024","0.31311354273438946","0.2816702845113506","0.5307261860049404","0.15745967185537846","-0.3968118847204283","1","overnight_har","0.8995787344474213"
"2024-05-21","2024-05-22","2024-05-23","2024","0.4047549726747949","0.3621437528602722","0.6017838090712246","0.011359429636166327","0.10658062505055188","1","overnight_har","0.8947234186329338"
"2024-05-22","2024-05-23","2024-05-24","2024","0.49055556891599034","0.43228985239524986","0.6574875302203456","1.7147409608717856","-1.309481180037264","1","overnight_har","0.8812250431699437"
"2024-05-23","2024-05-24","2024-05-27","2024","0.8862648621834504","0.823925143317379","0.9077032242519463","0.36397151318716314","0.603300516481764","3","overnight_har","0.9296601709871608"
"2024-05-24","2024-05-27","2024-05-28","2024","0.4000343654779783","0.3651719466733151","0.6042945860036437","0.11350211216625311","-0.3369007452741135","1","overnight_har","0.9128514402431198"
"2024-05-27","2024-05-28","2024-05-29","2024","0.3913910301132008","0.35373405921469314","0.5947554616938739","0.03637903055850993","-0.19073287749758805","1","overnight_har","0.9037868320906173"
"2024-05-28","2024-05-29","2024-05-30","2024","0.45294051385473655","0.40425632946309686","0.6358115518477915","1.0230885185720635","-1.0114783826518803","1","overnight_har","0.8925152798160747"
"2024-05-29","2024-05-30","2024-05-31","2024","0.4076847155133242","0.3726835407142633","0.6104781246811906","0.5188232444528986","0.7202938597911956","1","overnight_har","0.9141464630210868"
"2024-05-30","2024-05-31","2024-06-03","2024","0.8392673648314057","0.7714402778654953","0.8783167298107758","0.3357988107825286","0.5794815016741506","3","overnight_har","0.9191829805278611"
"2024-05-31","2024-06-03","2024-06-04","2024","0.4057925980475755","0.3670764181895888","0.6058683175324394","0.4034489315477573","-0.6351762995796972","1","overnight_har","0.9045912122491511"
"2024-06-03","2024-06-04","2024-06-05","2024","0.44055524306903177","0.39905192975909753","0.6317055720500632","0.8323090199909267","-0.9123097171415674","1","overnight_har","0.9057931690454744"
"2024-06-04","2024-06-05","2024-06-06","2024","0.48224412663189065","0.4436187954553725","0.6660471420668154","0.6169919586355732","0.7854883567791271","1","overnight_har","0.9199050251865445"
"2024-06-05","2024-06-06","2024-06-07","2024","0.4905434704858155","0.45398068026152544","0.6737808844583864","0.06748765645803761","0.2597838648916395","1","overnight_har","0.9254647295823147"
"2024-06-06","2024-06-07","2024-06-10","2024","1.237441761946046","1.1301093751885354","1.0630660257898075","0.0530550553878233","0.23033683028952034","3","overnight_har","0.9132626762258971"
"2024-06-07","2024-06-10","2024-06-11","2024","0.5378336952122136","0.47358261188913353","0.6881733879547607","0.0034742981034815933","-0.058943176903536454","1","overnight_har","0.880537266640149"
"2024-06-10","2024-06-11","2024-06-12","2024","0.5652311477717414","0.4897632261610773","0.6998308553936996","0.0005718051322323761","-0.023912447223828348","1","overnight_har","0.8664830805800877"
"2024-06-11","2024-06-12","2024-06-13","2024","0.5282518412648487","0.4501241406408269","0.6709129158399225","0.016481980560963894","0.12838216605496222","1","overnight_har","0.8521014135285313"
"2024-06-12","2024-06-13","2024-06-14","2024","0.26191137792868285","0.21988711821485407","0.46892122815549103","0.05070258418409352","0.225172343293073","1","overnight_har","0.8395477888506555"
"2024-06-13","2024-06-14","2024-06-17","2024","0.4473417380894263","0.3733902778527434","0.6110566895573138","1.0775087726668553E-05","0.0032825428750693497","3","overnight_har","0.8346868759608129"
"2024-06-14","2024-06-17","2024-06-18","2024","0.2511512876116826","0.20697259112746882","0.45494240418702325","0.6756796702418782","0.8219973663229574","1","overnight_har","0.8240952817549531"
"2024-06-17","2024-06-18","2024-06-19","2024","0.25518664065217517","0.21366699942721315","0.4622412783679246","0.11906927352238986","0.34506415855952044","1","overnight_har","0.837296963826746"
"2024-06-18","2024-06-19","2024-06-20","2024","0.310423467133122","0.2590954195831306","0.5090141644228877","0.00793170200092228","0.08906010330626324","1","overnight_har","0.8346515228889576"
"2024-06-19","2024-06-20","2024-06-21","2024","0.3388799781049395","0.28048693799283925","0.5296101754997153","0.08705196293286939","0.29504569634697164","1","overnight_har","0.8276881377334782"
"2024-06-20","2024-06-21","2024-06-24","2024","0.5980530886302662","0.4918240099092349","0.7013016540043485","0.29184217956379715","0.5402241937971652","3","overnight_har","0.8223751691269917"
"2024-06-21","2024-06-24","2024-06-25","2024","0.2691368633951688","0.2198770528643661","0.4689104955792375","0.030743934095808903","0.17533948242141273","1","overnight_har","0.8169711502564574"
"2024-06-24","2024-06-25","2024-06-26","2024","0.22817814941987025","0.1852571990006857","0.43041514727142877","0.03840057837810527","0.19596065517880182","1","overnight_har","0.8118971929244383"
"2024-06-25","2024-06-26","2024-06-27","2024","0.2598337217949622","0.20994080812299684","0.458192981311365","0.06692002752458316","-0.25868905567221656","1","overnight_har","0.8079813762151455"
"2024-06-26","2024-06-27","2024-06-28","2024","0.2533697302437051","0.20375843675006552","0.451396097402343","0.15496162713853695","0.3936516571012206","1","overnight_har","0.8041940785668411"
"2024-06-27","2024-06-28","2024-07-01","2024","0.5140041583103357","0.41269934314468265","0.6424167986165077","0.5136226768641818","0.7166747357512904","3","overnight_har","0.8029105143844203"
"2024-06-28","2024-07-01","2024-07-02","2024","0.202284265253775","0.16294600660411113","0.4036657114545538","0.11611438670695855","-0.34075561140934796","1","overnight_har","0.8055298141933471"
"2024-07-01","2024-07-02","2024-07-03","2024","0.23980687119129568","0.19288163622880233","0.43918291887185495","0.0461958549858188","0.21493221021014697","1","overnight_har","0.8043207238834256"
"2024-07-02","2024-07-03","2024-07-04","2024","0.249989605567355","0.20013090858097302","0.447359931800975","0.08721721873376884","0.295325614760672","1","overnight_har","0.8005569196638118"
"2024-07-03","2024-07-04","2024-07-05","2024","0.23065018845900187","0.18398461285167486","0.42893427567830816","0.0059337501386675364","-0.0770308388807206","1","overnight_har","0.7976781379668293"
"2024-07-04","2024-07-05","2024-07-08","2024","0.5237837211906824","0.41544701751144325","0.6445517958329208","0.10710842086689265","-0.32727422884622714","3","overnight_har","0.7931651952967065"
"2024-07-05","2024-07-08","2024-07-09","2024","0.14016588028428245","0.11009361696597224","0.3318035819064831","0.027448416137274306","0.1656756353157407","1","overnight_har","0.7854523279323179"
"2024-07-08","2024-07-09","2024-07-10","2024","0.15881909222738397","0.12441764455404024","0.3527288541557668","0.03599195640000358","-0.18971546167880882","1","overnight_har","0.7833922408768677"
"2024-07-09","2024-07-10","2024-07-11","2024","0.15692621275760574","0.12259024832684552","0.3501289024442934","0.31388124418603697","0.5602510546050199","1","overnight_har","0.7811967559314207"
"2024-07-10","2024-07-11","2024-07-12","2024","0.16159999838338202","0.12700593246850841","0.356378916980941","0.027088550347527576","-0.1645859968148189","1","overnight_har","0.7859278077911723"
"2024-07-11","2024-07-12","2024-07-16","2024","0.22937450713755078","0.17970723449174653","0.423918900842775","2.328985710738332","1.5261014745875623","4","overnight_har","0.7834664659747044"
"2024-07-12","2024-07-16","2024-07-17","2024","0.2451610648821187","0.20498255479475613","0.4527499914906196","0.15471521258600873","0.39333854703805565","1","overnight_har","0.8361138213089355"
"2024-07-16","2024-07-17","2024-07-18","2024","0.35568633712132836","0.29695891436706806","0.544939367606221","0.13647526140711444","-0.3694255830436144","1","overnight_har","0.8348898548379502"
"2024-07-17","2024-07-18","2024-07-19","2024","0.3678085305005319","0.30565468855971123","0.55286046029691","0.1214998937538698","-0.34856834875511833","1","overnight_har","0.83101576829597"
"2024-07-18","2024-07-19","2024-07-22","2024","0.683150992553352","0.5646990202484269","0.7514645834957406","0.00034957186751723477","-0.018696841110659168","3","overnight_har","0.8266093827044037"
"2024-07-19","2024-07-22","2024-07-23","2024","0.5065879408342889","0.41201963686681814","0.6418875578065196","0.21351410276196817","0.46207586256151506","1","overnight_har","0.8133230257875301"
"2024-07-22","2024-07-23","2024-07-24","2024","0.2288222356330913","0.1850496249689605","0.4301739473387021","0.0012410492906879313","0.03522852949936928","1","overnight_har","0.8087047329861828"
"2024-07-23","2024-07-24","2024-07-25","2024","0.29853808426603595","0.24015926480269476","0.49006047055714946","0.8540887827971609","-0.9241692392614899","1","overnight_har","0.804451014660769"
"2024-07-24","2024-07-25","2024-07-26","2024","0.23259936390183467","0.19039680399172412","0.43634482235008143","0.0807944912338514","0.2842437180200319","1","overnight_har","0.8185611551030658"
"2024-07-25","2024-07-26","2024-07-29","2024","0.547147433940911","0.44650268624244877","0.6682085649274849","0.6390987522453984","0.7994365217110101","3","overnight_har","0.8160555246077763"
"2024-07-26","2024-07-29","2024-07-30","2024","0.2516884920914781","0.20648626852058807","0.4544076017416391","0.15793554630409457","0.3974110545821474","1","overnight_har","0.8204040908057849"
"2024-07-29","2024-07-30","2024-07-31","2024","0.2677608492089844","0.21938023211968138","0.4683804352443443","0.26093356398995515","-0.5108165658922537","1","overnight_har","0.8193140736137176"
"2024-07-30","2024-07-31","2024-08-01","2024","0.267892794099758","0.2197367650194462","0.4687608825610838","0.5259113622057837","-0.7251974642852688","1","overnight_har","0.8202414169364352"
"2024-07-31","2024-08-01","2024-08-02","2024","0.2334492104845225","0.1930703619560416","0.4393977263892493","5.20289538222039","-2.280985616399277","1","overnight_har","0.8270336899204979"
"2024-08-01","2024-08-02","2024-08-05","2024","0.9239098600847485","0.8662584375963621","0.9307300562442163","19.715790906987046","-4.440246716905159","3","overnight_har","0.9376005983060965"
"2024-08-02","2024-08-05","2024-08-06","2024","0.9514258121132702","1.2799501299380824","1.13134881002195","35.26882557376699","5.9387562312126425","1","overnight_har","1.3452968309689926"
"2024-08-05","2024-08-06","2024-08-07","2024","2.083033588558825","4.16606717711765","2.041094602686914","2.414470805354678","-1.5538567518773017","1","overnight_har","2"
"2024-08-06","2024-08-07","2024-08-08","2024","2.792174222073823","5.584348444147646","2.3631226045526383","0.5531707452580767","-0.7437544925969031","1","overnight_har","2"
"2024-08-07","2024-08-08","2024-08-09","2024","2.980284958513129","5.749531180081581","2.39781800395309","9.049103837948655","3.0081728404379717","1","overnight_har","1.92918840316197"
"2024-08-08","2024-08-09","2024-08-13","2024","3.204229804520531","6.373648067295488","2.524608497826047","0.34283780133334774","0.5855235275660131","4","overnight_har","1.9891357537163965"
"2024-08-09","2024-08-13","2024-08-14","2024","2.929672189656787","5.524173367684808","2.3503560087111928","0.11216711446797283","0.33491359253988606","1","overnight_har","1.8855943634881445"
"2024-08-13","2024-08-14","2024-08-15","2024","2.205971567361034","3.96441076154149","1.9910828113218921","0.0009774145976877288","-0.03126363059031578","1","overnight_har","1.7971268624663401"
"2024-08-14","2024-08-15","2024-08-16","2024","3.014127553559024","5.228285909607641","2.286544534796478","2.242412215673353","1.497468602566796","1","overnight_har","1.734593449250076"
"2024-08-15","2024-08-16","2024-08-19","2024","3.7536117543921157","6.342185770418406","2.5183696651640335","0.04418326968233411","0.2101981676474229","3","overnight_har","1.689622205332608"
"2024-08-16","2024-08-19","2024-08-20","2024","1.6142892267933577","2.5826070181544436","1.6070491648217995","0.5045484920923757","0.7103157692831941","1","overnight_har","1.5998415744151147"
"2024-08-19","2024-08-20","2024-08-21","2024","1.3133110981504554","2.063059869505271","1.4363355699505846","0.8237684085505605","-0.907616884236163","1","overnight_har","1.570884364268825"
"2024-08-20","2024-08-21","2024-08-22","2024","1.337913811517416","2.0790184086671957","1.4418801644613868","0.030713450345332776","0.17525253306395538","1","overnight_har","1.5539255150593327"
"2024-08-21","2024-08-22","2024-08-23","2024","1.7493446517492173","2.670199372068064","1.6340744695600822","0.005280556552818886","0.07266743805046993","1","overnight_har","1.5263998260137357"
"2024-08-22","2024-08-23","2024-08-26","2024","3.435738197899806","5.124095837483153","2.263646579632773","0.028103715506499725","0.16764162820284145","3","overnight_har","1.4914104458294883"
"2024-08-23","2024-08-26","2024-08-27","2024","1.3955682059202157","1.9920200318889867","1.411389397681939","0.07293640725144293","0.2700674124203861","1","overnight_har","1.4273899501568825"
"2024-08-26","2024-08-27","2024-08-28","2024","1.1636301952832246","1.6333831479187664","1.2780387896768886","0.11741398321368736","-0.3426572386710769","1","overnight_har","1.4036960836352352"
"2024-08-27","2024-08-28","2024-08-29","2024","0.8450959513818267","1.1706643830475527","1.0819724502257684","0.07412322245959829","-0.2722558033533873","1","overnight_har","1.3852443395727847"
"2024-08-28","2024-08-29","2024-08-30","2024","0.9088305894698085","1.2469460927480318","1.1166674047128051","0.004521259178582429","0.0672403091797058","1","overnight_har","1.3720335860124078"
"2024-08-29","2024-08-30","2024-09-02","2024","2.5423252978102884","3.4505135359176955","1.8575557961788647","0.2046702627454302","0.45240497648172506","3","overnight_har","1.357227392926323"
"2024-08-30","2024-09-02","2024-09-03","2024","0.9509877193430847","1.255002888014548","1.1202691141036372","0.08588580115286593","0.293062793873371","1","overnight_har","1.3196835905320297"
"2024-09-02","2024-09-03","2024-09-04","2024","1.026770472761806","1.3412783349451427","1.1581357152532439","2.290395021477541","-1.5134051081840383","1","overnight_har","1.3063078560658"
"2024-09-03","2024-09-04","2024-09-05","2024","1.1396130779638418","1.5009165927312569","1.2251190116601967","0.04700723563988598","-0.2168115210035804","1","overnight_har","1.31704051291949"
"2024-09-04","2024-09-05","2024-09-06","2024","1.171255884190626","1.5235799742103764","1.2343338179805237","0.02219569967651415","0.14898221261786304","1","overnight_har","1.300808811102125"
"2024-09-05","2024-09-06","2024-09-09","2024","1.2639900607372512","1.6232962234719377","1.2740864270024768","3.33287303692943","-1.8256157966366937","3","overnight_har","1.2842634399554638"
"2024-09-06","2024-09-09","2024-09-10","2024","0.4463665517563205","0.5815461138095396","0.762591708458425","0.10854985002862012","0.329469042595234","1","overnight_har","1.3028442913594833"
"2024-09-09","2024-09-10","2024-09-11","2024","0.5826972257338897","0.7561826592325278","0.8695876374653263","0.035630049326068045","-0.1887592363993562","1","overnight_har","1.2977282640742598"
"2024-09-10","2024-09-11","2024-09-12","2024","0.3972634700877511","0.5124632928005275","0.7158654152845544","3.4829145551317695","1.866256829895545","1","overnight_har","1.2899834275910897"
"2024-09-11","2024-09-12","2024-09-13","2024","0.3989292383547027","0.5272948838978857","0.7261507308389118","0.11302115919453593","-0.3361861972100222","1","overnight_har","1.3217754759530773"
"2024-09-12","2024-09-13","2024-09-17","2024","0.7077967752723096","0.9324234793106755","0.965620774067478","0.5194651159535278","0.7207392843140492","4","overnight_har","1.3173604513130843"
"2024-09-13","2024-09-17","2024-09-18","2024","0.42846198904864236","0.5625673326786228","0.7500448871091802","0.7196037475404978","0.8482946112881408","1","overnight_har","1.3129923938591335"
"2024-09-17","2024-09-18","2024-09-19","2024","0.39967857853948396","0.5254358241330619","0.7248695221438558","0.2728543488149171","0.5223546197890061","1","overnight_har","1.314645948885035"
"2024-09-18","2024-09-19","2024-09-20","2024","0.45944054275025265","0.6027848314971948","0.7763921892298986","0.7919456635028476","0.8899132898787654","1","overnight_har","1.3119974739035223"
"2024-09-19","2024-09-20","2024-09-24","2024","0.4235828510246596","0.5565757662285615","0.7460400567185126","1.0188870494129434","1.0093993508086596","4","overnight_har","1.3139714341177602"
"2024-09-20","2024-09-24","2024-09-25","2024","0.33714219373549503","0.4446145565879294","0.6667942385683379","0.07429235702369771","0.27256624336791546","1","overnight_har","1.3187745848766466"
"2024-09-24","2024-09-25","2024-09-26","2024","0.40396256021897886","0.5311867623063243","0.728825604864651","0.4404047797724052","0.6636300021641617","1","overnight_har","1.3149405777069543"
"2024-09-25","2024-09-26","2024-09-27","2024","0.34329891111082167","0.45109635224193206","0.671637068841448","0.27231202874528837","0.5218352505775059","1","overnight_har","1.314004611265172"
"2024-09-26","2024-09-27","2024-09-30","2024","0.7750665450589596","1.017017392536086","1.0084728020804954","4.989098652950856","-2.233629032080049","3","overnight_har","1.312167837741882"
"2024-09-27","2024-09-30","2024-10-01","2024","0.44015505313518183","0.5953772137786265","0.7716069036618494","0.17220573393730962","0.4149767872270805","1","overnight_har","1.3526533650762662"
"2024-09-30","2024-10-01","2024-10-02","2024","0.5603168023382084","0.7555084520942628","0.8691998919087961","0.3367551179746998","-0.5803060554351469","1","overnight_har","1.3483594440529312"
"2024-10-01","2024-10-02","2024-10-03","2024","0.5323778899263012","0.7155874227267557","0.84592400529052","2.096390158764759","1.4478916253521046","1","overnight_har","1.3441343757266417"
"2024-10-02","2024-10-03","2024-10-04","2024","0.50042697712522","0.6795756997297744","0.8243638151506739","0.17569719170828316","0.41916248843173354","1","overnight_har","1.3579917366439793"
"2024-10-03","2024-10-04","2024-10-07","2024","1.25580055872706","1.699048197628545","1.3034754303892901","1.5795897529559955","1.2568173108912828","3","overnight_har","1.3529602179431917"
"2024-10-04","2024-10-07","2024-10-08","2024","0.4460597001732189","0.6029755312964354","0.7765149910313615","0.6662832314349214","-0.8162617419890028","1","overnight_har","1.3517821293030534"
"2024-10-07","2024-10-08","2024-10-09","2024","0.45314608284573205","0.612836452600158","0.7828387142957085","0.3302580270180434","0.5746808044628282","1","overnight_har","1.3524037298338305"
"2024-10-08","2024-10-09","2024-10-10","2024","0.49381280589220006","0.6664702372095702","0.816376284080797","0.05439424059680148","0.23322572884825868","1","overnight_har","1.3496414618195656"
"2024-10-09","2024-10-10","2024-10-11","2024","0.5018558068218277","0.6743371352409395","0.8211803305248729","0.00600667742053228","-0.07750275750276425","1","overnight_har","1.3436870233930507"
"2024-10-10","2024-10-11","2024-10-15","2024","0.6947507048597265","0.9290323941458316","0.9638632652746092","1.2725474020207075","1.1280724276484677","4","overnight_har","1.337216914854959"
"2024-10-11","2024-10-15","2024-10-16","2024","0.35959383701064485","0.4820428261843782","0.6942930405703187","0.25617211700323494","-0.5061344850958438","1","overnight_har","1.340520266397415"
"2024-10-15","2024-10-16","2024-10-17","2024","0.37990531456136784","0.5084484452973554","0.7130557098133045","0.022787807158150885","0.1509563087722765","1","overnight_har","1.3383557055115203"
"2024-10-16","2024-10-17","2024-10-18","2024","0.3798571228227297","0.5066224388560994","0.711774148769186","0.5894331730034534","0.767745513177025","1","overnight_har","1.3337184125741088"
"2024-10-17","2024-10-18","2024-10-21","2024","0.7052190651486947","0.9411192619575148","0.9701130150438736","0.03359740359368357","0.18329594538255223","3","overnight_har","1.3345062668705374"
"2024-10-18","2024-10-21","2024-10-22","2024","0.40988273601152286","0.5434757031708389","0.7372080460567688","0.012517378933147257","-0.11188109283139513","1","overnight_har","1.3259297243384274"
"2024-10-21","2024-10-22","2024-10-23","2024","0.34593919353533903","0.45696189498226086","0.6759895672140664","0.039670303420883006","-0.19917405308142677","1","overnight_har","1.3209312605268024"
"2024-10-22","2024-10-23","2024-10-24","2024","0.29607467935394327","0.3899349750611438","0.6244477360525409","0.23135006095669902","-0.48098862871870374","1","overnight_har","1.3170156121151952"
"2024-10-23","2024-10-24","2024-10-25","2024","0.28289753435836734","0.37216066187208446","0.6100497208196103","0.0007845621557819258","0.02801003669726132","1","overnight_har","1.3155316560682389"
"2024-10-24","2024-10-25","2024-10-28","2024","0.728625975556861","0.9560051395259458","0.9777551531574487","5.762704786514126E-07","0.0007591248109839466","3","overnight_har","1.3120656847229575"
"2024-10-25","2024-10-28","2024-10-29","2024","0.3566156922863196","0.46474291344057467","0.6817205537759403","0.08884698531005229","0.2980721142778242","1","overnight_har","1.3032037666683547"
"2024-10-28","2024-10-29","2024-10-30","2024","0.24912044364714758","0.3237895105788148","0.5690250526811756","0.1248410028449015","0.35332846311173616","1","overnight_har","1.299730788202304"
"2024-10-29","2024-10-30","2024-10-31","2024","0.24764200842929224","0.32141379103166495","0.5669336742791568","0.07791952996538885","0.2791406992278067","1","overnight_har","1.2978968837729983"
"2024-10-30","2024-10-31","2024-11-01","2024","0.16820348032949461","0.21793409564929372","0.4668341200568931","1.2680285598217553","-1.1260677421104626","1","overnight_har","1.295657469288873"
"2024-10-31","2024-11-01","2024-11-05","2024","0.30403142060638094","0.39685229278142187","0.6299621359902687","0.3385839933820123","0.5818797069687276","4","overnight_har","1.3053002613674358"
"2024-11-01","2024-11-05","2024-11-06","2024","0.2550323850022875","0.33275775973741456","0.5768515924719412","0.21195932880533275","0.4603904091152777","1","overnight_har","1.3047666857463218"
"2024-11-05","2024-11-06","2024-11-07","2024","0.2418827122098918","0.3153335628816229","0.5615456908227708","0.1582804896840518","0.3978448060287476","1","overnight_har","1.3036630853055537"
"2024-11-06","2024-11-07","2024-11-08","2024","0.2975000031874604","0.38741385468020656","0.6224257824674413","0.11048437012849655","0.33239189239284483","1","overnight_har","1.302231430350909"
"2024-11-07","2024-11-08","2024-11-11","2024","0.5645864178447478","0.733800781573456","0.8566217260690134","0.5308988053042805","-0.7286280294528069","3","overnight_har","1.29971384075208"
"2024-11-08","2024-11-11","2024-11-12","2024","0.21324085909219584","0.27676076066643673","0.5260805648058449","0.014292027040311272","0.1195492661638342","1","overnight_har","1.2978786609876567"
"2024-11-11","2024-11-12","2024-11-13","2024","0.26933105099796123","0.3489208786078737","0.5906952501991816","0.05324009883003821","-0.23073816075811607","1","overnight_har","1.2955092898312528"
"2024-11-12","2024-11-13","2024-11-14","2024","0.26282628284013604","0.3397940606661117","0.582918571213949","0.008650138458479688","0.09300612054311097","1","overnight_har","1.2928465790949502"
"2024-11-13","2024-11-14","2024-11-15","2024","0.30743879823169207","0.39655655968389697","0.6297273693304881","0.0736411693678926","0.27136906486903145","1","overnight_har","1.2898715515568857"
"2024-11-14","2024-11-15","2024-11-18","2024","0.4716071579847517","0.6069482448765925","0.7790688319247489","0.02131218072280856","0.14598691969765154","3","overnight_har","1.2869784408493152"
"2024-11-15","2024-11-18","2024-11-19","2024","0.17054044214629577","0.21859082587083384","0.4675369780785621","0.08101420839436704","0.2846299499251037","1","overnight_har","1.2817536011975312"
"2024-11-18","2024-11-19","2024-11-20","2024","0.18506148857974852","0.236976428122354","0.4868022474499825","0.005658969864919219","0.07522612488304325","1","overnight_har","1.2805280555183354"
"2024-11-19","2024-11-20","2024-11-21","2024","0.1901637574008693","0.24311882034555687","0.4930708066247249","0.0008675952534313268","-0.029454969927523722","1","overnight_har","1.2784708488540073"
"2024-11-20","2024-11-21","2024-11-22","2024","0.2136670153081337","0.27270749372048547","0.5222140305664771","0.12761067335972298","0.357226361512869","1","overnight_har","1.2763200409160405"
"2024-11-21","2024-11-22","2024-11-25","2024","0.3484752592953309","0.4443178907721616","0.6665717446548133","0.2762957946767974","0.5256384638482969","3","overnight_har","1.2750342496929017"
"2024-11-22","2024-11-25","2024-11-26","2024","0.18505461064689507","0.23567627855910028","0.4854650127033876","0.004782263777282405","-0.06915391368015555","1","overnight_har","1.273549887437266"
"2024-11-25","2024-11-26","2024-11-27","2024","0.2265244845146408","0.28802892277293207","0.5366832611260873","0.21218066490461931","-0.4606307250983366","1","overnight_har","1.2715134233284884"
"2024-11-26","2024-11-27","2024-11-28","2024","0.19646949749819861","0.24968243228987136","0.499682331376517","0.0045347526665216","0.06734057221706391","1","overnight_har","1.2708457825223514"
"2024-11-27","2024-11-28","2024-11-29","2024","0.2744093408041497","0.348140836342441","0.5900346060549677","0.3270269318372915","0.5718626861732556","1","overnight_har","1.2686916390026046"
"2024-11-28","2024-11-29","2024-12-02","2024","0.44429877048533567","0.5635959026297529","0.7507302462467813","0.0019163457845956917","-0.043776086903647426","3","overnight_har","1.2685065547539136"
"2024-11-29","2024-12-02","2024-12-03","2024","0.2762027191243916","0.3490103027754803","0.5907709393457673","0.015258416307034216","0.12352496228307142","1","overnight_har","1.2636019800308296"
"2024-12-02","2024-12-03","2024-12-04","2024","0.23848042093474872","0.3006509972453307","0.5483165119211081","0.0064174431058993744","0.08010894523022616","1","overnight_har","1.2606946770175007"
"2024-12-03","2024-12-04","2024-12-05","2024","0.17427154198220635","0.21925746290379788","0.46824935974734433","0.13052601418788642","0.36128384158150006","1","overnight_har","1.2581369305046073"
"2024-12-04","2024-12-05","2024-12-06","2024","0.16387684056958807","0.2060532924825518","0.45393093360394793","0.0068500389211923135","0.082764961917422","1","overnight_har","1.25736676254174"
"2024-12-05","2024-12-06","2024-12-09","2024","0.29192274586896577","0.3665499295727497","0.6054336706632277","0.2796513687229325","0.5288207340138362","3","overnight_har","1.255640181383062"
"2024-12-06","2024-12-09","2024-12-10","2024","0.12650696626233265","0.15875218706700786","0.3984371808290585","0.18140715335187146","0.4259191864096656","1","overnight_har","1.254888894717541"
"2024-12-09","2024-12-10","2024-12-11","2024","0.14573175828357932","0.1829056776226855","0.4276747334396615","0.03766529172080665","0.19407547944242376","1","overnight_har","1.255084545585249"
"2024-12-10","2024-12-11","2024-12-12","2024","0.15769584794723032","0.19772407041666362","0.444661748317374","0.24937510361938325","0.49937471263509453","1","overnight_har","1.2538318097178305"
"2024-12-11","2024-12-12","2024-12-13","2024","0.1511176799734285","0.18954338617167937","0.43536580730654467","0.22427674907272557","-0.47357866196939824","1","overnight_har","1.2542767080927089"
"2024-12-12","2024-12-13","2024-12-16","2024","0.31295897698190267","0.39263066392283924","0.6266024767927743","0.11362068717739247","0.33707667848338674","3","overnight_har","1.2545754964732765"
"2024-12-13","2024-12-16","2024-12-17","2024","0.144326306710491","0.1807227746075907","0.42511501338766045","0.00038479048708913284","-0.019616077260480314","1","overnight_har","1.2521818005785226"
"2024-12-16","2024-12-17","2024-12-18","2024","0.19969188560640708","0.24974197079095398","0.49974190417750036","0.005783538060922117","0.07604957633624343","1","overnight_har","1.250636549565142"
"2024-12-17","2024-12-18","2024-12-19","2024","0.17350838676893407","0.21663384921935158","0.46543941519745785","0.8773296162297176","-0.9366587512161073","1","overnight_har","1.24854972865288"
"2024-12-18","2024-12-19","2024-12-20","2024","0.17778651248857766","0.22297858984423272","0.47220608831762506","0.06560328215841231","0.2561313767550011","1","overnight_har","1.2541929459275407"
"2024-12-19","2024-12-20","2024-12-23","2024","0.39216252695127196","0.4913211318497637","0.7009430303881791","0.04842767494456066","0.22006288861268877","3","overnight_har","1.2528507903836836"
"2024-12-20","2024-12-23","2024-12-24","2024","0.18163082668638963","0.22687256270620457","0.4763114135796082","0.05460994256721445","0.23368770307231498","1","overnight_har","1.2490862198074502"
"2024-12-23","2024-12-24","2024-12-25","2024","0.16793162584357105","0.2095155693918401","0.4577287071965665","0.2296593126405546","0.4792278295764496","1","overnight_har","1.247624253855582"
"2024-12-24","2024-12-25","2024-12-26","2024","0.15421956272853019","0.19243439424047765","0.43867344829665456","0.005774567847800251","-0.07599057736193515","1","overnight_har","1.2477949673558362"
"2024-12-25","2024-12-26","2024-12-27","2024","0.17071087653185846","0.21274247785564168","0.4612401520419072","0.07860236503370574","0.280361133243725","1","overnight_har","1.2462151339017886"
"2024-12-26","2024-12-27","2024-12-30","2024","0.2987820769622734","0.3720080215400818","0.6099246031601625","0.20993174572194115","0.458183091920622","3","overnight_har","1.245081449738548"
"2024-12-27","2024-12-30","2025-01-06","2024","0.19662044485205735","0.24453981888798157","0.4945096752218116","0.5177251592746284","0.7195312079921401","7","overnight_har","1.2437151135121278"
"2024-12-30","2025-01-06","2025-01-07","2025","0.2743971167945983","0.34190273439332963","0.5847244944359092","2.197582381229402","1.4824244942759823","1","overnight_har","1.246014310891113"
"2025-01-06","2025-01-07","2025-01-08","2025","0.44589547564867404","0.5625400370133444","0.7500266908672947","0.008128949200091391","-0.09016068544599354","1","overnight_har","1.2615961985148643"
"2025-01-07","2025-01-08","2025-01-09","2025","0.6087053334937894","0.7651171905466194","0.8747097750377661","0.05115717644626818","-0.22617952260597815","1","overnight_har","1.256958249659276"
"2025-01-08","2025-01-09","2025-01-10","2025","0.5547711628413122","0.6940275163242793","0.8330831389028824","0.019184204963217166","-0.13850705744913205","1","overnight_har","1.251015847272509"
"2025-01-09","2025-01-10","2025-01-14","2025","1.1578913167060432","1.4420666027647444","1.2008607757624297","0.06603054566382152","0.25696409411398613","4","overnight_har","1.2454248356116187"
"2025-01-10","2025-01-14","2025-01-15","2025","0.49862431934031864","0.615368644399143","0.7844543609408663","1.147668543910118","1.071292930953116","1","overnight_har","1.2341328341410973"
"2025-01-14","2025-01-15","2025-01-16","2025","0.3366626990941545","0.4173587369625978","0.646033077297593","0.029006879773840654","0.17031406217291822","1","overnight_har","1.2396940263520997"
"2025-01-15","2025-01-16","2025-01-17","2025","0.4181048950284633","0.5174795160785643","0.7193604910464324","0.36185882472234315","-0.6015470261935829","1","overnight_har","1.237678683583305"
"2025-01-16","2025-01-17","2025-01-20","2025","0.6932892223508678","0.857992316252899","0.9262787465190481","0.3922722497234207","0.6263164134232957","3","overnight_har","1.237567653718229"
"2025-01-17","2025-01-20","2025-01-21","2025","0.4220321958543546","0.5176077807053171","0.7194496373654775","0.10962122988660163","0.3310909692012176","1","overnight_har","1.226465150739225"
"2025-01-20","2025-01-21","2025-01-22","2025","0.48269502550306037","0.5903757384505041","0.7683591207570221","0.02983317450999565","0.17272282567742936","1","overnight_har","1.2230822926654772"
"2025-01-21","2025-01-22","2025-01-23","2025","0.37365481699462727","0.4571480049813626","0.6761272106500097","0.013185043877987784","-0.1148261463168898","1","overnight_har","1.2234500511950737"
"2025-01-22","2025-01-23","2025-01-24","2025","0.38078493228046695","0.4654218725072556","0.6822183466510231","0.0012218210788527393","-0.03495455734024877","1","overnight_har","1.2222696673419036"
"2025-01-23","2025-01-24","2025-01-27","2025","0.652273794553932","0.79525951357073","0.8917732411161091","0.43185712510882174","0.6571583714058749","3","overnight_har","1.2192111966027719"
"2025-01-24","2025-01-27","2025-01-28","2025","0.25984086749640495","0.31652231506108397","0.5626031594837376","0.09508064895734408","-0.3083515022783967","1","overnight_har","1.2181390791633777"
"2025-01-27","2025-01-28","2025-01-29","2025","0.29598148155373943","0.3594988819177454","0.5995822561732005","1.613265935344266","1.2701440608624937","1","overnight_har","1.2145992378664188"
"2025-01-28","2025-01-29","2025-01-30","2025","0.4420802010960754","0.540618358070973","0.7352675418315248","0.20862654489878452","-0.4567565488296632","1","overnight_har","1.2228965620504746"
"2025-01-29","2025-01-30","2025-01-31","2025","0.52346848735938","0.6393600097662067","0.7995999060569021","0.010205719890576411","-0.1010233630927837","1","overnight_har","1.2213915932006485"
"2025-01-30","2025-01-31","2025-02-03","2025","1.1266857801119714","1.372578731553067","1.171571052712155","0.4171581625946841","-0.645877823272083","3","overnight_har","1.2182444793229383"
"2025-01-31","2025-02-03","2025-02-04","2025","0.5039936257248342","0.610939464202809","0.781626166528993","0.3807103466515454","0.6170172985026801","1","overnight_har","1.212196807696064"
"2025-02-03","2025-02-04","2025-02-05","2025","0.49280689385013116","0.5971849205548385","0.7727774068610175","0.3730032076944033","0.6107398854622181","1","overnight_har","1.2118030977392333"
"2025-02-04","2025-02-05","2025-02-06","2025","0.3810276202205156","0.45964914786034433","0.6779742973449246","0.0007715903446985676","-0.02777751509222104","1","overnight_har","1.2063407571197262"
"2025-02-05","2025-02-06","2025-02-07","2025","0.49853380207689757","0.6001228576416839","0.7746759694489587","0.04064103889287051","0.201596227377574","1","overnight_har","1.2037756620344804"
"2025-02-06","2025-02-07","2025-02-10","2025","0.6450912965915732","0.7747271026238125","0.8801858341417524","0.07484750974139383","0.27358272924545846","3","overnight_har","1.2009573012644685"
"2025-02-07","2025-02-10","2025-02-12","2025","0.3144014900491113","0.3745867031227212","0.6120348871777826","0.480826655904728","0.6934166538991748","2","overnight_har","1.1914278875211712"
"2025-02-10","2025-02-12","2025-02-13","2025","0.298149986739833","0.3560235435237171","0.5966770847985676","0.07190840017872616","0.2681574167885836","1","overnight_har","1.1941088692195208"
"2025-02-12","2025-02-13","2025-02-14","2025","0.29475189011481234","0.3518459116740536","0.5931660068429863","0.013935291786601777","-0.118047836856936","1","overnight_har","1.1937019692630364"
"2025-02-13","2025-02-14","2025-02-17","2025","0.5845698355166024","0.6970684585735976","0.834906257356835","0.00019744716016268068","0.014051589239750807","3","overnight_har","1.1924468493273805"
"2025-02-14","2025-02-17","2025-02-18","2025","0.35803488155159713","0.42508112341656734","0.6519824563717703","0.0018315400123382593","0.04279649532775154","1","overnight_har","1.1872617594532002"
"2025-02-17","2025-02-18","2025-02-19","2025","0.32259717404944066","0.38098160115821467","0.6172370704666196","0.07071431462806588","0.2659216324936087","1","overnight_har","1.1809824505772828"
"2025-02-18","2025-02-19","2025-02-20","2025","0.15873803750771387","0.18721950745979962","0.4326886957846248","0.21319766834044082","-0.46173333033304065","1","overnight_har","1.179424354737293"
"2025-02-19","2025-02-20","2025-02-21","2025","0.1846616654009312","0.21790451565388796","0.46680243749780054","0.09020594437825784","-0.30034304449788385","1","overnight_har","1.1800203100128064"
"2025-02-20","2025-02-21","2025-02-25","2025","0.43018273758287834","0.5071489014512314","0.7121438769316432","0.23412244229994772","-0.48386200749795155","4","overnight_har","1.178915045036006"
"2025-02-21","2025-02-25","2025-02-26","2025","0.2445329142026038","0.28752800522276484","0.5362163791071333","0.0004732812768384861","-0.02175502877126312","1","overnight_har","1.1758253736940218"
"2025-02-25","2025-02-26","2025-02-27","2025","0.3409892740521613","0.40011850079902855","0.6325492082036216","0.15219175407213123","0.3901176156906161","1","overnight_har","1.1734049462735365"
"2025-02-26","2025-02-27","2025-02-28","2025","0.2698460607409399","0.317798494646448","0.5637361924219945","0.2508511627462435","-0.5008504394989022","1","overnight_har","1.1777029235625707"
"2025-02-27","2025-02-28","2025-03-03","2025","0.46781293974330507","0.5523431816289495","0.7431979424278229","1.0153784249555717","1.007659875630449","3","overnight_har","1.1806923979743424"
"2025-02-28","2025-03-03","2025-03-04","2025","0.3425165555561581","0.40686609456869205","0.6378605604430266","0.006054951239036075","-0.07781356719130716","1","overnight_har","1.1878727844499282"
"2025-03-03","2025-03-04","2025-03-05","2025","0.3872642721095851","0.4596539343711227","0.6779778273447611","0.12839407475241457","0.35832118937123236","1","overnight_har","1.1869257441880756"
"2025-03-04","2025-03-05","2025-03-06","2025","0.3266212812236479","0.3873021029033588","0.6223360048264593","0.5494605003454627","0.7412560288763004","1","overnight_har","1.1857834292131162"
"2025-03-05","2025-03-06","2025-03-07","2025","0.3396478889649429","0.403780651355312","0.6354373701280969","0.25419302983192377","-0.504175594244628","1","overnight_har","1.1888213190013044"
"2025-03-06","2025-03-07","2025-03-10","2025","0.6140677427578525","0.7302731255367814","0.8545601942150016","0.27241627463733775","0.521935124931574","3","overnight_har","1.1892387023246596"
"2025-03-07","2025-03-10","2025-03-11","2025","0.28831022404120776","0.3425864392717464","0.5853088409307914","0.8100704126707127","-0.9000391173003053","1","overnight_har","1.1882562972264938"
"2025-03-10","2025-03-11","2025-03-12","2025","0.35142696569070137","0.4200056575924436","0.6480784347534206","0.0005285928435947549","-0.022991147070008378","1","overnight_har","1.195143510877022"
"2025-03-11","2025-03-12","2025-03-13","2025","0.5068326269395084","0.6067239458638843","0.7789248653521624","0.2194727172481214","0.4684791534829713","1","overnight_har","1.1970893616844802"
"2025-03-12","2025-03-13","2025-03-14","2025","0.3468281640907078","0.4147163307532944","0.643984728664659","0.11346604687057998","-0.33684721591632605","1","overnight_har","1.1957400629230082"
"2025-03-13","2025-03-14","2025-03-17","2025","0.6222655884362791","0.7434502650051679","0.8622356203527942","0.37038747411777145","0.6085946714503598","3","overnight_har","1.1947475142782995"
"2025-03-14","2025-03-17","2025-03-18","2025","0.32639432459397966","0.38951381758862463","0.624110420990248","0.2593084099560229","0.5092233399560775","1","overnight_har","1.1933841621577301"
"2025-03-17","2025-03-18","2025-03-19","2025","0.269435626779423","0.3208577270602655","0.5664430483819759","0.0007167607336386907","-0.02677238752219702","1","overnight_har","1.1908511539305078"
"2025-03-18","2025-03-19","2025-03-21","2025","0.3712104605427768","0.44149776748096686","0.6644529836496837","0.018611176237696384","0.13642278489202742","2","overnight_har","1.189346245349383"
"2025-03-19","2025-03-21","2025-03-24","2025","0.5146657812524315","0.610305785010373","0.7812207018572748","0.07164770767228497","0.26767089433161195","3","overnight_har","1.1858293425399355"
"2025-03-21","2025-03-24","2025-03-25","2025","0.2621919947560657","0.31031897487742544","0.557062810531654","0.9968233800923877","0.9984104266745153","1","overnight_har","1.1835562529898573"
"2025-03-24","2025-03-25","2025-03-26","2025","0.2981906997413268","0.35507863007012763","0.5958847456263062","0.08775023381070507","0.29622665952055205","1","overnight_har","1.1907770107456395"
"2025-03-25","2025-03-26","2025-03-27","2025","0.3243758538509748","0.38637620384923754","0.6215916697070816","0.3099882624411104","-0.5567658955441779","1","overnight_har","1.191137377404013"
"2025-03-26","2025-03-27","2025-03-28","2025","0.33231782539011234","0.39723732942057727","0.630267664901649","0.06818514011693773","-0.261122844877536","1","overnight_har","1.1953536616769054"
"2025-03-27","2025-03-28","2025-03-31","2025","0.6653907213835378","0.7947115592845478","0.8914659608109262","1.5666877393485559","-1.251673974862686","3","overnight_har","1.1943532329878526"
"2025-03-28","2025-03-31","2025-04-01","2025","0.4245249378861632","0.5088784102199977","0.7133571407226521","1.8451867665832615","1.358376518710207","1","overnight_har","1.1987008649099762"
"2025-03-31","2025-04-01","2025-04-02","2025","0.4614925960274122","0.5576213620839047","0.7467404917934374","0.2760909895508608","0.5254436121515427","1","overnight_har","1.20829969296145"
"2025-04-01","2025-04-02","2025-04-03","2025","0.528748084805971","0.639613719033424","0.7997585379559408","11.458458393617958","-3.3850344745095224","1","overnight_har","1.2096757178196422"
"2025-04-02","2025-04-03","2025-04-04","2025","0.9472276172095314","1.2274675824414736","1.1079113603720623","6.236439837575996","-2.4972864948932063","1","overnight_har","1.2958528236935387"
"2025-04-03","2025-04-04","2025-04-07","2025","2.09099772428348","2.7910789389974497","1.6706522495712415","56.015137948353164","-7.484326151922641","3","overnight_har","1.3348072580776555"
"2025-04-04","2025-04-07","2025-04-08","2025","2.450298543292112","4.269184191882973","2.0662004239383394","16.800991322409494","4.098901233551437","1","overnight_har","1.7423118515783333"
"2025-04-07","2025-04-08","2025-04-09","2025","2.5037580655450964","4.598807232172787","2.1444829754914787","1.967412267944198","-1.4026447404614606","1","overnight_har","1.8367618243384767"
"2025-04-08","2025-04-09","2025-04-10","2025","2.760440968938262","5.023799231555203","2.241383329900355","52.557678087124934","7.249667446657463","1","overnight_har","1.8199263407858666"
"2025-04-09","2025-04-10","2025-04-11","2025","2.9736979729438406","5.947395945887681","2.4387283460622835","4.383349275097558","-2.093644973508536","1","overnight_har","2"
"2025-04-10","2025-04-11","2025-04-14","2025","5.6545220337499575","11.309044067499915","3.362892217645388","1.678099067236","1.2954146313964499","3","overnight_har","2"
"2025-04-11","2025-04-14","2025-04-15","2025","2.7247081002660583","5.4494162005321165","2.334398466528822","0.1705452680414225","0.4129712678158403","1","overnight_har","2"
"2025-04-14","2025-04-15","2025-04-16","2025","2.8720988846126825","5.744197769225365","2.3967056075424376","0.12946248498952737","0.3598089562386231","1","overnight_har","2"
"2025-04-15","2025-04-16","2025-04-17","2025","2.8767849600126425","5.753569920025285","2.3986600259364153","0.06965427986718437","-0.2639209727687142","1","overnight_har","2"
"2025-04-16","2025-04-17","2025-04-18","2025","1.2684930445039355","2.5057780529018294","1.5829649563088342","0.6644786999267871","0.8151556292676798","1","overnight_har","1.975397550470412"
"2025-04-17","2025-04-18","2025-04-21","2025","1.394162401769272","2.741490928723941","1.6557448259692498","0.014017191614281936","-0.11839422120307197","3","overnight_har","1.9664071597719404"
"2025-04-18","2025-04-21","2025-04-22","2025","0.7060749365351182","1.3762434612180006","1.1731340337821594","0.01065416959601878","-0.10321903698455426","1","overnight_har","1.9491464574164927"
"2025-04-21","2025-04-22","2025-04-23","2025","0.6725679916641468","1.3056874226327262","1.142666802980084","1.3155028923865348","1.1469537446586653","1","overnight_har","1.941346360242391"
"2025-04-22","2025-04-23","2025-04-24","2025","0.6849291316422117","1.3327942490004416","1.1544670844162002","0.16306044271490713","0.4038074327137963","1","overnight_har","1.945886351489948"
"2025-04-23","2025-04-24","2025-04-25","2025","0.7823852527835771","1.5171882243608261","1.2317419471467335","0.03144449410475581","0.1773259544024952","1","overnight_har","1.9391830545923006"
"2025-04-24","2025-04-25","2025-04-28","2025","1.3566226722201713","2.6203343909428867","1.6187446960354455","0.001100755644981974","-0.033177637724557396","3","overnight_har","1.9315130467741608"
"2025-04-25","2025-04-28","2025-04-30","2025","0.9099771772407516","1.744741033475434","1.320886457450236","0.21425671763090964","0.46287872885984904","2","overnight_har","1.9173459259339536"
"2025-04-28","2025-04-30","2025-05-01","2025","0.7012999669714896","1.3373670167594476","1.1564458555243509","0.17116223776209138","-0.4137175821283057","1","overnight_har","1.906982860037432"
"2025-04-30","2025-05-01","2025-05-02","2025","0.46928572585716755","0.8901765938465867","0.943491703114864","0.004397095517978057","0.06631059883591806","1","overnight_har","1.8968754956708869"
"2025-05-01","2025-05-02","2025-05-07","2025","1.0775778106465417","2.0385418166724416","1.4277751281880637","0.008362461825098387","0.09144649706302799","5","overnight_har","1.8917815461041518"
"2025-05-02","2025-05-07","2025-05-08","2025","0.5044404678804203","0.9489846886560399","0.9741584515139413","0.04285748417530515","-0.20702049216274496","1","overnight_har","1.881262010249742"
"2025-05-07","2025-05-08","2025-05-09","2025","0.4586738804895969","0.861460702308433","0.9281490733219707","0.10956193334484575","0.33100140988347126","1","overnight_har","1.8781551314604923"
"2025-05-08","2025-05-09","2025-05-12","2025","0.7136896172209557","1.3390492556783076","1.1571729584112773","0.08509337464198681","0.2917076869778834","3","overnight_har","1.8762347431821231"
"2025-05-09","2025-05-12","2025-05-13","2025","0.30375976689614625","0.568582571317636","0.7540441441438531","0.15021025536708024","0.3875696780800586","1","overnight_har","1.8718165908786437"
"2025-05-12","2025-05-13","2025-05-14","2025","0.3333547462093006","0.6234835911499264","0.7896097714377187","0.1097248016637754","-0.3312473421233375","1","overnight_har","1.8703306259766435"
"2025-05-13","2025-05-14","2025-05-15","2025","0.4079958753261463","0.762395979229469","0.8731528956771941","0.8472923535232069","-0.9204848469818538","1","overnight_har","1.8686364871213959"
"2025-05-14","2025-05-15","2025-05-16","2025","0.2670562639345581","0.4986209389702017","0.7061309644607023","7.263529885567569E-05","0.008522634502058368","1","overnight_har","1.8671007061357987"
"2025-05-15","2025-05-16","2025-05-19","2025","0.7029736223051424","1.3115904613342755","1.1452468997269871","0.0015593598038422497","-0.039488730086472135","3","overnight_har","1.8657747882963218"
"2025-05-16","2025-05-19","2025-05-20","2025","0.35545219169292913","0.6610249264015264","0.8130343943533548","0.17372369045078734","0.416801739980518","1","overnight_har","1.859673232715858"
"2025-05-19","2025-05-20","2025-05-21","2025","0.2771775794775773","0.5132976412713581","0.7164479333987629","0.061560284332325924","0.24811345052682235","1","overnight_har","1.851872876005406"
"2025-05-20","2025-05-21","2025-05-22","2025","0.2941211111861944","0.5450733488118108","0.7382908294241578","0.6692253919766967","-0.8180619731882767","1","overnight_har","1.8532275585847025"
"2025-05-21","2025-05-22","2025-05-23","2025","0.25697434173873884","0.47657519501802775","0.6903442583363953","0.16254727717465212","0.40317152326851174","1","overnight_har","1.8545633458711341"
"2025-05-22","2025-05-23","2025-05-26","2025","0.5061836624905715","0.9377993244105167","0.9684003946769728","0.2161120966266592","0.4648785826714963","3","overnight_har","1.8526858804495392"
"2025-05-23","2025-05-26","2025-05-27","2025","0.30543431607502447","0.5646947766158358","0.7514617599158561","0.010874376079583222","-0.10428027656073426","1","overnight_har","1.8488255801523252"
"2025-05-26","2025-05-27","2025-05-28","2025","0.3532181082392839","0.652354866080891","0.8076848804335085","0.2518120428355383","0.5018087711823482","1","overnight_har","1.846889643718266"
"2025-05-27","2025-05-28","2025-05-29","2025","0.27856433111414874","0.5156074322897594","0.7180580981297818","0.09539704210510207","0.30886411592333296","1","overnight_har","1.850945633374993"
"2025-05-28","2025-05-29","2025-05-30","2025","0.25203402860292523","0.46471311776558333","0.6816987001348788","0.28639592696524935","-0.535159720985473","1","overnight_har","1.8438506908832137"
"2025-05-29","2025-05-30","2025-06-02","2025","0.4484486289229353","0.8275355594672045","0.9096898149738758","0.10183229701779765","-0.3191117312443992","3","overnight_har","1.845329667870195"
"2025-05-30","2025-06-02","2025-06-03","2025","0.25606875154011277","0.4725466932308824","0.6874203177320862","0.019291698831071954","-0.13889456012051715","1","overnight_har","1.8453899212175395"
"2025-06-02","2025-06-03","2025-06-04","2025","0.2678483032479336","0.49221132998850875","0.701577743367411","0.08219648224703772","0.2866992888847786","1","overnight_har","1.8376496099469173"
"2025-06-03","2025-06-04","2025-06-05","2025","0.21823814296125452","0.40219291737997287","0.6341868158358173","0.5397950930068136","-0.7347074880568549","1","overnight_har","1.8429084481871587"
"2025-06-04","2025-06-05","2025-06-06","2025","0.2651731537493343","0.4899334553522433","0.6999524664948638","0.02244845201066134","0.1498280748413372","1","overnight_har","1.8475982520288339"
"2025-06-05","2025-06-06","2025-06-09","2025","0.5354491269503759","0.9900186692311181","0.9949968187040188","0.1094299221356366","0.3308019379260596","3","overnight_har","1.8489500111237842"
"2025-06-06","2025-06-09","2025-06-10","2025","0.2671231971997328","0.4921425235392623","0.7015287047151116","0.05388735634427734","0.23213650368754446","1","overnight_har","1.8423803274983956"
"2025-06-09","2025-06-10","2025-06-11","2025","0.2852343119050829","0.5251477764306736","0.724670805559789","0.036687696268733305","0.19154032543757804","1","overnight_har","1.8411101137279247"
"2025-06-10","2025-06-11","2025-06-12","2025","0.28194609581238367","0.5203516307360124","0.7213540259373427","0.3354051270383728","0.5791417158505963","1","overnight_har","1.8455713289332858"
"2025-06-11","2025-06-12","2025-06-13","2025","0.22980582061227797","0.4243514865655107","0.6514226635338309","0.43384117783647086","-0.6586662112454766","1","overnight_har","1.8465654413578356"
"2025-06-12","2025-06-13","2025-06-16","2025","0.526536934443122","0.9722545244930613","0.9860296772881947","0.8385414499658015","0.9157190890037192","3","overnight_har","1.8465077393314124"
"2025-06-13","2025-06-16","2025-06-17","2025","0.3471542748755829","0.6413238410411046","0.8008269732227459","0.0013912833127571298","0.037299910358566946","1","overnight_har","1.8473741718172692"
"2025-06-16","2025-06-17","2025-06-18","2025","0.5029060143022308","0.9296759180948775","0.9641970328179181","0.0012294262482032477","-0.03506317510156842","1","overnight_har","1.848607675501314"
"2025-06-17","2025-06-18","2025-06-19","2025","0.498242842001399","0.9251116800324296","0.9618272610154225","0.04049358098356272","0.2012301691684493","1","overnight_har","1.856748561236394"
"2025-06-18","2025-06-19","2025-06-20","2025","0.3744076912206993","0.6954389567642314","0.8339298272422155","0.0030044643551269015","-0.05481299440029619","1","overnight_har","1.8574376891053135"
"2025-06-19","2025-06-20","2025-06-23","2025","0.6762892842166026","1.2576717689167642","1.1214596599596278","0.024837523932862652","-0.15759925105425676","3","overnight_har","1.859665380287108"
"2025-06-20","2025-06-23","2025-06-24","2025","0.12186519235971256","0.22642559983847163","0.47584199041117803","0.7834845510741687","0.885146626878377","1","overnight_har","1.8580005943791191"
"2025-06-23","2025-06-24","2025-06-25","2025","0.27250016212818595","0.5079944547997575","0.7127372971858267","0.03141802277657758","0.17725129837769193","1","overnight_har","1.8641987249930272"
"2025-06-24","2025-06-25","2025-06-26","2025","0.32443796865843383","0.605541304232131","0.7781653450470093","0.006752631634013935","0.08217439767965407","1","overnight_har","1.8664316841092077"
"2025-06-25","2025-06-26","2025-06-27","2025","0.34924540555173034","0.6500851614583297","0.8062785879944535","0.11258827718032127","0.3355417666704419","1","overnight_har","1.86139932300996"
"2025-06-26","2025-06-27","2025-06-30","2025","0.5274445254916909","0.9811871064273481","0.9905488914876176","0.07520998813013188","0.27424439489282526","3","overnight_har","1.8602659787068077"
"2025-06-27","2025-06-30","2025-07-01","2025","0.3089399329593239","0.5740625153262239","0.7576691331486481","4.002926049030481E-05","0.006326868142320086","1","overnight_har","1.8581687055710177"
"2025-06-30","2025-07-01","2025-07-02","2025","0.23138436671639104","0.4299059209764758","0.655672113923168","0.14539488468778697","-0.3813068117510976","1","overnight_har","1.8579730648069823"
"2025-07-01","2025-07-02","2025-07-03","2025","0.20333073430961943","0.37846259019686357","0.6151931324363623","4.458447416925966E-06","0.0021115035915020286","1","overnight_har","1.8613152186848656"
"2025-07-02","2025-07-03","2025-07-04","2025","0.2864331387317095","0.5333066519137593","0.7302784755925367","1.0788863151419537","1.038694524459407","1","overnight_har","1.8618887963703332"
"2025-07-03","2025-07-04","2025-07-07","2025","0.5923724981276409","1.1063820862670677","1.0518469880486743","0.0003355444103846648","-0.018317871338795477","3","overnight_har","1.8677134569280274"
"2025-07-04","2025-07-07","2025-07-08","2025","0.463150999184622","0.8630470446986022","0.9290032533304725","0.004363621378462605","-0.06605771248281767","1","overnight_har","1.863424771225794"
"2025-07-07","2025-07-08","2025-07-09","2025","0.4337568852899445","0.8068103802424692","0.898226241123287","0.08543495798626907","0.292292589687575","1","overnight_har","1.8600520420630495"
"2025-07-08","2025-07-09","2025-07-10","2025","0.3532684907218726","0.6564837574474078","0.8102368526840826","2.465051672081935","1.5700483024677727","1","overnight_har","1.8583139303081968"
"2025-07-09","2025-07-10","2025-07-11","2025","0.5159926472956605","0.9655206956362669","0.9826091265789602","0.005781150609981474","0.07603387804118289","1","overnight_har","1.871190802226741"
"2025-07-10","2025-07-11","2025-07-14","2025","1.200238712280748","2.241719163654734","1.4972371768209385","0.017360897253412565","0.13176075763827622","3","overnight_har","1.8677277617507584"
"2025-07-11","2025-07-14","2025-07-15","2025","0.6233762860623016","1.1571924601125934","1.0757288041660842","0.464271449156842","0.6813746760460371","1","overnight_har","1.8563305759066702"
"2025-07-14","2025-07-15","2025-07-16","2025","0.5246174335889991","0.972988104955782","0.9864015941571577","0.00504245971905627","-0.07101027896759926","1","overnight_har","1.8546621645784835"
"2025-07-15","2025-07-16","2025-07-17","2025","0.6495689924146175","1.2043162112064723","1.0974134185467537","0.07269947489711587","-0.2696284015030981","1","overnight_har","1.8540235529558062"
"2025-07-16","2025-07-17","2025-07-18","2025","0.2976832539937437","0.5502671183727509","0.7417999180188354","0.18490647424937764","0.4300075281310522","1","overnight_har","1.8484987347804107"
"2025-07-17","2025-07-18","2025-07-22","2025","0.6409243259887256","1.184323751156307","1.0882663971456195","0.5418984915922315","0.7361375493698386","4","overnight_har","1.8478371051516933"
"2025-07-18","2025-07-22","2025-07-23","2025","0.3813864085805806","0.7031844868352128","0.8385609619074887","0.8093284260950055","0.8996268260201035","1","overnight_har","1.8437586421925196"
"2025-07-22","2025-07-23","2025-07-24","2025","0.431691447192669","0.7969296561288425","0.8927091665984183","0.2936150629680474","0.5418625867948879","1","overnight_har","1.846063111306357"
"2025-07-23","2025-07-24","2025-07-25","2025","0.4457304739623501","0.8162916420134547","0.9034885953975593","0.05040180118275037","-0.2245034547234193","1","overnight_har","1.8313570413011633"
"2025-07-24","2025-07-25","2025-07-28","2025","0.7826782607185341","1.431112548446601","1.1962911637417544","0.13895704522577385","0.37276942635599","3","overnight_har","1.8284812805874726"
"2025-07-25","2025-07-28","2025-07-29","2025","0.4209145816055313","0.7676421745785249","0.8761519129571794","0.003948667220488898","-0.06283842153085084","1","overnight_har","1.8237481145234746"
"2025-07-28","2025-07-29","2025-07-30","2025","0.46303413475777433","0.8438540590765976","0.9186152943842147","0.0013991549478442173","-0.03740527967873275","1","overnight_har","1.8224446012345084"
"2025-07-29","2025-07-30","2025-07-31","2025","0.3321481760001259","0.6061349298699603","0.77854667802898","0.0026604172778931854","0.051579233009935166","1","overnight_har","1.8248931460931175"
"2025-07-30","2025-07-31","2025-08-01","2025","0.23228207188985533","0.42404211075746223","0.6511851585819982","0.049214142524221835","-0.22184260754918528","1","overnight_har","1.8255481678264718"
"2025-07-31","2025-08-01","2025-08-04","2025","0.35382401565537036","0.6460126076701437","0.8037490949731413","2.803127421224297","-1.6742542881009137","3","overnight_har","1.8258020345893342"
"2025-08-01","2025-08-04","2025-08-05","2025","0.4921225553831053","0.9040591280744021","0.9508202396217711","0.25859803567954454","0.5085253540184054","1","overnight_har","1.837060947898668"
"2025-08-04","2025-08-05","2025-08-06","2025","0.5814252463841272","1.0670563411001053","1.032984192086261","0.005018896599919161","-0.07084417124872844","1","overnight_har","1.8352425315827081"
"2025-08-05","2025-08-06","2025-08-07","2025","0.7075770774134954","1.29557642583932","1.1382339064705989","0.00848087027112258","0.09209164061478425","1","overnight_har","1.831003953060803"
"2025-08-06","2025-08-07","2025-08-08","2025","0.6676902074949281","1.2185582482887143","1.1038832584511435","0.00822193599572311","0.09067489176019516","1","overnight_har","1.8250353751039108"
"2025-08-07","2025-08-08","2025-08-12","2025","1.356124607206878","2.466913887559074","1.5706412345150862","1.141132826160845","1.068238187934154","4","overnight_har","1.8190908670553636"
"2025-08-08","2025-08-12","2025-08-13","2025","0.38018132283039174","0.6884668181144098","0.82973900602202","0.0030169454443169223","0.05492672795931797","1","overnight_har","1.8108906902340172"
"2025-08-12","2025-08-13","2025-08-14","2025","0.4443193883708418","0.7900310569936497","0.8888369124837524","0.2698126056578018","-0.5194348906819812","1","overnight_har","1.778070184806491"
"2025-08-13","2025-08-14","2025-08-15","2025","0.36325847626965596","0.6052237372257918","0.7779612697466319","0.009865715885484906","0.0993263101372688","1","overnight_har","1.6660966687987726"
"2025-08-14","2025-08-15","2025-08-18","2025","0.7993989105515764","1.1662632687046044","1.079936696619114","0.09836086478616209","0.31362535737111896","3","overnight_har","1.4589252666105033"
"2025-08-15","2025-08-18","2025-08-19","2025","0.3813369622265529","0.5553122848782144","0.7451927836997715","0.25242390606178533","0.5024180590522054","1","overnight_har","1.4562246513840493"
"2025-08-18","2025-08-19","2025-08-20","2025","0.2580621410834831","0.3809172082904582","0.6171849060779583","0.04167119279444566","-0.204135231634438","1","overnight_har","1.4760677668222226"
"2025-08-19","2025-08-20","2025-08-21","2025","0.30326015355566943","0.43811928036826825","0.6619057941794045","0.0029283638147084177","-0.05411435867409331","1","overnight_har","1.4446978121965592"
"2025-08-20","2025-08-21","2025-08-22","2025","0.2900017891411378","0.42611749610995514","0.6527767582489095","0.10042622977037467","0.31690097786276183","1","overnight_har","1.4693616110850016"
"2025-08-21","2025-08-22","2025-08-25","2025","0.43299389102243335","0.6471320116655573","0.8044451576493934","0.3983163266412539","0.6311230677461044","3","overnight_har","1.494552290651208"
"2025-08-22","2025-08-25","2025-08-26","2025","0.26487064841682734","0.4011822869722651","0.6333895223101382","2.7503415160961823E-05","0.0052443698535631356","1","overnight_har","1.5146347448091868"
"2025-08-25","2025-08-26","2025-08-27","2025","0.3538308431899192","0.5404885757195552","0.7351792813454111","0.0030044047157754663","-0.054812450371931616","1","overnight_har","1.5275338092260295"
"2025-08-26","2025-08-27","2025-08-28","2025","0.31474550621303915","0.4919230892966683","0.7013722900832826","0.002197379395074761","-0.04687621353175575","1","overnight_har","1.56292331291842"
"2025-08-27","2025-08-28","2025-08-29","2025","0.32828739356320297","0.5165663518333145","0.7187255052057875","0.04957953023802428","-0.22266461379847557","1","overnight_har","1.5735186972199813"
"2025-08-28","2025-08-29","2025-09-01","2025","0.46625139803142135","0.7361794081345482","0.8580089790524037","0.03442778038015899","-0.1855472456819529","3","overnight_har","1.5789323340215187"
"2025-08-29","2025-09-01","2025-09-02","2025","0.14789274466253782","0.23494561054522653","0.4847118840561128","0.08683586645997515","0.2946792603153048","1","overnight_har","1.5886216127865247"
"2025-09-01","2025-09-02","2025-09-03","2025","0.17571855274438028","0.28242652931276185","0.5314381707336817","0.021436738070233156","0.14641290267675577","1","overnight_har","1.6072664206585565"
"2025-09-02","2025-09-03","2025-09-04","2025","0.20314479551096157","0.33423555232390023","0.5781310857616119","0.005761983658727184","0.07590773121841532","1","overnight_har","1.6453069914157121"
"2025-09-03","2025-09-04","2025-09-05","2025","0.16953920798791958","0.28129958074775147","0.5303768290072177","0.016627869254987805","0.12894909559585055","1","overnight_har","1.6592007482292552"
"2025-09-04","2025-09-05","2025-09-08","2025","0.2675087586182335","0.4469107953679888","0.6685138707371664","0.13737457829350708","0.37064076717693517","3","overnight_har","1.670639861200893"
"2025-09-05","2025-09-08","2025-09-09","2025","0.15291331024859245","0.256629414606096","0.5065860387003337","0.31846290343438477","0.5643251752619094","1","overnight_har","1.6782673410764009"
"2025-09-08","2025-09-09","2025-09-10","2025","0.19726965846555036","0.3334002456023227","0.5774082140066269","0.001102086525163689","-0.0331976885515195","1","overnight_har","1.6900736190028185"
"2025-09-09","2025-09-10","2025-09-11","2025","0.26945986035868513","0.4630994954542745","0.6805141405248494","0.0003298790283311695","0.018162572183784143","1","overnight_har","1.7186214482477298"
"2025-09-10","2025-09-11","2025-09-12","2025","0.22894346881876648","0.3953643800243022","0.6287800728587876","0.10155067307338628","0.31867016345021426","1","overnight_har","1.7269083152456113"
"2025-09-11","2025-09-12","2025-09-16","2025","0.39759972567831464","0.6841418496732471","0.8271286778205958","0.10018897994070526","-0.31652642850274804","4","overnight_har","1.7206798835338348"
"2025-09-12","2025-09-16","2025-09-17","2025","0.171677295650641","0.2971650652207255","0.5451284850571703","0.009338025825969053","-0.09663346121281724","1","overnight_har","1.730951458050976"
"2025-09-16","2025-09-17","2025-09-18","2025","0.15328390234966768","0.26737592244503366","0.5170840574268691","0.043356202704302085","0.20822152315335243","1","overnight_har","1.7443183422816437"
"2025-09-17","2025-09-18","2025-09-19","2025","0.14307885194843745","0.24805619740840332","0.4980524042793121","0.09852978573429108","0.31389454556314145","1","overnight_har","1.7337027382481196"
"2025-09-18","2025-09-19","2025-09-22","2025","0.27593900146246003","0.47951631193598193","0.6924711632522916","0.0015586576168829984","-0.039479838106089016","3","overnight_har","1.7377620031766965"
"2025-09-19","2025-09-22","2025-09-24","2025","0.1716341056781505","0.2989348885507157","0.546749383676576","0.0055127405530561785","-0.07424783197546025","2","overnight_har","1.7416986406610848"
"2025-09-22","2025-09-24","2025-09-25","2025","0.13285474731356575","0.2281543987270654","0.47765510436617903","0.6123176959621025","0.7825073136796247","1","overnight_har","1.7173221382038535"
"2025-09-24","2025-09-25","2025-09-26","2025","0.20492897858659462","0.3534810237915678","0.5945427014029925","0.03097954423461069","0.17601006856032608","1","overnight_har","1.7248952599556395"
"2025-09-25","2025-09-26","2025-09-29","2025","0.38864974075413167","0.6715510436783075","0.8194821802079089","0.08774037297963636","0.29621001498875144","3","overnight_har","1.7279081220412944"
"2025-09-26","2025-09-29","2025-09-30","2025","0.21010387211832418","0.3620992085032394","0.6017467976676232","0.0011435571937494066","-0.033816522496398216","1","overnight_har","1.723429486817435"
"2025-09-29","2025-09-30","2025-10-01","2025","0.26890413818343645","0.46355515189826424","0.6808488465865711","0.11392104407506555","-0.337521916436645","1","overnight_har","1.723867676525097"
"2025-09-30","2025-10-01","2025-10-02","2025","0.22022658514878118","0.3790273126373747","0.6156519411464361","0.00401903145118076","0.06339583149687966","1","overnight_har","1.721078826070479"
"2025-10-01","2025-10-02","2025-10-03","2025","0.16905724151709647","0.2900626312151232","0.5385746291974058","0.008795183945577845","0.09378264202707154","1","overnight_har","1.7157657880380692"
"2025-10-02","2025-10-03","2025-10-06","2025","0.2742021334700111","0.47095569900547063","0.6862621212084131","7.095014986881788","2.6636469336009583","3","overnight_har","1.7175493605595087"
"2025-10-03","2025-10-06","2025-10-07","2025","0.7080643761219128","1.255142228550164","1.1203313030305653","0.02944999214886741","-0.17161000014237926","1","overnight_har","1.7726385776172093"
"2025-10-06","2025-10-07","2025-10-08","2025","0.8433058582290975","1.4888857440179946","1.2201990591776386","0.01220184489329377","0.11046196129570474","1","overnight_har","1.7655346864832462"
"2025-10-07","2025-10-08","2025-10-09","2025","0.8872144062257551","1.5303076774223023","1.2370560526598229","0.03249483599788552","-0.18026324083929457","1","overnight_har","1.7248453887626682"
"2025-10-08","2025-10-09","2025-10-10","2025","0.8365796237803796","1.436909762623901","1.1987117095548459","0.3373212803814343","-0.5807936642056577","1","overnight_har","1.7176007181847415"
"2025-10-09","2025-10-10","2025-10-14","2025","1.4992956093216296","2.569551636815854","1.6029821074534345","2.4499687014606257","-1.5652375862662593","4","overnight_har","1.7138392327971077"
"2025-10-10","2025-10-14","2025-10-15","2025","0.4877859809500576","0.8309786341439834","0.9115802949515657","0.3364438169557376","0.5800377720077698","1","overnight_har","1.7035721947676554"
"2025-10-14","2025-10-15","2025-10-16","2025","0.5627252925497961","0.9594511319177","0.9795157639965271","0.4002922145339811","0.6326865057309039","1","overnight_har","1.7050080112274273"
"2025-10-15","2025-10-16","2025-10-17","2025","0.5795876657417963","0.9882126364841581","0.9940888473794273","0.3706320354370812","-0.6087955612823415","1","overnight_har","1.7050270302411894"
"2025-10-16","2025-10-17","2025-10-20","2025","1.0707943771311248","1.821299841810116","1.3495554237637357","1.6793134034313657","1.2958832522381658","3","overnight_har","1.7008866321186216"
"2025-10-17","2025-10-20","2025-10-21","2025","0.6479249282775956","1.1035696212740846","1.0505092199852815","0.12138449891997041","0.3484027825950453","1","overnight_har","1.703236861418108"
"2025-10-20","2025-10-21","2025-10-22","2025","0.5813736025571364","0.9893231687381593","0.9946472584480185","0.011874051163206325","0.10896811993976185","1","overnight_har","1.7016994999199853"
"2025-10-21","2025-10-22","2025-10-23","2025","0.627941371051594","1.0679287036308034","1.0334063593915046","0.029771013151537268","-0.17254278643726972","1","overnight_har","1.7006821860492745"
"2025-10-22","2025-10-23","2025-10-24","2025","0.5607081071617399","0.948608024364215","0.973965104284653","0.2929202925422985","0.5412211124321542","1","overnight_har","1.691803653715645"
"2025-10-23","2025-10-24","2025-10-27","2025","0.8471031963938218","1.4311139484138748","1.1962917488697624","0.4653185372417923","0.6821426077014925","3","overnight_har","1.6894210227351616"
"2025-10-24","2025-10-27","2025-10-28","2025","0.33704877453729504","0.5685030939011233","0.7539914415304216","0.013339172671979626","0.11549533614817364","1","overnight_har","1.6867086809070047"
"2025-10-27","2025-10-28","2025-10-29","2025","0.3838131555855132","0.6458677287908874","0.8036589629879626","0.0012707551529326636","-0.03564765283903926","1","overnight_har","1.6827660005702663"
"2025-10-28","2025-10-29","2025-10-30","2025","0.4270826963841946","0.7203838663082404","0.8487543026743607","0.013959754421696724","0.11815140465393005","1","overnight_har","1.686754983068193"
"2025-10-29","2025-10-30","2025-10-31","2025","0.3698930677806394","0.6238389917169102","0.789834787608719","0.21822404032563303","0.4671445604153312","1","overnight_har","1.6865387487793373"
"2025-10-30","2025-10-31","2025-11-04","2025","0.6120155745624909","1.0328510188331839","1.0162927820432377","0.13040629425018235","0.36111811675708316","4","overnight_har","1.6876221157795437"
"2025-10-31","2025-11-04","2025-11-05","2025","0.24158391789434291","0.4065040125452804","0.6375766718954516","0.023693440766448512","-0.15392673830900372","1","overnight_har","1.682661727189413"
"2025-11-04","2025-11-05","2025-11-06","2025","0.2640889175352455","0.44456330779496117","0.6667558082198918","0.8430416469772418","0.918172994036114","1","overnight_har","1.6833849445258506"
"2025-11-05","2025-11-06","2025-11-07","2025","0.3480700152849819","0.5903779100477726","0.7683605338952363","0.01800771163609588","-0.1341928151433447","1","overnight_har","1.6961469937719325"
"2025-11-06","2025-11-07","2025-11-10","2025","0.608594916119847","1.0319971184774102","1.0158725896870189","0.2998224978738673","0.5475604969990688","3","overnight_har","1.6957044680179107"
"2025-11-07","2025-11-10","2025-11-11","2025","0.31229881962832495","0.5285035771805203","0.7269825150445645","0.04834049809316383","0.2198647268052878","1","overnight_har","1.6923009117021521"
"2025-11-10","2025-11-11","2025-11-12","2025","0.33325423327278714","0.5636038442907195","0.7507355355188134","0.4547353922680295","0.6743407093361853","1","overnight_har","1.6912128579905492"
"2025-11-11","2025-11-12","2025-11-13","2025","0.3310849923368063","0.5571076194472372","0.7463964224507224","0.02941637488191332","0.17151202547318167","1","overnight_har","1.6826725231945954"
"2025-11-12","2025-11-13","2025-11-14","2025","0.30216849102564614","0.5076129185916183","0.7124695913452155","0.010877115962492445","-0.10429341284324933","1","overnight_har","1.6799002333719015"
"2025-11-13","2025-11-14","2025-11-17","2025","0.5004022378774954","0.8395300653734015","0.9162587327678801","0.0009129636610063653","0.030215288530913705","3","overnight_har","1.6777104533631777"
"2025-11-14","2025-11-17","2025-11-18","2025","0.26689506038987953","0.4465425156072627","0.6682383673564866","0.0002148844266834809","-0.014658936751466012","1","overnight_har","1.673101461506836"
"2025-11-17","2025-11-18","2025-11-19","2025","0.26063173740354945","0.4359432776593491","0.6602600076177181","0.05268285347748427","0.22952745691416587","1","overnight_har","1.6726407996289256"
"2025-11-18","2025-11-19","2025-11-20","2025","0.10354604157775307","0.17321977369276612","0.4161967968314582","1.0888734786570613","1.043491005546795","1","overnight_har","1.672876829025809"
"2025-11-19","2025-11-20","2025-11-21","2025","0.21207419591119986","0.35686166535597846","0.5973789964134816","0.3559190486030613","-0.5965895143254374","1","overnight_har","1.6827208224116257"
"2025-11-20","2025-11-21","2025-11-25","2025","0.534450699411566","0.9010007351834541","0.949210585267281","1.7216692090360326","1.3121239305172483","4","overnight_har","1.6858444308810192"
"2025-11-21","2025-11-25","2025-11-26","2025","0.35259358934227053","0.5978748347778602","0.7732236641346798","0.06298968857077235","0.25097746626096207","1","overnight_har","1.6956486245060163"
"2025-11-25","2025-11-26","2025-11-27","2025","0.4374570991703705","0.7414755933033922","0.8610897707576093","0.012726507048260728","0.11281182140299273","1","overnight_har","1.694967563012664"
"2025-11-26","2025-11-27","2025-11-28","2025","0.47893463039439865","0.811963078673332","0.9010899392809422","0.0005541111477912281","-0.0235395655820414","1","overnight_har","1.6953526162948107"
"2025-11-27","2025-11-28","2025-12-01","2025","0.8237807878007857","1.392726397338544","1.1801382958528819","0.005624831884374491","0.07499887922078896","3","overnight_har","1.690651709730509"
"2025-11-28","2025-12-01","2025-12-02","2025","0.4043250020628339","0.6801874113974671","0.8247347521460867","0.009949928919060328","0.09974933041910772","1","overnight_har","1.6822788794341315"
"2025-12-01","2025-12-02","2025-12-03","2025","0.12375300665095135","0.207850650833047","0.45590640578198394","0.0033373981684450245","-0.05777021869826204","1","overnight_har","1.6795604119687797"
"2025-12-02","2025-12-03","2025-12-04","2025","0.09235619551939649","0.15513694125125807","0.3938742708673138","0.07095574029707574","-0.26637518708970576","1","overnight_har","1.6797675605712503"
"2025-12-03","2025-12-04","2025-12-05","2025","0.11063294999722181","0.18603073722372193","0.4313128067003366","0.17436189274029307","-0.4175666326950623","1","overnight_har","1.6815129419254706"
"2025-12-04","2025-12-05","2025-12-08","2025","0.28786647496265594","0.48471006021919144","0.6962112181078322","0.2777649792461337","0.5270341348016594","3","overnight_har","1.6838017010562674"
"2025-12-05","2025-12-08","2025-12-09","2025","0.20767863331406525","0.34962885678033784","0.5912942218391263","0.056501175956247845","0.23769976010978186","1","overnight_har","1.6835090408728093"
"2025-12-08","2025-12-09","2025-12-10","2025","0.22908313344419612","0.3857223713489383","0.621065512928337","0.04359908419688566","0.20880393721595783","1","overnight_har","1.6837659130540004"
"2025-12-09","2025-12-10","2025-12-11","2025","0.24927547722986423","0.4193207064425807","0.6475497714018442","8.3038179361E-06","-0.002881634594479321","1","overnight_har","1.6821578724966706"
"2025-12-10","2025-12-11","2025-12-12","2025","0.3029415728461768","0.5103638585051421","0.7143975493415008","0.5003525710656849","0.707356042644498","1","overnight_har","1.6846940276641633"
"2025-12-11","2025-12-12","2025-12-15","2025","0.43958622901131683","0.7420721604829424","0.861436103540444","0.12079700309171042","0.3475586325955815","3","overnight_har","1.68811512169513"
"2025-12-12","2025-12-15","2025-12-16","2025","0.24311116953116998","0.409974838920324","0.6402927759395104","0.01664867924398558","0.1290297610785418","1","overnight_har","1.6863677621679984"
"2025-12-15","2025-12-16","2025-12-17","2025","0.269859679775363","0.4546012075838213","0.6742412087553098","0.00281801281899568","0.053084958500461125","1","overnight_har","1.6845836620062733"
"2025-12-16","2025-12-17","2025-12-18","2025","0.28973366723467936","0.4876705641362741","0.698334135021534","0.0412552273807097","0.20311382862993277","1","overnight_har","1.6831684380720215"
"2025-12-17","2025-12-18","2025-12-19","2025","0.25626574765660526","0.43087215563480463","0.6564085280028015","0.02860717782251503","0.1691365655986754","1","overnight_har","1.6813489885982384"
"2025-12-18","2025-12-19","2025-12-22","2025","0.2952303640324856","0.4955371322000796","0.7039439837089877","0.12078531748824974","0.3475418212075343","3","overnight_har","1.678476175118469"
"2025-12-19","2025-12-22","2025-12-23","2025","0.15713231966432586","0.2635388928783359","0.5133603927830194","0.0029467383533274922","0.05428386826053844","1","overnight_har","1.6771781479540377"
"2025-12-22","2025-12-23","2025-12-24","2025","0.16862477712810944","0.2824935986403795","0.5315012687100374","0.042129224595207314","0.20525404891306606","1","overnight_har","1.6752793002997441"
"2025-12-23","2025-12-24","2025-12-25","2025","0.15650785967728653","0.2619383962719278","0.5117991757241582","0.42355488140060826","0.6508109413651619","1","overnight_har","1.6736437186735231"
"2025-12-24","2025-12-25","2025-12-26","2025","0.17002398641695296","0.28531236483765965","0.5341463889587382","0.12170905478430843","0.34886824846108944","1","overnight_har","1.6780712583575288"
"2025-12-25","2025-12-26","2025-12-29","2025","0.35707781445774484","0.5994182037070879","0.7742210302666079","0.01217359155638433","-0.11033400000174166","3","overnight_har","1.6786766901700656"
"2025-12-26","2025-12-29","2025-12-30","2025","0.22397530448226713","0.3755356243132887","0.6128096150626953","0.006421654739642419","0.08013522783172466","1","overnight_har","1.6766831735372016"
"2025-12-29","2025-12-30","2026-01-05","2025","0.4723945721389741","0.7885670578548994","0.8880129829314994","0.14178989594492167","0.3765499912958725","6","overnight_har","1.6692974567517052"
"2025-12-30","2026-01-05","2026-01-06","2026","0.19371076992576547","0.3227400350935147","0.5681021343856355","2.897651226714826E-06","0.0017022488733187124","1","overnight_har","1.6660923665586391"
"2026-01-05","2026-01-06","2026-01-07","2026","0.13749616692270258","0.22938102146577133","0.4789373878345387","0.16365174880105415","-0.4045389336034965","1","overnight_har","1.6682721169581727"
"2026-01-06","2026-01-07","2026-01-08","2026","0.15766265878586527","0.2632467396111884","0.5130757640068262","0.030257135137291027","0.17394578217735268","1","overnight_har","1.6696834979088206"
"2026-01-07","2026-01-08","2026-01-09","2026","0.15733948770168557","0.2624855661474873","0.512333452106621","0.2780705215388222","0.5273239246789607","1","overnight_har","1.668275205301023"
"2026-01-08","2026-01-09","2026-01-13","2026","0.5358254860706794","0.89501018837924","0.9460497811316485","1.8227599464927287","1.3500962730460109","4","overnight_har","1.6703389660363812"
"2026-01-09","2026-01-13","2026-01-14","2026","0.36187264744793596","0.6076126786031397","0.7794951434121573","0.1813992716965098","0.42590993378472614","1","overnight_har","1.6790787667657567"
"2026-01-13","2026-01-14","2026-01-15","2026","0.35917904684382707","0.6027179558828311","0.7763491198441788","0.00803239749981279","0.08962364364280662","1","overnight_har","1.6780431965033193"
"2026-01-14","2026-01-15","2026-01-16","2026","0.32474538781846607","0.5429822939530721","0.7368733228670122","0.16247147958932573","-0.4030775106469297","1","overnight_har","1.672024651683741"
"2026-01-15","2026-01-16","2026-01-19","2026","0.6476671032265805","1.072361849451449","1.0355490569989667","0.002825850577900256","0.05315873002527671","3","overnight_har","1.6557299947906927"
"2026-01-16","2026-01-19","2026-01-20","2026","0.3100790626260257","0.5125993328604096","0.7159604268815488","0.0009166105029017457","-0.03027557601271602","1","overnight_har","1.6531246209249406"
"2026-01-19","2026-01-20","2026-01-21","2026","0.18173128703574057","0.3010445170976561","0.5486752382763925","1.2821873947244304","-1.132337138278362","1","overnight_har","1.6565365381385901"
"2026-01-20","2026-01-21","2026-01-22","2026","0.33472116762063175","0.5593361847422192","0.7478878156128894","0.8250662962172713","0.9083316003625941","1","overnight_har","1.6710511280725544"
"2026-01-21","2026-01-22","2026-01-23","2026","0.4525424359561552","0.7637233936059509","0.8739126922101262","0.3998849415160387","0.6323645637731756","1","overnight_har","1.6876282375426659"
"2026-01-22","2026-01-23","2026-01-26","2026","0.8515738168886162","1.4327074533872974","1.1969575821169678","1.6235528312332597","-1.2741871256739568","3","overnight_har","1.6824230911912739"
"2026-01-23","2026-01-26","2026-01-27","2026","0.5981382252148756","1.0096920713238786","1.0048343501910544","0.21476100716687144","-0.46342314051725064","1","overnight_har","1.6880580921929145"
"2026-01-26","2026-01-27","2026-01-28","2026","0.6186246380789178","1.0421184766040645","1.0208420429253806","0.111315653988381","-0.33364000657652104","1","overnight_har","1.6845731845409004"
"2026-01-27","2026-01-28","2026-01-29","2026","0.5508746532789369","0.9273277537827679","0.9629785842804438","0.12338959381003568","-0.3512685494177292","1","overnight_har","1.6833734285342274"
"2026-01-28","2026-01-29","2026-01-30","2026","0.5140026563236618","0.8644520146757537","0.9297591164789694","0.25759994596032504","0.5075430483814403","1","overnight_har","1.6818045666507564"
"2026-01-29","2026-01-30","2026-02-02","2026","0.9210466595199596","1.5502659235987364","1.2450967527058836","1.240031146804205","1.1135668578061242","3","overnight_har","1.6831567734111534"
"2026-01-30","2026-02-02","2026-02-03","2026","0.5154704322382788","0.8688284444066844","0.9321096740226894","0.42619784652717974","0.652838300444436","1","overnight_har","1.6855058798116747"
"2026-02-02","2026-02-03","2026-02-04","2026","0.49821262942511035","0.8404979173349343","0.9167867349252684","0.023125999635222105","0.15207235000230024","1","overnight_har","1.6870265177837591"
"2026-02-03","2026-02-04","2026-02-05","2026","0.414642945968437","0.6990390656111775","0.8360855611785061","2.225886108033236","1.491940383538577","1","overnight_har","1.6858819676251986"
"2026-02-04","2026-02-05","2026-02-06","2026","0.6052622964903872","1.0290940953449077","1.0144427511421765","0.1034609171469996","-0.3216534115270653","1","overnight_har","1.7002448381670372"
"2026-02-05","2026-02-06","2026-02-09","2026","1.0525670296236218","1.7732020127953456","1.3316163159091081","3.2242986429549956","1.7956332150400303","3","overnight_har","1.6846452177296578"
"2026-02-06","2026-02-09","2026-02-10","2026","0.7750096043571262","1.3173634370757858","1.1477645390391646","0.053117639803605704","0.23047264437152992","1","overnight_har","1.6998027245979028"
"2026-02-09","2026-02-10","2026-02-12","2026","0.6537044950891241","1.109254397838269","1.0532114687175929","0.228590766018813","0.47811166689259216","2","overnight_har","1.6968743616900426"
"2026-02-10","2026-02-12","2026-02-13","2026","0.6843322495356751","1.164436311397324","1.079090501949361","0.008060335670301028","0.08977937218705101","1","overnight_har","1.7015657411840568"
"2026-02-12","2026-02-13","2026-02-16","2026","0.984557953001162","1.6701855709953075","1.2923565959112475","0.007399048538969384","-0.08601772223774229","3","overnight_har","1.6963811687307921"
"2026-02-13","2026-02-16","2026-02-17","2026","0.5451525853923865","0.9198147145350367","0.9590697130735788","0.00020983168798976656","0.014485568266028315","1","overnight_har","1.687261033299472"
"2026-02-16","2026-02-17","2026-02-18","2026","0.2545299872298981","0.4289223297190812","0.6549216210502453","0.28769624098036684","0.5363732291794276","1","overnight_har","1.6851544070980813"
"2026-02-17","2026-02-18","2026-02-19","2026","0.32915450417051967","0.5563240954368446","0.7458713665484449","0.017751978892247583","0.13323655238802745","1","overnight_har","1.6901609681410859"
"2026-02-18","2026-02-19","2026-02-20","2026","0.2677752173523544","0.4535568368418676","0.6734662848590622","0.1117431496723123","-0.3342800467756224","1","overnight_har","1.6937969141671942"
"2026-02-19","2026-02-20","2026-02-24","2026","0.7491332988708977","1.2672220922050599","1.1257095949689067","0.30700931565289974","0.5540842135026947","4","overnight_har","1.691584253583483"
"2026-02-20","2026-02-24","2026-02-25","2026","0.3460125175465307","0.5839212777135154","0.7641474188358653","0.3558335760213279","0.5965178756930323","1","overnight_har","1.6875726978142966"
"2026-02-24","2026-02-25","2026-02-26","2026","0.35327814523756323","0.5968680709063562","0.7725723726010115","0.23611995235327662","0.4859217553817452","1","overnight_har","1.6895131469425881"
"2026-02-25","2026-02-26","2026-02-27","2026","0.32858105882218924","0.5567093315534728","0.7461295675373499","0.10479732539217264","0.32372415015283096","1","overnight_har","1.6942830896857464"
"2026-02-26","2026-02-27","2026-03-02","2026","0.5907959479377095","1.001663146953141","1.000831228006571","0.8386974891419595","-0.9158042853917858","3","overnight_har","1.6954468805171141"
"2026-02-27","2026-03-02","2026-03-03","2026","0.37327779141100276","0.6337610820991959","0.7960911267557226","0.13872264918478036","-0.37245489550384536","1","overnight_har","1.697826917866068"
"2026-03-02","2026-03-03","2026-03-04","2026","0.375570713755147","0.6364042454913451","0.7977494879292277","3.9263631827433927","-1.9815052820377221","1","overnight_har","1.6944991240883822"
"2026-03-03","2026-03-04","2026-03-05","2026","0.5704285771042713","0.981767232253033","0.990841678702018","7.039747292847099","2.65325221056105","1","overnight_har","1.7211045723495917"
"2026-03-04","2026-03-05","2026-03-06","2026","0.8782817182907349","1.5552353074622385","1.2470907374614881","0.24492959182233426","-0.494903618720185","1","overnight_har","1.770770443097637"
"2026-03-05","2026-03-06","2026-03-09","2026","1.572378251901752","2.7739281449355384","1.6655113764053184","8.076815562728246","-2.84197388494832","3","overnight_har","1.764160844618998"
"2026-03-06","2026-03-09","2026-03-10","2026","1.2550492015049144","2.2679711213916143","1.5059784598033314","1.6074122833925895","1.2678376407855185","1","overnight_har","1.8070774585347869"
"2026-03-09","2026-03-10","2026-03-11","2026","1.2293256815419433","2.2176282922648967","1.4891703368872538","0.4486370421379335","0.6698037340429908","1","overnight_har","1.8039387979622499"
"2026-03-10","2026-03-11","2026-03-12","2026","1.0943538463973246","1.9585076976042692","1.399466933372943","0.16646389713735818","-0.40799987394282144","1","overnight_har","1.7896475660516828"
"2026-03-11","2026-03-12","2026-03-13","2026","0.9515656147462777","1.6947073692525585","1.3018092676166346","0.5444130616590444","-0.7378435211201928","1","overnight_har","1.7809674319772786"
"2026-03-12","2026-03-13","2026-03-16","2026","1.7360996899072205","3.084478491317854","1.7562683426281571","0.20310936587822487","0.45067656459841005","3","overnight_har","1.7766712990327718"
"2026-03-13","2026-03-16","2026-03-17","2026","0.6832409015456072","1.199832983305706","1.0953688800151782","0.4063878793672922","0.6374855914977939","1","overnight_har","1.756090685717848"
"2026-03-16","2026-03-17","2026-03-18","2026","0.6051685203809211","1.0607643283343569","1.029934137862396","0.3671231957866598","0.6059069200683054","1","overnight_har","1.7528412212629016"
"2026-03-17","2026-03-18","2026-03-19","2026","0.6116654295151982","1.0726383343313093","1.0356825451514133","1.7644859743414316","-1.3283395553627964","1","overnight_har","1.7536357011078345"
"2026-03-18","2026-03-19","2026-03-23","2026","1.9301923657313464","3.390227019100231","1.8412569128451985","2.0247249820377826","-1.4229283123326286","4","overnight_har","1.7564192457137193"
"2026-03-19","2026-03-23","2026-03-24","2026","0.8574558875742443","1.5014901892102148","1.225353087567096","4.166236436899368","2.041136065258602","1","overnight_har","1.7510990489061231"
"2026-03-23","2026-03-24","2026-03-25","2026","1.0827030870353","1.9214950914373288","1.3861800357231122","1.360809948790782","1.1665375899604702","1","overnight_har","1.774720248280479"
"2026-03-24","2026-03-25","2026-03-26","2026","1.1527459990458906","2.0453251518404","1.430148646763825","0.00206668026789654","-0.04546075524995752","1","overnight_har","1.7743068755244282"
"2026-03-25","2026-03-26","2026-03-27","2026","1.0225453467397538","1.8049029061570174","1.3434667491817642","0.14247422308381794","-0.377457577859841","1","overnight_har","1.7651079357132706"
"2026-03-26","2026-03-27","2026-03-30","2026","1.8451725506403927","3.239572566416258","1.7998812645328186","6.91121309959574","-2.6289186179103643","3","overnight_har","1.7557016904960565"
"2026-03-27","2026-03-30","2026-03-31","2026","1.3598515200277","2.4264560389739174","1.55770858602433","0.002528751713644758","0.05028669519509865","1","overnight_har","1.784353661585414"
"2026-03-30","2026-03-31","2026-04-01","2026","1.1282616442622109","1.9994250787179562","1.414010282394706","1.8129346270467857","1.3464526085409712","1","overnight_har","1.7721289107770863"
"2026-03-31","2026-04-01","2026-04-02","2026","1.3218437523311735","2.3483884481241484","1.5324452512648368","0.02044855363130626","0.14299843926178446","1","overnight_har","1.7766006337606728"
"2026-04-01","2026-04-02","2026-04-03","2026","1.13398416712958","1.9926264215358285","1.4116042014445227","0.08605104983814463","0.29334459231106447","1","overnight_har","1.7571906903953551"
"2026-04-02","2026-04-03","2026-04-06","2026","2.0087354608055588","3.509792282333139","1.8734439629551611","0.0027986525180935984","0.05290229218184783","3","overnight_har","1.7472645606234356"
"2026-04-03","2026-04-06","2026-04-07","2026","0.670272129342406","1.1566011362731603","1.0754539210366758","0.15112783442598365","0.3887516359142218","1","overnight_har","1.7255694898248035"
"2026-04-06","2026-04-07","2026-04-08","2026","0.6902185943178281","1.1887207219418925","1.0902846976555676","1.8652069005747087","1.3657257779564347","1","overnight_har","1.7222380441905583"
"2026-04-07","2026-04-08","2026-04-09","2026","0.7342121921057281","1.2657385804576515","1.1250504790708955","0.08794280580728844","0.29655152302304644","1","overnight_har","1.7239411086698253"
"2026-04-08","2026-04-09","2026-04-10","2026","0.5838470607901215","0.9976289561760678","0.9988137745225923","0.06369685194080205","0.2523823526730862","1","overnight_har","1.7087162429591995"
"2026-04-09","2026-04-10","2026-04-13","2026","1.081157217985739","1.844365380187746","1.3580741438477304","0.0023634514669326583","-0.04861534188846828","3","overnight_har","1.7059178346179011"
"2026-04-10","2026-04-13","2026-04-14","2026","0.5626020415455668","0.9136072407854935","0.9558280393384019","0.12758042403632086","0.3571840198501619","1","overnight_har","1.6238960638600841"
"2026-04-13","2026-04-14","2026-04-15","2026","0.5922993250577216","0.9402884731962691","0.9696847287630496","0.19857897792614626","0.44562201238958815","1","overnight_har","1.5875224458589998"
"2026-04-14","2026-04-15","2026-04-16","2026","0.36857709352938145","0.45318349030665245","0.6731890449989902","0.13993330847979488","0.37407660776877627","1","overnight_har","1.2295487111450851"
"2026-04-15","2026-04-16","2026-04-17","2026","0.3650580320713794","0.41388370977743594","0.6433379436792424","0.005157481264984063","-0.07181560599886394","1","overnight_har","1.1337477152030166"
"2026-04-16","2026-04-17","2026-04-20","2026","0.5918707798676033","0.6729192334856277","0.8203165446860301","0.17638459526515485","0.4199816606295504","3","overnight_har","1.136936061679129"
"2026-04-17","2026-04-20","2026-04-21","2026","0.3707472675123171","0.2920012234067368","0.5403713754509363","0.03843664659573439","0.1960526628121495","1","overnight_har","0.7876018220337545"
"2026-04-20","2026-04-21","2026-04-22","2026","0.34946305061376776","0.2695211278120153","0.5191542427949668","0.00629670078349356","0.07935175349980339","1","overnight_har","0.7712435616259026"
"2026-04-21","2026-04-22","2026-04-23","2026","0.29055681241082304","0.2292986653238144","0.4788514021320334","0.002083899990466645","-0.04564975345460964","1","overnight_har","0.7891698130264634"
"2026-04-22","2026-04-23","2026-04-24","2026","0.2243171508486534","0.17999019898035273","0.424252517942266","0.010150486228611076","0.10074962148122978","1","overnight_har","0.8023916062565898"
"2026-04-23","2026-04-24","2026-04-27","2026","0.3776822697872133","0.3088793795505956","0.5557691783021037","0.12574892928819406","0.35461095483387717","3","overnight_har","0.8178286466150996"
"2026-04-24","2026-04-27","2026-04-28","2026","0.20081608922820973","0.16754321921192816","0.40932043585915445","2.2329312121042824","1.4942995724098573","1","overnight_har","0.8343117319724821"
"2026-04-27","2026-04-28","2026-04-30","2026","0.49470244835940996","0.4223661609583563","0.6498970387364111","0.7218651393340514","-0.8496264704763213","2","overnight_har","0.8537781900191848"
"2026-04-28","2026-04-30","2026-05-01","2026","0.40666903106467445","0.35198986538085925","0.5932873379576369","4.855064373747064E-05","0.00696782919835659","1","overnight_har","0.8655438169445479"
"2026-04-30","2026-05-01","2026-05-07","2026","0.822957343505851","0.7139402294839137","0.8449498384424449","0.3544603579770125","0.5953657346346131","6","overnight_har","0.8675300550117002"
"2026-05-01","2026-05-07","2026-05-08","2026","0.3302300052330355","0.28360737578628675","0.5325480032694581","0.0038098888593245516","-0.06172429715537109","1","overnight_har","0.8588177067258069"
"2026-05-07","2026-05-08","2026-05-11","2026","0.5052237068486298","0.434482962506061","0.6591532162601204","0.5934673706521488","0.7703683344038414","3","overnight_har","0.859981344137987"
"2026-05-08","2026-05-11","2026-05-12","2026","0.25743253592459553","0.22304013433328226","0.4722712508011495","1.0629066328273298","1.0309736334297448","1","overnight_har","0.8664022732488362"
"2026-05-11","2026-05-12","2026-05-13","2026","0.28091667324261105","0.24796635142050769","0.4979621987867229","0.05167642605672578","0.22732449506537078","1","overnight_har","0.8827042857878139"
"2026-05-12","2026-05-13","2026-05-14","2026","0.26964696495320045","0.23887995545851753","0.48875347104498146","0.024635771835338046","-0.15695786643344145","1","overnight_har","0.8858989215768744"
"2026-05-13","2026-05-14","2026-05-15","2026","0.229012729127414","0.20332312637184985","0.450913657335692","0.039156297612836156","-0.19787950276073607","1","overnight_har","0.8878245639294948"
"2026-05-14","2026-05-15","2026-05-18","2026","0.429469837999135","0.3821653787375614","0.6181952593942802","0.018611906026492122","0.13642545959787755","3","overnight_har","0.8898538265644889"
"2026-05-15","2026-05-18","2026-05-19","2026","0.2101857161515126","0.18804911892578566","0.433646306251749","0.7789259969755075","0.8825678427041784","1","overnight_har","0.8946807726469397"
"2026-05-18","2026-05-19","2026-05-20","2026","0.21350998445136463","0.19278215847477434","0.4390696510518284","0.002015278611600056","0.0448918546241972","1","overnight_har","0.902918704107199"
"2026-05-19","2026-05-20","2026-05-21","2026","0.18486575632290203","0.16709254845804333","0.40876955422101013","0.5036848825141561","0.7097076035341288","1","overnight_har","0.9038588421220937"
"2026-05-20","2026-05-21","2026-05-22","2026","0.21370410314264224","0.19474793923045564","0.4413025484069355","0.007905238160861477","0.08891140624723848","1","overnight_har","0.9112971457570291"
"2026-05-21","2026-05-22","2026-05-25","2026","0.3525566436758451","0.32110754019697285","0.5666635158513144","0.0033731397117879444","-0.058078737174528376","3","overnight_har","0.9107970193073773"
"2026-05-22","2026-05-25","2026-05-26","2026","0.1794159876854326","0.16322710140341093","0.40401373912703875","0.0491235949591295","-0.22163843294683686","1","overnight_har","0.9097689871963618"
"2026-05-25","2026-05-26","2026-05-27","2026","0.1355251854738212","0.12263134127755337","0.3501875801303544","0.0008967072592117993","-0.029945070699729518","1","overnight_har","0.9048601619603873"
"2026-05-26","2026-05-27","2026-05-28","2026","0.127789584951868","0.11575921490670052","0.3402340590045337","0.0047041795141213915","-0.06858702146996465","1","overnight_har","0.9058579770041609"
"2026-05-27","2026-05-28","2026-05-29","2026","0.07512102745515363","0.06837841733704668","0.26149267166987045","0.007042337987989867","0.0839186390975799","1","overnight_har","0.9102433719755469"
"2026-05-28","2026-05-29","2026-06-01","2026","0.13549276710143385","0.1234319357224009","0.3513288142501279","0.1924698019580034","-0.43871380415711037","3","overnight_har","0.9109854227864144"
"2026-05-29","2026-06-01","2026-06-02","2026","0.11932603679085384","0.1089647415329123","0.3300980786568021","0.30471362571010757","-0.5520087188714573","1","overnight_har","0.9131681941628375"
"2026-06-01","2026-06-02","2026-06-03","2026","0.14867667414746177","0.13551067127464825","0.3681177410484969","0.016907867879869722","0.1300302575551926","1","overnight_har","0.9114454036027527"
"2026-06-02","2026-06-03","2026-06-04","2026","0.12527715074206577","0.11413380218103539","0.3378369461456745","0.612547283650032","-0.7826539999578562","1","overnight_har","0.9110504310241416"
"2026-06-03","2026-06-04","2026-06-05","2026","0.16642694672708688","0.15266799855746913","0.3907275246990787","0.08837093050047458","0.297272485273149","1","overnight_har","0.9173274013601884"
"2026-06-04","2026-06-05","2026-06-08","2026","0.30171562775768807","0.2772948650912608","0.5265879462077163","2.2724145574989634","-1.5074530034130296","3","overnight_har","0.9190603322475561"
"2026-06-05","2026-06-08","2026-06-09","2026","0.27711801650438594","0.25953428759580754","0.509445078095576","0.7041930088338377","0.8391620873429863","1","overnight_har","0.9365478681957147"
"2026-06-08","2026-06-09","2026-06-10","2026","0.3155091802534517","0.29711741766996874","0.5450847802589692","0.06311847954426245","0.25123391400100115","1","overnight_har","0.9417076784621333"
"2026-06-09","2026-06-10","2026-06-11","2026","0.30393421985986385","0.2854900615987112","0.5343127002034588","0.6691883319906317","-0.8180393217875481","1","overnight_har","0.939315295692414"
"2026-06-10","2026-06-11","2026-06-12","2026","0.3060644561259805","0.289312087684876","0.5378773909404224","0.06149122979971883","0.24797425229188377","1","overnight_har","0.945265227288565"
"2026-06-11","2026-06-12","2026-06-15","2026","0.5878905420583646","0.5556873257693834","0.745444381405738","0.8132412404867464","0.901798891375869","3","overnight_har","0.9452224283516639"
"2026-06-12","2026-06-15","2026-06-16","2026","0.31297859740549233","0.2969658421111779","0.5449457240048571","0.000627171118703446","-0.025043384729374063","1","overnight_har","0.9488375389657445"
"2026-06-15","2026-06-16","2026-06-17","2026","0.2313917870124258","0.21832625332809552","0.46725394950507965","0.06618840991399604","0.2572710825452329","1","overnight_har","0.9435350154254669"
"2026-06-16","2026-06-17","2026-06-18","2026","0.25179318847335835","0.2377362209155235","0.48758201455296063","0.16178439356978874","0.4022243075322385","1","overnight_har","0.9441725662117257"
"2026-06-17","2026-06-18","2026-06-19","2026","0.22371953105120268","0.21183524613299023","0.4602556312887331","0.0005205225627899074","-0.022814963571961","1","overnight_har","0.9468786437090623"
"2026-06-18","2026-06-19","2026-06-22","2026","0.3642191109927622","0.3448335163888422","0.5872252688609731","0.299294568694957","0.5470782107660266","3","overnight_har","0.9467749109839948"
"2026-06-19","2026-06-22","2026-06-23","2026","0.18376824810810866","0.1742788080440852","0.41746713408852343","0.04500393533155727","-0.21214130981861423","1","overnight_har","0.9483619169159139"
"2026-06-22","2026-06-23","2026-06-24","2026","0.18157254595613462","0.17189355575204412","0.414600477269436","0.011799011189065803","0.10862325344541013","1","overnight_har","0.9466935369930386"
"2026-06-23","2026-06-24","2026-06-25","2026","0.16869219549919492","0.15916267814847312","0.39895197473940786","0.6377449216785677","0.7985893323095217","1","overnight_har","0.9435094354986489"
"2026-06-24","2026-06-25","2026-06-26","2026","0.23150131573953647","0.21869247154818972","0.4676456688008451","0.015429469575952443","-0.12421541601569606","1","overnight_har","0.9446705339430638"
"2026-06-25","2026-06-26","2026-06-29","2026","0.38026566292464337","0.35962398946034224","0.5996865760214599","0.44523309451727805","0.667257892060692","3","overnight_har","0.9457177560930826"
"2026-06-26","2026-06-29","2026-06-30","2026","0.21817359319099242","0.2073694509313152","0.45537836019217603","0.12114771250688021","0.34806279965960196","1","overnight_har","0.9504791478122694"
"2026-06-29","2026-06-30","2026-07-01","2026","0.21724432588039555","0.20712842616979046","0.4551136409401398","0.0007826673478913522","-0.02797619251955763","1","overnight_har","0.9534353789466776"
"2026-06-30","2026-07-01","2026-07-02","2026","0.20785421580166002","0.19843743404037592","0.44546316799526303","0.8049064150224386","0.8971657678614575","1","overnight_har","0.95469525732271"
"2026-07-01","2026-07-02","2026-07-03","2026","0.2537228084069844","0.24489615411946825","0.49486983553199954","0.6927031871378786","0.8322879232200108","1","overnight_har","0.9652114276089923"
"2026-07-02","2026-07-03","2026-07-06","2026","0.520705968496568","0.5016195548228845","0.70825105352755","0.32812151993704736","0.572818924213444","3","overnight_har","0.9633451221448609"
"2026-07-03","2026-07-06","2026-07-07","2026","0.27470636626422873","0.26477217042806994","0.5145601718245106","0.2502686202252459","0.50026854810716","1","overnight_har","0.963837038175506"
"2026-07-06","2026-07-07","2026-07-08","2026","0.2836421395942248","0.27409114880985225","0.5235371513177","0.0012681927419268045","0.03561169389297292","1","overnight_har","0.9663273207639878"
"2026-07-07","2026-07-08","2026-07-09","2026","0.22719203076541059","0.2194487786831203","0.4684536035544185","0.001058477825640561","-0.03253425618698791","1","overnight_har","0.9659175893793315"
"2026-07-08","2026-07-09","2026-07-10","2026","0.19318896517866846","0.18696206969027315","0.43239110732099145","0.46658705954816376","0.6830717821343257","1","overnight_har","0.9677678511159453"
"2026-07-09","2026-07-10","2026-07-13","2026","0.36818454712308274","0.3581448303636043","0.5984520284564204","0.2840468039664395","0.5329604150088818","3","overnight_har","0.9727318356027522"
"2026-07-10","2026-07-13","2026-07-14","2026","0.19959556343793816","0.19416250675238642","0.44063874858253943","0.2306084811916617","0.4802171188032156","1","overnight_har","0.9727796720930568"
"2026-07-13","2026-07-14","2026-07-15","2026","0.18552431935268443","0.18084671122827417","0.42526075674611","0.5098288916002836","0.7140230329620212","1","overnight_har","0.9747870891496545"
"2026-07-14","2026-07-15","2026-07-16","2026","0.19253174429075223","0.18690014404600677","0.43231949302108363","0.02028022679055411","0.14240866122028573","1","overnight_har","0.9707497573166901"
"2026-07-15","2026-07-16","2026-07-17","2026","0.19577866062353186","0.19073974165154614","0.4367376119039281","0.1460900906870055","-0.3822173343622781","1","overnight_har","0.974262164446639"
"2026-07-16","2026-07-17","2026-07-21","2026","0.499272794944257","0.4881549933166092","0.6986808951993816","0.12020828971009333","0.34671067146843537","4","overnight_har","0.9777320099548202"
"2026-07-17","2026-07-21","2026-07-22","2026","0.17490691870354313","0.17096793241454344","0.4134826869586482","0.030275350567575958","0.17399813380486573","1","overnight_har","0.977479528436059"
"2026-07-21","2026-07-22","2026-07-23","2026","0.1562781733387622","0.14970827754868438","0.38692153926692213","0.13940311641879344","-0.3733672674710431","1","overnight_har","0.9579602471047806"
"2026-07-22","2026-07-23","2026-07-24","2026","0.1300441923591939","0.1251158542014149","0.3537171952300523","0.4179573331593638","-0.6464961973278449","1","overnight_har","0.9621025893708004"
"2026-07-23","2026-07-24","2026-07-27","2026","0.30093597682135925","0.2932944135094744","0.541566628873562","0.6727883643108489","0.8202367733227088","3","overnight_har","0.9746073454141342"
"2026-07-24","2026-07-27","2026-07-28","2026","0.22342482097361","0.21877555698932594","0.4677344941196083","0.007125702019312388","-0.08441387338176343","1","overnight_har","0.9791909244280732"
"2026-07-27","2026-07-28","2026-07-29","2026","0.20309034777057178","0.1993944998133115","0.4465361125522901","0.6121065793936553","0.7823724045450832","1","overnight_har","0.9818019517036063"
"2026-07-28","2026-07-29","2026-07-30","2026","0.24563435297136568","0.2432839776924293","0.49323825651750625","0.558711674120837","-0.7474701827637253","1","overnight_har","0.990431406476722"
"2026-07-29","2026-07-30","2026-07-31","2026","0.27428656043741656","0.2726921904726253","0.5221993780852533","0.0003304802626271152","-0.01817911611237233","1","overnight_har","0.9941872107687352"
"2026-07-30","2026-07-31","2026-08-03","2026","0.41522172000151186","0.41215685136943403","0.641994432506571","0.027046367511521268","-0.16445779857313325","3","overnight_har","0.9926187179416658"
"2026-07-31","2026-08-03","2026-08-04","2026","0.18925550667192154","0.18649115506927214","0.43184621692133895","0.02075929609391418","-0.14408086650875673","1","overnight_har","0.9853935473199126"
"2026-08-03","2026-08-04","2026-08-05","2026","0.17388434600158167","0.17129210397150738","0.41387450268349146","0.3774145755718909","0.6143407650253163","1","overnight_har","0.9850921483751578"
"2026-08-04","2026-08-05","2026-08-06","2026","0.17204801151565735","0.17039355327637618","0.41278754011764474","0.035921517170153364","-0.18952972634959764","1","overnight_har","0.9903837409993512"
"2026-08-05","2026-08-06","2026-08-07","2026","0.1264419921104951","0.125793548479926","0.35467386213241875","0.5663059000692591","-0.7525329893561206","1","overnight_har","0.9948716117189735"
"2026-08-06","2026-08-07","2026-08-10","2026","0.31525550365679017","0.31605706749895274","0.5621895298731138","0.00044994680042127625","0.02121194947243832","3","overnight_har","1.0025425847697023"
"2026-08-07","2026-08-10","2026-08-12","2026","0.1574981325865516","0.15810679247086556","0.397626448404612","0.4624710793724455","0.680052262236106","2","overnight_har","1.003864553022427"
"2026-08-10","2026-08-12","2026-08-13","2026","0.19448780929306744","0.19635048041488942","0.4431145229112779","0.00031420139712017296","0.017725726984250123","1","overnight_har","1.0095773155581962"
"2026-08-12","2026-08-13","2026-08-14","2026","0.15655879033483114","0.15804306908562088","0.39754631061754414","0.37401717377989396","-0.6115694349621259","1","overnight_har","1.0094806477976441"
"2026-08-13","2026-08-14","2026-08-17","2026","0.32573820024164535","0.322279029881076","0.5676962479011782","0.4006608990658576","-0.6329778029803712","3","overnight_har","0.9893805198223505"
"2026-08-14","2026-08-17","2026-08-18","2026","0.1815278740545088","0.18010269309110397","0.42438507642364615","0.010911610833934035","-0.10445865609864045","1","overnight_har","0.9921489690174146"
"2026-08-17","2026-08-18","2026-08-19","2026","0.1628627392843362","0.16217821486245276","0.4027135642891269","0.128626074990733","-0.35864477549621854","1","overnight_har","0.9957969243002333"
"2026-08-18","2026-08-19","2026-08-20","2026","0.15323640570437444","0.15351674932542586","0.3918121352452293","0.5338616432943991","0.7306583629127905","1","overnight_har","1.0018294844476596"
"2026-08-19","2026-08-20","2026-08-21","2026","0.17719101691861838","0.17920257626708466","0.4233232526888697","0.11139639342098227","-0.3337609824724608","1","overnight_har","1.0113524905689217"
"2026-08-20","2026-08-21","2026-08-24","2026","0.31648095766018136","0.3205496166210057","0.5661710135824738","0.03305364483813021","0.18180661384594954","3","overnight_har","1.012855936075601"
"2026-08-21","2026-08-24","2026-08-25","2026","0.17033008879163644","0.17266886485312516","0.41553443281288394","0.0008822882048294683","-0.02970333659421898","1","overnight_har","1.0137308450789908"
"2026-08-24","2026-08-25","2026-08-26","2026","0.15996914456416014","0.16217874595208334","0.40271422367739057","0.010724884964354066","0.10356102048721838","1","overnight_har","1.0138126723996888"
"2026-08-25","2026-08-26","2026-08-27","2026","0.15191954262963947","0.15431016317819385","0.3928233231087404","0.05102708495168257","0.22589175494400537","1","overnight_har","1.0157360962728963"
"2026-08-26","2026-08-27","2026-08-28","2026","0.09996159487830354","0.10210505110751342","0.31953881001767753","0.007037107736942705","-0.08388747067913482","1","overnight_har","1.0214427974245448"
"2026-08-27","2026-08-28","2026-08-31","2026","0.14428801342855915","0.14743879400025378","0.383977595700913","0.11877601354258031","-0.3446389611500422","3","overnight_har","1.0218367451101866"
"2026-08-28","2026-08-31","2026-09-01","2026","0.105201651641698","0.10768982022326994","0.3281612716687786","0.00495945413922441","-0.07042339198891523","1","overnight_har","1.023651421272798"
"2026-08-31","2026-09-01","2026-09-02","2026","0.10222157175859013","0.10483606855527788","0.32378398440206685","1.1214684694833519","-1.0589940837810907","1","overnight_har","1.025576761848881"
"2026-09-01","2026-09-02","2026-09-03","2026","0.22799438784482146","0.2364319539112864","0.4862426903422677","0.2183943878555754","0.46732685334311297","1","overnight_har","1.0370077796485402"
"2026-09-02","2026-09-03","2026-09-04","2026","0.2841820749481896","0.2947866232603761","0.5429425598167601","0.0373729657412506","0.1933208880107129","1","overnight_har","1.0373160352007418"
"2026-09-03","2026-09-04","2026-09-07","2026","0.5063214676792223","0.5252980895726392","0.7247745094666611","0.012735691314812761","0.11285252019699321","3","overnight_har","1.0374793942283316"
"2026-09-04","2026-09-07","2026-09-08","2026","0.25717356087156373","0.26645250873653253","0.5161903803215753","0.20892097297551568","-0.4570787382667407","1","overnight_har","1.0360804891199638"
"2026-09-07","2026-09-08","2026-09-09","2026","0.32397397065623385","0.33647663644049824","0.580066062134735","0.08409560718052679","-0.289992426074418","1","overnight_har","1.0385915749927048"
"2026-09-08","2026-09-09","2026-09-10","2026","0.22052027437948382","0.2291115685993075","0.47865600236423184","0.12023190041140518","-0.346744719370613","1","overnight_har","1.0389592033838997"
"2026-09-09","2026-09-10","2026-09-11","2026","0.20921817028824952","0.21804349902518977","0.4669512812116375","0.7256370621694379","-0.8518433319392938","1","overnight_har","1.042182420029681"
"2026-09-10","2026-09-11","2026-09-14","2026","0.5597209066826965","0.5863700779723848","0.7657480512364265","0.01046186757958695","0.10228327125970771","3","overnight_har","1.0476115345550165"
"2026-09-11","2026-09-14","2026-09-15","2026","0.29991391111363874","0.31302701868457056","0.5594881756432128","0.025922497779723802","-0.16100465142263376","1","overnight_har","1.0437229054238941"
"2026-09-14","2026-09-15","2026-09-16","2026","0.28238500450732534","0.2945170904697232","0.542694288222866","0.6670253354446749","0.8167161902672647","1","overnight_har","1.042962925682136"
"2026-09-15","2026-09-16","2026-09-17","2026","0.34946768699417025","0.3662301164044461","0.6051694939473123","0.02272079455178301","0.15073418508017022","1","overnight_har","1.04796560607492"
"2026-09-16","2026-09-17","2026-09-18","2026","0.3256676694554222","0.34067564820057167","0.5836742654945236","0.001221449598534915","0.034949243175423916","1","overnight_har","1.046083723233091"
"2026-09-17","2026-09-18","2026-09-24","2026","0.7274171579072988","0.7575456932560146","0.870371008970321","0.003870069517694068","-0.06220988279762363","6","overnight_har","1.0414185107145293"
"2026-09-18","2026-09-24","2026-09-25","2026","0.3119228035433088","0.32324477953993624","0.5685461982459615","0.2677106949866105","0.5174076680786732","1","overnight_har","1.0362973654635528"
"2026-09-24","2026-09-25","2026-09-28","2026","0.6886064294717659","0.7150344198686859","0.8455970789144709","0.03337883939686671","0.18269876681813346","3","overnight_har","1.0383789480693537"
"2026-09-25","2026-09-28","2026-09-29","2026","0.24420857900522536","0.25234499634151325","0.5023395229737685","0.5275418365512413","-0.7263207532153004","1","overnight_har","1.0333174918319057"
"2026-09-28","2026-09-29","2026-09-30","2026","0.3577330618688006","0.3715992842383181","0.6095894390803683","0.03933190148345817","0.19832272054270073","1","overnight_har","1.038761366637683"
"2026-09-29","2026-09-30","2026-10-01","2026","0.34412572225405025","0.35694330919055073","0.5974473275449065","0.4307208552397409","-0.656293269232392","1","overnight_har","1.037246814485544"
"2026-09-30","2026-10-01","2026-10-02","2026","0.4081664338906395","0.4240852304997458","0.6512182664051629","0.3707541721478481","-0.6088958631390495","1","overnight_har","1.0390007489282458"
"2026-10-01","2026-10-02","2026-10-05","2026","0.6589620104970447","0.684642533351831","0.8274312861814151","0.0477710263370463","0.21856583982188593","3","overnight_har","1.0389711735209377"
