"date","rank","code"
"2022-01-04","1","2307"
"2022-01-04","2","7613"
"2022-01-04","3","4390"
"2022-01-04","4","6616"
"2022-01-04","5","2148"
"2022-01-05","1","2307"
"2022-01-05","2","7613"
"2022-01-05","3","4390"
"2022-01-05","4","2148"
"2022-01-05","5","6616"
"2022-01-06","1","2307"
"2022-01-06","2","7613"
"2022-01-06","3","4390"
"2022-01-06","4","2148"
"2022-01-06","5","6616"
"2022-01-07","1","2307"
"2022-01-07","2","7613"
"2022-01-07","3","4390"
"2022-01-07","4","6616"
"2022-01-07","5","2148"
"2022-01-11","1","2307"
"2022-01-11","2","7613"
"2022-01-11","3","2148"
"2022-01-11","4","4290"
"2022-01-11","5","6616"
"2022-01-12","1","2307"
"2022-01-12","2","7613"
"2022-01-12","3","2148"
"2022-01-12","4","4290"
"2022-01-12","5","6616"
"2022-01-13","1","2307"
"2022-01-13","2","2148"
"2022-01-13","3","7613"
"2022-01-13","4","6616"
"2022-01-13","5","4290"
"2022-01-14","1","2307"
"2022-01-14","2","7613"
"2022-01-14","3","4290"
"2022-01-14","4","2148"
"2022-01-14","5","6616"
"2022-01-17","1","2307"
"2022-01-17","2","7613"
"2022-01-17","3","6616"
"2022-01-17","4","4290"
"2022-01-17","5","4390"
"2022-01-18","1","7613"
"2022-01-18","2","4390"
"2022-01-18","3","6616"
"2022-01-18","4","4290"
"2022-01-18","5","2148"
"2022-01-19","1","2307"
"2022-01-19","2","4390"
"2022-01-19","3","6616"
"2022-01-19","4","4290"
"2022-01-19","5","7613"
"2022-01-20","1","4390"
"2022-01-20","2","7613"
"2022-01-20","3","6616"
"2022-01-20","4","4290"
"2022-01-20","5","3433"
"2022-01-21","1","4390"
"2022-01-21","2","7613"
"2022-01-21","3","4290"
"2022-01-21","4","6616"
"2022-01-21","5","2148"
"2022-01-24","1","4390"
"2022-01-24","2","4290"
"2022-01-24","3","7613"
"2022-01-24","4","6616"
"2022-01-24","5","4733"
"2022-01-25","1","4390"
"2022-01-25","2","7613"
"2022-01-25","3","4290"
"2022-01-25","4","6616"
"2022-01-25","5","2148"
"2022-01-26","1","4390"
"2022-01-26","2","4290"
"2022-01-26","3","7613"
"2022-01-26","4","4733"
"2022-01-26","5","6616"
"2022-01-27","1","4390"
"2022-01-27","2","4290"
"2022-01-27","3","7613"
"2022-01-27","4","6616"
"2022-01-27","5","4733"
"2022-01-28","1","4390"
"2022-01-28","2","7613"
"2022-01-28","3","4290"
"2022-01-28","4","4733"
"2022-01-28","5","6616"
"2022-01-31","1","4390"
"2022-01-31","2","4290"
"2022-01-31","3","4733"
"2022-01-31","4","7613"
"2022-01-31","5","2148"
"2022-02-01","1","4390"
"2022-02-01","2","4290"
"2022-02-01","3","2148"
"2022-02-01","4","4733"
"2022-02-01","5","7613"
"2022-02-02","1","4390"
"2022-02-02","2","4290"
"2022-02-02","3","2148"
"2022-02-02","4","4733"
"2022-02-02","5","7613"
"2022-02-03","1","4390"
"2022-02-03","2","4290"
"2022-02-03","3","2148"
"2022-02-03","4","4733"
"2022-02-03","5","7613"
"2022-02-04","1","4290"
"2022-02-04","2","4390"
"2022-02-04","3","4733"
"2022-02-04","4","2148"
"2022-02-04","5","6036"
"2022-02-07","1","4290"
"2022-02-07","2","4390"
"2022-02-07","3","4733"
"2022-02-07","4","2148"
"2022-02-07","5","2307"
"2022-02-08","1","4390"
"2022-02-08","2","4290"
"2022-02-08","3","4733"
"2022-02-08","4","6036"
"2022-02-08","5","3925"
"2022-02-09","1","4390"
"2022-02-09","2","4290"
"2022-02-09","3","4733"
"2022-02-09","4","2148"
"2022-02-09","5","2307"
"2022-02-10","1","4390"
"2022-02-10","2","4290"
"2022-02-10","3","4733"
"2022-02-10","4","2148"
"2022-02-10","5","6036"
"2022-02-14","1","4290"
"2022-02-14","2","4390"
"2022-02-14","3","4733"
"2022-02-14","4","2148"
"2022-02-14","5","3925"
"2022-02-15","1","4290"
"2022-02-15","2","4390"
"2022-02-15","3","4733"
"2022-02-15","4","2148"
"2022-02-15","5","6616"
"2022-02-16","1","4290"
"2022-02-16","2","4390"
"2022-02-16","3","4733"
"2022-02-16","4","7613"
"2022-02-16","5","2148"
"2022-02-17","1","4290"
"2022-02-17","2","4390"
"2022-02-17","3","4733"
"2022-02-17","4","7613"
"2022-02-17","5","2148"
"2022-02-18","1","4290"
"2022-02-18","2","4390"
"2022-02-18","3","7613"
"2022-02-18","4","2148"
"2022-02-18","5","4733"
"2022-02-21","1","7613"
"2022-02-21","2","4290"
"2022-02-21","3","4390"
"2022-02-21","4","2148"
"2022-02-21","5","4733"
"2022-02-22","1","7613"
"2022-02-22","2","4290"
"2022-02-22","3","4733"
"2022-02-22","4","2148"
"2022-02-22","5","4390"
"2022-02-24","1","7613"
"2022-02-24","2","4290"
"2022-02-24","3","4390"
"2022-02-24","4","2148"
"2022-02-24","5","4733"
"2022-02-25","1","7613"
"2022-02-25","2","4290"
"2022-02-25","3","2148"
"2022-02-25","4","4194"
"2022-02-25","5","4733"
"2022-02-28","1","7613"
"2022-02-28","2","4290"
"2022-02-28","3","2148"
"2022-02-28","4","4194"
"2022-02-28","5","4733"
"2022-03-01","1","7613"
"2022-03-01","2","4290"
"2022-03-01","3","2148"
"2022-03-01","4","4390"
"2022-03-01","5","4194"
"2022-03-02","1","7613"
"2022-03-02","2","4290"
"2022-03-02","3","4733"
"2022-03-02","4","2148"
"2022-03-02","5","4194"
"2022-03-03","1","7613"
"2022-03-03","2","4290"
"2022-03-03","3","2148"
"2022-03-03","4","4194"
"2022-03-03","5","4390"
"2022-03-04","1","7613"
"2022-03-04","2","4290"
"2022-03-04","3","2148"
"2022-03-04","4","4194"
"2022-03-04","5","4390"
"2022-03-07","1","7613"
"2022-03-07","2","4290"
"2022-03-07","3","2148"
"2022-03-07","4","4390"
"2022-03-07","5","3496"
"2022-03-08","1","7613"
"2022-03-08","2","4290"
"2022-03-08","3","2148"
"2022-03-08","4","4390"
"2022-03-08","5","3496"
"2022-03-09","1","7613"
"2022-03-09","2","4290"
"2022-03-09","3","2148"
"2022-03-09","4","4390"
"2022-03-09","5","4194"
"2022-03-10","1","7613"
"2022-03-10","2","4290"
"2022-03-10","3","2148"
"2022-03-10","4","4390"
"2022-03-10","5","4194"
"2022-03-11","1","4290"
"2022-03-11","2","2148"
"2022-03-11","3","7613"
"2022-03-11","4","4390"
"2022-03-11","5","4194"
"2022-03-14","1","4290"
"2022-03-14","2","2148"
"2022-03-14","3","7613"
"2022-03-14","4","4390"
"2022-03-14","5","4194"
"2022-03-15","1","4290"
"2022-03-15","2","2148"
"2022-03-15","3","7613"
"2022-03-15","4","4194"
"2022-03-15","5","4390"
"2022-03-16","1","2148"
"2022-03-16","2","4290"
"2022-03-16","3","7613"
"2022-03-16","4","4390"
"2022-03-16","5","4194"
"2022-03-17","1","4290"
"2022-03-17","2","2148"
"2022-03-17","3","4390"
"2022-03-17","4","7613"
"2022-03-17","5","3496"
"2022-03-18","1","4290"
"2022-03-18","2","4390"
"2022-03-18","3","7613"
"2022-03-18","4","3496"
"2022-03-18","5","2307"
"2022-03-22","1","4290"
"2022-03-22","2","2148"
"2022-03-22","3","4390"
"2022-03-22","4","7613"
"2022-03-22","5","2307"
"2022-03-23","1","4290"
"2022-03-23","2","2148"
"2022-03-23","3","4390"
"2022-03-23","4","7613"
"2022-03-23","5","7826"
"2022-03-24","1","4290"
"2022-03-24","2","2148"
"2022-03-24","3","4390"
"2022-03-24","4","4194"
"2022-03-24","5","7613"
"2022-03-25","1","4290"
"2022-03-25","2","2148"
"2022-03-25","3","4390"
"2022-03-25","4","4194"
"2022-03-25","5","3496"
"2022-03-28","1","4290"
"2022-03-28","2","4390"
"2022-03-28","3","2307"
"2022-03-28","4","7826"
"2022-03-28","5","6616"
"2022-03-29","1","4290"
"2022-03-29","2","4390"
"2022-03-29","3","2307"
"2022-03-29","4","6616"
"2022-03-29","5","7826"
"2022-03-30","1","4290"
"2022-03-30","2","2307"
"2022-03-30","3","4390"
"2022-03-30","4","6616"
"2022-03-30","5","7826"
"2022-03-31","1","4290"
"2022-03-31","2","2307"
"2022-03-31","3","6616"
"2022-03-31","4","7826"
"2022-03-31","5","4390"
"2022-04-01","1","4290"
"2022-04-01","2","2307"
"2022-04-01","3","7826"
"2022-04-01","4","6616"
"2022-04-01","5","4390"
"2022-04-04","1","4290"
"2022-04-04","2","7826"
"2022-04-04","3","2307"
"2022-04-04","4","4390"
"2022-04-04","5","6533"
"2022-04-05","1","4290"
"2022-04-05","2","2307"
"2022-04-05","3","7826"
"2022-04-05","4","6616"
"2022-04-05","5","4390"
"2022-04-06","1","4290"
"2022-04-06","2","2307"
"2022-04-06","3","7826"
"2022-04-06","4","6616"
"2022-04-06","5","4194"
"2022-04-07","1","4290"
"2022-04-07","2","7826"
"2022-04-07","3","6533"
"2022-04-07","4","6616"
"2022-04-07","5","2307"
"2022-04-08","1","4290"
"2022-04-08","2","6533"
"2022-04-08","3","7826"
"2022-04-08","4","6616"
"2022-04-08","5","2307"
"2022-04-11","1","4290"
"2022-04-11","2","6533"
"2022-04-11","3","7826"
"2022-04-11","4","6616"
"2022-04-11","5","2307"
"2022-04-12","1","4290"
"2022-04-12","2","7826"
"2022-04-12","3","6533"
"2022-04-12","4","6616"
"2022-04-12","5","2307"
"2022-04-13","1","4290"
"2022-04-13","2","7826"
"2022-04-13","3","6533"
"2022-04-13","4","6616"
"2022-04-13","5","2307"
"2022-04-14","1","4290"
"2022-04-14","2","7826"
"2022-04-14","3","6533"
"2022-04-14","4","6616"
"2022-04-14","5","2307"
"2022-04-15","1","4290"
"2022-04-15","2","6533"
"2022-04-15","3","7826"
"2022-04-15","4","6616"
"2022-04-15","5","2307"
"2022-04-18","1","4290"
"2022-04-18","2","7826"
"2022-04-18","3","6533"
"2022-04-18","4","6616"
"2022-04-18","5","3925"
"2022-04-19","1","4290"
"2022-04-19","2","7826"
"2022-04-19","3","6533"
"2022-04-19","4","4194"
"2022-04-19","5","6616"
"2022-04-20","1","4290"
"2022-04-20","2","6533"
"2022-04-20","3","7826"
"2022-04-20","4","4194"
"2022-04-20","5","6616"
"2022-04-21","1","4290"
"2022-04-21","2","6533"
"2022-04-21","3","7826"
"2022-04-21","4","4194"
"2022-04-21","5","3925"
"2022-04-22","1","4290"
"2022-04-22","2","6533"
"2022-04-22","3","7826"
"2022-04-22","4","4194"
"2022-04-22","5","3925"
"2022-04-25","1","4290"
"2022-04-25","2","6533"
"2022-04-25","3","7826"
"2022-04-25","4","4194"
"2022-04-25","5","3925"
"2022-04-26","1","4290"
"2022-04-26","2","6533"
"2022-04-26","3","6616"
"2022-04-26","4","4194"
"2022-04-26","5","3925"
"2022-04-27","1","4290"
"2022-04-27","2","6533"
"2022-04-27","3","4194"
"2022-04-27","4","6616"
"2022-04-27","5","3925"
"2022-04-28","1","4290"
"2022-04-28","2","6533"
"2022-04-28","3","4194"
"2022-04-28","4","6616"
"2022-04-28","5","3925"
"2022-05-02","1","4290"
"2022-05-02","2","6533"
"2022-05-02","3","4194"
"2022-05-02","4","6616"
"2022-05-02","5","3496"
"2022-05-06","1","4290"
"2022-05-06","2","6533"
"2022-05-06","3","4194"
"2022-05-06","4","3496"
"2022-05-06","5","7826"
"2022-05-09","1","4290"
"2022-05-09","2","3496"
"2022-05-09","3","6533"
"2022-05-09","4","3925"
"2022-05-09","5","7826"
"2022-05-10","1","4290"
"2022-05-10","2","6533"
"2022-05-10","3","3496"
"2022-05-10","4","3925"
"2022-05-10","5","7826"
"2022-05-11","1","4290"
"2022-05-11","2","6533"
"2022-05-11","3","3496"
"2022-05-11","4","3925"
"2022-05-11","5","4194"
"2022-05-12","1","4290"
"2022-05-12","2","3925"
"2022-05-12","3","6533"
"2022-05-12","4","3496"
"2022-05-12","5","4194"
"2022-05-13","1","4290"
"2022-05-13","2","3925"
"2022-05-13","3","6533"
"2022-05-13","4","3496"
"2022-05-13","5","4194"
"2022-05-16","1","4290"
"2022-05-16","2","3925"
"2022-05-16","3","6533"
"2022-05-16","4","6616"
"2022-05-16","5","4194"
"2022-05-17","1","4290"
"2022-05-17","2","3925"
"2022-05-17","3","6533"
"2022-05-17","4","6616"
"2022-05-17","5","7826"
"2022-05-18","1","4290"
"2022-05-18","2","3925"
"2022-05-18","3","3496"
"2022-05-18","4","6533"
"2022-05-18","5","6616"
"2022-05-19","1","4290"
"2022-05-19","2","3925"
"2022-05-19","3","3496"
"2022-05-19","4","6533"
"2022-05-19","5","6616"
"2022-05-20","1","3496"
"2022-05-20","2","4290"
"2022-05-20","3","3925"
"2022-05-20","4","6533"
"2022-05-20","5","6616"
"2022-05-23","1","4290"
"2022-05-23","2","3496"
"2022-05-23","3","3925"
"2022-05-23","4","6533"
"2022-05-23","5","6616"
"2022-05-24","1","3496"
"2022-05-24","2","4290"
"2022-05-24","3","6533"
"2022-05-24","4","4194"
"2022-05-24","5","3925"
"2022-05-25","1","3496"
"2022-05-25","2","4194"
"2022-05-25","3","4290"
"2022-05-25","4","3925"
"2022-05-25","5","6616"
"2022-05-26","1","3496"
"2022-05-26","2","4194"
"2022-05-26","3","4290"
"2022-05-26","4","3925"
"2022-05-26","5","6616"
"2022-05-27","1","3496"
"2022-05-27","2","4194"
"2022-05-27","3","3925"
"2022-05-27","4","4290"
"2022-05-27","5","6533"
"2022-05-30","1","3496"
"2022-05-30","2","4194"
"2022-05-30","3","3925"
"2022-05-30","4","6616"
"2022-05-30","5","4290"
"2022-05-31","1","3496"
"2022-05-31","2","3925"
"2022-05-31","3","4194"
"2022-05-31","4","6616"
"2022-05-31","5","4290"
"2022-06-01","1","3496"
"2022-06-01","2","3925"
"2022-06-01","3","4194"
"2022-06-01","4","4290"
"2022-06-01","5","6616"
"2022-06-02","1","3496"
"2022-06-02","2","3925"
"2022-06-02","3","4194"
"2022-06-02","4","4290"
"2022-06-02","5","6616"
"2022-06-03","1","3496"
"2022-06-03","2","3925"
"2022-06-03","3","4194"
"2022-06-03","4","6616"
"2022-06-03","5","4290"
"2022-06-06","1","3496"
"2022-06-06","2","3925"
"2022-06-06","3","4194"
"2022-06-06","4","6616"
"2022-06-06","5","4290"
"2022-06-07","1","3496"
"2022-06-07","2","4194"
"2022-06-07","3","3925"
"2022-06-07","4","4290"
"2022-06-07","5","6616"
"2022-06-08","1","3496"
"2022-06-08","2","4194"
"2022-06-08","3","3925"
"2022-06-08","4","4290"
"2022-06-08","5","6616"
"2022-06-09","1","3496"
"2022-06-09","2","4194"
"2022-06-09","3","3925"
"2022-06-09","4","6616"
"2022-06-09","5","4290"
"2022-06-10","1","3496"
"2022-06-10","2","4194"
"2022-06-10","3","3925"
"2022-06-10","4","6616"
"2022-06-10","5","4290"
"2022-06-13","1","3496"
"2022-06-13","2","4194"
"2022-06-13","3","3925"
"2022-06-13","4","4290"
"2022-06-13","5","6616"
"2022-06-14","1","3496"
"2022-06-14","2","4194"
"2022-06-14","3","3925"
"2022-06-14","4","4290"
"2022-06-14","5","6616"
"2022-06-15","1","3496"
"2022-06-15","2","4194"
"2022-06-15","3","3925"
"2022-06-15","4","6616"
"2022-06-15","5","4290"
"2022-06-16","1","3496"
"2022-06-16","2","4194"
"2022-06-16","3","3925"
"2022-06-16","4","4290"
"2022-06-16","5","6616"
"2022-06-17","1","3496"
"2022-06-17","2","4194"
"2022-06-17","3","3925"
"2022-06-17","4","6616"
"2022-06-17","5","4290"
"2022-06-20","1","3496"
"2022-06-20","2","4194"
"2022-06-20","3","3925"
"2022-06-20","4","6616"
"2022-06-20","5","4290"
"2022-06-21","1","3496"
"2022-06-21","2","4194"
"2022-06-21","3","3925"
"2022-06-21","4","6616"
"2022-06-21","5","4290"
"2022-06-22","1","4194"
"2022-06-22","2","3496"
"2022-06-22","3","3925"
"2022-06-22","4","6616"
"2022-06-22","5","4290"
"2022-06-23","1","4194"
"2022-06-23","2","3496"
"2022-06-23","3","3925"
"2022-06-23","4","6616"
"2022-06-23","5","9279"
"2022-06-24","1","3496"
"2022-06-24","2","4194"
"2022-06-24","3","3925"
"2022-06-24","4","6616"
"2022-06-24","5","4290"
"2022-06-27","1","4194"
"2022-06-27","2","3496"
"2022-06-27","3","3925"
"2022-06-27","4","6616"
"2022-06-27","5","4290"
"2022-06-28","1","3925"
"2022-06-28","2","4194"
"2022-06-28","3","3496"
"2022-06-28","4","6616"
"2022-06-28","5","4290"
"2022-06-29","1","3925"
"2022-06-29","2","3496"
"2022-06-29","3","4194"
"2022-06-29","4","6616"
"2022-06-29","5","7826"
"2022-06-30","1","3925"
"2022-06-30","2","3496"
"2022-06-30","3","4194"
"2022-06-30","4","6616"
"2022-06-30","5","9279"
"2022-07-01","1","3496"
"2022-07-01","2","3925"
"2022-07-01","3","4194"
"2022-07-01","4","6616"
"2022-07-01","5","9279"
"2022-07-04","1","3925"
"2022-07-04","2","3496"
"2022-07-04","3","4194"
"2022-07-04","4","6616"
"2022-07-04","5","9279"
"2022-07-05","1","3925"
"2022-07-05","2","3496"
"2022-07-05","3","4194"
"2022-07-05","4","6616"
"2022-07-05","5","7826"
"2022-07-06","1","3925"
"2022-07-06","2","3496"
"2022-07-06","3","4194"
"2022-07-06","4","6616"
"2022-07-06","5","7826"
"2022-07-07","1","3925"
"2022-07-07","2","3496"
"2022-07-07","3","4194"
"2022-07-07","4","6616"
"2022-07-07","5","9279"
"2022-07-08","1","3925"
"2022-07-08","2","3496"
"2022-07-08","3","4194"
"2022-07-08","4","6616"
"2022-07-08","5","9279"
"2022-07-11","1","3925"
"2022-07-11","2","4194"
"2022-07-11","3","3496"
"2022-07-11","4","6616"
"2022-07-11","5","7826"
"2022-07-12","1","3925"
"2022-07-12","2","3496"
"2022-07-12","3","4194"
"2022-07-12","4","6616"
"2022-07-12","5","9279"
"2022-07-13","1","3925"
"2022-07-13","2","4194"
"2022-07-13","3","3496"
"2022-07-13","4","6616"
"2022-07-13","5","7826"
"2022-07-14","1","3925"
"2022-07-14","2","3496"
"2022-07-14","3","4194"
"2022-07-14","4","6616"
"2022-07-14","5","9279"
"2022-07-15","1","3496"
"2022-07-15","2","3925"
"2022-07-15","3","4194"
"2022-07-15","4","6616"
"2022-07-15","5","7826"
"2022-07-19","1","3496"
"2022-07-19","2","3925"
"2022-07-19","3","4194"
"2022-07-19","4","6616"
"2022-07-19","5","7826"
"2022-07-20","1","3496"
"2022-07-20","2","3925"
"2022-07-20","3","6616"
"2022-07-20","4","4194"
"2022-07-20","5","7826"
"2022-07-21","1","3496"
"2022-07-21","2","3925"
"2022-07-21","3","6616"
"2022-07-21","4","4194"
"2022-07-21","5","9279"
"2022-07-22","1","3496"
"2022-07-22","2","3925"
"2022-07-22","3","6616"
"2022-07-22","4","4194"
"2022-07-22","5","9279"
"2022-07-25","1","3496"
"2022-07-25","2","3925"
"2022-07-25","3","6616"
"2022-07-25","4","4194"
"2022-07-25","5","9279"
"2022-07-26","1","3496"
"2022-07-26","2","3925"
"2022-07-26","3","6616"
"2022-07-26","4","4194"
"2022-07-26","5","9279"
"2022-07-27","1","3496"
"2022-07-27","2","3925"
"2022-07-27","3","4194"
"2022-07-27","4","6616"
"2022-07-27","5","9279"
"2022-07-28","1","3496"
"2022-07-28","2","3925"
"2022-07-28","3","6616"
"2022-07-28","4","4194"
"2022-07-28","5","9279"
"2022-07-29","1","3496"
"2022-07-29","2","3925"
"2022-07-29","3","6616"
"2022-07-29","4","4194"
"2022-07-29","5","9279"
"2022-08-01","1","3496"
"2022-08-01","2","3925"
"2022-08-01","3","6616"
"2022-08-01","4","4194"
"2022-08-01","5","9279"
"2022-08-02","1","3496"
"2022-08-02","2","3925"
"2022-08-02","3","6616"
"2022-08-02","4","4194"
"2022-08-02","5","9279"
"2022-08-03","1","6616"
"2022-08-03","2","3925"
"2022-08-03","3","4194"
"2022-08-03","4","3496"
"2022-08-03","5","9279"
"2022-08-04","1","6616"
"2022-08-04","2","3925"
"2022-08-04","3","4194"
"2022-08-04","4","3496"
"2022-08-04","5","9279"
"2022-08-05","1","6616"
"2022-08-05","2","4194"
"2022-08-05","3","3925"
"2022-08-05","4","3496"
"2022-08-05","5","9279"
"2022-08-08","1","4194"
"2022-08-08","2","6616"
"2022-08-08","3","3925"
"2022-08-08","4","3496"
"2022-08-08","5","9279"
"2022-08-09","1","4194"
"2022-08-09","2","3925"
"2022-08-09","3","6616"
"2022-08-09","4","3496"
"2022-08-09","5","9279"
"2022-08-10","1","6616"
"2022-08-10","2","3925"
"2022-08-10","3","3496"
"2022-08-10","4","4194"
"2022-08-10","5","9279"
"2022-08-12","1","6616"
"2022-08-12","2","3925"
"2022-08-12","3","3496"
"2022-08-12","4","4194"
"2022-08-12","5","9279"
"2022-08-15","1","3925"
"2022-08-15","2","6616"
"2022-08-15","3","4194"
"2022-08-15","4","3496"
"2022-08-15","5","6966"
"2022-08-16","1","6616"
"2022-08-16","2","3925"
"2022-08-16","3","4194"
"2022-08-16","4","3496"
"2022-08-16","5","6966"
"2022-08-17","1","3925"
"2022-08-17","2","6616"
"2022-08-17","3","4194"
"2022-08-17","4","3496"
"2022-08-17","5","9279"
"2022-08-18","1","3925"
"2022-08-18","2","6616"
"2022-08-18","3","4194"
"2022-08-18","4","3496"
"2022-08-18","5","9279"
"2022-08-19","1","3925"
"2022-08-19","2","6616"
"2022-08-19","3","4194"
"2022-08-19","4","3496"
"2022-08-19","5","9279"
"2022-08-22","1","3925"
"2022-08-22","2","6616"
"2022-08-22","3","4194"
"2022-08-22","4","3496"
"2022-08-22","5","9279"
"2022-08-23","1","3925"
"2022-08-23","2","6616"
"2022-08-23","3","4194"
"2022-08-23","4","8848"
"2022-08-23","5","9279"
"2022-08-24","1","3925"
"2022-08-24","2","6616"
"2022-08-24","3","4194"
"2022-08-24","4","8848"
"2022-08-24","5","9279"
"2022-08-25","1","3925"
"2022-08-25","2","6616"
"2022-08-25","3","4194"
"2022-08-25","4","8848"
"2022-08-25","5","9279"
"2022-08-26","1","3925"
"2022-08-26","2","6616"
"2022-08-26","3","4194"
"2022-08-26","4","8848"
"2022-08-26","5","9279"
"2022-08-29","1","3925"
"2022-08-29","2","4194"
"2022-08-29","3","6616"
"2022-08-29","4","8848"
"2022-08-29","5","9279"
"2022-08-30","1","3925"
"2022-08-30","2","6616"
"2022-08-30","3","4194"
"2022-08-30","4","8848"
"2022-08-30","5","3496"
"2022-08-31","1","3925"
"2022-08-31","2","6616"
"2022-08-31","3","4194"
"2022-08-31","4","8848"
"2022-08-31","5","9279"
"2022-09-01","1","3925"
"2022-09-01","2","6616"
"2022-09-01","3","4194"
"2022-09-01","4","8848"
"2022-09-01","5","9279"
"2022-09-02","1","3925"
"2022-09-02","2","6616"
"2022-09-02","3","4194"
"2022-09-02","4","8848"
"2022-09-02","5","4326"
"2022-09-05","1","3925"
"2022-09-05","2","6616"
"2022-09-05","3","4194"
"2022-09-05","4","8848"
"2022-09-05","5","4326"
"2022-09-06","1","3925"
"2022-09-06","2","6616"
"2022-09-06","3","4194"
"2022-09-06","4","8848"
"2022-09-06","5","9279"
"2022-09-07","1","3925"
"2022-09-07","2","6616"
"2022-09-07","3","4194"
"2022-09-07","4","8848"
"2022-09-07","5","3496"
"2022-09-08","1","3925"
"2022-09-08","2","6616"
"2022-09-08","3","8848"
"2022-09-08","4","4194"
"2022-09-08","5","3496"
"2022-09-09","1","3925"
"2022-09-09","2","6616"
"2022-09-09","3","8848"
"2022-09-09","4","4194"
"2022-09-09","5","3496"
"2022-09-12","1","3925"
"2022-09-12","2","6616"
"2022-09-12","3","4194"
"2022-09-12","4","8848"
"2022-09-12","5","6875"
"2022-09-13","1","3925"
"2022-09-13","2","6616"
"2022-09-13","3","8848"
"2022-09-13","4","4194"
"2022-09-13","5","7071"
"2022-09-14","1","3925"
"2022-09-14","2","6616"
"2022-09-14","3","8848"
"2022-09-14","4","4194"
"2022-09-14","5","7071"
"2022-09-15","1","3925"
"2022-09-15","2","6616"
"2022-09-15","3","4194"
"2022-09-15","4","8848"
"2022-09-15","5","7071"
"2022-09-16","1","3925"
"2022-09-16","2","6616"
"2022-09-16","3","4194"
"2022-09-16","4","8848"
"2022-09-16","5","7071"
"2022-09-20","1","3925"
"2022-09-20","2","6616"
"2022-09-20","3","8848"
"2022-09-20","4","4194"
"2022-09-20","5","4326"
"2022-09-21","1","3925"
"2022-09-21","2","6616"
"2022-09-21","3","4326"
"2022-09-21","4","8848"
"2022-09-21","5","4194"
"2022-09-22","1","3925"
"2022-09-22","2","6616"
"2022-09-22","3","4326"
"2022-09-22","4","7071"
"2022-09-22","5","8848"
"2022-09-26","1","3925"
"2022-09-26","2","6616"
"2022-09-26","3","4326"
"2022-09-26","4","7071"
"2022-09-26","5","8848"
"2022-09-27","1","3925"
"2022-09-27","2","6616"
"2022-09-27","3","4326"
"2022-09-27","4","7071"
"2022-09-27","5","8848"
"2022-09-28","1","3925"
"2022-09-28","2","6616"
"2022-09-28","3","4326"
"2022-09-28","4","8848"
"2022-09-28","5","7071"
"2022-09-29","1","3925"
"2022-09-29","2","6616"
"2022-09-29","3","4326"
"2022-09-29","4","7071"
"2022-09-29","5","8848"
"2022-09-30","1","3925"
"2022-09-30","2","6616"
"2022-09-30","3","4326"
"2022-09-30","4","7071"
"2022-09-30","5","3496"
"2022-10-03","1","3925"
"2022-10-03","2","6616"
"2022-10-03","3","4326"
"2022-10-03","4","7071"
"2022-10-03","5","3315"
"2022-10-04","1","3925"
"2022-10-04","2","4326"
"2022-10-04","3","6616"
"2022-10-04","4","7071"
"2022-10-04","5","8848"
"2022-10-05","1","3925"
"2022-10-05","2","4326"
"2022-10-05","3","6616"
"2022-10-05","4","7071"
"2022-10-05","5","8848"
"2022-10-06","1","3925"
"2022-10-06","2","4326"
"2022-10-06","3","6616"
"2022-10-06","4","7071"
"2022-10-06","5","8848"
"2022-10-07","1","3925"
"2022-10-07","2","4326"
"2022-10-07","3","6616"
"2022-10-07","4","7071"
"2022-10-07","5","3315"
"2022-10-11","1","3925"
"2022-10-11","2","4326"
"2022-10-11","3","6616"
"2022-10-11","4","7071"
"2022-10-11","5","3315"
"2022-10-12","1","3925"
"2022-10-12","2","4326"
"2022-10-12","3","6616"
"2022-10-12","4","7071"
"2022-10-12","5","8848"
"2022-10-13","1","3925"
"2022-10-13","2","4326"
"2022-10-13","3","6616"
"2022-10-13","4","7071"
"2022-10-13","5","8848"
"2022-10-14","1","3925"
"2022-10-14","2","4326"
"2022-10-14","3","6616"
"2022-10-14","4","7071"
"2022-10-14","5","8848"
"2022-10-17","1","3925"
"2022-10-17","2","4326"
"2022-10-17","3","6616"
"2022-10-17","4","7071"
"2022-10-17","5","8848"
"2022-10-18","1","3925"
"2022-10-18","2","4326"
"2022-10-18","3","6616"
"2022-10-18","4","7071"
"2022-10-18","5","8848"
"2022-10-19","1","3925"
"2022-10-19","2","4326"
"2022-10-19","3","6616"
"2022-10-19","4","7071"
"2022-10-19","5","8848"
"2022-10-20","1","4326"
"2022-10-20","2","3925"
"2022-10-20","3","8848"
"2022-10-20","4","6616"
"2022-10-20","5","7071"
"2022-10-21","1","4326"
"2022-10-21","2","3925"
"2022-10-21","3","8848"
"2022-10-21","4","7071"
"2022-10-21","5","6616"
"2022-10-24","1","4326"
"2022-10-24","2","3925"
"2022-10-24","3","8848"
"2022-10-24","4","6616"
"2022-10-24","5","7071"
"2022-10-25","1","4326"
"2022-10-25","2","3925"
"2022-10-25","3","8848"
"2022-10-25","4","6616"
"2022-10-25","5","7071"
"2022-10-26","1","4326"
"2022-10-26","2","3925"
"2022-10-26","3","8848"
"2022-10-26","4","6616"
"2022-10-26","5","7071"
"2022-10-27","1","4326"
"2022-10-27","2","3925"
"2022-10-27","3","8848"
"2022-10-27","4","6616"
"2022-10-27","5","3663"
"2022-10-28","1","4326"
"2022-10-28","2","3925"
"2022-10-28","3","8848"
"2022-10-28","4","6616"
"2022-10-28","5","3663"
"2022-10-31","1","4326"
"2022-10-31","2","3925"
"2022-10-31","3","8848"
"2022-10-31","4","6616"
"2022-10-31","5","3663"
"2022-11-01","1","4326"
"2022-11-01","2","3925"
"2022-11-01","3","8848"
"2022-11-01","4","6616"
"2022-11-01","5","3663"
"2022-11-02","1","4326"
"2022-11-02","2","3925"
"2022-11-02","3","8848"
"2022-11-02","4","6616"
"2022-11-02","5","3663"
"2022-11-04","1","4326"
"2022-11-04","2","3925"
"2022-11-04","3","8848"
"2022-11-04","4","6616"
"2022-11-04","5","3663"
"2022-11-07","1","4326"
"2022-11-07","2","3925"
"2022-11-07","3","8848"
"2022-11-07","4","6616"
"2022-11-07","5","1518"
"2022-11-08","1","4326"
"2022-11-08","2","8848"
"2022-11-08","3","3925"
"2022-11-08","4","6616"
"2022-11-08","5","7071"
"2022-11-09","1","4326"
"2022-11-09","2","8848"
"2022-11-09","3","3925"
"2022-11-09","4","6616"
"2022-11-09","5","7071"
"2022-11-10","1","4326"
"2022-11-10","2","8848"
"2022-11-10","3","3925"
"2022-11-10","4","6616"
"2022-11-10","5","7071"
"2022-11-11","1","4326"
"2022-11-11","2","8848"
"2022-11-11","3","3925"
"2022-11-11","4","6616"
"2022-11-11","5","3496"
"2022-11-14","1","4326"
"2022-11-14","2","8848"
"2022-11-14","3","3925"
"2022-11-14","4","6616"
"2022-11-14","5","3496"
"2022-11-15","1","4326"
"2022-11-15","2","8848"
"2022-11-15","3","3496"
"2022-11-15","4","3925"
"2022-11-15","5","7071"
"2022-11-16","1","4326"
"2022-11-16","2","8848"
"2022-11-16","3","3496"
"2022-11-16","4","3925"
"2022-11-16","5","6616"
"2022-11-17","1","4326"
"2022-11-17","2","8848"
"2022-11-17","3","3496"
"2022-11-17","4","3925"
"2022-11-17","5","6616"
"2022-11-18","1","4326"
"2022-11-18","2","8848"
"2022-11-18","3","3496"
"2022-11-18","4","6616"
"2022-11-18","5","7071"
"2022-11-21","1","4326"
"2022-11-21","2","8848"
"2022-11-21","3","3496"
"2022-11-21","4","6616"
"2022-11-21","5","7071"
"2022-11-22","1","4326"
"2022-11-22","2","8848"
"2022-11-22","3","6616"
"2022-11-22","4","3496"
"2022-11-22","5","1518"
"2022-11-24","1","4326"
"2022-11-24","2","8848"
"2022-11-24","3","6616"
"2022-11-24","4","1518"
"2022-11-24","5","3663"
"2022-11-25","1","4326"
"2022-11-25","2","8848"
"2022-11-25","3","6616"
"2022-11-25","4","3663"
"2022-11-25","5","3925"
"2022-11-28","1","4326"
"2022-11-28","2","8848"
"2022-11-28","3","6616"
"2022-11-28","4","3925"
"2022-11-28","5","3663"
"2022-11-29","1","4326"
"2022-11-29","2","8848"
"2022-11-29","3","6616"
"2022-11-29","4","3925"
"2022-11-29","5","3663"
"2022-11-30","1","4326"
"2022-11-30","2","8848"
"2022-11-30","3","6616"
"2022-11-30","4","3663"
"2022-11-30","5","3925"
"2022-12-01","1","4326"
"2022-12-01","2","8848"
"2022-12-01","3","6616"
"2022-12-01","4","3663"
"2022-12-01","5","3925"
"2022-12-02","1","4326"
"2022-12-02","2","6616"
"2022-12-02","3","8848"
"2022-12-02","4","3663"
"2022-12-02","5","3315"
"2022-12-05","1","4326"
"2022-12-05","2","6616"
"2022-12-05","3","8848"
"2022-12-05","4","3663"
"2022-12-05","5","3315"
"2022-12-06","1","4326"
"2022-12-06","2","8848"
"2022-12-06","3","6616"
"2022-12-06","4","3315"
"2022-12-06","5","3663"
"2022-12-07","1","4326"
"2022-12-07","2","8848"
"2022-12-07","3","6616"
"2022-12-07","4","3315"
"2022-12-07","5","3663"
"2022-12-08","1","4326"
"2022-12-08","2","8848"
"2022-12-08","3","6616"
"2022-12-08","4","3315"
"2022-12-08","5","3663"
"2022-12-09","1","4326"
"2022-12-09","2","8848"
"2022-12-09","3","6616"
"2022-12-09","4","3315"
"2022-12-09","5","3496"
"2022-12-12","1","4326"
"2022-12-12","2","8848"
"2022-12-12","3","6616"
"2022-12-12","4","3315"
"2022-12-12","5","1518"
"2022-12-13","1","4326"
"2022-12-13","2","8848"
"2022-12-13","3","3315"
"2022-12-13","4","6616"
"2022-12-13","5","1518"
"2022-12-14","1","4326"
"2022-12-14","2","8848"
"2022-12-14","3","3315"
"2022-12-14","4","6616"
"2022-12-14","5","1518"
"2022-12-15","1","4326"
"2022-12-15","2","8848"
"2022-12-15","3","3315"
"2022-12-15","4","6616"
"2022-12-15","5","1518"
"2022-12-16","1","4326"
"2022-12-16","2","8848"
"2022-12-16","3","3315"
"2022-12-16","4","1518"
"2022-12-16","5","6616"
"2022-12-19","1","4326"
"2022-12-19","2","8848"
"2022-12-19","3","3315"
"2022-12-19","4","1518"
"2022-12-19","5","3496"
"2022-12-20","1","4326"
"2022-12-20","2","8848"
"2022-12-20","3","3315"
"2022-12-20","4","1518"
"2022-12-20","5","6616"
"2022-12-21","1","4326"
"2022-12-21","2","8848"
"2022-12-21","3","3315"
"2022-12-21","4","1518"
"2022-12-21","5","6616"
"2022-12-22","1","4326"
"2022-12-22","2","8848"
"2022-12-22","3","3315"
"2022-12-22","4","6616"
"2022-12-22","5","1518"
"2022-12-23","1","4326"
"2022-12-23","2","8848"
"2022-12-23","3","3315"
"2022-12-23","4","1518"
"2022-12-23","5","6616"
"2022-12-26","1","4326"
"2022-12-26","2","8848"
"2022-12-26","3","3315"
"2022-12-26","4","1518"
"2022-12-26","5","6616"
"2022-12-27","1","4326"
"2022-12-27","2","8848"
"2022-12-27","3","1518"
"2022-12-27","4","3315"
"2022-12-27","5","6616"
"2022-12-28","1","4326"
"2022-12-28","2","8848"
"2022-12-28","3","3315"
"2022-12-28","4","1518"
"2022-12-28","5","6616"
"2022-12-29","1","4326"
"2022-12-29","2","8848"
"2022-12-29","3","3315"
"2022-12-29","4","1518"
"2022-12-29","5","6616"
"2022-12-30","1","4326"
"2022-12-30","2","8848"
"2022-12-30","3","1518"
"2022-12-30","4","3315"
"2022-12-30","5","6616"
"2023-01-04","1","4326"
"2023-01-04","2","8848"
"2023-01-04","3","1518"
"2023-01-04","4","6616"
"2023-01-04","5","4975"
"2023-01-05","1","4326"
"2023-01-05","2","1518"
"2023-01-05","3","8848"
"2023-01-05","4","6616"
"2023-01-05","5","4975"
"2023-01-06","1","4326"
"2023-01-06","2","1518"
"2023-01-06","3","8848"
"2023-01-06","4","4975"
"2023-01-06","5","6616"
"2023-01-10","1","4326"
"2023-01-10","2","1518"
"2023-01-10","3","8848"
"2023-01-10","4","4975"
"2023-01-10","5","6616"
"2023-01-11","1","4326"
"2023-01-11","2","1518"
"2023-01-11","3","8848"
"2023-01-11","4","4975"
"2023-01-11","5","6616"
"2023-01-12","1","4326"
"2023-01-12","2","1518"
"2023-01-12","3","8848"
"2023-01-12","4","4975"
"2023-01-12","5","6616"
"2023-01-13","1","4326"
"2023-01-13","2","8848"
"2023-01-13","3","1518"
"2023-01-13","4","4975"
"2023-01-13","5","6616"
"2023-01-16","1","1518"
"2023-01-16","2","8848"
"2023-01-16","3","4326"
"2023-01-16","4","4975"
"2023-01-16","5","3687"
"2023-01-17","1","1518"
"2023-01-17","2","8848"
"2023-01-17","3","4326"
"2023-01-17","4","3687"
"2023-01-17","5","6616"
"2023-01-18","1","1518"
"2023-01-18","2","8848"
"2023-01-18","3","4326"
"2023-01-18","4","3687"
"2023-01-18","5","4975"
"2023-01-19","1","1518"
"2023-01-19","2","8848"
"2023-01-19","3","4326"
"2023-01-19","4","3687"
"2023-01-19","5","6616"
"2023-01-20","1","8848"
"2023-01-20","2","1518"
"2023-01-20","3","4326"
"2023-01-20","4","3687"
"2023-01-20","5","4975"
"2023-01-23","1","8848"
"2023-01-23","2","4326"
"2023-01-23","3","1518"
"2023-01-23","4","3687"
"2023-01-23","5","4975"
"2023-01-24","1","1518"
"2023-01-24","2","8848"
"2023-01-24","3","4326"
"2023-01-24","4","3687"
"2023-01-24","5","6616"
"2023-01-25","1","1518"
"2023-01-25","2","8848"
"2023-01-25","3","4326"
"2023-01-25","4","3687"
"2023-01-25","5","4975"
"2023-01-26","1","1518"
"2023-01-26","2","8848"
"2023-01-26","3","4326"
"2023-01-26","4","3687"
"2023-01-26","5","4975"
"2023-01-27","1","1518"
"2023-01-27","2","8848"
"2023-01-27","3","4326"
"2023-01-27","4","3687"
"2023-01-27","5","4975"
"2023-01-30","1","8848"
"2023-01-30","2","4326"
"2023-01-30","3","1518"
"2023-01-30","4","3687"
"2023-01-30","5","4975"
"2023-01-31","1","8848"
"2023-01-31","2","4326"
"2023-01-31","3","1518"
"2023-01-31","4","3687"
"2023-01-31","5","4975"
"2023-02-01","1","4326"
"2023-02-01","2","1518"
"2023-02-01","3","8848"
"2023-02-01","4","4975"
"2023-02-01","5","3687"
"2023-02-02","1","1518"
"2023-02-02","2","4326"
"2023-02-02","3","8848"
"2023-02-02","4","3687"
"2023-02-02","5","4975"
"2023-02-03","1","3315"
"2023-02-03","2","4326"
"2023-02-03","3","1518"
"2023-02-03","4","8848"
"2023-02-03","5","3687"
"2023-02-06","1","3315"
"2023-02-06","2","4326"
"2023-02-06","3","1518"
"2023-02-06","4","8848"
"2023-02-06","5","3660"
"2023-02-07","1","3315"
"2023-02-07","2","4326"
"2023-02-07","3","1518"
"2023-02-07","4","8848"
"2023-02-07","5","3660"
"2023-02-08","1","3315"
"2023-02-08","2","4326"
"2023-02-08","3","1518"
"2023-02-08","4","8848"
"2023-02-08","5","4975"
"2023-02-09","1","3315"
"2023-02-09","2","1518"
"2023-02-09","3","4326"
"2023-02-09","4","8848"
"2023-02-09","5","3660"
"2023-02-10","1","3315"
"2023-02-10","2","1518"
"2023-02-10","3","4326"
"2023-02-10","4","8848"
"2023-02-10","5","3660"
"2023-02-13","1","3315"
"2023-02-13","2","1518"
"2023-02-13","3","4326"
"2023-02-13","4","8848"
"2023-02-13","5","3660"
"2023-02-14","1","3315"
"2023-02-14","2","4326"
"2023-02-14","3","8848"
"2023-02-14","4","3660"
"2023-02-14","5","1518"
"2023-02-15","1","3315"
"2023-02-15","2","4326"
"2023-02-15","3","8848"
"2023-02-15","4","3660"
"2023-02-15","5","1518"
"2023-02-16","1","3315"
"2023-02-16","2","4326"
"2023-02-16","3","3660"
"2023-02-16","4","1518"
"2023-02-16","5","8848"
"2023-02-17","1","3315"
"2023-02-17","2","4326"
"2023-02-17","3","1518"
"2023-02-17","4","3660"
"2023-02-17","5","8848"
"2023-02-20","1","3315"
"2023-02-20","2","1518"
"2023-02-20","3","4326"
"2023-02-20","4","3660"
"2023-02-20","5","8848"
"2023-02-21","1","3315"
"2023-02-21","2","1518"
"2023-02-21","3","4326"
"2023-02-21","4","3660"
"2023-02-21","5","3687"
"2023-02-22","1","3315"
"2023-02-22","2","4326"
"2023-02-22","3","1518"
"2023-02-22","4","3660"
"2023-02-22","5","3687"
"2023-02-24","1","4326"
"2023-02-24","2","1518"
"2023-02-24","3","3660"
"2023-02-24","4","8848"
"2023-02-24","5","3687"
"2023-02-27","1","4326"
"2023-02-27","2","1518"
"2023-02-27","3","8848"
"2023-02-27","4","3660"
"2023-02-27","5","4975"
"2023-02-28","1","4326"
"2023-02-28","2","1518"
"2023-02-28","3","8848"
"2023-02-28","4","3660"
"2023-02-28","5","4975"
"2023-03-01","1","4326"
"2023-03-01","2","1518"
"2023-03-01","3","3660"
"2023-03-01","4","8848"
"2023-03-01","5","4975"
"2023-03-02","1","4326"
"2023-03-02","2","1518"
"2023-03-02","3","3660"
"2023-03-02","4","8848"
"2023-03-02","5","4975"
"2023-03-03","1","4326"
"2023-03-03","2","1518"
"2023-03-03","3","3660"
"2023-03-03","4","8848"
"2023-03-03","5","4975"
"2023-03-06","1","4326"
"2023-03-06","2","1518"
"2023-03-06","3","3660"
"2023-03-06","4","4975"
"2023-03-06","5","3687"
"2023-03-07","1","4326"
"2023-03-07","2","1518"
"2023-03-07","3","3660"
"2023-03-07","4","4975"
"2023-03-07","5","3687"
"2023-03-08","1","4326"
"2023-03-08","2","1518"
"2023-03-08","3","3660"
"2023-03-08","4","4975"
"2023-03-08","5","3687"
"2023-03-09","1","4326"
"2023-03-09","2","1518"
"2023-03-09","3","3660"
"2023-03-09","4","4975"
"2023-03-09","5","3687"
"2023-03-10","1","4326"
"2023-03-10","2","1518"
"2023-03-10","3","3660"
"2023-03-10","4","4975"
"2023-03-10","5","3687"
"2023-03-13","1","1518"
"2023-03-13","2","3660"
"2023-03-13","3","4975"
"2023-03-13","4","3687"
"2023-03-13","5","4021"
"2023-03-14","1","1518"
"2023-03-14","2","3660"
"2023-03-14","3","3687"
"2023-03-14","4","4975"
"2023-03-14","5","4021"
"2023-03-15","1","4326"
"2023-03-15","2","1518"
"2023-03-15","3","3660"
"2023-03-15","4","3687"
"2023-03-15","5","4975"
"2023-03-16","1","4326"
"2023-03-16","2","1518"
"2023-03-16","3","3660"
"2023-03-16","4","3687"
"2023-03-16","5","4975"
"2023-03-17","1","4326"
"2023-03-17","2","1518"
"2023-03-17","3","7095"
"2023-03-17","4","3660"
"2023-03-17","5","4044"
"2023-03-20","1","4326"
"2023-03-20","2","1518"
"2023-03-20","3","3660"
"2023-03-20","4","7095"
"2023-03-20","5","3687"
"2023-03-22","1","4326"
"2023-03-22","2","1518"
"2023-03-22","3","4044"
"2023-03-22","4","3660"
"2023-03-22","5","3687"
"2023-03-23","1","4326"
"2023-03-23","2","1518"
"2023-03-23","3","4044"
"2023-03-23","4","3687"
"2023-03-23","5","4975"
"2023-03-24","1","4326"
"2023-03-24","2","1518"
"2023-03-24","3","4044"
"2023-03-24","4","3687"
"2023-03-24","5","4975"
"2023-03-27","1","1518"
"2023-03-27","2","3687"
"2023-03-27","3","4044"
"2023-03-27","4","4975"
"2023-03-27","5","7095"
"2023-03-28","1","1518"
"2023-03-28","2","3687"
"2023-03-28","3","4044"
"2023-03-28","4","4975"
"2023-03-28","5","4251"
"2023-03-29","1","1518"
"2023-03-29","2","3687"
"2023-03-29","3","4044"
"2023-03-29","4","4975"
"2023-03-29","5","4251"
"2023-03-30","1","3687"
"2023-03-30","2","1518"
"2023-03-30","3","4975"
"2023-03-30","4","4044"
"2023-03-30","5","4251"
"2023-03-31","1","3687"
"2023-03-31","2","4975"
"2023-03-31","3","1518"
"2023-03-31","4","4044"
"2023-03-31","5","3660"
"2023-04-03","1","5032"
"2023-04-03","2","3687"
"2023-04-03","3","1518"
"2023-04-03","4","4975"
"2023-04-03","5","4044"
"2023-04-04","1","5032"
"2023-04-04","2","3687"
"2023-04-04","3","4975"
"2023-04-04","4","1518"
"2023-04-04","5","4044"
"2023-04-05","1","5032"
"2023-04-05","2","3687"
"2023-04-05","3","4975"
"2023-04-05","4","1518"
"2023-04-05","5","6167"
"2023-04-06","1","5032"
"2023-04-06","2","3687"
"2023-04-06","3","4975"
"2023-04-06","4","1518"
"2023-04-06","5","6167"
"2023-04-07","1","5032"
"2023-04-07","2","3687"
"2023-04-07","3","4975"
"2023-04-07","4","1518"
"2023-04-07","5","6167"
"2023-04-10","1","5032"
"2023-04-10","2","3687"
"2023-04-10","3","4975"
"2023-04-10","4","4044"
"2023-04-10","5","6167"
"2023-04-11","1","5032"
"2023-04-11","2","3687"
"2023-04-11","3","4975"
"2023-04-11","4","4044"
"2023-04-11","5","6167"
"2023-04-12","1","5032"
"2023-04-12","2","3687"
"2023-04-12","3","4975"
"2023-04-12","4","4044"
"2023-04-12","5","3660"
"2023-04-13","1","5032"
"2023-04-13","2","3687"
"2023-04-13","3","4975"
"2023-04-13","4","4044"
"2023-04-13","5","3660"
"2023-04-14","1","5032"
"2023-04-14","2","3687"
"2023-04-14","3","4975"
"2023-04-14","4","4044"
"2023-04-14","5","3660"
"2023-04-17","1","5032"
"2023-04-17","2","3687"
"2023-04-17","3","1518"
"2023-04-17","4","4975"
"2023-04-17","5","4044"
"2023-04-18","1","5032"
"2023-04-18","2","3687"
"2023-04-18","3","4044"
"2023-04-18","4","4975"
"2023-04-18","5","1518"
"2023-04-19","1","5032"
"2023-04-19","2","3687"
"2023-04-19","3","4044"
"2023-04-19","4","4975"
"2023-04-19","5","3660"
"2023-04-20","1","5032"
"2023-04-20","2","3687"
"2023-04-20","3","4044"
"2023-04-20","4","4975"
"2023-04-20","5","3660"
"2023-04-21","1","5032"
"2023-04-21","2","3687"
"2023-04-21","3","4044"
"2023-04-21","4","4975"
"2023-04-21","5","1518"
"2023-04-24","1","5032"
"2023-04-24","2","3687"
"2023-04-24","3","4044"
"2023-04-24","4","1518"
"2023-04-24","5","4975"
"2023-04-25","1","5032"
"2023-04-25","2","3687"
"2023-04-25","3","4044"
"2023-04-25","4","4975"
"2023-04-25","5","1518"
"2023-04-26","1","5032"
"2023-04-26","2","4044"
"2023-04-26","3","3687"
"2023-04-26","4","4251"
"2023-04-26","5","4975"
"2023-04-27","1","5032"
"2023-04-27","2","4044"
"2023-04-27","3","3687"
"2023-04-27","4","1518"
"2023-04-27","5","4975"
"2023-04-28","1","5032"
"2023-04-28","2","4044"
"2023-04-28","3","3687"
"2023-04-28","4","1518"
"2023-04-28","5","4975"
"2023-05-01","1","5032"
"2023-05-01","2","3687"
"2023-05-01","3","4044"
"2023-05-01","4","1518"
"2023-05-01","5","4975"
"2023-05-02","1","5032"
"2023-05-02","2","3687"
"2023-05-02","3","4044"
"2023-05-02","4","1518"
"2023-05-02","5","4251"
"2023-05-08","1","5032"
"2023-05-08","2","4044"
"2023-05-08","3","3687"
"2023-05-08","4","1518"
"2023-05-08","5","4251"
"2023-05-09","1","5032"
"2023-05-09","2","4044"
"2023-05-09","3","3687"
"2023-05-09","4","4251"
"2023-05-09","5","1518"
"2023-05-10","1","5032"
"2023-05-10","2","4044"
"2023-05-10","3","3687"
"2023-05-10","4","4251"
"2023-05-10","5","1518"
"2023-05-11","1","5032"
"2023-05-11","2","4044"
"2023-05-11","3","3687"
"2023-05-11","4","4251"
"2023-05-11","5","1518"
"2023-05-12","1","5032"
"2023-05-12","2","3315"
"2023-05-12","3","4044"
"2023-05-12","4","3687"
"2023-05-12","5","1518"
"2023-05-15","1","5032"
"2023-05-15","2","3315"
"2023-05-15","3","4044"
"2023-05-15","4","3687"
"2023-05-15","5","2585"
"2023-05-16","1","5032"
"2023-05-16","2","3315"
"2023-05-16","3","4044"
"2023-05-16","4","3687"
"2023-05-16","5","2585"
"2023-05-17","1","5032"
"2023-05-17","2","3315"
"2023-05-17","3","4044"
"2023-05-17","4","3687"
"2023-05-17","5","3660"
"2023-05-18","1","5032"
"2023-05-18","2","3315"
"2023-05-18","3","4044"
"2023-05-18","4","3687"
"2023-05-18","5","2585"
"2023-05-19","1","5032"
"2023-05-19","2","3315"
"2023-05-19","3","4044"
"2023-05-19","4","3687"
"2023-05-19","5","2585"
"2023-05-22","1","5032"
"2023-05-22","2","4044"
"2023-05-22","3","3315"
"2023-05-22","4","2585"
"2023-05-22","5","3660"
"2023-05-23","1","5032"
"2023-05-23","2","4044"
"2023-05-23","3","3315"
"2023-05-23","4","3660"
"2023-05-23","5","2585"
"2023-05-24","1","5032"
"2023-05-24","2","4044"
"2023-05-24","3","3315"
"2023-05-24","4","3660"
"2023-05-24","5","2585"
"2023-05-25","1","5032"
"2023-05-25","2","4044"
"2023-05-25","3","3660"
"2023-05-25","4","3315"
"2023-05-25","5","2585"
"2023-05-26","1","5032"
"2023-05-26","2","3660"
"2023-05-26","3","3315"
"2023-05-26","4","4044"
"2023-05-26","5","2585"
"2023-05-29","1","5032"
"2023-05-29","2","3660"
"2023-05-29","3","3315"
"2023-05-29","4","4044"
"2023-05-29","5","2585"
"2023-05-30","1","5032"
"2023-05-30","2","2585"
"2023-05-30","3","3315"
"2023-05-30","4","4044"
"2023-05-30","5","3660"
"2023-05-31","1","5032"
"2023-05-31","2","2585"
"2023-05-31","3","3315"
"2023-05-31","4","3660"
"2023-05-31","5","4044"
"2023-06-01","1","5032"
"2023-06-01","2","2585"
"2023-06-01","3","3660"
"2023-06-01","4","3315"
"2023-06-01","5","4044"
"2023-06-02","1","5032"
"2023-06-02","2","3660"
"2023-06-02","3","2585"
"2023-06-02","4","3315"
"2023-06-02","5","4044"
"2023-06-05","1","5032"
"2023-06-05","2","3660"
"2023-06-05","3","3315"
"2023-06-05","4","4044"
"2023-06-05","5","2585"
"2023-06-06","1","5032"
"2023-06-06","2","3660"
"2023-06-06","3","3315"
"2023-06-06","4","2585"
"2023-06-06","5","4044"
"2023-06-07","1","5032"
"2023-06-07","2","3660"
"2023-06-07","3","3315"
"2023-06-07","4","4044"
"2023-06-07","5","2585"
"2023-06-08","1","5032"
"2023-06-08","2","4044"
"2023-06-08","3","3315"
"2023-06-08","4","2585"
"2023-06-08","5","3660"
"2023-06-09","1","5032"
"2023-06-09","2","4044"
"2023-06-09","3","2585"
"2023-06-09","4","3315"
"2023-06-09","5","3687"
"2023-06-12","1","5032"
"2023-06-12","2","4044"
"2023-06-12","3","3315"
"2023-06-12","4","2585"
"2023-06-12","5","3660"
"2023-06-13","1","5032"
"2023-06-13","2","4044"
"2023-06-13","3","3315"
"2023-06-13","4","3687"
"2023-06-13","5","2585"
"2023-06-14","1","5032"
"2023-06-14","2","4044"
"2023-06-14","3","3315"
"2023-06-14","4","3687"
"2023-06-14","5","2585"
"2023-06-15","1","5032"
"2023-06-15","2","3315"
"2023-06-15","3","4044"
"2023-06-15","4","3687"
"2023-06-15","5","2585"
"2023-06-16","1","5032"
"2023-06-16","2","4044"
"2023-06-16","3","3315"
"2023-06-16","4","2585"
"2023-06-16","5","3687"
"2023-06-19","1","5032"
"2023-06-19","2","4044"
"2023-06-19","3","3687"
"2023-06-19","4","3315"
"2023-06-19","5","2585"
"2023-06-20","1","5032"
"2023-06-20","2","4044"
"2023-06-20","3","3687"
"2023-06-20","4","3778"
"2023-06-20","5","3315"
"2023-06-21","1","5032"
"2023-06-21","2","4044"
"2023-06-21","3","3687"
"2023-06-21","4","2585"
"2023-06-21","5","3778"
"2023-06-22","1","5032"
"2023-06-22","2","4044"
"2023-06-22","3","2585"
"2023-06-22","4","3778"
"2023-06-22","5","3315"
"2023-06-23","1","5032"
"2023-06-23","2","3687"
"2023-06-23","3","3660"
"2023-06-23","4","2585"
"2023-06-23","5","4044"
"2023-06-26","1","5032"
"2023-06-26","2","3660"
"2023-06-26","3","3687"
"2023-06-26","4","4044"
"2023-06-26","5","2585"
"2023-06-27","1","5032"
"2023-06-27","2","3660"
"2023-06-27","3","3687"
"2023-06-27","4","4044"
"2023-06-27","5","2585"
"2023-06-28","1","5032"
"2023-06-28","2","3660"
"2023-06-28","3","2585"
"2023-06-28","4","3687"
"2023-06-28","5","4044"
"2023-06-29","1","5032"
"2023-06-29","2","3660"
"2023-06-29","3","2585"
"2023-06-29","4","3687"
"2023-06-29","5","4044"
"2023-06-30","1","5032"
"2023-06-30","2","3660"
"2023-06-30","3","2585"
"2023-06-30","4","3687"
"2023-06-30","5","4044"
"2023-07-03","1","5032"
"2023-07-03","2","3660"
"2023-07-03","3","2585"
"2023-07-03","4","3687"
"2023-07-03","5","4044"
"2023-07-04","1","5032"
"2023-07-04","2","3660"
"2023-07-04","3","2585"
"2023-07-04","4","3687"
"2023-07-04","5","4044"
"2023-07-05","1","5032"
"2023-07-05","2","3660"
"2023-07-05","3","2585"
"2023-07-05","4","4044"
"2023-07-05","5","3687"
"2023-07-06","1","5032"
"2023-07-06","2","3660"
"2023-07-06","3","2585"
"2023-07-06","4","3687"
"2023-07-06","5","4044"
"2023-07-07","1","5032"
"2023-07-07","2","3660"
"2023-07-07","3","2585"
"2023-07-07","4","4044"
"2023-07-07","5","3687"
"2023-07-10","1","5032"
"2023-07-10","2","3660"
"2023-07-10","3","2585"
"2023-07-10","4","4044"
"2023-07-10","5","3687"
"2023-07-11","1","5032"
"2023-07-11","2","3660"
"2023-07-11","3","3687"
"2023-07-11","4","4044"
"2023-07-11","5","2585"
"2023-07-12","1","5032"
"2023-07-12","2","3660"
"2023-07-12","3","3687"
"2023-07-12","4","4044"
"2023-07-12","5","2585"
"2023-07-13","1","5032"
"2023-07-13","2","3660"
"2023-07-13","3","3687"
"2023-07-13","4","4044"
"2023-07-13","5","2585"
"2023-07-14","1","5032"
"2023-07-14","2","3660"
"2023-07-14","3","3687"
"2023-07-14","4","4044"
"2023-07-14","5","3984"
"2023-07-18","1","5032"
"2023-07-18","2","3660"
"2023-07-18","3","4044"
"2023-07-18","4","3984"
"2023-07-18","5","3687"
"2023-07-19","1","5032"
"2023-07-19","2","3660"
"2023-07-19","3","3687"
"2023-07-19","4","4044"
"2023-07-19","5","3984"
"2023-07-20","1","5032"
"2023-07-20","2","3660"
"2023-07-20","3","3687"
"2023-07-20","4","3984"
"2023-07-20","5","4044"
"2023-07-21","1","5032"
"2023-07-21","2","3660"
"2023-07-21","3","3687"
"2023-07-21","4","4044"
"2023-07-21","5","3984"
"2023-07-24","1","5032"
"2023-07-24","2","3660"
"2023-07-24","3","3687"
"2023-07-24","4","3984"
"2023-07-24","5","4044"
"2023-07-25","1","5032"
"2023-07-25","2","3660"
"2023-07-25","3","3687"
"2023-07-25","4","3984"
"2023-07-25","5","4044"
"2023-07-26","1","5032"
"2023-07-26","2","3660"
"2023-07-26","3","3687"
"2023-07-26","4","3984"
"2023-07-26","5","4044"
"2023-07-27","1","5032"
"2023-07-27","2","3660"
"2023-07-27","3","3687"
"2023-07-27","4","3984"
"2023-07-27","5","4044"
"2023-07-28","1","5032"
"2023-07-28","2","3660"
"2023-07-28","3","3687"
"2023-07-28","4","4044"
"2023-07-28","5","3984"
"2023-07-31","1","5032"
"2023-07-31","2","3660"
"2023-07-31","3","3687"
"2023-07-31","4","3984"
"2023-07-31","5","4044"
"2023-08-01","1","5032"
"2023-08-01","2","3687"
"2023-08-01","3","3660"
"2023-08-01","4","4044"
"2023-08-01","5","3984"
"2023-08-02","1","5032"
"2023-08-02","2","3687"
"2023-08-02","3","3660"
"2023-08-02","4","4044"
"2023-08-02","5","3984"
"2023-08-03","1","5032"
"2023-08-03","2","3687"
"2023-08-03","3","3660"
"2023-08-03","4","4044"
"2023-08-03","5","3984"
"2023-08-04","1","5032"
"2023-08-04","2","4044"
"2023-08-04","3","3660"
"2023-08-04","4","3687"
"2023-08-04","5","3984"
"2023-08-07","1","5032"
"2023-08-07","2","4044"
"2023-08-07","3","3660"
"2023-08-07","4","3687"
"2023-08-07","5","3984"
"2023-08-08","1","5032"
"2023-08-08","2","3660"
"2023-08-08","3","3687"
"2023-08-08","4","3984"
"2023-08-08","5","4044"
"2023-08-09","1","5032"
"2023-08-09","2","3660"
"2023-08-09","3","3687"
"2023-08-09","4","3984"
"2023-08-09","5","4044"
"2023-08-10","1","5032"
"2023-08-10","2","3984"
"2023-08-10","3","3660"
"2023-08-10","4","3687"
"2023-08-10","5","4044"
"2023-08-14","1","5032"
"2023-08-14","2","3984"
"2023-08-14","3","2585"
"2023-08-14","4","3660"
"2023-08-14","5","3687"
"2023-08-15","1","5032"
"2023-08-15","2","3984"
"2023-08-15","3","2585"
"2023-08-15","4","7095"
"2023-08-15","5","4044"
"2023-08-16","1","5032"
"2023-08-16","2","3984"
"2023-08-16","3","2585"
"2023-08-16","4","7095"
"2023-08-16","5","4044"
"2023-08-17","1","5032"
"2023-08-17","2","3984"
"2023-08-17","3","7095"
"2023-08-17","4","2585"
"2023-08-17","5","4044"
"2023-08-18","1","5032"
"2023-08-18","2","3984"
"2023-08-18","3","2585"
"2023-08-18","4","4044"
"2023-08-18","5","7095"
"2023-08-21","1","5032"
"2023-08-21","2","2585"
"2023-08-21","3","3984"
"2023-08-21","4","4044"
"2023-08-21","5","7095"
"2023-08-22","1","5032"
"2023-08-22","2","3984"
"2023-08-22","3","2585"
"2023-08-22","4","7095"
"2023-08-22","5","4044"
"2023-08-23","1","5032"
"2023-08-23","2","3984"
"2023-08-23","3","2585"
"2023-08-23","4","7095"
"2023-08-23","5","4044"
"2023-08-24","1","5032"
"2023-08-24","2","3984"
"2023-08-24","3","7095"
"2023-08-24","4","2585"
"2023-08-24","5","4044"
"2023-08-25","1","5032"
"2023-08-25","2","7095"
"2023-08-25","3","3984"
"2023-08-25","4","2585"
"2023-08-25","5","4044"
"2023-08-28","1","5032"
"2023-08-28","2","7095"
"2023-08-28","3","3984"
"2023-08-28","4","2585"
"2023-08-28","5","4044"
"2023-08-29","1","5032"
"2023-08-29","2","7095"
"2023-08-29","3","3984"
"2023-08-29","4","2585"
"2023-08-29","5","4044"
"2023-08-30","1","5032"
"2023-08-30","2","7095"
"2023-08-30","3","3984"
"2023-08-30","4","4044"
"2023-08-30","5","2585"
"2023-08-31","1","5032"
"2023-08-31","2","3984"
"2023-08-31","3","7095"
"2023-08-31","4","4044"
"2023-08-31","5","2585"
"2023-09-01","1","5032"
"2023-09-01","2","7095"
"2023-09-01","3","3984"
"2023-09-01","4","4044"
"2023-09-01","5","2585"
"2023-09-04","1","5032"
"2023-09-04","2","7095"
"2023-09-04","3","3984"
"2023-09-04","4","4044"
"2023-09-04","5","3687"
"2023-09-05","1","5032"
"2023-09-05","2","7095"
"2023-09-05","3","3984"
"2023-09-05","4","2585"
"2023-09-05","5","4044"
"2023-09-06","1","5032"
"2023-09-06","2","3984"
"2023-09-06","3","7095"
"2023-09-06","4","4044"
"2023-09-06","5","2585"
"2023-09-07","1","5032"
"2023-09-07","2","3984"
"2023-09-07","3","7095"
"2023-09-07","4","2585"
"2023-09-07","5","4044"
"2023-09-08","1","5032"
"2023-09-08","2","3984"
"2023-09-08","3","7095"
"2023-09-08","4","4044"
"2023-09-08","5","2585"
"2023-09-11","1","5032"
"2023-09-11","2","7095"
"2023-09-11","3","3984"
"2023-09-11","4","4044"
"2023-09-11","5","3687"
"2023-09-12","1","5032"
"2023-09-12","2","7095"
"2023-09-12","3","3984"
"2023-09-12","4","4044"
"2023-09-12","5","3687"
"2023-09-13","1","5032"
"2023-09-13","2","7095"
"2023-09-13","3","3984"
"2023-09-13","4","4044"
"2023-09-13","5","3687"
"2023-09-14","1","5032"
"2023-09-14","2","7095"
"2023-09-14","3","3984"
"2023-09-14","4","4044"
"2023-09-14","5","3687"
"2023-09-15","1","5032"
"2023-09-15","2","7095"
"2023-09-15","3","3984"
"2023-09-15","4","4044"
"2023-09-15","5","7388"
"2023-09-19","1","5032"
"2023-09-19","2","7095"
"2023-09-19","3","3984"
"2023-09-19","4","7388"
"2023-09-19","5","4044"
"2023-09-20","1","5032"
"2023-09-20","2","7095"
"2023-09-20","3","3984"
"2023-09-20","4","7388"
"2023-09-20","5","4044"
"2023-09-21","1","5032"
"2023-09-21","2","3984"
"2023-09-21","3","7095"
"2023-09-21","4","7388"
"2023-09-21","5","3687"
"2023-09-22","1","5032"
"2023-09-22","2","3984"
"2023-09-22","3","7095"
"2023-09-22","4","7388"
"2023-09-22","5","4044"
"2023-09-25","1","5032"
"2023-09-25","2","3984"
"2023-09-25","3","7095"
"2023-09-25","4","7388"
"2023-09-25","5","4044"
"2023-09-26","1","5032"
"2023-09-26","2","3984"
"2023-09-26","3","7095"
"2023-09-26","4","7388"
"2023-09-26","5","4044"
"2023-09-27","1","5032"
"2023-09-27","2","3984"
"2023-09-27","3","7095"
"2023-09-27","4","7388"
"2023-09-27","5","1939"
"2023-09-28","1","5032"
"2023-09-28","2","3984"
"2023-09-28","3","7388"
"2023-09-28","4","7095"
"2023-09-28","5","4044"
"2023-09-29","1","5032"
"2023-09-29","2","3984"
"2023-09-29","3","7095"
"2023-09-29","4","7388"
"2023-09-29","5","2585"
"2023-10-02","1","5032"
"2023-10-02","2","3984"
"2023-10-02","3","7095"
"2023-10-02","4","7388"
"2023-10-02","5","2585"
"2023-10-03","1","5032"
"2023-10-03","2","3984"
"2023-10-03","3","7388"
"2023-10-03","4","7095"
"2023-10-03","5","4044"
"2023-10-04","1","5032"
"2023-10-04","2","7388"
"2023-10-04","3","3984"
"2023-10-04","4","7095"
"2023-10-04","5","4044"
"2023-10-05","1","5032"
"2023-10-05","2","7388"
"2023-10-05","3","3984"
"2023-10-05","4","7095"
"2023-10-05","5","4044"
"2023-10-06","1","5032"
"2023-10-06","2","7388"
"2023-10-06","3","3984"
"2023-10-06","4","7095"
"2023-10-06","5","4044"
"2023-10-10","1","5032"
"2023-10-10","2","7388"
"2023-10-10","3","3984"
"2023-10-10","4","7095"
"2023-10-10","5","2585"
"2023-10-11","1","5032"
"2023-10-11","2","3984"
"2023-10-11","3","7388"
"2023-10-11","4","7095"
"2023-10-11","5","2163"
"2023-10-12","1","5032"
"2023-10-12","2","7388"
"2023-10-12","3","3984"
"2023-10-12","4","7095"
"2023-10-12","5","2585"
"2023-10-13","1","5032"
"2023-10-13","2","7388"
"2023-10-13","3","3984"
"2023-10-13","4","7095"
"2023-10-13","5","6071"
"2023-10-16","1","5032"
"2023-10-16","2","7388"
"2023-10-16","3","3984"
"2023-10-16","4","7095"
"2023-10-16","5","6071"
"2023-10-17","1","5032"
"2023-10-17","2","3984"
"2023-10-17","3","7388"
"2023-10-17","4","7095"
"2023-10-17","5","2585"
"2023-10-18","1","5032"
"2023-10-18","2","7388"
"2023-10-18","3","3984"
"2023-10-18","4","7095"
"2023-10-18","5","2585"
"2023-10-19","1","5032"
"2023-10-19","2","3984"
"2023-10-19","3","7388"
"2023-10-19","4","7095"
"2023-10-19","5","2585"
"2023-10-20","1","5032"
"2023-10-20","2","3984"
"2023-10-20","3","7388"
"2023-10-20","4","7095"
"2023-10-20","5","2585"
"2023-10-23","1","5032"
"2023-10-23","2","3984"
"2023-10-23","3","7388"
"2023-10-23","4","7095"
"2023-10-23","5","2585"
"2023-10-24","1","5032"
"2023-10-24","2","3984"
"2023-10-24","3","7095"
"2023-10-24","4","7388"
"2023-10-24","5","2585"
"2023-10-25","1","5032"
"2023-10-25","2","3984"
"2023-10-25","3","7095"
"2023-10-25","4","7388"
"2023-10-25","5","2585"
"2023-10-26","1","5032"
"2023-10-26","2","3984"
"2023-10-26","3","7095"
"2023-10-26","4","7388"
"2023-10-26","5","2585"
"2023-10-27","1","5032"
"2023-10-27","2","3984"
"2023-10-27","3","7095"
"2023-10-27","4","7388"
"2023-10-27","5","9341"
"2023-10-30","1","5032"
"2023-10-30","2","3984"
"2023-10-30","3","7095"
"2023-10-30","4","7388"
"2023-10-30","5","4044"
"2023-10-31","1","5032"
"2023-10-31","2","3984"
"2023-10-31","3","6810"
"2023-10-31","4","7388"
"2023-10-31","5","7095"
"2023-11-01","1","5032"
"2023-11-01","2","3984"
"2023-11-01","3","7388"
"2023-11-01","4","7095"
"2023-11-01","5","6810"
"2023-11-02","1","5032"
"2023-11-02","2","3984"
"2023-11-02","3","7388"
"2023-11-02","4","7095"
"2023-11-02","5","6810"
"2023-11-06","1","5032"
"2023-11-06","2","3984"
"2023-11-06","3","7388"
"2023-11-06","4","7095"
"2023-11-06","5","6810"
"2023-11-07","1","5032"
"2023-11-07","2","3984"
"2023-11-07","3","7388"
"2023-11-07","4","7095"
"2023-11-07","5","6810"
"2023-11-08","1","5032"
"2023-11-08","2","3984"
"2023-11-08","3","7095"
"2023-11-08","4","7388"
"2023-11-08","5","6810"
"2023-11-09","1","3984"
"2023-11-09","2","5032"
"2023-11-09","3","7388"
"2023-11-09","4","7095"
"2023-11-09","5","6810"
"2023-11-10","1","3984"
"2023-11-10","2","5032"
"2023-11-10","3","7388"
"2023-11-10","4","7095"
"2023-11-10","5","6810"
"2023-11-13","1","3984"
"2023-11-13","2","5032"
"2023-11-13","3","7388"
"2023-11-13","4","7095"
"2023-11-13","5","6810"
"2023-11-14","1","3984"
"2023-11-14","2","5032"
"2023-11-14","3","7388"
"2023-11-14","4","7095"
"2023-11-14","5","6810"
"2023-11-15","1","3984"
"2023-11-15","2","5032"
"2023-11-15","3","7095"
"2023-11-15","4","7388"
"2023-11-15","5","6810"
"2023-11-16","1","3984"
"2023-11-16","2","5032"
"2023-11-16","3","7095"
"2023-11-16","4","7388"
"2023-11-16","5","6810"
"2023-11-17","1","3984"
"2023-11-17","2","5032"
"2023-11-17","3","7095"
"2023-11-17","4","7388"
"2023-11-17","5","9341"
"2023-11-20","1","3984"
"2023-11-20","2","5032"
"2023-11-20","3","7095"
"2023-11-20","4","7388"
"2023-11-20","5","6810"
"2023-11-21","1","3984"
"2023-11-21","2","5032"
"2023-11-21","3","7095"
"2023-11-21","4","7388"
"2023-11-21","5","6810"
"2023-11-22","1","3984"
"2023-11-22","2","5032"
"2023-11-22","3","7095"
"2023-11-22","4","7388"
"2023-11-22","5","6810"
"2023-11-24","1","3984"
"2023-11-24","2","5032"
"2023-11-24","3","7095"
"2023-11-24","4","7388"
"2023-11-24","5","6810"
"2023-11-27","1","3984"
"2023-11-27","2","5032"
"2023-11-27","3","7095"
"2023-11-27","4","7388"
"2023-11-27","5","9341"
"2023-11-28","1","3984"
"2023-11-28","2","5032"
"2023-11-28","3","7095"
"2023-11-28","4","7388"
"2023-11-28","5","6810"
"2023-11-29","1","3984"
"2023-11-29","2","5032"
"2023-11-29","3","7095"
"2023-11-29","4","9341"
"2023-11-29","5","6810"
"2023-11-30","1","3984"
"2023-11-30","2","5032"
"2023-11-30","3","7095"
"2023-11-30","4","9341"
"2023-11-30","5","7388"
"2023-12-01","1","3984"
"2023-12-01","2","5032"
"2023-12-01","3","7095"
"2023-12-01","4","9341"
"2023-12-01","5","7388"
"2023-12-04","1","3984"
"2023-12-04","2","5032"
"2023-12-04","3","7095"
"2023-12-04","4","7388"
"2023-12-04","5","9341"
"2023-12-05","1","3984"
"2023-12-05","2","5032"
"2023-12-05","3","7095"
"2023-12-05","4","7388"
"2023-12-05","5","9341"
"2023-12-06","1","3984"
"2023-12-06","2","7095"
"2023-12-06","3","5032"
"2023-12-06","4","9341"
"2023-12-06","5","7388"
"2023-12-07","1","3984"
"2023-12-07","2","7095"
"2023-12-07","3","5032"
"2023-12-07","4","9341"
"2023-12-07","5","7388"
"2023-12-08","1","3984"
"2023-12-08","2","5032"
"2023-12-08","3","7095"
"2023-12-08","4","9341"
"2023-12-08","5","6810"
"2023-12-11","1","3984"
"2023-12-11","2","7095"
"2023-12-11","3","5032"
"2023-12-11","4","9341"
"2023-12-11","5","6810"
"2023-12-12","1","3984"
"2023-12-12","2","7095"
"2023-12-12","3","5032"
"2023-12-12","4","9341"
"2023-12-12","5","6810"
"2023-12-13","1","3984"
"2023-12-13","2","7095"
"2023-12-13","3","5032"
"2023-12-13","4","9341"
"2023-12-13","5","6810"
"2023-12-14","1","3984"
"2023-12-14","2","7095"
"2023-12-14","3","9341"
"2023-12-14","4","5032"
"2023-12-14","5","6810"
"2023-12-15","1","3984"
"2023-12-15","2","7095"
"2023-12-15","3","9341"
"2023-12-15","4","6810"
"2023-12-15","5","5032"
"2023-12-18","1","3984"
"2023-12-18","2","7095"
"2023-12-18","3","9341"
"2023-12-18","4","6810"
"2023-12-18","5","5032"
"2023-12-19","1","3984"
"2023-12-19","2","7095"
"2023-12-19","3","9341"
"2023-12-19","4","6810"
"2023-12-19","5","5032"
"2023-12-20","1","3984"
"2023-12-20","2","7095"
"2023-12-20","3","9341"
"2023-12-20","4","6810"
"2023-12-20","5","7388"
"2023-12-21","1","7095"
"2023-12-21","2","3984"
"2023-12-21","3","9341"
"2023-12-21","4","6810"
"2023-12-21","5","5032"
"2023-12-22","1","7095"
"2023-12-22","2","3984"
"2023-12-22","3","9341"
"2023-12-22","4","5032"
"2023-12-22","5","6810"
"2023-12-25","1","7095"
"2023-12-25","2","3984"
"2023-12-25","3","9341"
"2023-12-25","4","6810"
"2023-12-25","5","5032"
"2023-12-26","1","7095"
"2023-12-26","2","3984"
"2023-12-26","3","9341"
"2023-12-26","4","6810"
"2023-12-26","5","5032"
"2023-12-27","1","7095"
"2023-12-27","2","3984"
"2023-12-27","3","9341"
"2023-12-27","4","6810"
"2023-12-27","5","7388"
"2023-12-28","1","7095"
"2023-12-28","2","3984"
"2023-12-28","3","6810"
"2023-12-28","4","9341"
"2023-12-28","5","7388"
"2023-12-29","1","7095"
"2023-12-29","2","3984"
"2023-12-29","3","9341"
"2023-12-29","4","6810"
"2023-12-29","5","7388"
"2024-01-04","1","7095"
"2024-01-04","2","3984"
"2024-01-04","3","7388"
"2024-01-04","4","6810"
"2024-01-04","5","6269"
"2024-01-05","1","7095"
"2024-01-05","2","3984"
"2024-01-05","3","7388"
"2024-01-05","4","9341"
"2024-01-05","5","6810"
"2024-01-09","1","7095"
"2024-01-09","2","3984"
"2024-01-09","3","9341"
"2024-01-09","4","7388"
"2024-01-09","5","6810"
"2024-01-10","1","7095"
"2024-01-10","2","3984"
"2024-01-10","3","7388"
"2024-01-10","4","6269"
"2024-01-10","5","9341"
"2024-01-11","1","7095"
"2024-01-11","2","3984"
"2024-01-11","3","7388"
"2024-01-11","4","6269"
"2024-01-11","5","9341"
"2024-01-12","1","7095"
"2024-01-12","2","3984"
"2024-01-12","3","6269"
"2024-01-12","4","5032"
"2024-01-12","5","7388"
"2024-01-15","1","7095"
"2024-01-15","2","3984"
"2024-01-15","3","5032"
"2024-01-15","4","6269"
"2024-01-15","5","7388"
"2024-01-16","1","7095"
"2024-01-16","2","3984"
"2024-01-16","3","5032"
"2024-01-16","4","7388"
"2024-01-16","5","6810"
"2024-01-17","1","7095"
"2024-01-17","2","3984"
"2024-01-17","3","5032"
"2024-01-17","4","6810"
"2024-01-17","5","6269"
"2024-01-18","1","7095"
"2024-01-18","2","3984"
"2024-01-18","3","5032"
"2024-01-18","4","6810"
"2024-01-18","5","6269"
"2024-01-19","1","7095"
"2024-01-19","2","3984"
"2024-01-19","3","5032"
"2024-01-19","4","3994"
"2024-01-19","5","6810"
"2024-01-22","1","7095"
"2024-01-22","2","3984"
"2024-01-22","3","5032"
"2024-01-22","4","3994"
"2024-01-22","5","6810"
"2024-01-23","1","7095"
"2024-01-23","2","3984"
"2024-01-23","3","5032"
"2024-01-23","4","6200"
"2024-01-23","5","6810"
"2024-01-24","1","7095"
"2024-01-24","2","3984"
"2024-01-24","3","5032"
"2024-01-24","4","3994"
"2024-01-24","5","7388"
"2024-01-25","1","7095"
"2024-01-25","2","3984"
"2024-01-25","3","5032"
"2024-01-25","4","7388"
"2024-01-25","5","3994"
"2024-01-26","1","7095"
"2024-01-26","2","3984"
"2024-01-26","3","5032"
"2024-01-26","4","7388"
"2024-01-26","5","6269"
"2024-01-29","1","7095"
"2024-01-29","2","3984"
"2024-01-29","3","5032"
"2024-01-29","4","7388"
"2024-01-29","5","3994"
"2024-01-30","1","7095"
"2024-01-30","2","3984"
"2024-01-30","3","7388"
"2024-01-30","4","5032"
"2024-01-30","5","3994"
"2024-01-31","1","7095"
"2024-01-31","2","3984"
"2024-01-31","3","7388"
"2024-01-31","4","3994"
"2024-01-31","5","5032"
"2024-02-01","1","3984"
"2024-02-01","2","7095"
"2024-02-01","3","7388"
"2024-02-01","4","3994"
"2024-02-01","5","6269"
"2024-02-02","1","3984"
"2024-02-02","2","7095"
"2024-02-02","3","7388"
"2024-02-02","4","3994"
"2024-02-02","5","6269"
"2024-02-05","1","3984"
"2024-02-05","2","7095"
"2024-02-05","3","7388"
"2024-02-05","4","3994"
"2024-02-05","5","6269"
"2024-02-06","1","3984"
"2024-02-06","2","7095"
"2024-02-06","3","7388"
"2024-02-06","4","6269"
"2024-02-06","5","3994"
"2024-02-07","1","3984"
"2024-02-07","2","7095"
"2024-02-07","3","7388"
"2024-02-07","4","3994"
"2024-02-07","5","5032"
"2024-02-08","1","3984"
"2024-02-08","2","7095"
"2024-02-08","3","7388"
"2024-02-08","4","6200"
"2024-02-08","5","3994"
"2024-02-09","1","3984"
"2024-02-09","2","7095"
"2024-02-09","3","7388"
"2024-02-09","4","3994"
"2024-02-09","5","6269"
"2024-02-13","1","3984"
"2024-02-13","2","7095"
"2024-02-13","3","7388"
"2024-02-13","4","5032"
"2024-02-13","5","3994"
"2024-02-14","1","3984"
"2024-02-14","2","7095"
"2024-02-14","3","7388"
"2024-02-14","4","3994"
"2024-02-14","5","6269"
"2024-02-15","1","3984"
"2024-02-15","2","7095"
"2024-02-15","3","7388"
"2024-02-15","4","6269"
"2024-02-15","5","3994"
"2024-02-16","1","3984"
"2024-02-16","2","7095"
"2024-02-16","3","7388"
"2024-02-16","4","6269"
"2024-02-16","5","3994"
"2024-02-19","1","3984"
"2024-02-19","2","7388"
"2024-02-19","3","7095"
"2024-02-19","4","6269"
"2024-02-19","5","3994"
"2024-02-20","1","3984"
"2024-02-20","2","7388"
"2024-02-20","3","7095"
"2024-02-20","4","3994"
"2024-02-20","5","5032"
"2024-02-21","1","7095"
"2024-02-21","2","3984"
"2024-02-21","3","7388"
"2024-02-21","4","3994"
"2024-02-21","5","6269"
"2024-02-22","1","7095"
"2024-02-22","2","3984"
"2024-02-22","3","7388"
"2024-02-22","4","5032"
"2024-02-22","5","6269"
"2024-02-26","1","7095"
"2024-02-26","2","7388"
"2024-02-26","3","6269"
"2024-02-26","4","5032"
"2024-02-26","5","3984"
"2024-02-27","1","7095"
"2024-02-27","2","7388"
"2024-02-27","3","3984"
"2024-02-27","4","6269"
"2024-02-27","5","5032"
"2024-02-28","1","7095"
"2024-02-28","2","6269"
"2024-02-28","3","5032"
"2024-02-28","4","3984"
"2024-02-28","5","7388"
"2024-02-29","1","7095"
"2024-02-29","2","6269"
"2024-02-29","3","7388"
"2024-02-29","4","3984"
"2024-02-29","5","5032"
"2024-03-01","1","7095"
"2024-03-01","2","6269"
"2024-03-01","3","5032"
"2024-03-01","4","3984"
"2024-03-01","5","6810"
"2024-03-04","1","7095"
"2024-03-04","2","6269"
"2024-03-04","3","3984"
"2024-03-04","4","5032"
"2024-03-04","5","3994"
"2024-03-05","1","7095"
"2024-03-05","2","6269"
"2024-03-05","3","3984"
"2024-03-05","4","5032"
"2024-03-05","5","6810"
"2024-03-06","1","7095"
"2024-03-06","2","6269"
"2024-03-06","3","3984"
"2024-03-06","4","6810"
"2024-03-06","5","5032"
"2024-03-07","1","7095"
"2024-03-07","2","6269"
"2024-03-07","3","3984"
"2024-03-07","4","6810"
"2024-03-07","5","4180"
"2024-03-08","1","7095"
"2024-03-08","2","6269"
"2024-03-08","3","3984"
"2024-03-08","4","6200"
"2024-03-08","5","3994"
"2024-03-11","1","7095"
"2024-03-11","2","3984"
"2024-03-11","3","6269"
"2024-03-11","4","6200"
"2024-03-11","5","4180"
"2024-03-12","1","7095"
"2024-03-12","2","6269"
"2024-03-12","3","3984"
"2024-03-12","4","6200"
"2024-03-12","5","6810"
"2024-03-13","1","7095"
"2024-03-13","2","3984"
"2024-03-13","3","4180"
"2024-03-13","4","6269"
"2024-03-13","5","6810"
"2024-03-14","1","7095"
"2024-03-14","2","4344"
"2024-03-14","3","3984"
"2024-03-14","4","6200"
"2024-03-14","5","4180"
"2024-03-15","1","7095"
"2024-03-15","2","4344"
"2024-03-15","3","3984"
"2024-03-15","4","6200"
"2024-03-15","5","4180"
"2024-03-18","1","7095"
"2024-03-18","2","3984"
"2024-03-18","3","4344"
"2024-03-18","4","6200"
"2024-03-18","5","6269"
"2024-03-19","1","7095"
"2024-03-19","2","3984"
"2024-03-19","3","4180"
"2024-03-19","4","6269"
"2024-03-19","5","6200"
"2024-03-21","1","7095"
"2024-03-21","2","4180"
"2024-03-21","3","3984"
"2024-03-21","4","6200"
"2024-03-21","5","3968"
"2024-03-22","1","7095"
"2024-03-22","2","3968"
"2024-03-22","3","4180"
"2024-03-22","4","3984"
"2024-03-22","5","6269"
"2024-03-25","1","7095"
"2024-03-25","2","3984"
"2024-03-25","3","4180"
"2024-03-25","4","3968"
"2024-03-25","5","6200"
"2024-03-26","1","4826"
"2024-03-26","2","3984"
"2024-03-26","3","7095"
"2024-03-26","4","4180"
"2024-03-26","5","3968"
"2024-03-27","1","4826"
"2024-03-27","2","7095"
"2024-03-27","3","3984"
"2024-03-27","4","3968"
"2024-03-27","5","4180"
"2024-03-28","1","4826"
"2024-03-28","2","7095"
"2024-03-28","3","3968"
"2024-03-28","4","4344"
"2024-03-28","5","3984"
"2024-03-29","1","4826"
"2024-03-29","2","7095"
"2024-03-29","3","3984"
"2024-03-29","4","4344"
"2024-03-29","5","3968"
"2024-04-01","1","4826"
"2024-04-01","2","7095"
"2024-04-01","3","4344"
"2024-04-01","4","3968"
"2024-04-01","5","6269"
"2024-04-02","1","4826"
"2024-04-02","2","7095"
"2024-04-02","3","4344"
"2024-04-02","4","3968"
"2024-04-02","5","3984"
"2024-04-03","1","4826"
"2024-04-03","2","7095"
"2024-04-03","3","4344"
"2024-04-03","4","3968"
"2024-04-03","5","6269"
"2024-04-04","1","4826"
"2024-04-04","2","7095"
"2024-04-04","3","4344"
"2024-04-04","4","3968"
"2024-04-04","5","6269"
"2024-04-05","1","4826"
"2024-04-05","2","7095"
"2024-04-05","3","4344"
"2024-04-05","4","3968"
"2024-04-05","5","6269"
"2024-04-08","1","4826"
"2024-04-08","2","7095"
"2024-04-08","3","4344"
"2024-04-08","4","3968"
"2024-04-08","5","6269"
"2024-04-09","1","4826"
"2024-04-09","2","7095"
"2024-04-09","3","4344"
"2024-04-09","4","3968"
"2024-04-09","5","6269"
"2024-04-10","1","4826"
"2024-04-10","2","7095"
"2024-04-10","3","4344"
"2024-04-10","4","3968"
"2024-04-10","5","3984"
"2024-04-11","1","4826"
"2024-04-11","2","7095"
"2024-04-11","3","4344"
"2024-04-11","4","3968"
"2024-04-11","5","6269"
"2024-04-12","1","4826"
"2024-04-12","2","7095"
"2024-04-12","3","4344"
"2024-04-12","4","3968"
"2024-04-12","5","6269"
"2024-04-15","1","4826"
"2024-04-15","2","7095"
"2024-04-15","3","4344"
"2024-04-15","4","3968"
"2024-04-15","5","4180"
"2024-04-16","1","4826"
"2024-04-16","2","7095"
"2024-04-16","3","4344"
"2024-04-16","4","3968"
"2024-04-16","5","6269"
"2024-04-17","1","7095"
"2024-04-17","2","4826"
"2024-04-17","3","4344"
"2024-04-17","4","3968"
"2024-04-17","5","6269"
"2024-04-18","1","7095"
"2024-04-18","2","4826"
"2024-04-18","3","4344"
"2024-04-18","4","3968"
"2024-04-18","5","6269"
"2024-04-19","1","7095"
"2024-04-19","2","4826"
"2024-04-19","3","4344"
"2024-04-19","4","3968"
"2024-04-19","5","3994"
"2024-04-22","1","7095"
"2024-04-22","2","4826"
"2024-04-22","3","4344"
"2024-04-22","4","3968"
"2024-04-22","5","6269"
"2024-04-23","1","7095"
"2024-04-23","2","4826"
"2024-04-23","3","4344"
"2024-04-23","4","3968"
"2024-04-23","5","3994"
"2024-04-24","1","7095"
"2024-04-24","2","4826"
"2024-04-24","3","4344"
"2024-04-24","4","3968"
"2024-04-24","5","3994"
"2024-04-25","1","7095"
"2024-04-25","2","4826"
"2024-04-25","3","4344"
"2024-04-25","4","3968"
"2024-04-25","5","3994"
"2024-04-26","1","7095"
"2024-04-26","2","4826"
"2024-04-26","3","4344"
"2024-04-26","4","3968"
"2024-04-26","5","6200"
"2024-04-30","1","7095"
"2024-04-30","2","4826"
"2024-04-30","3","4344"
"2024-04-30","4","3968"
"2024-04-30","5","6269"
"2024-05-01","1","7095"
"2024-05-01","2","4826"
"2024-05-01","3","4344"
"2024-05-01","4","3968"
"2024-05-01","5","6269"
"2024-05-02","1","7095"
"2024-05-02","2","4826"
"2024-05-02","3","4344"
"2024-05-02","4","3968"
"2024-05-02","5","3994"
"2024-05-07","1","7095"
"2024-05-07","2","4826"
"2024-05-07","3","4344"
"2024-05-07","4","3968"
"2024-05-07","5","6269"
"2024-05-08","1","7095"
"2024-05-08","2","4344"
"2024-05-08","3","3968"
"2024-05-08","4","6269"
"2024-05-08","5","9552"
"2024-05-09","1","7095"
"2024-05-09","2","4344"
"2024-05-09","3","3968"
"2024-05-09","4","9552"
"2024-05-09","5","6269"
"2024-05-10","1","7095"
"2024-05-10","2","4344"
"2024-05-10","3","3968"
"2024-05-10","4","9229"
"2024-05-10","5","6269"
"2024-05-13","1","7095"
"2024-05-13","2","4344"
"2024-05-13","3","3968"
"2024-05-13","4","9229"
"2024-05-13","5","3994"
"2024-05-14","1","7095"
"2024-05-14","2","4344"
"2024-05-14","3","3968"
"2024-05-14","4","9229"
"2024-05-14","5","3984"
"2024-05-15","1","7095"
"2024-05-15","2","4344"
"2024-05-15","3","3968"
"2024-05-15","4","9229"
"2024-05-15","5","9552"
"2024-05-16","1","7095"
"2024-05-16","2","4344"
"2024-05-16","3","3968"
"2024-05-16","4","3984"
"2024-05-16","5","9552"
"2024-05-17","1","7095"
"2024-05-17","2","4344"
"2024-05-17","3","3968"
"2024-05-17","4","3984"
"2024-05-17","5","3994"
"2024-05-20","1","7095"
"2024-05-20","2","4344"
"2024-05-20","3","3984"
"2024-05-20","4","3854"
"2024-05-20","5","3968"
"2024-05-21","1","7095"
"2024-05-21","2","4344"
"2024-05-21","3","3984"
"2024-05-21","4","3994"
"2024-05-21","5","3854"
"2024-05-22","1","7095"
"2024-05-22","2","4344"
"2024-05-22","3","3984"
"2024-05-22","4","3968"
"2024-05-22","5","3854"
"2024-05-23","1","7095"
"2024-05-23","2","4344"
"2024-05-23","3","3984"
"2024-05-23","4","3994"
"2024-05-23","5","3854"
"2024-05-24","1","7095"
"2024-05-24","2","4344"
"2024-05-24","3","3984"
"2024-05-24","4","3854"
"2024-05-24","5","3994"
"2024-05-27","1","7095"
"2024-05-27","2","3984"
"2024-05-27","3","4344"
"2024-05-27","4","4180"
"2024-05-27","5","9341"
"2024-05-28","1","7095"
"2024-05-28","2","4344"
"2024-05-28","3","3984"
"2024-05-28","4","4180"
"2024-05-28","5","9341"
"2024-05-29","1","7095"
"2024-05-29","2","4344"
"2024-05-29","3","3984"
"2024-05-29","4","9341"
"2024-05-29","5","3854"
"2024-05-30","1","7095"
"2024-05-30","2","3984"
"2024-05-30","3","4344"
"2024-05-30","4","9341"
"2024-05-30","5","3854"
"2024-05-31","1","7095"
"2024-05-31","2","3984"
"2024-05-31","3","4344"
"2024-05-31","4","3854"
"2024-05-31","5","3968"
"2024-06-03","1","7095"
"2024-06-03","2","4344"
"2024-06-03","3","3854"
"2024-06-03","4","3984"
"2024-06-03","5","9552"
"2024-06-04","1","7095"
"2024-06-04","2","4344"
"2024-06-04","3","9552"
"2024-06-04","4","3854"
"2024-06-04","5","3984"
"2024-06-05","1","7095"
"2024-06-05","2","4344"
"2024-06-05","3","9552"
"2024-06-05","4","3854"
"2024-06-05","5","9341"
"2024-06-06","1","7095"
"2024-06-06","2","9552"
"2024-06-06","3","4344"
"2024-06-06","4","3854"
"2024-06-06","5","9341"
"2024-06-07","1","7095"
"2024-06-07","2","9552"
"2024-06-07","3","4344"
"2024-06-07","4","3854"
"2024-06-07","5","9341"
"2024-06-10","1","7095"
"2024-06-10","2","9552"
"2024-06-10","3","4344"
"2024-06-10","4","3854"
"2024-06-10","5","7864"
"2024-06-11","1","7095"
"2024-06-11","2","9552"
"2024-06-11","3","4344"
"2024-06-11","4","3984"
"2024-06-11","5","3854"
"2024-06-12","1","7095"
"2024-06-12","2","9552"
"2024-06-12","3","4344"
"2024-06-12","4","3854"
"2024-06-12","5","3984"
"2024-06-13","1","7095"
"2024-06-13","2","9552"
"2024-06-13","3","4344"
"2024-06-13","4","3984"
"2024-06-13","5","9229"
"2024-06-14","1","7095"
"2024-06-14","2","9552"
"2024-06-14","3","4344"
"2024-06-14","4","3984"
"2024-06-14","5","9229"
"2024-06-17","1","7095"
"2024-06-17","2","9552"
"2024-06-17","3","9229"
"2024-06-17","4","3984"
"2024-06-17","5","4344"
"2024-06-18","1","7095"
"2024-06-18","2","9552"
"2024-06-18","3","3984"
"2024-06-18","4","4344"
"2024-06-18","5","9229"
"2024-06-19","1","7095"
"2024-06-19","2","9552"
"2024-06-19","3","3984"
"2024-06-19","4","9229"
"2024-06-19","5","4344"
"2024-06-20","1","7095"
"2024-06-20","2","9552"
"2024-06-20","3","9229"
"2024-06-20","4","4344"
"2024-06-20","5","3984"
"2024-06-21","1","7095"
"2024-06-21","2","9552"
"2024-06-21","3","9229"
"2024-06-21","4","4344"
"2024-06-21","5","3984"
"2024-06-24","1","7095"
"2024-06-24","2","9552"
"2024-06-24","3","9229"
"2024-06-24","4","3984"
"2024-06-24","5","4344"
"2024-06-25","1","7095"
"2024-06-25","2","9552"
"2024-06-25","3","4180"
"2024-06-25","4","4344"
"2024-06-25","5","9229"
"2024-06-26","1","9552"
"2024-06-26","2","7095"
"2024-06-26","3","4180"
"2024-06-26","4","3968"
"2024-06-26","5","4344"
"2024-06-27","1","7095"
"2024-06-27","2","9552"
"2024-06-27","3","4344"
"2024-06-27","4","9229"
"2024-06-27","5","4180"
"2024-06-28","1","7095"
"2024-06-28","2","9552"
"2024-06-28","3","4344"
"2024-06-28","4","4180"
"2024-06-28","5","4784"
"2024-07-01","1","7095"
"2024-07-01","2","9552"
"2024-07-01","3","4784"
"2024-07-01","4","4344"
"2024-07-01","5","4180"
"2024-07-02","1","7095"
"2024-07-02","2","9552"
"2024-07-02","3","4784"
"2024-07-02","4","4180"
"2024-07-02","5","4344"
"2024-07-03","1","7095"
"2024-07-03","2","9552"
"2024-07-03","3","4180"
"2024-07-03","4","4784"
"2024-07-03","5","4344"
"2024-07-04","1","7095"
"2024-07-04","2","9552"
"2024-07-04","3","4180"
"2024-07-04","4","4344"
"2024-07-04","5","9229"
"2024-07-05","1","7095"
"2024-07-05","2","4784"
"2024-07-05","3","9552"
"2024-07-05","4","4180"
"2024-07-05","5","4344"
"2024-07-08","1","7095"
"2024-07-08","2","4784"
"2024-07-08","3","9552"
"2024-07-08","4","4180"
"2024-07-08","5","4344"
"2024-07-09","1","7095"
"2024-07-09","2","4784"
"2024-07-09","3","9552"
"2024-07-09","4","4344"
"2024-07-09","5","4180"
"2024-07-10","1","7095"
"2024-07-10","2","9552"
"2024-07-10","3","4784"
"2024-07-10","4","4180"
"2024-07-10","5","4344"
"2024-07-11","1","7095"
"2024-07-11","2","9552"
"2024-07-11","3","4784"
"2024-07-11","4","4180"
"2024-07-11","5","4344"
"2024-07-12","1","7095"
"2024-07-12","2","9552"
"2024-07-12","3","4784"
"2024-07-12","4","4180"
"2024-07-12","5","6269"
"2024-07-16","1","7095"
"2024-07-16","2","9552"
"2024-07-16","3","4180"
"2024-07-16","4","4784"
"2024-07-16","5","6269"
"2024-07-17","1","7095"
"2024-07-17","2","9552"
"2024-07-17","3","4180"
"2024-07-17","4","4784"
"2024-07-17","5","3968"
"2024-07-18","1","7095"
"2024-07-18","2","9552"
"2024-07-18","3","4180"
"2024-07-18","4","4784"
"2024-07-18","5","6269"
"2024-07-19","1","7095"
"2024-07-19","2","9552"
"2024-07-19","3","4784"
"2024-07-19","4","4180"
"2024-07-19","5","3968"
"2024-07-22","1","7095"
"2024-07-22","2","9552"
"2024-07-22","3","4180"
"2024-07-22","4","4784"
"2024-07-22","5","3968"
"2024-07-23","1","7095"
"2024-07-23","2","9552"
"2024-07-23","3","4784"
"2024-07-23","4","4180"
"2024-07-23","5","3139"
"2024-07-24","1","7095"
"2024-07-24","2","9552"
"2024-07-24","3","4784"
"2024-07-24","4","4180"
"2024-07-24","5","3139"
"2024-07-25","1","7095"
"2024-07-25","2","9552"
"2024-07-25","3","4784"
"2024-07-25","4","4180"
"2024-07-25","5","3139"
"2024-07-26","1","7095"
"2024-07-26","2","4784"
"2024-07-26","3","9552"
"2024-07-26","4","4180"
"2024-07-26","5","3968"
"2024-07-29","1","7095"
"2024-07-29","2","4784"
"2024-07-29","3","9552"
"2024-07-29","4","4180"
"2024-07-29","5","3968"
"2024-07-30","1","7095"
"2024-07-30","2","4784"
"2024-07-30","3","9552"
"2024-07-30","4","4180"
"2024-07-30","5","3139"
"2024-07-31","1","4784"
"2024-07-31","2","7095"
"2024-07-31","3","9552"
"2024-07-31","4","4180"
"2024-07-31","5","3139"
"2024-08-01","1","7095"
"2024-08-01","2","9552"
"2024-08-01","3","4180"
"2024-08-01","4","3139"
"2024-08-01","5","3968"
"2024-08-02","1","7095"
"2024-08-02","2","9552"
"2024-08-02","3","4180"
"2024-08-02","4","3968"
"2024-08-02","5","3139"
"2024-08-05","1","7095"
"2024-08-05","2","9552"
"2024-08-05","3","3968"
"2024-08-05","4","3139"
"2024-08-05","5","4180"
"2024-08-06","1","7095"
"2024-08-06","2","9552"
"2024-08-06","3","4180"
"2024-08-06","4","3968"
"2024-08-06","5","3139"
"2024-08-07","1","7095"
"2024-08-07","2","4180"
"2024-08-07","3","3139"
"2024-08-07","4","3968"
"2024-08-07","5","6050"
"2024-08-08","1","7095"
"2024-08-08","2","3968"
"2024-08-08","3","4180"
"2024-08-08","4","3139"
"2024-08-08","5","6050"
"2024-08-09","1","7095"
"2024-08-09","2","4180"
"2024-08-09","3","3968"
"2024-08-09","4","6269"
"2024-08-09","5","9229"
"2024-08-13","1","7095"
"2024-08-13","2","3968"
"2024-08-13","3","4180"
"2024-08-13","4","3561"
"2024-08-13","5","6269"
"2024-08-14","1","4180"
"2024-08-14","2","7095"
"2024-08-14","3","3968"
"2024-08-14","4","6269"
"2024-08-14","5","3561"
"2024-08-15","1","4180"
"2024-08-15","2","7095"
"2024-08-15","3","3139"
"2024-08-15","4","3968"
"2024-08-15","5","6269"
"2024-08-16","1","4180"
"2024-08-16","2","7095"
"2024-08-16","3","3139"
"2024-08-16","4","3968"
"2024-08-16","5","9229"
"2024-08-19","1","4180"
"2024-08-19","2","3968"
"2024-08-19","3","7095"
"2024-08-19","4","3139"
"2024-08-19","5","9552"
"2024-08-20","1","4180"
"2024-08-20","2","3968"
"2024-08-20","3","7095"
"2024-08-20","4","3139"
"2024-08-20","5","3561"
"2024-08-21","1","4180"
"2024-08-21","2","3139"
"2024-08-21","3","3968"
"2024-08-21","4","7095"
"2024-08-21","5","3561"
"2024-08-22","1","4180"
"2024-08-22","2","3139"
"2024-08-22","3","3968"
"2024-08-22","4","7095"
"2024-08-22","5","3993"
"2024-08-23","1","4180"
"2024-08-23","2","3968"
"2024-08-23","3","3139"
"2024-08-23","4","7095"
"2024-08-23","5","3561"
"2024-08-26","1","4180"
"2024-08-26","2","3968"
"2024-08-26","3","7095"
"2024-08-26","4","3139"
"2024-08-26","5","3561"
"2024-08-27","1","4180"
"2024-08-27","2","3968"
"2024-08-27","3","7095"
"2024-08-27","4","3139"
"2024-08-27","5","9552"
"2024-08-28","1","4180"
"2024-08-28","2","3968"
"2024-08-28","3","3139"
"2024-08-28","4","4392"
"2024-08-28","5","7095"
"2024-08-29","1","4180"
"2024-08-29","2","3968"
"2024-08-29","3","3139"
"2024-08-29","4","4392"
"2024-08-29","5","7095"
"2024-08-30","1","4180"
"2024-08-30","2","3968"
"2024-08-30","3","4392"
"2024-08-30","4","3139"
"2024-08-30","5","7095"
"2024-09-02","1","4180"
"2024-09-02","2","3968"
"2024-09-02","3","4392"
"2024-09-02","4","3139"
"2024-09-02","5","7095"
"2024-09-03","1","4180"
"2024-09-03","2","3968"
"2024-09-03","3","4392"
"2024-09-03","4","3139"
"2024-09-03","5","7095"
"2024-09-04","1","3968"
"2024-09-04","2","4180"
"2024-09-04","3","4392"
"2024-09-04","4","3139"
"2024-09-04","5","7095"
"2024-09-05","1","3968"
"2024-09-05","2","4180"
"2024-09-05","3","3139"
"2024-09-05","4","4392"
"2024-09-05","5","7095"
"2024-09-06","1","3968"
"2024-09-06","2","4180"
"2024-09-06","3","3139"
"2024-09-06","4","7095"
"2024-09-06","5","4392"
"2024-09-09","1","3968"
"2024-09-09","2","3139"
"2024-09-09","3","4180"
"2024-09-09","4","7095"
"2024-09-09","5","4392"
"2024-09-10","1","3968"
"2024-09-10","2","3139"
"2024-09-10","3","4180"
"2024-09-10","4","7095"
"2024-09-10","5","4392"
"2024-09-11","1","3968"
"2024-09-11","2","3139"
"2024-09-11","3","4180"
"2024-09-11","4","7095"
"2024-09-11","5","4392"
"2024-09-12","1","3968"
"2024-09-12","2","3139"
"2024-09-12","3","4180"
"2024-09-12","4","7095"
"2024-09-12","5","4392"
"2024-09-13","1","3968"
"2024-09-13","2","7095"
"2024-09-13","3","4180"
"2024-09-13","4","3139"
"2024-09-13","5","4392"
"2024-09-17","1","7095"
"2024-09-17","2","3968"
"2024-09-17","3","4180"
"2024-09-17","4","4392"
"2024-09-17","5","3139"
"2024-09-18","1","3968"
"2024-09-18","2","4180"
"2024-09-18","3","7095"
"2024-09-18","4","4392"
"2024-09-18","5","3139"
"2024-09-19","1","7095"
"2024-09-19","2","3968"
"2024-09-19","3","4392"
"2024-09-19","4","4180"
"2024-09-19","5","3139"
"2024-09-20","1","7095"
"2024-09-20","2","3968"
"2024-09-20","3","4392"
"2024-09-20","4","4180"
"2024-09-20","5","3139"
"2024-09-24","1","3968"
"2024-09-24","2","4392"
"2024-09-24","3","7095"
"2024-09-24","4","3139"
"2024-09-24","5","4180"
"2024-09-25","1","3968"
"2024-09-25","2","4392"
"2024-09-25","3","3139"
"2024-09-25","4","7095"
"2024-09-25","5","4180"
"2024-09-26","1","3968"
"2024-09-26","2","4392"
"2024-09-26","3","3139"
"2024-09-26","4","7095"
"2024-09-26","5","4180"
"2024-09-27","1","3968"
"2024-09-27","2","4392"
"2024-09-27","3","3139"
"2024-09-27","4","4180"
"2024-09-27","5","7095"
"2024-09-30","1","3968"
"2024-09-30","2","4392"
"2024-09-30","3","3139"
"2024-09-30","4","7095"
"2024-09-30","5","4180"
"2024-10-01","1","3968"
"2024-10-01","2","4392"
"2024-10-01","3","7095"
"2024-10-01","4","4180"
"2024-10-01","5","8101"
"2024-10-02","1","3968"
"2024-10-02","2","4392"
"2024-10-02","3","7095"
"2024-10-02","4","4180"
"2024-10-02","5","3993"
"2024-10-03","1","3968"
"2024-10-03","2","4392"
"2024-10-03","3","4180"
"2024-10-03","4","7095"
"2024-10-03","5","3993"
"2024-10-04","1","3968"
"2024-10-04","2","4392"
"2024-10-04","3","4180"
"2024-10-04","4","7095"
"2024-10-04","5","3993"
"2024-10-07","1","3968"
"2024-10-07","2","4392"
"2024-10-07","3","4180"
"2024-10-07","4","3993"
"2024-10-07","5","7095"
"2024-10-08","1","3968"
"2024-10-08","2","4180"
"2024-10-08","3","7095"
"2024-10-08","4","3993"
"2024-10-08","5","6269"
"2024-10-09","1","3968"
"2024-10-09","2","4180"
"2024-10-09","3","7095"
"2024-10-09","4","3993"
"2024-10-09","5","6407"
"2024-10-10","1","3968"
"2024-10-10","2","3139"
"2024-10-10","3","7095"
"2024-10-10","4","4180"
"2024-10-10","5","3993"
"2024-10-11","1","3968"
"2024-10-11","2","3139"
"2024-10-11","3","7095"
"2024-10-11","4","4180"
"2024-10-11","5","6407"
"2024-10-15","1","3968"
"2024-10-15","2","3139"
"2024-10-15","3","7095"
"2024-10-15","4","4180"
"2024-10-15","5","3903"
"2024-10-16","1","3968"
"2024-10-16","2","3139"
"2024-10-16","3","4180"
"2024-10-16","4","7095"
"2024-10-16","5","3903"
"2024-10-17","1","3968"
"2024-10-17","2","3139"
"2024-10-17","3","3903"
"2024-10-17","4","7095"
"2024-10-17","5","4180"
"2024-10-18","1","3968"
"2024-10-18","2","3139"
"2024-10-18","3","6269"
"2024-10-18","4","3903"
"2024-10-18","5","7095"
"2024-10-21","1","3968"
"2024-10-21","2","3139"
"2024-10-21","3","6407"
"2024-10-21","4","4180"
"2024-10-21","5","6269"
"2024-10-22","1","3968"
"2024-10-22","2","3139"
"2024-10-22","3","6407"
"2024-10-22","4","4180"
"2024-10-22","5","6269"
"2024-10-23","1","3968"
"2024-10-23","2","3139"
"2024-10-23","3","4180"
"2024-10-23","4","6619"
"2024-10-23","5","6407"
"2024-10-24","1","3968"
"2024-10-24","2","3139"
"2024-10-24","3","4180"
"2024-10-24","4","6619"
"2024-10-24","5","6269"
"2024-10-25","1","3968"
"2024-10-25","2","3139"
"2024-10-25","3","6619"
"2024-10-25","4","4180"
"2024-10-25","5","6269"
"2024-10-28","1","3139"
"2024-10-28","2","6619"
"2024-10-28","3","4180"
"2024-10-28","4","6407"
"2024-10-28","5","3993"
"2024-10-29","1","3139"
"2024-10-29","2","6619"
"2024-10-29","3","4180"
"2024-10-29","4","3993"
"2024-10-29","5","7095"
"2024-10-30","1","3139"
"2024-10-30","2","3993"
"2024-10-30","3","4180"
"2024-10-30","4","6619"
"2024-10-30","5","7095"
"2024-10-31","1","3139"
"2024-10-31","2","3993"
"2024-10-31","3","4180"
"2024-10-31","4","6269"
"2024-10-31","5","7095"
"2024-11-01","1","3139"
"2024-11-01","2","3993"
"2024-11-01","3","6269"
"2024-11-01","4","4180"
"2024-11-01","5","6619"
"2024-11-05","1","3139"
"2024-11-05","2","3993"
"2024-11-05","3","9090"
"2024-11-05","4","4180"
"2024-11-05","5","6269"
"2024-11-06","1","3139"
"2024-11-06","2","3993"
"2024-11-06","3","4180"
"2024-11-06","4","9090"
"2024-11-06","5","6619"
"2024-11-07","1","3139"
"2024-11-07","2","3993"
"2024-11-07","3","4180"
"2024-11-07","4","6269"
"2024-11-07","5","9090"
"2024-11-08","1","3139"
"2024-11-08","2","3993"
"2024-11-08","3","7095"
"2024-11-08","4","4180"
"2024-11-08","5","6269"
"2024-11-11","1","3139"
"2024-11-11","2","3993"
"2024-11-11","3","3660"
"2024-11-11","4","6269"
"2024-11-11","5","6871"
"2024-11-12","1","3139"
"2024-11-12","2","6871"
"2024-11-12","3","3993"
"2024-11-12","4","3660"
"2024-11-12","5","6269"
"2024-11-13","1","3139"
"2024-11-13","2","6871"
"2024-11-13","3","3993"
"2024-11-13","4","3660"
"2024-11-13","5","6407"
"2024-11-14","1","3139"
"2024-11-14","2","6871"
"2024-11-14","3","3993"
"2024-11-14","4","3660"
"2024-11-14","5","4180"
"2024-11-15","1","3139"
"2024-11-15","2","6871"
"2024-11-15","3","3660"
"2024-11-15","4","3993"
"2024-11-15","5","7059"
"2024-11-18","1","3139"
"2024-11-18","2","6871"
"2024-11-18","3","2148"
"2024-11-18","4","3660"
"2024-11-18","5","3993"
"2024-11-19","1","3139"
"2024-11-19","2","6871"
"2024-11-19","3","3993"
"2024-11-19","4","7059"
"2024-11-19","5","6619"
"2024-11-20","1","6871"
"2024-11-20","2","3139"
"2024-11-20","3","3993"
"2024-11-20","4","4008"
"2024-11-20","5","6619"
"2024-11-21","1","3139"
"2024-11-21","2","6871"
"2024-11-21","3","6619"
"2024-11-21","4","4008"
"2024-11-21","5","3993"
"2024-11-22","1","3139"
"2024-11-22","2","6871"
"2024-11-22","3","6619"
"2024-11-22","4","4344"
"2024-11-22","5","3660"
"2024-11-25","1","3139"
"2024-11-25","2","6871"
"2024-11-25","3","6619"
"2024-11-25","4","4344"
"2024-11-25","5","4008"
"2024-11-26","1","3139"
"2024-11-26","2","6871"
"2024-11-26","3","2148"
"2024-11-26","4","6619"
"2024-11-26","5","4344"
"2024-11-27","1","3139"
"2024-11-27","2","6871"
"2024-11-27","3","2148"
"2024-11-27","4","6619"
"2024-11-27","5","4344"
"2024-11-28","1","3139"
"2024-11-28","2","6871"
"2024-11-28","3","4784"
"2024-11-28","4","6619"
"2024-11-28","5","4008"
"2024-11-29","1","3139"
"2024-11-29","2","6871"
"2024-11-29","3","4784"
"2024-11-29","4","3660"
"2024-11-29","5","6619"
"2024-12-02","1","3139"
"2024-12-02","2","6871"
"2024-12-02","3","3660"
"2024-12-02","4","4784"
"2024-12-02","5","6619"
"2024-12-03","1","3139"
"2024-12-03","2","6871"
"2024-12-03","3","4784"
"2024-12-03","4","6619"
"2024-12-03","5","3660"
"2024-12-04","1","3139"
"2024-12-04","2","6871"
"2024-12-04","3","4784"
"2024-12-04","4","6619"
"2024-12-04","5","4344"
"2024-12-05","1","6871"
"2024-12-05","2","3139"
"2024-12-05","3","4784"
"2024-12-05","4","6619"
"2024-12-05","5","4344"
"2024-12-06","1","6871"
"2024-12-06","2","3139"
"2024-12-06","3","6619"
"2024-12-06","4","4344"
"2024-12-06","5","6407"
"2024-12-09","1","6871"
"2024-12-09","2","3139"
"2024-12-09","3","6619"
"2024-12-09","4","4344"
"2024-12-09","5","6407"
"2024-12-10","1","6871"
"2024-12-10","2","3139"
"2024-12-10","3","6619"
"2024-12-10","4","4344"
"2024-12-10","5","4784"
"2024-12-11","1","6871"
"2024-12-11","2","6619"
"2024-12-11","3","3139"
"2024-12-11","4","4344"
"2024-12-11","5","4784"
"2024-12-12","1","6619"
"2024-12-12","2","6871"
"2024-12-12","3","3139"
"2024-12-12","4","4344"
"2024-12-12","5","6407"
"2024-12-13","1","6619"
"2024-12-13","2","6871"
"2024-12-13","3","3139"
"2024-12-13","4","4344"
"2024-12-13","5","4784"
"2024-12-16","1","6619"
"2024-12-16","2","6871"
"2024-12-16","3","3139"
"2024-12-16","4","4344"
"2024-12-16","5","6920"
"2024-12-17","1","6619"
"2024-12-17","2","6871"
"2024-12-17","3","3139"
"2024-12-17","4","4344"
"2024-12-17","5","6407"
"2024-12-18","1","6619"
"2024-12-18","2","6871"
"2024-12-18","3","3139"
"2024-12-18","4","4344"
"2024-12-18","5","4784"
"2024-12-19","1","6619"
"2024-12-19","2","6871"
"2024-12-19","3","3139"
"2024-12-19","4","4344"
"2024-12-19","5","6740"
"2024-12-20","1","3992"
"2024-12-20","2","6619"
"2024-12-20","3","3139"
"2024-12-20","4","6871"
"2024-12-20","5","4344"
"2024-12-23","1","3992"
"2024-12-23","2","6619"
"2024-12-23","3","3139"
"2024-12-23","4","3741"
"2024-12-23","5","4344"
"2024-12-24","1","3992"
"2024-12-24","2","3139"
"2024-12-24","3","3741"
"2024-12-24","4","6619"
"2024-12-24","5","4344"
"2024-12-25","1","3992"
"2024-12-25","2","3741"
"2024-12-25","3","3139"
"2024-12-25","4","6619"
"2024-12-25","5","6871"
"2024-12-26","1","3992"
"2024-12-26","2","3139"
"2024-12-26","3","3741"
"2024-12-26","4","4784"
"2024-12-26","5","6740"
"2024-12-27","1","3992"
"2024-12-27","2","3139"
"2024-12-27","3","4784"
"2024-12-27","4","3741"
"2024-12-27","5","6619"
"2024-12-30","1","3992"
"2024-12-30","2","3139"
"2024-12-30","3","4784"
"2024-12-30","4","3741"
"2024-12-30","5","6871"
"2025-01-06","1","4784"
"2025-01-06","2","3992"
"2025-01-06","3","3741"
"2025-01-06","4","3139"
"2025-01-06","5","6740"
"2025-01-07","1","4784"
"2025-01-07","2","3992"
"2025-01-07","3","3139"
"2025-01-07","4","3741"
"2025-01-07","5","6740"
"2025-01-08","1","3992"
"2025-01-08","2","4784"
"2025-01-08","3","3139"
"2025-01-08","4","6740"
"2025-01-08","5","3741"
"2025-01-09","1","6740"
"2025-01-09","2","3992"
"2025-01-09","3","4784"
"2025-01-09","4","3139"
"2025-01-09","5","3741"
"2025-01-10","1","3992"
"2025-01-10","2","4784"
"2025-01-10","3","6740"
"2025-01-10","4","3139"
"2025-01-10","5","3741"
"2025-01-14","1","3992"
"2025-01-14","2","4784"
"2025-01-14","3","3139"
"2025-01-14","4","6740"
"2025-01-14","5","3741"
"2025-01-15","1","3992"
"2025-01-15","2","6740"
"2025-01-15","3","3139"
"2025-01-15","4","4784"
"2025-01-15","5","6871"
"2025-01-16","1","3992"
"2025-01-16","2","6740"
"2025-01-16","3","3139"
"2025-01-16","4","4784"
"2025-01-16","5","6871"
"2025-01-17","1","6740"
"2025-01-17","2","3992"
"2025-01-17","3","3139"
"2025-01-17","4","6407"
"2025-01-17","5","6871"
"2025-01-20","1","6740"
"2025-01-20","2","3992"
"2025-01-20","3","3139"
"2025-01-20","4","6407"
"2025-01-20","5","4784"
"2025-01-21","1","6740"
"2025-01-21","2","3992"
"2025-01-21","3","3139"
"2025-01-21","4","4784"
"2025-01-21","5","3741"
"2025-01-22","1","6740"
"2025-01-22","2","3992"
"2025-01-22","3","3139"
"2025-01-22","4","6871"
"2025-01-22","5","6407"
"2025-01-23","1","6740"
"2025-01-23","2","3992"
"2025-01-23","3","3139"
"2025-01-23","4","6871"
"2025-01-23","5","3778"
"2025-01-24","1","6740"
"2025-01-24","2","3992"
"2025-01-24","3","3139"
"2025-01-24","4","6407"
"2025-01-24","5","6920"
"2025-01-27","1","6740"
"2025-01-27","2","3992"
"2025-01-27","3","3139"
"2025-01-27","4","6407"
"2025-01-27","5","6871"
"2025-01-28","1","6740"
"2025-01-28","2","3992"
"2025-01-28","3","3139"
"2025-01-28","4","6407"
"2025-01-28","5","6871"
"2025-01-29","1","6740"
"2025-01-29","2","3992"
"2025-01-29","3","3139"
"2025-01-29","4","6871"
"2025-01-29","5","6407"
"2025-01-30","1","6740"
"2025-01-30","2","3992"
"2025-01-30","3","3139"
"2025-01-30","4","6871"
"2025-01-30","5","6407"
"2025-01-31","1","3992"
"2025-01-31","2","6740"
"2025-01-31","3","3139"
"2025-01-31","4","6871"
"2025-01-31","5","4784"
"2025-02-03","1","3992"
"2025-02-03","2","6740"
"2025-02-03","3","3139"
"2025-02-03","4","6871"
"2025-02-03","5","6407"
"2025-02-04","1","3992"
"2025-02-04","2","6740"
"2025-02-04","3","3139"
"2025-02-04","4","6407"
"2025-02-04","5","6871"
"2025-02-05","1","3992"
"2025-02-05","2","6740"
"2025-02-05","3","3139"
"2025-02-05","4","6871"
"2025-02-05","5","6407"
"2025-02-06","1","6740"
"2025-02-06","2","3992"
"2025-02-06","3","3139"
"2025-02-06","4","6407"
"2025-02-06","5","6871"
"2025-02-07","1","6740"
"2025-02-07","2","3992"
"2025-02-07","3","3139"
"2025-02-07","4","6407"
"2025-02-07","5","6871"
"2025-02-10","1","6740"
"2025-02-10","2","3992"
"2025-02-10","3","3139"
"2025-02-10","4","7172"
"2025-02-10","5","6871"
"2025-02-12","1","6740"
"2025-02-12","2","3992"
"2025-02-12","3","3139"
"2025-02-12","4","7172"
"2025-02-12","5","6871"
"2025-02-13","1","6740"
"2025-02-13","2","3992"
"2025-02-13","3","3139"
"2025-02-13","4","4784"
"2025-02-13","5","7172"
"2025-02-14","1","6740"
"2025-02-14","2","4784"
"2025-02-14","3","3992"
"2025-02-14","4","3139"
"2025-02-14","5","7172"
"2025-02-17","1","6740"
"2025-02-17","2","3992"
"2025-02-17","3","4784"
"2025-02-17","4","3139"
"2025-02-17","5","7172"
"2025-02-18","1","6740"
"2025-02-18","2","3992"
"2025-02-18","3","4784"
"2025-02-18","4","3139"
"2025-02-18","5","7172"
"2025-02-19","1","4784"
"2025-02-19","2","6740"
"2025-02-19","3","3992"
"2025-02-19","4","3139"
"2025-02-19","5","7172"
"2025-02-20","1","4784"
"2025-02-20","2","6740"
"2025-02-20","3","3992"
"2025-02-20","4","3139"
"2025-02-20","5","7172"
"2025-02-21","1","4784"
"2025-02-21","2","6740"
"2025-02-21","3","3992"
"2025-02-21","4","3139"
"2025-02-21","5","7172"
"2025-02-25","1","6740"
"2025-02-25","2","4784"
"2025-02-25","3","3992"
"2025-02-25","4","3139"
"2025-02-25","5","7172"
"2025-02-26","1","6740"
"2025-02-26","2","4784"
"2025-02-26","3","3992"
"2025-02-26","4","3139"
"2025-02-26","5","7172"
"2025-02-27","1","6740"
"2025-02-27","2","3992"
"2025-02-27","3","4784"
"2025-02-27","4","3139"
"2025-02-27","5","7172"
"2025-02-28","1","6740"
"2025-02-28","2","3992"
"2025-02-28","3","3139"
"2025-02-28","4","4784"
"2025-02-28","5","3694"
"2025-03-03","1","6740"
"2025-03-03","2","3992"
"2025-03-03","3","4784"
"2025-03-03","4","3139"
"2025-03-03","5","7172"
"2025-03-04","1","6740"
"2025-03-04","2","4784"
"2025-03-04","3","3992"
"2025-03-04","4","3139"
"2025-03-04","5","7172"
"2025-03-05","1","6740"
"2025-03-05","2","4784"
"2025-03-05","3","3992"
"2025-03-05","4","3139"
"2025-03-05","5","3694"
"2025-03-06","1","6740"
"2025-03-06","2","4784"
"2025-03-06","3","3992"
"2025-03-06","4","3694"
"2025-03-06","5","7172"
"2025-03-07","1","6740"
"2025-03-07","2","4784"
"2025-03-07","3","3992"
"2025-03-07","4","3694"
"2025-03-07","5","7172"
"2025-03-10","1","6740"
"2025-03-10","2","4784"
"2025-03-10","3","3992"
"2025-03-10","4","3694"
"2025-03-10","5","7172"
"2025-03-11","1","6740"
"2025-03-11","2","4784"
"2025-03-11","3","3992"
"2025-03-11","4","3694"
"2025-03-11","5","7172"
"2025-03-12","1","6740"
"2025-03-12","2","4784"
"2025-03-12","3","3694"
"2025-03-12","4","3992"
"2025-03-12","5","7172"
"2025-03-13","1","6740"
"2025-03-13","2","4784"
"2025-03-13","3","3694"
"2025-03-13","4","3778"
"2025-03-13","5","7172"
"2025-03-14","1","6740"
"2025-03-14","2","4784"
"2025-03-14","3","3778"
"2025-03-14","4","7172"
"2025-03-14","5","3694"
"2025-03-17","1","6740"
"2025-03-17","2","4784"
"2025-03-17","3","3778"
"2025-03-17","4","7172"
"2025-03-17","5","3694"
"2025-03-18","1","6740"
"2025-03-18","2","4784"
"2025-03-18","3","7172"
"2025-03-18","4","3694"
"2025-03-18","5","3993"
"2025-03-19","1","6740"
"2025-03-19","2","4784"
"2025-03-19","3","7172"
"2025-03-19","4","3993"
"2025-03-19","5","3778"
"2025-03-21","1","6740"
"2025-03-21","2","4784"
"2025-03-21","3","3778"
"2025-03-21","4","3993"
"2025-03-21","5","7172"
"2025-03-24","1","6740"
"2025-03-24","2","4784"
"2025-03-24","3","3778"
"2025-03-24","4","7172"
"2025-03-24","5","3993"
"2025-03-25","1","6740"
"2025-03-25","2","4784"
"2025-03-25","3","3778"
"2025-03-25","4","3993"
"2025-03-25","5","6871"
"2025-03-26","1","6740"
"2025-03-26","2","3778"
"2025-03-26","3","4784"
"2025-03-26","4","6871"
"2025-03-26","5","3993"
"2025-03-27","1","6740"
"2025-03-27","2","3778"
"2025-03-27","3","7438"
"2025-03-27","4","4784"
"2025-03-27","5","3993"
"2025-03-28","1","6740"
"2025-03-28","2","4784"
"2025-03-28","3","7438"
"2025-03-28","4","3778"
"2025-03-28","5","3993"
"2025-03-31","1","6740"
"2025-03-31","2","7438"
"2025-03-31","3","4784"
"2025-03-31","4","7172"
"2025-03-31","5","3993"
"2025-04-01","1","6740"
"2025-04-01","2","7438"
"2025-04-01","3","4784"
"2025-04-01","4","7172"
"2025-04-01","5","6871"
"2025-04-02","1","6740"
"2025-04-02","2","7438"
"2025-04-02","3","4784"
"2025-04-02","4","3993"
"2025-04-02","5","7172"
"2025-04-03","1","6740"
"2025-04-03","2","7438"
"2025-04-03","3","3993"
"2025-04-03","4","4784"
"2025-04-03","5","7172"
"2025-04-04","1","6740"
"2025-04-04","2","7438"
"2025-04-04","3","3993"
"2025-04-04","4","4784"
"2025-04-04","5","7172"
"2025-04-07","1","6740"
"2025-04-07","2","7438"
"2025-04-07","3","3993"
"2025-04-07","4","6871"
"2025-04-07","5","8137"
"2025-04-08","1","6740"
"2025-04-08","2","7438"
"2025-04-08","3","3993"
"2025-04-08","4","6958"
"2025-04-08","5","6871"
"2025-04-09","1","6740"
"2025-04-09","2","7438"
"2025-04-09","3","3993"
"2025-04-09","4","6958"
"2025-04-09","5","8137"
"2025-04-10","1","6740"
"2025-04-10","2","7438"
"2025-04-10","3","6958"
"2025-04-10","4","3993"
"2025-04-10","5","7172"
"2025-04-11","1","6740"
"2025-04-11","2","7438"
"2025-04-11","3","6958"
"2025-04-11","4","3993"
"2025-04-11","5","7172"
"2025-04-14","1","6740"
"2025-04-14","2","7438"
"2025-04-14","3","3993"
"2025-04-14","4","6958"
"2025-04-14","5","7172"
"2025-04-15","1","6740"
"2025-04-15","2","7438"
"2025-04-15","3","3139"
"2025-04-15","4","3993"
"2025-04-15","5","7172"
"2025-04-16","1","6740"
"2025-04-16","2","7438"
"2025-04-16","3","3139"
"2025-04-16","4","3993"
"2025-04-16","5","7172"
"2025-04-17","1","6740"
"2025-04-17","2","7438"
"2025-04-17","3","3139"
"2025-04-17","4","7172"
"2025-04-17","5","3993"
"2025-04-18","1","6740"
"2025-04-18","2","7438"
"2025-04-18","3","3139"
"2025-04-18","4","7172"
"2025-04-18","5","6958"
"2025-04-21","1","6740"
"2025-04-21","2","7438"
"2025-04-21","3","3139"
"2025-04-21","4","7172"
"2025-04-21","5","6958"
"2025-04-22","1","6740"
"2025-04-22","2","3139"
"2025-04-22","3","6958"
"2025-04-22","4","7172"
"2025-04-22","5","3993"
"2025-04-23","1","6740"
"2025-04-23","2","7172"
"2025-04-23","3","3139"
"2025-04-23","4","6958"
"2025-04-23","5","3993"
"2025-04-24","1","6740"
"2025-04-24","2","4784"
"2025-04-24","3","7172"
"2025-04-24","4","3993"
"2025-04-24","5","3139"
"2025-04-25","1","6740"
"2025-04-25","2","4784"
"2025-04-25","3","6958"
"2025-04-25","4","3993"
"2025-04-25","5","7172"
"2025-04-28","1","6740"
"2025-04-28","2","3993"
"2025-04-28","3","7172"
"2025-04-28","4","6958"
"2025-04-28","5","4784"
"2025-04-30","1","6740"
"2025-04-30","2","3993"
"2025-04-30","3","7172"
"2025-04-30","4","6958"
"2025-04-30","5","3139"
"2025-05-01","1","6740"
"2025-05-01","2","3993"
"2025-05-01","3","3139"
"2025-05-01","4","6958"
"2025-05-01","5","7172"
"2025-05-02","1","6740"
"2025-05-02","2","3993"
"2025-05-02","3","3139"
"2025-05-02","4","6958"
"2025-05-02","5","4784"
"2025-05-07","1","6740"
"2025-05-07","2","3139"
"2025-05-07","3","3993"
"2025-05-07","4","4784"
"2025-05-07","5","6958"
"2025-05-08","1","6740"
"2025-05-08","2","3139"
"2025-05-08","3","3993"
"2025-05-08","4","6958"
"2025-05-08","5","4784"
"2025-05-09","1","6740"
"2025-05-09","2","3139"
"2025-05-09","3","3993"
"2025-05-09","4","6958"
"2025-05-09","5","7172"
"2025-05-12","1","6740"
"2025-05-12","2","3139"
"2025-05-12","3","6958"
"2025-05-12","4","7172"
"2025-05-12","5","3993"
"2025-05-13","1","6740"
"2025-05-13","2","3139"
"2025-05-13","3","6958"
"2025-05-13","4","3993"
"2025-05-13","5","9247"
"2025-05-14","1","6740"
"2025-05-14","2","3993"
"2025-05-14","3","3139"
"2025-05-14","4","4674"
"2025-05-14","5","6958"
"2025-05-15","1","6740"
"2025-05-15","2","4674"
"2025-05-15","3","3993"
"2025-05-15","4","3139"
"2025-05-15","5","6958"
"2025-05-16","1","6740"
"2025-05-16","2","4674"
"2025-05-16","3","3993"
"2025-05-16","4","3139"
"2025-05-16","5","6958"
"2025-05-19","1","6740"
"2025-05-19","2","4674"
"2025-05-19","3","3993"
"2025-05-19","4","3139"
"2025-05-19","5","6958"
"2025-05-20","1","6740"
"2025-05-20","2","4674"
"2025-05-20","3","3993"
"2025-05-20","4","3139"
"2025-05-20","5","6958"
"2025-05-21","1","6740"
"2025-05-21","2","3993"
"2025-05-21","3","4674"
"2025-05-21","4","6958"
"2025-05-21","5","3139"
"2025-05-22","1","6740"
"2025-05-22","2","6958"
"2025-05-22","3","3139"
"2025-05-22","4","4674"
"2025-05-22","5","4368"
"2025-05-23","1","6740"
"2025-05-23","2","6958"
"2025-05-23","3","3139"
"2025-05-23","4","1663"
"2025-05-23","5","4368"
"2025-05-26","1","6740"
"2025-05-26","2","6958"
"2025-05-26","3","3139"
"2025-05-26","4","1663"
"2025-05-26","5","4368"
"2025-05-27","1","6740"
"2025-05-27","2","6381"
"2025-05-27","3","6958"
"2025-05-27","4","3139"
"2025-05-27","5","1663"
"2025-05-28","1","6740"
"2025-05-28","2","6381"
"2025-05-28","3","6958"
"2025-05-28","4","1663"
"2025-05-28","5","3139"
"2025-05-29","1","6740"
"2025-05-29","2","6381"
"2025-05-29","3","6958"
"2025-05-29","4","3139"
"2025-05-29","5","1663"
"2025-05-30","1","6740"
"2025-05-30","2","6381"
"2025-05-30","3","6958"
"2025-05-30","4","3139"
"2025-05-30","5","4368"
"2025-06-02","1","6740"
"2025-06-02","2","6381"
"2025-06-02","3","6958"
"2025-06-02","4","3139"
"2025-06-02","5","1663"
"2025-06-03","1","6740"
"2025-06-03","2","6381"
"2025-06-03","3","6958"
"2025-06-03","4","4784"
"2025-06-03","5","6264"
"2025-06-04","1","6740"
"2025-06-04","2","6381"
"2025-06-04","3","6958"
"2025-06-04","4","1663"
"2025-06-04","5","6264"
"2025-06-05","1","6740"
"2025-06-05","2","6381"
"2025-06-05","3","6958"
"2025-06-05","4","6264"
"2025-06-05","5","1663"
"2025-06-06","1","6740"
"2025-06-06","2","6381"
"2025-06-06","3","6958"
"2025-06-06","4","6264"
"2025-06-06","5","4784"
"2025-06-09","1","6740"
"2025-06-09","2","6381"
"2025-06-09","3","6958"
"2025-06-09","4","6264"
"2025-06-09","5","1663"
"2025-06-10","1","6740"
"2025-06-10","2","6381"
"2025-06-10","3","6958"
"2025-06-10","4","6264"
"2025-06-10","5","5989"
"2025-06-11","1","6740"
"2025-06-11","2","6381"
"2025-06-11","3","6958"
"2025-06-11","4","6264"
"2025-06-11","5","3694"
"2025-06-12","1","6740"
"2025-06-12","2","6381"
"2025-06-12","3","6958"
"2025-06-12","4","6264"
"2025-06-12","5","3694"
"2025-06-13","1","6740"
"2025-06-13","2","6381"
"2025-06-13","3","6958"
"2025-06-13","4","6264"
"2025-06-13","5","3694"
"2025-06-16","1","6740"
"2025-06-16","2","6381"
"2025-06-16","3","6958"
"2025-06-16","4","6264"
"2025-06-16","5","3139"
"2025-06-17","1","6740"
"2025-06-17","2","6381"
"2025-06-17","3","6958"
"2025-06-17","4","6264"
"2025-06-17","5","4784"
"2025-06-18","1","6740"
"2025-06-18","2","6381"
"2025-06-18","3","6958"
"2025-06-18","4","4784"
"2025-06-18","5","6264"
"2025-06-19","1","6740"
"2025-06-19","2","6381"
"2025-06-19","3","6958"
"2025-06-19","4","1663"
"2025-06-19","5","4784"
"2025-06-20","1","6740"
"2025-06-20","2","6381"
"2025-06-20","3","6958"
"2025-06-20","4","4784"
"2025-06-20","5","1663"
"2025-06-23","1","6740"
"2025-06-23","2","6381"
"2025-06-23","3","6958"
"2025-06-23","4","6264"
"2025-06-23","5","4784"
"2025-06-24","1","6740"
"2025-06-24","2","6381"
"2025-06-24","3","6958"
"2025-06-24","4","6264"
"2025-06-24","5","1663"
"2025-06-25","1","6740"
"2025-06-25","2","6381"
"2025-06-25","3","6264"
"2025-06-25","4","6958"
"2025-06-25","5","4784"
"2025-06-26","1","6740"
"2025-06-26","2","6381"
"2025-06-26","3","4784"
"2025-06-26","4","6958"
"2025-06-26","5","6264"
"2025-06-27","1","6740"
"2025-06-27","2","6381"
"2025-06-27","3","4784"
"2025-06-27","4","6958"
"2025-06-27","5","6264"
"2025-06-30","1","6740"
"2025-06-30","2","4784"
"2025-06-30","3","6381"
"2025-06-30","4","6264"
"2025-06-30","5","6958"
"2025-07-01","1","6740"
"2025-07-01","2","4784"
"2025-07-01","3","6381"
"2025-07-01","4","6958"
"2025-07-01","5","6264"
"2025-07-02","1","6740"
"2025-07-02","2","4784"
"2025-07-02","3","6381"
"2025-07-02","4","6958"
"2025-07-02","5","3694"
"2025-07-03","1","6740"
"2025-07-03","2","4784"
"2025-07-03","3","6958"
"2025-07-03","4","6381"
"2025-07-03","5","6264"
"2025-07-04","1","6740"
"2025-07-04","2","4784"
"2025-07-04","3","6958"
"2025-07-04","4","6264"
"2025-07-04","5","6381"
"2025-07-07","1","6740"
"2025-07-07","2","6958"
"2025-07-07","3","6264"
"2025-07-07","4","6381"
"2025-07-07","5","1663"
"2025-07-08","1","6740"
"2025-07-08","2","4506"
"2025-07-08","3","6958"
"2025-07-08","4","6381"
"2025-07-08","5","6264"
"2025-07-09","1","6740"
"2025-07-09","2","6381"
"2025-07-09","3","6958"
"2025-07-09","4","4506"
"2025-07-09","5","3694"
"2025-07-10","1","6740"
"2025-07-10","2","6958"
"2025-07-10","3","6381"
"2025-07-10","4","4506"
"2025-07-10","5","1663"
"2025-07-11","1","6740"
"2025-07-11","2","6958"
"2025-07-11","3","6381"
"2025-07-11","4","4506"
"2025-07-11","5","1663"
"2025-07-14","1","6740"
"2025-07-14","2","6958"
"2025-07-14","3","4506"
"2025-07-14","4","6381"
"2025-07-14","5","1663"
"2025-07-15","1","6740"
"2025-07-15","2","1938"
"2025-07-15","3","4506"
"2025-07-15","4","6958"
"2025-07-15","5","6381"
"2025-07-16","1","6740"
"2025-07-16","2","1938"
"2025-07-16","3","6958"
"2025-07-16","4","4506"
"2025-07-16","5","6381"
"2025-07-17","1","6740"
"2025-07-17","2","6958"
"2025-07-17","3","6381"
"2025-07-17","4","1663"
"2025-07-17","5","4506"
"2025-07-18","1","6740"
"2025-07-18","2","6958"
"2025-07-18","3","1663"
"2025-07-18","4","4506"
"2025-07-18","5","6381"
"2025-07-22","1","6740"
"2025-07-22","2","6958"
"2025-07-22","3","1663"
"2025-07-22","4","4506"
"2025-07-22","5","6381"
"2025-07-23","1","6740"
"2025-07-23","2","1938"
"2025-07-23","3","6958"
"2025-07-23","4","4506"
"2025-07-23","5","1663"
"2025-07-24","1","6740"
"2025-07-24","2","1938"
"2025-07-24","3","6958"
"2025-07-24","4","4506"
"2025-07-24","5","1663"
"2025-07-25","1","1938"
"2025-07-25","2","6740"
"2025-07-25","3","6958"
"2025-07-25","4","4506"
"2025-07-25","5","1663"
"2025-07-28","1","1938"
"2025-07-28","2","6740"
"2025-07-28","3","6958"
"2025-07-28","4","4506"
"2025-07-28","5","2585"
"2025-07-29","1","1938"
"2025-07-29","2","6740"
"2025-07-29","3","6958"
"2025-07-29","4","4506"
"2025-07-29","5","2585"
"2025-07-30","1","1938"
"2025-07-30","2","6740"
"2025-07-30","3","4506"
"2025-07-30","4","6958"
"2025-07-30","5","2585"
"2025-07-31","1","1938"
"2025-07-31","2","6740"
"2025-07-31","3","2585"
"2025-07-31","4","4506"
"2025-07-31","5","6958"
"2025-08-01","1","1938"
"2025-08-01","2","6740"
"2025-08-01","3","4506"
"2025-08-01","4","2585"
"2025-08-01","5","6958"
"2025-08-04","1","1938"
"2025-08-04","2","6740"
"2025-08-04","3","4506"
"2025-08-04","4","2585"
"2025-08-04","5","6958"
"2025-08-05","1","1938"
"2025-08-05","2","6740"
"2025-08-05","3","2585"
"2025-08-05","4","4506"
"2025-08-05","5","6958"
"2025-08-06","1","6740"
"2025-08-06","2","1938"
"2025-08-06","3","4506"
"2025-08-06","4","2585"
"2025-08-06","5","6958"
"2025-08-07","1","6740"
"2025-08-07","2","1938"
"2025-08-07","3","2585"
"2025-08-07","4","4506"
"2025-08-07","5","6622"
"2025-08-08","1","6740"
"2025-08-08","2","1938"
"2025-08-08","3","2585"
"2025-08-08","4","4506"
"2025-08-08","5","6622"
"2025-08-12","1","6740"
"2025-08-12","2","1938"
"2025-08-12","3","2585"
"2025-08-12","4","6620"
"2025-08-12","5","6622"
"2025-08-13","1","6740"
"2025-08-13","2","1938"
"2025-08-13","3","6620"
"2025-08-13","4","2585"
"2025-08-13","5","6622"
"2025-08-14","1","6740"
"2025-08-14","2","1938"
"2025-08-14","3","6620"
"2025-08-14","4","6381"
"2025-08-14","5","4506"
"2025-08-15","1","6740"
"2025-08-15","2","1938"
"2025-08-15","3","6620"
"2025-08-15","4","2585"
"2025-08-15","5","6381"
"2025-08-18","1","6740"
"2025-08-18","2","1938"
"2025-08-18","3","6620"
"2025-08-18","4","6381"
"2025-08-18","5","2585"
"2025-08-19","1","6740"
"2025-08-19","2","1938"
"2025-08-19","3","6620"
"2025-08-19","4","6381"
"2025-08-19","5","5889"
"2025-08-20","1","6740"
"2025-08-20","2","1938"
"2025-08-20","3","6620"
"2025-08-20","4","6381"
"2025-08-20","5","4506"
"2025-08-21","1","6740"
"2025-08-21","2","1938"
"2025-08-21","3","6620"
"2025-08-21","4","6381"
"2025-08-21","5","5889"
"2025-08-22","1","6740"
"2025-08-22","2","1938"
"2025-08-22","3","6620"
"2025-08-22","4","6381"
"2025-08-22","5","2585"
"2025-08-25","1","6740"
"2025-08-25","2","6620"
"2025-08-25","3","6381"
"2025-08-25","4","2585"
"2025-08-25","5","5889"
"2025-08-26","1","6740"
"2025-08-26","2","6620"
"2025-08-26","3","6381"
"2025-08-26","4","2585"
"2025-08-26","5","4506"
"2025-08-27","1","6740"
"2025-08-27","2","6620"
"2025-08-27","3","6381"
"2025-08-27","4","2585"
"2025-08-27","5","4506"
"2025-08-28","1","6740"
"2025-08-28","2","6620"
"2025-08-28","3","6381"
"2025-08-28","4","4506"
"2025-08-28","5","2585"
"2025-08-29","1","6740"
"2025-08-29","2","6620"
"2025-08-29","3","6381"
"2025-08-29","4","5889"
"2025-08-29","5","4506"
"2025-09-01","1","6740"
"2025-09-01","2","6620"
"2025-09-01","3","6381"
"2025-09-01","4","2585"
"2025-09-01","5","5889"
"2025-09-02","1","6740"
"2025-09-02","2","6620"
"2025-09-02","3","6381"
"2025-09-02","4","5889"
"2025-09-02","5","4506"
"2025-09-03","1","6740"
"2025-09-03","2","6620"
"2025-09-03","3","5889"
"2025-09-03","4","3853"
"2025-09-03","5","6381"
"2025-09-04","1","6740"
"2025-09-04","2","6620"
"2025-09-04","3","5889"
"2025-09-04","4","3853"
"2025-09-04","5","6381"
"2025-09-05","1","6740"
"2025-09-05","2","6620"
"2025-09-05","3","5889"
"2025-09-05","4","6381"
"2025-09-05","5","4506"
"2025-09-08","1","6740"
"2025-09-08","2","6620"
"2025-09-08","3","5889"
"2025-09-08","4","6381"
"2025-09-08","5","4506"
"2025-09-09","1","6740"
"2025-09-09","2","6620"
"2025-09-09","3","5889"
"2025-09-09","4","6381"
"2025-09-09","5","2585"
"2025-09-10","1","6740"
"2025-09-10","2","6620"
"2025-09-10","3","2585"
"2025-09-10","4","5889"
"2025-09-10","5","6381"
"2025-09-11","1","6740"
"2025-09-11","2","6620"
"2025-09-11","3","5889"
"2025-09-11","4","2585"
"2025-09-11","5","6381"
"2025-09-12","1","6740"
"2025-09-12","2","6620"
"2025-09-12","3","3853"
"2025-09-12","4","2585"
"2025-09-12","5","6381"
"2025-09-16","1","6740"
"2025-09-16","2","6620"
"2025-09-16","3","2585"
"2025-09-16","4","3853"
"2025-09-16","5","5269"
"2025-09-17","1","6740"
"2025-09-17","2","3853"
"2025-09-17","3","6620"
"2025-09-17","4","5269"
"2025-09-17","5","4506"
"2025-09-18","1","6740"
"2025-09-18","2","3853"
"2025-09-18","3","6620"
"2025-09-18","4","5269"
"2025-09-18","5","4506"
"2025-09-19","1","6740"
"2025-09-19","2","5269"
"2025-09-19","3","2585"
"2025-09-19","4","3853"
"2025-09-19","5","6620"
"2025-09-22","1","6740"
"2025-09-22","2","5269"
"2025-09-22","3","3853"
"2025-09-22","4","2585"
"2025-09-22","5","4506"
"2025-09-24","1","6740"
"2025-09-24","2","5269"
"2025-09-24","3","2585"
"2025-09-24","4","4506"
"2025-09-24","5","2325"
"2025-09-25","1","6740"
"2025-09-25","2","5269"
"2025-09-25","3","4506"
"2025-09-25","4","2325"
"2025-09-25","5","2585"
"2025-09-26","1","6740"
"2025-09-26","2","5269"
"2025-09-26","3","4506"
"2025-09-26","4","2325"
"2025-09-26","5","2585"
"2025-09-29","1","6740"
"2025-09-29","2","5269"
"2025-09-29","3","4506"
"2025-09-29","4","2585"
"2025-09-29","5","2325"
"2025-09-30","1","6740"
"2025-09-30","2","5269"
"2025-09-30","3","4506"
"2025-09-30","4","2585"
"2025-09-30","5","2325"
"2025-10-01","1","6740"
"2025-10-01","2","5269"
"2025-10-01","3","4506"
"2025-10-01","4","2325"
"2025-10-01","5","4784"
"2025-10-02","1","6740"
"2025-10-02","2","5269"
"2025-10-02","3","3853"
"2025-10-02","4","4506"
"2025-10-02","5","5262"
"2025-10-03","1","6740"
"2025-10-03","2","5269"
"2025-10-03","3","3853"
"2025-10-03","4","4506"
"2025-10-03","5","212A"
"2025-10-06","1","6740"
"2025-10-06","2","5269"
"2025-10-06","3","4506"
"2025-10-06","4","5262"
"2025-10-06","5","3853"
"2025-10-07","1","6740"
"2025-10-07","2","5269"
"2025-10-07","3","3853"
"2025-10-07","4","5262"
"2025-10-07","5","4506"
"2025-10-08","1","6740"
"2025-10-08","2","3853"
"2025-10-08","3","5269"
"2025-10-08","4","5262"
"2025-10-08","5","4506"
"2025-10-09","1","6740"
"2025-10-09","2","5269"
"2025-10-09","3","3853"
"2025-10-09","4","5262"
"2025-10-09","5","4506"
"2025-10-10","1","6740"
"2025-10-10","2","5269"
"2025-10-10","3","3853"
"2025-10-10","4","5262"
"2025-10-10","5","4506"
"2025-10-14","1","6740"
"2025-10-14","2","4506"
"2025-10-14","3","5269"
"2025-10-14","4","3853"
"2025-10-14","5","5262"
"2025-10-15","1","6740"
"2025-10-15","2","4506"
"2025-10-15","3","5269"
"2025-10-15","4","5262"
"2025-10-15","5","3853"
"2025-10-16","1","6740"
"2025-10-16","2","4506"
"2025-10-16","3","5269"
"2025-10-16","4","5262"
"2025-10-16","5","3853"
"2025-10-17","1","6740"
"2025-10-17","2","4506"
"2025-10-17","3","5262"
"2025-10-17","4","3853"
"2025-10-17","5","4390"
"2025-10-20","1","6740"
"2025-10-20","2","4506"
"2025-10-20","3","3853"
"2025-10-20","4","5262"
"2025-10-20","5","2413"
"2025-10-21","1","6740"
"2025-10-21","2","4506"
"2025-10-21","3","3853"
"2025-10-21","4","5262"
"2025-10-21","5","4390"
"2025-10-22","1","6740"
"2025-10-22","2","4506"
"2025-10-22","3","5262"
"2025-10-22","4","4390"
"2025-10-22","5","3853"
"2025-10-23","1","6740"
"2025-10-23","2","4506"
"2025-10-23","3","5262"
"2025-10-23","4","3853"
"2025-10-23","5","4390"
"2025-10-24","1","6740"
"2025-10-24","2","4506"
"2025-10-24","3","5262"
"2025-10-24","4","4390"
"2025-10-24","5","3853"
"2025-10-27","1","6740"
"2025-10-27","2","4506"
"2025-10-27","3","4390"
"2025-10-27","4","5262"
"2025-10-27","5","4082"
"2025-10-28","1","6740"
"2025-10-28","2","4506"
"2025-10-28","3","4390"
"2025-10-28","4","5262"
"2025-10-28","5","4082"
"2025-10-29","1","6740"
"2025-10-29","2","4506"
"2025-10-29","3","4390"
"2025-10-29","4","5262"
"2025-10-29","5","4082"
"2025-10-30","1","6740"
"2025-10-30","2","4506"
"2025-10-30","3","4390"
"2025-10-30","4","5262"
"2025-10-30","5","2325"
"2025-10-31","1","6740"
"2025-10-31","2","4506"
"2025-10-31","3","4390"
"2025-10-31","4","5262"
"2025-10-31","5","2325"
"2025-11-04","1","6740"
"2025-11-04","2","4506"
"2025-11-04","3","4390"
"2025-11-04","4","4784"
"2025-11-04","5","2325"
"2025-11-05","1","6740"
"2025-11-05","2","4506"
"2025-11-05","3","4390"
"2025-11-05","4","4784"
"2025-11-05","5","2325"
"2025-11-06","1","6740"
"2025-11-06","2","4506"
"2025-11-06","3","4390"
"2025-11-06","4","4784"
"2025-11-06","5","2325"
"2025-11-07","1","6740"
"2025-11-07","2","4506"
"2025-11-07","3","4390"
"2025-11-07","4","4784"
"2025-11-07","5","2325"
"2025-11-10","1","6740"
"2025-11-10","2","4506"
"2025-11-10","3","4390"
"2025-11-10","4","4784"
"2025-11-10","5","2325"
"2025-11-11","1","6740"
"2025-11-11","2","4506"
"2025-11-11","3","4390"
"2025-11-11","4","2413"
"2025-11-11","5","4784"
"2025-11-12","1","6740"
"2025-11-12","2","4506"
"2025-11-12","3","4390"
"2025-11-12","4","2413"
"2025-11-12","5","5262"
"2025-11-13","1","6740"
"2025-11-13","2","4506"
"2025-11-13","3","2413"
"2025-11-13","4","4390"
"2025-11-13","5","5262"
"2025-11-14","1","6740"
"2025-11-14","2","4506"
"2025-11-14","3","2413"
"2025-11-14","4","4784"
"2025-11-14","5","4390"
"2025-11-17","1","6740"
"2025-11-17","2","4506"
"2025-11-17","3","2413"
"2025-11-17","4","4784"
"2025-11-17","5","2325"
"2025-11-18","1","6740"
"2025-11-18","2","4506"
"2025-11-18","3","2413"
"2025-11-18","4","4784"
"2025-11-18","5","4390"
"2025-11-19","1","6740"
"2025-11-19","2","4506"
"2025-11-19","3","2413"
"2025-11-19","4","4784"
"2025-11-19","5","2325"
"2025-11-20","1","6740"
"2025-11-20","2","4506"
"2025-11-20","3","2413"
"2025-11-20","4","4784"
"2025-11-20","5","2325"
"2025-11-21","1","6740"
"2025-11-21","2","4506"
"2025-11-21","3","2413"
"2025-11-21","4","4784"
"2025-11-21","5","2325"
"2025-11-25","1","6740"
"2025-11-25","2","4506"
"2025-11-25","3","4784"
"2025-11-25","4","2413"
"2025-11-25","5","2325"
"2025-11-26","1","6740"
"2025-11-26","2","4784"
"2025-11-26","3","4506"
"2025-11-26","4","2413"
"2025-11-26","5","5262"
"2025-11-27","1","6740"
"2025-11-27","2","4506"
"2025-11-27","3","4784"
"2025-11-27","4","2413"
"2025-11-27","5","5262"
"2025-11-28","1","6740"
"2025-11-28","2","4784"
"2025-11-28","3","4506"
"2025-11-28","4","2413"
"2025-11-28","5","5262"
"2025-12-01","1","6740"
"2025-12-01","2","4784"
"2025-12-01","3","4506"
"2025-12-01","4","2413"
"2025-12-01","5","5262"
"2025-12-02","1","6740"
"2025-12-02","2","4784"
"2025-12-02","3","4506"
"2025-12-02","4","2413"
"2025-12-02","5","5262"
"2025-12-03","1","6740"
"2025-12-03","2","4784"
"2025-12-03","3","2413"
"2025-12-03","4","5262"
"2025-12-03","5","4506"
"2025-12-04","1","6740"
"2025-12-04","2","4784"
"2025-12-04","3","4506"
"2025-12-04","4","2413"
"2025-12-04","5","5262"
"2025-12-05","1","6740"
"2025-12-05","2","4784"
"2025-12-05","3","2413"
"2025-12-05","4","4506"
"2025-12-05","5","5262"
"2025-12-08","1","6740"
"2025-12-08","2","4784"
"2025-12-08","3","2413"
"2025-12-08","4","4506"
"2025-12-08","5","5262"
"2025-12-09","1","6740"
"2025-12-09","2","4784"
"2025-12-09","3","2413"
"2025-12-09","4","4506"
"2025-12-09","5","5262"
"2025-12-10","1","6740"
"2025-12-10","2","4784"
"2025-12-10","3","2413"
"2025-12-10","4","4506"
"2025-12-10","5","5262"
"2025-12-11","1","6740"
"2025-12-11","2","4784"
"2025-12-11","3","2413"
"2025-12-11","4","3853"
"2025-12-11","5","4506"
"2025-12-12","1","6740"
"2025-12-12","2","4784"
"2025-12-12","3","2413"
"2025-12-12","4","4506"
"2025-12-12","5","5262"
"2025-12-15","1","6740"
"2025-12-15","2","4784"
"2025-12-15","3","2413"
"2025-12-15","4","4506"
"2025-12-15","5","2325"
"2025-12-16","1","6740"
"2025-12-16","2","4784"
"2025-12-16","3","2413"
"2025-12-16","4","4506"
"2025-12-16","5","3853"
"2025-12-17","1","6740"
"2025-12-17","2","4784"
"2025-12-17","3","2413"
"2025-12-17","4","4506"
"2025-12-17","5","5262"
"2025-12-18","1","6740"
"2025-12-18","2","4784"
"2025-12-18","3","2413"
"2025-12-18","4","4506"
"2025-12-18","5","5262"
"2025-12-19","1","6740"
"2025-12-19","2","4784"
"2025-12-19","3","2413"
"2025-12-19","4","4506"
"2025-12-19","5","5262"
"2025-12-22","1","6740"
"2025-12-22","2","4784"
"2025-12-22","3","2413"
"2025-12-22","4","4506"
"2025-12-22","5","2325"
"2025-12-23","1","6740"
"2025-12-23","2","4784"
"2025-12-23","3","2413"
"2025-12-23","4","4506"
"2025-12-23","5","2325"
"2025-12-24","1","6740"
"2025-12-24","2","4784"
"2025-12-24","3","2413"
"2025-12-24","4","4506"
"2025-12-24","5","2325"
"2025-12-25","1","6740"
"2025-12-25","2","4784"
"2025-12-25","3","2413"
"2025-12-25","4","4506"
"2025-12-25","5","2325"
"2025-12-26","1","6740"
"2025-12-26","2","4784"
"2025-12-26","3","2413"
"2025-12-26","4","4506"
"2025-12-26","5","3853"
"2025-12-29","1","6740"
"2025-12-29","2","4784"
"2025-12-29","3","2413"
"2025-12-29","4","4506"
"2025-12-29","5","3853"
"2025-12-30","1","6740"
"2025-12-30","2","4784"
"2025-12-30","3","2413"
"2025-12-30","4","4506"
"2025-12-30","5","3853"
"2026-01-05","1","6740"
"2026-01-05","2","4784"
"2026-01-05","3","2413"
"2026-01-05","4","3853"
"2026-01-05","5","4506"
"2026-01-06","1","6740"
"2026-01-06","2","4784"
"2026-01-06","3","2413"
"2026-01-06","4","3853"
"2026-01-06","5","4506"
"2026-01-07","1","6740"
"2026-01-07","2","4784"
"2026-01-07","3","2413"
"2026-01-07","4","3853"
"2026-01-07","5","2585"
"2026-01-08","1","6740"
"2026-01-08","2","4784"
"2026-01-08","3","2413"
"2026-01-08","4","3853"
"2026-01-08","5","2325"
"2026-01-09","1","6740"
"2026-01-09","2","4784"
"2026-01-09","3","2413"
"2026-01-09","4","3853"
"2026-01-09","5","2325"
"2026-01-13","1","6740"
"2026-01-13","2","4784"
"2026-01-13","3","2413"
"2026-01-13","4","3853"
"2026-01-13","5","2325"
"2026-01-14","1","6740"
"2026-01-14","2","4784"
"2026-01-14","3","2413"
"2026-01-14","4","3853"
"2026-01-14","5","2325"
"2026-01-15","1","6740"
"2026-01-15","2","4784"
"2026-01-15","3","2413"
"2026-01-15","4","3853"
"2026-01-15","5","2325"
"2026-01-16","1","6740"
"2026-01-16","2","4082"
"2026-01-16","3","4784"
"2026-01-16","4","2413"
"2026-01-16","5","2325"
"2026-01-19","1","6740"
"2026-01-19","2","4784"
"2026-01-19","3","4082"
"2026-01-19","4","2413"
"2026-01-19","5","2325"
"2026-01-20","1","6740"
"2026-01-20","2","4082"
"2026-01-20","3","4784"
"2026-01-20","4","2413"
"2026-01-20","5","5262"
"2026-01-21","1","6740"
"2026-01-21","2","4082"
"2026-01-21","3","4784"
"2026-01-21","4","2413"
"2026-01-21","5","5262"
"2026-01-22","1","6740"
"2026-01-22","2","4082"
"2026-01-22","3","4784"
"2026-01-22","4","2413"
"2026-01-22","5","3687"
"2026-01-23","1","6740"
"2026-01-23","2","4082"
"2026-01-23","3","4784"
"2026-01-23","4","2413"
"2026-01-23","5","2325"
"2026-01-26","1","6740"
"2026-01-26","2","4784"
"2026-01-26","3","4082"
"2026-01-26","4","2413"
"2026-01-26","5","5262"
"2026-01-27","1","6740"
"2026-01-27","2","4784"
"2026-01-27","3","4082"
"2026-01-27","4","2413"
"2026-01-27","5","5262"
"2026-01-28","1","6740"
"2026-01-28","2","4784"
"2026-01-28","3","4082"
"2026-01-28","4","2413"
"2026-01-28","5","5262"
"2026-01-29","1","6740"
"2026-01-29","2","4784"
"2026-01-29","3","4082"
"2026-01-29","4","2413"
"2026-01-29","5","277A"
"2026-01-30","1","6740"
"2026-01-30","2","4784"
"2026-01-30","3","4082"
"2026-01-30","4","2413"
"2026-01-30","5","277A"
"2026-02-02","1","6740"
"2026-02-02","2","4082"
"2026-02-02","3","4784"
"2026-02-02","4","2413"
"2026-02-02","5","5262"
"2026-02-03","1","6740"
"2026-02-03","2","4082"
"2026-02-03","3","4784"
"2026-02-03","4","2413"
"2026-02-03","5","5262"
"2026-02-04","1","6740"
"2026-02-04","2","4082"
"2026-02-04","3","4784"
"2026-02-04","4","2413"
"2026-02-04","5","277A"
"2026-02-05","1","6740"
"2026-02-05","2","4082"
"2026-02-05","3","4784"
"2026-02-05","4","277A"
"2026-02-05","5","5262"
"2026-02-06","1","6740"
"2026-02-06","2","4082"
"2026-02-06","3","4784"
"2026-02-06","4","5262"
"2026-02-06","5","277A"
"2026-02-09","1","6740"
"2026-02-09","2","4082"
"2026-02-09","3","4784"
"2026-02-09","4","5262"
"2026-02-09","5","2413"
"2026-02-10","1","6740"
"2026-02-10","2","4082"
"2026-02-10","3","4784"
"2026-02-10","4","5262"
"2026-02-10","5","3687"
"2026-02-12","1","6740"
"2026-02-12","2","4082"
"2026-02-12","3","4784"
"2026-02-12","4","3687"
"2026-02-12","5","5262"
"2026-02-13","1","6740"
"2026-02-13","2","4082"
"2026-02-13","3","4784"
"2026-02-13","4","3687"
"2026-02-13","5","277A"
"2026-02-16","1","6740"
"2026-02-16","2","4082"
"2026-02-16","3","4784"
"2026-02-16","4","3687"
"2026-02-16","5","3694"
"2026-02-17","1","6740"
"2026-02-17","2","4082"
"2026-02-17","3","4784"
"2026-02-17","4","3687"
"2026-02-17","5","277A"
"2026-02-18","1","6740"
"2026-02-18","2","4082"
"2026-02-18","3","4784"
"2026-02-18","4","3694"
"2026-02-18","5","277A"
"2026-02-19","1","4082"
"2026-02-19","2","6740"
"2026-02-19","3","4784"
"2026-02-19","4","3694"
"2026-02-19","5","277A"
"2026-02-20","1","4082"
"2026-02-20","2","6740"
"2026-02-20","3","4784"
"2026-02-20","4","4506"
"2026-02-20","5","277A"
"2026-02-24","1","4082"
"2026-02-24","2","6740"
"2026-02-24","3","4506"
"2026-02-24","4","4784"
"2026-02-24","5","3687"
"2026-02-25","1","4082"
"2026-02-25","2","6740"
"2026-02-25","3","4506"
"2026-02-25","4","3687"
"2026-02-25","5","277A"
"2026-02-26","1","4082"
"2026-02-26","2","6740"
"2026-02-26","3","4506"
"2026-02-26","4","3687"
"2026-02-26","5","2413"
"2026-02-27","1","4082"
"2026-02-27","2","6740"
"2026-02-27","3","3687"
"2026-02-27","4","4506"
"2026-02-27","5","2413"
"2026-03-02","1","4082"
"2026-03-02","2","6740"
"2026-03-02","3","2413"
"2026-03-02","4","277A"
"2026-03-02","5","4506"
"2026-03-03","1","4082"
"2026-03-03","2","6740"
"2026-03-03","3","2413"
"2026-03-03","4","277A"
"2026-03-03","5","4506"
"2026-03-04","1","4082"
"2026-03-04","2","6740"
"2026-03-04","3","2413"
"2026-03-04","4","277A"
"2026-03-04","5","4506"
"2026-03-05","1","4082"
"2026-03-05","2","6740"
"2026-03-05","3","2413"
"2026-03-05","4","285A"
"2026-03-05","5","4506"
"2026-03-06","1","4082"
"2026-03-06","2","2413"
"2026-03-06","3","6740"
"2026-03-06","4","285A"
"2026-03-06","5","3687"
"2026-03-09","1","4082"
"2026-03-09","2","6740"
"2026-03-09","3","2413"
"2026-03-09","4","285A"
"2026-03-09","5","3687"
"2026-03-10","1","4082"
"2026-03-10","2","6740"
"2026-03-10","3","285A"
"2026-03-10","4","2413"
"2026-03-10","5","3687"
"2026-03-11","1","4082"
"2026-03-11","2","6740"
"2026-03-11","3","2413"
"2026-03-11","4","285A"
"2026-03-11","5","6330"
"2026-03-12","1","4082"
"2026-03-12","2","6740"
"2026-03-12","3","2413"
"2026-03-12","4","285A"
"2026-03-12","5","6330"
"2026-03-13","1","4082"
"2026-03-13","2","6740"
"2026-03-13","3","2413"
"2026-03-13","4","285A"
"2026-03-13","5","3687"
"2026-03-16","1","4082"
"2026-03-16","2","6740"
"2026-03-16","3","2413"
"2026-03-16","4","6330"
"2026-03-16","5","3687"
"2026-03-17","1","4082"
"2026-03-17","2","6740"
"2026-03-17","3","6330"
"2026-03-17","4","285A"
"2026-03-17","5","2413"
"2026-03-18","1","4082"
"2026-03-18","2","6740"
"2026-03-18","3","285A"
"2026-03-18","4","6330"
"2026-03-18","5","3687"
"2026-03-19","1","4082"
"2026-03-19","2","6740"
"2026-03-19","3","285A"
"2026-03-19","4","6330"
"2026-03-19","5","3687"
"2026-03-23","1","4082"
"2026-03-23","2","6740"
"2026-03-23","3","285A"
"2026-03-23","4","6330"
"2026-03-23","5","2413"
"2026-03-24","1","4082"
"2026-03-24","2","6740"
"2026-03-24","3","6330"
"2026-03-24","4","285A"
"2026-03-24","5","3687"
"2026-03-25","1","4082"
"2026-03-25","2","6740"
"2026-03-25","3","6330"
"2026-03-25","4","285A"
"2026-03-25","5","3687"
"2026-03-26","1","4082"
"2026-03-26","2","6740"
"2026-03-26","3","6330"
"2026-03-26","4","285A"
"2026-03-26","5","3687"
"2026-03-27","1","4082"
"2026-03-27","2","6740"
"2026-03-27","3","6330"
"2026-03-27","4","277A"
"2026-03-27","5","3687"
"2026-03-30","1","4082"
"2026-03-30","2","6740"
"2026-03-30","3","6330"
"2026-03-30","4","277A"
"2026-03-30","5","3687"
"2026-03-31","1","4082"
"2026-03-31","2","6740"
"2026-03-31","3","6330"
"2026-03-31","4","277A"
"2026-03-31","5","3687"
"2026-04-01","1","4082"
"2026-04-01","2","6740"
"2026-04-01","3","6330"
"2026-04-01","4","277A"
"2026-04-01","5","3687"
"2026-04-02","1","4082"
"2026-04-02","2","6740"
"2026-04-02","3","6330"
"2026-04-02","4","277A"
"2026-04-02","5","3687"
"2026-04-03","1","4082"
"2026-04-03","2","6740"
"2026-04-03","3","6330"
"2026-04-03","4","277A"
"2026-04-03","5","3687"
"2026-04-06","1","4082"
"2026-04-06","2","6740"
"2026-04-06","3","6330"
"2026-04-06","4","277A"
"2026-04-06","5","3687"
"2026-04-07","1","4082"
"2026-04-07","2","6740"
"2026-04-07","3","6330"
"2026-04-07","4","277A"
"2026-04-07","5","3687"
"2026-04-08","1","4082"
"2026-04-08","2","6740"
"2026-04-08","3","6330"
"2026-04-08","4","277A"
"2026-04-08","5","3687"
"2026-04-09","1","4082"
"2026-04-09","2","6740"
"2026-04-09","3","6330"
"2026-04-09","4","277A"
"2026-04-09","5","3687"
"2026-04-10","1","4082"
"2026-04-10","2","6740"
"2026-04-10","3","6330"
"2026-04-10","4","277A"
"2026-04-10","5","3687"
"2026-04-13","1","4082"
"2026-04-13","2","6740"
"2026-04-13","3","6330"
"2026-04-13","4","277A"
"2026-04-13","5","3687"
"2026-04-14","1","4082"
"2026-04-14","2","6740"
"2026-04-14","3","6330"
"2026-04-14","4","277A"
"2026-04-14","5","3687"
"2026-04-15","1","4082"
"2026-04-15","2","6740"
"2026-04-15","3","3687"
"2026-04-15","4","4784"
"2026-04-15","5","277A"
"2026-04-16","1","4082"
"2026-04-16","2","4784"
"2026-04-16","3","3687"
"2026-04-16","4","277A"
"2026-04-16","5","6740"
"2026-04-17","1","4082"
"2026-04-17","2","277A"
"2026-04-17","3","3687"
"2026-04-17","4","4784"
"2026-04-17","5","6330"
"2026-04-20","1","4082"
"2026-04-20","2","277A"
"2026-04-20","3","3687"
"2026-04-20","4","6330"
"2026-04-20","5","4784"
"2026-04-21","1","4082"
"2026-04-21","2","277A"
"2026-04-21","3","3687"
"2026-04-21","4","6740"
"2026-04-21","5","6330"
"2026-04-22","1","4082"
"2026-04-22","2","277A"
"2026-04-22","3","6740"
"2026-04-22","4","3687"
"2026-04-22","5","6330"
"2026-04-23","1","4082"
"2026-04-23","2","277A"
"2026-04-23","3","6740"
"2026-04-23","4","4784"
"2026-04-23","5","6330"
"2026-04-24","1","4082"
"2026-04-24","2","277A"
"2026-04-24","3","4784"
"2026-04-24","4","6330"
"2026-04-24","5","3687"
"2026-04-27","1","4082"
"2026-04-27","2","4784"
"2026-04-27","3","277A"
"2026-04-27","4","6330"
"2026-04-27","5","6740"
"2026-04-28","1","4082"
"2026-04-28","2","277A"
"2026-04-28","3","4784"
"2026-04-28","4","6330"
"2026-04-28","5","6740"
"2026-04-30","1","4082"
"2026-04-30","2","4784"
"2026-04-30","3","6740"
"2026-04-30","4","277A"
"2026-04-30","5","6330"
"2026-05-01","1","4082"
"2026-05-01","2","6740"
"2026-05-01","3","6330"
"2026-05-01","4","277A"
"2026-05-01","5","4344"
"2026-05-07","1","4082"
"2026-05-07","2","6740"
"2026-05-07","3","6330"
"2026-05-07","4","277A"
"2026-05-07","5","4344"
"2026-05-08","1","4082"
"2026-05-08","2","6740"
"2026-05-08","3","6330"
"2026-05-08","4","277A"
"2026-05-08","5","3687"
"2026-05-11","1","4082"
"2026-05-11","2","6740"
"2026-05-11","3","277A"
"2026-05-11","4","6330"
"2026-05-11","5","3687"
"2026-05-12","1","4082"
"2026-05-12","2","6740"
"2026-05-12","3","277A"
"2026-05-12","4","6330"
"2026-05-12","5","4392"
"2026-05-13","1","4082"
"2026-05-13","2","6740"
"2026-05-13","3","277A"
"2026-05-13","4","6330"
"2026-05-13","5","3687"
"2026-05-14","1","4082"
"2026-05-14","2","6740"
"2026-05-14","3","277A"
"2026-05-14","4","6330"
"2026-05-14","5","3687"
"2026-05-15","1","6740"
"2026-05-15","2","4082"
"2026-05-15","3","277A"
"2026-05-15","4","6330"
"2026-05-15","5","4392"
"2026-05-18","1","6740"
"2026-05-18","2","4082"
"2026-05-18","3","4392"
"2026-05-18","4","277A"
"2026-05-18","5","3687"
"2026-05-19","1","6740"
"2026-05-19","2","4082"
"2026-05-19","3","4392"
"2026-05-19","4","3687"
"2026-05-19","5","6330"
"2026-05-20","1","6740"
"2026-05-20","2","4082"
"2026-05-20","3","4392"
"2026-05-20","4","3687"
"2026-05-20","5","277A"
"2026-05-21","1","6740"
"2026-05-21","2","4082"
"2026-05-21","3","4392"
"2026-05-21","4","3687"
"2026-05-21","5","277A"
"2026-05-22","1","6740"
"2026-05-22","2","4082"
"2026-05-22","3","4392"
"2026-05-22","4","277A"
"2026-05-22","5","3687"
"2026-05-25","1","6740"
"2026-05-25","2","4082"
"2026-05-25","3","4392"
"2026-05-25","4","277A"
"2026-05-25","5","3687"
"2026-05-26","1","6740"
"2026-05-26","2","4082"
"2026-05-26","3","4392"
"2026-05-26","4","277A"
"2026-05-26","5","3687"
"2026-05-27","1","6740"
"2026-05-27","2","4392"
"2026-05-27","3","4082"
"2026-05-27","4","277A"
"2026-05-27","5","3687"
"2026-05-28","1","4082"
"2026-05-28","2","4392"
"2026-05-28","3","6740"
"2026-05-28","4","277A"
"2026-05-28","5","4784"
"2026-05-29","1","4392"
"2026-05-29","2","4082"
"2026-05-29","3","6740"
"2026-05-29","4","277A"
"2026-05-29","5","4784"
"2026-06-01","1","4392"
"2026-06-01","2","4082"
"2026-06-01","3","277A"
"2026-06-01","4","6740"
"2026-06-01","5","4784"
"2026-06-02","1","4392"
"2026-06-02","2","4082"
"2026-06-02","3","277A"
"2026-06-02","4","4784"
"2026-06-02","5","6740"
"2026-06-03","1","4392"
"2026-06-03","2","4082"
"2026-06-03","3","277A"
"2026-06-03","4","4784"
"2026-06-03","5","6740"
"2026-06-04","1","4392"
"2026-06-04","2","4082"
"2026-06-04","3","277A"
"2026-06-04","4","4784"
"2026-06-04","5","6740"
"2026-06-05","1","4392"
"2026-06-05","2","4082"
"2026-06-05","3","277A"
"2026-06-05","4","4784"
"2026-06-05","5","6740"
"2026-06-08","1","4082"
"2026-06-08","2","4392"
"2026-06-08","3","277A"
"2026-06-08","4","4784"
"2026-06-08","5","6740"
"2026-06-09","1","4082"
"2026-06-09","2","4392"
"2026-06-09","3","277A"
"2026-06-09","4","4784"
"2026-06-09","5","6740"
"2026-06-10","1","4082"
"2026-06-10","2","277A"
"2026-06-10","3","4784"
"2026-06-10","4","4392"
"2026-06-10","5","6740"
"2026-06-11","1","4082"
"2026-06-11","2","4392"
"2026-06-11","3","277A"
"2026-06-11","4","4784"
"2026-06-11","5","6740"
"2026-06-12","1","4082"
"2026-06-12","2","4392"
"2026-06-12","3","277A"
"2026-06-12","4","4784"
"2026-06-12","5","6740"
"2026-06-15","1","4392"
"2026-06-15","2","4082"
"2026-06-15","3","277A"
"2026-06-15","4","4784"
"2026-06-15","5","6740"
"2026-06-16","1","4392"
"2026-06-16","2","4082"
"2026-06-16","3","277A"
"2026-06-16","4","4784"
"2026-06-16","5","6740"
"2026-06-17","1","4392"
"2026-06-17","2","4082"
"2026-06-17","3","277A"
"2026-06-17","4","4784"
"2026-06-17","5","6740"
"2026-06-18","1","4082"
"2026-06-18","2","4392"
"2026-06-18","3","277A"
"2026-06-18","4","4784"
"2026-06-18","5","6740"
"2026-06-19","1","4392"
"2026-06-19","2","4082"
"2026-06-19","3","277A"
"2026-06-19","4","4784"
"2026-06-19","5","3687"
"2026-06-22","1","4392"
"2026-06-22","2","4082"
"2026-06-22","3","277A"
"2026-06-22","4","4784"
"2026-06-22","5","6740"
"2026-06-23","1","4392"
"2026-06-23","2","4082"
"2026-06-23","3","277A"
"2026-06-23","4","4784"
"2026-06-23","5","6740"
"2026-06-24","1","4392"
"2026-06-24","2","4082"
"2026-06-24","3","277A"
"2026-06-24","4","4784"
"2026-06-24","5","3687"
"2026-06-25","1","4392"
"2026-06-25","2","4082"
"2026-06-25","3","6740"
"2026-06-25","4","277A"
"2026-06-25","5","4784"
"2026-06-26","1","4392"
"2026-06-26","2","4082"
"2026-06-26","3","6740"
"2026-06-26","4","277A"
"2026-06-26","5","4784"
"2026-06-29","1","4392"
"2026-06-29","2","4082"
"2026-06-29","3","6740"
"2026-06-29","4","277A"
"2026-06-29","5","4784"
"2026-06-30","1","4392"
"2026-06-30","2","4082"
"2026-06-30","3","6740"
"2026-06-30","4","277A"
"2026-06-30","5","4784"
"2026-07-01","1","4392"
"2026-07-01","2","4082"
"2026-07-01","3","6740"
"2026-07-01","4","277A"
"2026-07-01","5","4784"
"2026-07-02","1","4392"
"2026-07-02","2","4082"
"2026-07-02","3","6740"
"2026-07-02","4","277A"
"2026-07-02","5","4784"
"2026-07-03","1","9229"
"2026-07-03","2","4392"
"2026-07-03","3","4082"
"2026-07-03","4","6740"
"2026-07-03","5","277A"
"2026-07-06","1","9229"
"2026-07-06","2","4392"
"2026-07-06","3","4082"
"2026-07-06","4","6740"
"2026-07-06","5","277A"
"2026-07-07","1","9229"
"2026-07-07","2","4392"
"2026-07-07","3","4082"
"2026-07-07","4","6740"
"2026-07-07","5","277A"
"2026-07-08","1","9229"
"2026-07-08","2","4392"
"2026-07-08","3","4082"
"2026-07-08","4","6740"
"2026-07-08","5","277A"
"2026-07-09","1","9229"
"2026-07-09","2","4392"
"2026-07-09","3","6740"
"2026-07-09","4","4082"
"2026-07-09","5","277A"
"2026-07-10","1","9229"
"2026-07-10","2","4392"
"2026-07-10","3","4082"
"2026-07-10","4","6740"
"2026-07-10","5","277A"
"2026-07-13","1","9229"
"2026-07-13","2","4392"
"2026-07-13","3","4082"
"2026-07-13","4","6740"
"2026-07-13","5","277A"
"2026-07-14","1","9229"
"2026-07-14","2","4392"
"2026-07-14","3","4082"
"2026-07-14","4","6740"
"2026-07-14","5","277A"
"2026-07-15","1","9229"
"2026-07-15","2","4082"
"2026-07-15","3","4392"
"2026-07-15","4","6740"
"2026-07-15","5","277A"
"2026-07-16","1","9229"
"2026-07-16","2","4082"
"2026-07-16","3","4392"
"2026-07-16","4","6740"
"2026-07-16","5","277A"
"2026-07-17","1","9229"
"2026-07-17","2","4082"
"2026-07-17","3","4392"
"2026-07-17","4","6740"
"2026-07-17","5","277A"
"2026-07-21","1","9229"
"2026-07-21","2","4082"
"2026-07-21","3","4392"
"2026-07-21","4","277A"
"2026-07-21","5","6740"
"2026-07-22","1","9229"
"2026-07-22","2","4082"
"2026-07-22","3","4392"
"2026-07-22","4","277A"
"2026-07-22","5","6740"
"2026-07-23","1","9229"
"2026-07-23","2","4082"
"2026-07-23","3","4392"
"2026-07-23","4","277A"
"2026-07-23","5","6740"
"2026-07-24","1","9229"
"2026-07-24","2","4082"
"2026-07-24","3","4392"
"2026-07-24","4","277A"
"2026-07-24","5","6740"
"2026-07-27","1","9229"
"2026-07-27","2","4082"
"2026-07-27","3","4392"
"2026-07-27","4","277A"
"2026-07-27","5","6740"
"2026-07-28","1","4082"
"2026-07-28","2","4392"
"2026-07-28","3","6740"
"2026-07-28","4","277A"
"2026-07-28","5","6330"
"2026-07-29","1","4082"
"2026-07-29","2","4392"
"2026-07-29","3","6740"
"2026-07-29","4","277A"
"2026-07-29","5","6330"
"2026-07-30","1","4082"
"2026-07-30","2","4392"
"2026-07-30","3","6740"
"2026-07-30","4","277A"
"2026-07-30","5","6330"
"2026-07-31","1","4082"
"2026-07-31","2","4392"
"2026-07-31","3","6740"
"2026-07-31","4","277A"
"2026-07-31","5","6330"
"2026-08-03","1","4392"
"2026-08-03","2","4082"
"2026-08-03","3","6740"
"2026-08-03","4","277A"
"2026-08-03","5","6330"
"2026-08-04","1","4392"
"2026-08-04","2","4082"
"2026-08-04","3","6740"
"2026-08-04","4","277A"
"2026-08-04","5","6330"
"2026-08-05","1","4392"
"2026-08-05","2","4082"
"2026-08-05","3","6740"
"2026-08-05","4","277A"
"2026-08-05","5","6330"
"2026-08-06","1","4392"
"2026-08-06","2","4082"
"2026-08-06","3","6740"
"2026-08-06","4","277A"
"2026-08-06","5","6330"
"2026-08-07","1","4392"
"2026-08-07","2","4082"
"2026-08-07","3","6740"
"2026-08-07","4","277A"
"2026-08-07","5","6330"
"2026-08-10","1","4082"
"2026-08-10","2","4392"
"2026-08-10","3","6740"
"2026-08-10","4","277A"
"2026-08-10","5","6330"
"2026-08-12","1","4082"
"2026-08-12","2","4392"
"2026-08-12","3","6740"
"2026-08-12","4","6330"
"2026-08-12","5","277A"
"2026-08-13","1","4392"
"2026-08-13","2","4082"
"2026-08-13","3","6330"
"2026-08-13","4","6740"
"2026-08-13","5","277A"
"2026-08-14","1","4082"
"2026-08-14","2","4392"
"2026-08-14","3","6330"
"2026-08-14","4","277A"
"2026-08-14","5","6740"
"2026-08-17","1","4082"
"2026-08-17","2","4392"
"2026-08-17","3","6330"
"2026-08-17","4","277A"
"2026-08-17","5","3687"
"2026-08-18","1","4082"
"2026-08-18","2","4392"
"2026-08-18","3","6330"
"2026-08-18","4","277A"
"2026-08-18","5","3687"
"2026-08-19","1","4082"
"2026-08-19","2","4392"
"2026-08-19","3","6330"
"2026-08-19","4","277A"
"2026-08-19","5","3687"
"2026-08-20","1","4082"
"2026-08-20","2","4392"
"2026-08-20","3","6330"
"2026-08-20","4","3687"
"2026-08-20","5","277A"
"2026-08-21","1","4082"
"2026-08-21","2","4392"
"2026-08-21","3","6330"
"2026-08-21","4","277A"
"2026-08-21","5","3687"
"2026-08-24","1","4082"
"2026-08-24","2","4392"
"2026-08-24","3","6330"
"2026-08-24","4","277A"
"2026-08-24","5","3687"
"2026-08-25","1","4082"
"2026-08-25","2","4392"
"2026-08-25","3","277A"
"2026-08-25","4","6330"
"2026-08-25","5","3687"
"2026-08-26","1","4082"
"2026-08-26","2","4392"
"2026-08-26","3","6330"
"2026-08-26","4","277A"
"2026-08-26","5","3687"
"2026-08-27","1","4082"
"2026-08-27","2","4392"
"2026-08-27","3","6330"
"2026-08-27","4","277A"
"2026-08-27","5","3687"
"2026-08-28","1","4082"
"2026-08-28","2","4392"
"2026-08-28","3","277A"
"2026-08-28","4","6330"
"2026-08-28","5","3687"
"2026-08-31","1","4082"
"2026-08-31","2","4392"
"2026-08-31","3","277A"
"2026-08-31","4","6330"
"2026-08-31","5","3687"
"2026-09-01","1","4082"
"2026-09-01","2","4392"
"2026-09-01","3","277A"
"2026-09-01","4","6330"
"2026-09-01","5","3687"
"2026-09-02","1","4082"
"2026-09-02","2","4392"
"2026-09-02","3","277A"
"2026-09-02","4","6330"
"2026-09-02","5","3687"
"2026-09-03","1","4082"
"2026-09-03","2","4392"
"2026-09-03","3","277A"
"2026-09-03","4","6330"
"2026-09-03","5","3687"
"2026-09-04","1","4082"
"2026-09-04","2","4392"
"2026-09-04","3","277A"
"2026-09-04","4","6330"
"2026-09-04","5","3687"
"2026-09-07","1","4082"
"2026-09-07","2","4392"
"2026-09-07","3","277A"
"2026-09-07","4","3687"
"2026-09-07","5","6740"
"2026-09-08","1","4082"
"2026-09-08","2","4392"
"2026-09-08","3","277A"
"2026-09-08","4","3687"
"2026-09-08","5","6740"
"2026-09-09","1","4082"
"2026-09-09","2","4392"
"2026-09-09","3","277A"
"2026-09-09","4","3687"
"2026-09-09","5","6740"
"2026-09-10","1","4082"
"2026-09-10","2","4392"
"2026-09-10","3","277A"
"2026-09-10","4","3687"
"2026-09-10","5","6330"
"2026-09-11","1","4082"
"2026-09-11","2","4392"
"2026-09-11","3","277A"
"2026-09-11","4","3687"
"2026-09-11","5","6330"
"2026-09-14","1","4082"
"2026-09-14","2","4392"
"2026-09-14","3","277A"
"2026-09-14","4","3687"
"2026-09-14","5","6740"
"2026-09-15","1","4082"
"2026-09-15","2","4392"
"2026-09-15","3","277A"
"2026-09-15","4","6740"
"2026-09-15","5","3687"
"2026-09-16","1","4082"
"2026-09-16","2","4392"
"2026-09-16","3","277A"
"2026-09-16","4","6740"
"2026-09-16","5","3687"
"2026-09-17","1","4082"
"2026-09-17","2","4392"
"2026-09-17","3","277A"
"2026-09-17","4","6740"
"2026-09-17","5","3687"
"2026-09-18","1","4082"
"2026-09-18","2","4392"
"2026-09-18","3","277A"
"2026-09-18","4","6740"
"2026-09-18","5","3687"
"2026-09-24","1","4082"
"2026-09-24","2","4392"
"2026-09-24","3","277A"
"2026-09-24","4","6330"
"2026-09-24","5","6740"
"2026-09-25","1","4082"
"2026-09-25","2","4392"
"2026-09-25","3","277A"
"2026-09-25","4","6330"
"2026-09-25","5","285A"
"2026-09-28","1","4082"
"2026-09-28","2","4392"
"2026-09-28","3","285A"
"2026-09-28","4","277A"
"2026-09-28","5","6330"
"2026-09-29","1","4082"
"2026-09-29","2","4392"
"2026-09-29","3","285A"
"2026-09-29","4","277A"
"2026-09-29","5","6740"
"2026-09-30","1","4082"
"2026-09-30","2","4392"
"2026-09-30","3","6740"
"2026-09-30","4","277A"
"2026-09-30","5","285A"
"2026-10-01","1","4082"
"2026-10-01","2","4392"
"2026-10-01","3","6740"
"2026-10-01","4","277A"
"2026-10-01","5","285A"
"2026-10-02","1","4082"
"2026-10-02","2","6740"
"2026-10-02","3","4392"
"2026-10-02","4","277A"
"2026-10-02","5","285A"
"2026-10-05","1","4082"
"2026-10-05","2","4392"
"2026-10-05","3","6740"
"2026-10-05","4","277A"
"2026-10-05","5","285A"
"2026-10-06","1","4082"
"2026-10-06","2","6740"
"2026-10-06","3","4392"
"2026-10-06","4","285A"
"2026-10-06","5","5074"
"2026-10-07","1","4082"
"2026-10-07","2","4392"
"2026-10-07","3","6740"
"2026-10-07","4","285A"
"2026-10-07","5","5074"
