"date","rank","code"
"2022-01-04","1","4290"
"2022-01-04","2","3880"
"2022-01-04","3","7309"
"2022-01-04","4","7995"
"2022-01-04","5","4519"
"2022-01-05","1","4290"
"2022-01-05","2","3880"
"2022-01-05","3","7309"
"2022-01-05","4","7995"
"2022-01-05","5","4519"
"2022-01-06","1","4290"
"2022-01-06","2","3880"
"2022-01-06","3","7309"
"2022-01-06","4","7995"
"2022-01-06","5","4519"
"2022-01-07","1","4290"
"2022-01-07","2","3880"
"2022-01-07","3","7309"
"2022-01-07","4","4519"
"2022-01-07","5","7995"
"2022-01-11","1","4290"
"2022-01-11","2","3880"
"2022-01-11","3","7309"
"2022-01-11","4","7995"
"2022-01-11","5","4519"
"2022-01-12","1","4290"
"2022-01-12","2","3880"
"2022-01-12","3","7309"
"2022-01-12","4","4519"
"2022-01-12","5","7995"
"2022-01-13","1","4290"
"2022-01-13","2","3880"
"2022-01-13","3","7309"
"2022-01-13","4","7995"
"2022-01-13","5","4519"
"2022-01-14","1","4290"
"2022-01-14","2","3880"
"2022-01-14","3","7995"
"2022-01-14","4","4519"
"2022-01-14","5","7309"
"2022-01-17","1","4290"
"2022-01-17","2","3880"
"2022-01-17","3","7995"
"2022-01-17","4","4519"
"2022-01-17","5","7309"
"2022-01-18","1","4290"
"2022-01-18","2","3880"
"2022-01-18","3","7995"
"2022-01-18","4","4519"
"2022-01-18","5","7309"
"2022-01-19","1","4290"
"2022-01-19","2","3880"
"2022-01-19","3","7995"
"2022-01-19","4","7309"
"2022-01-19","5","8923"
"2022-01-20","1","4290"
"2022-01-20","2","3880"
"2022-01-20","3","7995"
"2022-01-20","4","7309"
"2022-01-20","5","8923"
"2022-01-21","1","4290"
"2022-01-21","2","3880"
"2022-01-21","3","7995"
"2022-01-21","4","7309"
"2022-01-21","5","3932"
"2022-01-24","1","4290"
"2022-01-24","2","3880"
"2022-01-24","3","7995"
"2022-01-24","4","7309"
"2022-01-24","5","3932"
"2022-01-25","1","4290"
"2022-01-25","2","3880"
"2022-01-25","3","7995"
"2022-01-25","4","7309"
"2022-01-25","5","3932"
"2022-01-26","1","4290"
"2022-01-26","2","3880"
"2022-01-26","3","7995"
"2022-01-26","4","7309"
"2022-01-26","5","4519"
"2022-01-27","1","4290"
"2022-01-27","2","3880"
"2022-01-27","3","7995"
"2022-01-27","4","7309"
"2022-01-27","5","4519"
"2022-01-28","1","4290"
"2022-01-28","2","3880"
"2022-01-28","3","7995"
"2022-01-28","4","7309"
"2022-01-28","5","9551"
"2022-01-31","1","4290"
"2022-01-31","2","3880"
"2022-01-31","3","7995"
"2022-01-31","4","7309"
"2022-01-31","5","4519"
"2022-02-01","1","4290"
"2022-02-01","2","3880"
"2022-02-01","3","7995"
"2022-02-01","4","7309"
"2022-02-01","5","4519"
"2022-02-02","1","4290"
"2022-02-02","2","3880"
"2022-02-02","3","7995"
"2022-02-02","4","7309"
"2022-02-02","5","4519"
"2022-02-03","1","4290"
"2022-02-03","2","3880"
"2022-02-03","3","7995"
"2022-02-03","4","7309"
"2022-02-03","5","5410"
"2022-02-04","1","4290"
"2022-02-04","2","3880"
"2022-02-04","3","7995"
"2022-02-04","4","7309"
"2022-02-04","5","4519"
"2022-02-07","1","4290"
"2022-02-07","2","3880"
"2022-02-07","3","7995"
"2022-02-07","4","7309"
"2022-02-07","5","5410"
"2022-02-08","1","4290"
"2022-02-08","2","3880"
"2022-02-08","3","7995"
"2022-02-08","4","7309"
"2022-02-08","5","6143"
"2022-02-09","1","4290"
"2022-02-09","2","3880"
"2022-02-09","3","7995"
"2022-02-09","4","4519"
"2022-02-09","5","6143"
"2022-02-10","1","4290"
"2022-02-10","2","3880"
"2022-02-10","3","7995"
"2022-02-10","4","4519"
"2022-02-10","5","3932"
"2022-02-14","1","4290"
"2022-02-14","2","3880"
"2022-02-14","3","7995"
"2022-02-14","4","4519"
"2022-02-14","5","3932"
"2022-02-15","1","4290"
"2022-02-15","2","3880"
"2022-02-15","3","7995"
"2022-02-15","4","3932"
"2022-02-15","5","2124"
"2022-02-16","1","4290"
"2022-02-16","2","3880"
"2022-02-16","3","7995"
"2022-02-16","4","3932"
"2022-02-16","5","4519"
"2022-02-17","1","4290"
"2022-02-17","2","3880"
"2022-02-17","3","7995"
"2022-02-17","4","4519"
"2022-02-17","5","3932"
"2022-02-18","1","4290"
"2022-02-18","2","3880"
"2022-02-18","3","7995"
"2022-02-18","4","4519"
"2022-02-18","5","6273"
"2022-02-21","1","4290"
"2022-02-21","2","3880"
"2022-02-21","3","7995"
"2022-02-21","4","6273"
"2022-02-21","5","6143"
"2022-02-22","1","4290"
"2022-02-22","2","3880"
"2022-02-22","3","7995"
"2022-02-22","4","4519"
"2022-02-22","5","8150"
"2022-02-24","1","4290"
"2022-02-24","2","3880"
"2022-02-24","3","7995"
"2022-02-24","4","4519"
"2022-02-24","5","6273"
"2022-02-25","1","4290"
"2022-02-25","2","3880"
"2022-02-25","3","7995"
"2022-02-25","4","4519"
"2022-02-25","5","8923"
"2022-02-28","1","4290"
"2022-02-28","2","3880"
"2022-02-28","3","7995"
"2022-02-28","4","4519"
"2022-02-28","5","6273"
"2022-03-01","1","4290"
"2022-03-01","2","3880"
"2022-03-01","3","7995"
"2022-03-01","4","6273"
"2022-03-01","5","6143"
"2022-03-02","1","4290"
"2022-03-02","2","3880"
"2022-03-02","3","7995"
"2022-03-02","4","6273"
"2022-03-02","5","6143"
"2022-03-03","1","4290"
"2022-03-03","2","3880"
"2022-03-03","3","7995"
"2022-03-03","4","6273"
"2022-03-03","5","6143"
"2022-03-04","1","4290"
"2022-03-04","2","3880"
"2022-03-04","3","7995"
"2022-03-04","4","6273"
"2022-03-04","5","6143"
"2022-03-07","1","4290"
"2022-03-07","2","3880"
"2022-03-07","3","7995"
"2022-03-07","4","6273"
"2022-03-07","5","6143"
"2022-03-08","1","4290"
"2022-03-08","2","3880"
"2022-03-08","3","7995"
"2022-03-08","4","6273"
"2022-03-08","5","6143"
"2022-03-09","1","4290"
"2022-03-09","2","3880"
"2022-03-09","3","7995"
"2022-03-09","4","6273"
"2022-03-09","5","6143"
"2022-03-10","1","4290"
"2022-03-10","2","3880"
"2022-03-10","3","7995"
"2022-03-10","4","6273"
"2022-03-10","5","6143"
"2022-03-11","1","4290"
"2022-03-11","2","3880"
"2022-03-11","3","7995"
"2022-03-11","4","6143"
"2022-03-11","5","6273"
"2022-03-14","1","4290"
"2022-03-14","2","3880"
"2022-03-14","3","6273"
"2022-03-14","4","6143"
"2022-03-14","5","7995"
"2022-03-15","1","4290"
"2022-03-15","2","3880"
"2022-03-15","3","7995"
"2022-03-15","4","6143"
"2022-03-15","5","6273"
"2022-03-16","1","4290"
"2022-03-16","2","6143"
"2022-03-16","3","3880"
"2022-03-16","4","7995"
"2022-03-16","5","6273"
"2022-03-17","1","4290"
"2022-03-17","2","6143"
"2022-03-17","3","3880"
"2022-03-17","4","7995"
"2022-03-17","5","7942"
"2022-03-18","1","4290"
"2022-03-18","2","6143"
"2022-03-18","3","7995"
"2022-03-18","4","3880"
"2022-03-18","5","7942"
"2022-03-22","1","4290"
"2022-03-22","2","6143"
"2022-03-22","3","7995"
"2022-03-22","4","3880"
"2022-03-22","5","7942"
"2022-03-23","1","4290"
"2022-03-23","2","6143"
"2022-03-23","3","7995"
"2022-03-23","4","3880"
"2022-03-23","5","7942"
"2022-03-24","1","4290"
"2022-03-24","2","6143"
"2022-03-24","3","7995"
"2022-03-24","4","7942"
"2022-03-24","5","9715"
"2022-03-25","1","4290"
"2022-03-25","2","6143"
"2022-03-25","3","7995"
"2022-03-25","4","7942"
"2022-03-25","5","9715"
"2022-03-28","1","4290"
"2022-03-28","2","6143"
"2022-03-28","3","7995"
"2022-03-28","4","7942"
"2022-03-28","5","9715"
"2022-03-29","1","4290"
"2022-03-29","2","6143"
"2022-03-29","3","7995"
"2022-03-29","4","9715"
"2022-03-29","5","7942"
"2022-03-30","1","4290"
"2022-03-30","2","6143"
"2022-03-30","3","9715"
"2022-03-30","4","7995"
"2022-03-30","5","7942"
"2022-03-31","1","4290"
"2022-03-31","2","9715"
"2022-03-31","3","6143"
"2022-03-31","4","7995"
"2022-03-31","5","6287"
"2022-04-01","1","4290"
"2022-04-01","2","9715"
"2022-04-01","3","6143"
"2022-04-01","4","7995"
"2022-04-01","5","3932"
"2022-04-04","1","4290"
"2022-04-04","2","9715"
"2022-04-04","3","6143"
"2022-04-04","4","7995"
"2022-04-04","5","3932"
"2022-04-05","1","4290"
"2022-04-05","2","9715"
"2022-04-05","3","6143"
"2022-04-05","4","3932"
"2022-04-05","5","7995"
"2022-04-06","1","4290"
"2022-04-06","2","9715"
"2022-04-06","3","6143"
"2022-04-06","4","3932"
"2022-04-06","5","7995"
"2022-04-07","1","9715"
"2022-04-07","2","6143"
"2022-04-07","3","3932"
"2022-04-07","4","7995"
"2022-04-07","5","6287"
"2022-04-08","1","9715"
"2022-04-08","2","6143"
"2022-04-08","3","6287"
"2022-04-08","4","3932"
"2022-04-08","5","7995"
"2022-04-11","1","6143"
"2022-04-11","2","9715"
"2022-04-11","3","6287"
"2022-04-11","4","7995"
"2022-04-11","5","3932"
"2022-04-12","1","6143"
"2022-04-12","2","9715"
"2022-04-12","3","6287"
"2022-04-12","4","7995"
"2022-04-12","5","4958"
"2022-04-13","1","6143"
"2022-04-13","2","9715"
"2022-04-13","3","6287"
"2022-04-13","4","7995"
"2022-04-13","5","4958"
"2022-04-14","1","9715"
"2022-04-14","2","6143"
"2022-04-14","3","6287"
"2022-04-14","4","7995"
"2022-04-14","5","9551"
"2022-04-15","1","9715"
"2022-04-15","2","6143"
"2022-04-15","3","6287"
"2022-04-15","4","7995"
"2022-04-15","5","4958"
"2022-04-18","1","9715"
"2022-04-18","2","6143"
"2022-04-18","3","6287"
"2022-04-18","4","9551"
"2022-04-18","5","7995"
"2022-04-19","1","9715"
"2022-04-19","2","6287"
"2022-04-19","3","6143"
"2022-04-19","4","9551"
"2022-04-19","5","7995"
"2022-04-20","1","9715"
"2022-04-20","2","6143"
"2022-04-20","3","6287"
"2022-04-20","4","9551"
"2022-04-20","5","5482"
"2022-04-21","1","9715"
"2022-04-21","2","6143"
"2022-04-21","3","6287"
"2022-04-21","4","9551"
"2022-04-21","5","3932"
"2022-04-22","1","9715"
"2022-04-22","2","6143"
"2022-04-22","3","6287"
"2022-04-22","4","9551"
"2022-04-22","5","3932"
"2022-04-25","1","9715"
"2022-04-25","2","6143"
"2022-04-25","3","6287"
"2022-04-25","4","9551"
"2022-04-25","5","3932"
"2022-04-26","1","9715"
"2022-04-26","2","6143"
"2022-04-26","3","6287"
"2022-04-26","4","9551"
"2022-04-26","5","8923"
"2022-04-27","1","9715"
"2022-04-27","2","6143"
"2022-04-27","3","6287"
"2022-04-27","4","9551"
"2022-04-27","5","8923"
"2022-04-28","1","4290"
"2022-04-28","2","9715"
"2022-04-28","3","6287"
"2022-04-28","4","6143"
"2022-04-28","5","6617"
"2022-05-02","1","4290"
"2022-05-02","2","9715"
"2022-05-02","3","6287"
"2022-05-02","4","6143"
"2022-05-02","5","9551"
"2022-05-06","1","4290"
"2022-05-06","2","9715"
"2022-05-06","3","6287"
"2022-05-06","4","6143"
"2022-05-06","5","9551"
"2022-05-09","1","4290"
"2022-05-09","2","1375"
"2022-05-09","3","9715"
"2022-05-09","4","6143"
"2022-05-09","5","9551"
"2022-05-10","1","4290"
"2022-05-10","2","1375"
"2022-05-10","3","9715"
"2022-05-10","4","6143"
"2022-05-10","5","9551"
"2022-05-11","1","4290"
"2022-05-11","2","1375"
"2022-05-11","3","9715"
"2022-05-11","4","6287"
"2022-05-11","5","6143"
"2022-05-12","1","4290"
"2022-05-12","2","6809"
"2022-05-12","3","1375"
"2022-05-12","4","9715"
"2022-05-12","5","6143"
"2022-05-13","1","4290"
"2022-05-13","2","1375"
"2022-05-13","3","6809"
"2022-05-13","4","9715"
"2022-05-13","5","6143"
"2022-05-16","1","1375"
"2022-05-16","2","9715"
"2022-05-16","3","6809"
"2022-05-16","4","6143"
"2022-05-16","5","8923"
"2022-05-17","1","1375"
"2022-05-17","2","9715"
"2022-05-17","3","6809"
"2022-05-17","4","6143"
"2022-05-17","5","8923"
"2022-05-18","1","1375"
"2022-05-18","2","6809"
"2022-05-18","3","9715"
"2022-05-18","4","6143"
"2022-05-18","5","6287"
"2022-05-19","1","1375"
"2022-05-19","2","6809"
"2022-05-19","3","9715"
"2022-05-19","4","6287"
"2022-05-19","5","6143"
"2022-05-20","1","1375"
"2022-05-20","2","9715"
"2022-05-20","3","6809"
"2022-05-20","4","6143"
"2022-05-20","5","5482"
"2022-05-23","1","1375"
"2022-05-23","2","6809"
"2022-05-23","3","9715"
"2022-05-23","4","6143"
"2022-05-23","5","5482"
"2022-05-24","1","1375"
"2022-05-24","2","6809"
"2022-05-24","3","9715"
"2022-05-24","4","6143"
"2022-05-24","5","5482"
"2022-05-25","1","1375"
"2022-05-25","2","9715"
"2022-05-25","3","6809"
"2022-05-25","4","9551"
"2022-05-25","5","6143"
"2022-05-26","1","1375"
"2022-05-26","2","9715"
"2022-05-26","3","6809"
"2022-05-26","4","9551"
"2022-05-26","5","6143"
"2022-05-27","1","1375"
"2022-05-27","2","9551"
"2022-05-27","3","6809"
"2022-05-27","4","6143"
"2022-05-27","5","5482"
"2022-05-30","1","1375"
"2022-05-30","2","9551"
"2022-05-30","3","6809"
"2022-05-30","4","6143"
"2022-05-30","5","5482"
"2022-05-31","1","1375"
"2022-05-31","2","9551"
"2022-05-31","3","6809"
"2022-05-31","4","6143"
"2022-05-31","5","8923"
"2022-06-01","1","1375"
"2022-06-01","2","9551"
"2022-06-01","3","2384"
"2022-06-01","4","6809"
"2022-06-01","5","8923"
"2022-06-02","1","1375"
"2022-06-02","2","9551"
"2022-06-02","3","2384"
"2022-06-02","4","8923"
"2022-06-02","5","6809"
"2022-06-03","1","1375"
"2022-06-03","2","9551"
"2022-06-03","3","2384"
"2022-06-03","4","6143"
"2022-06-03","5","6273"
"2022-06-06","1","1375"
"2022-06-06","2","9551"
"2022-06-06","3","9715"
"2022-06-06","4","2384"
"2022-06-06","5","4519"
"2022-06-07","1","1375"
"2022-06-07","2","9551"
"2022-06-07","3","9715"
"2022-06-07","4","2384"
"2022-06-07","5","4519"
"2022-06-08","1","1375"
"2022-06-08","2","9551"
"2022-06-08","3","9715"
"2022-06-08","4","2384"
"2022-06-08","5","4519"
"2022-06-09","1","1375"
"2022-06-09","2","9551"
"2022-06-09","3","9715"
"2022-06-09","4","2384"
"2022-06-09","5","7995"
"2022-06-10","1","1375"
"2022-06-10","2","9551"
"2022-06-10","3","9715"
"2022-06-10","4","2384"
"2022-06-10","5","8923"
"2022-06-13","1","1375"
"2022-06-13","2","9551"
"2022-06-13","3","2384"
"2022-06-13","4","9715"
"2022-06-13","5","8923"
"2022-06-14","1","1375"
"2022-06-14","2","9551"
"2022-06-14","3","9715"
"2022-06-14","4","8923"
"2022-06-14","5","7995"
"2022-06-15","1","1375"
"2022-06-15","2","9551"
"2022-06-15","3","2384"
"2022-06-15","4","9715"
"2022-06-15","5","7995"
"2022-06-16","1","1375"
"2022-06-16","2","2384"
"2022-06-16","3","9551"
"2022-06-16","4","9715"
"2022-06-16","5","4519"
"2022-06-17","1","1375"
"2022-06-17","2","9551"
"2022-06-17","3","2384"
"2022-06-17","4","9715"
"2022-06-17","5","8923"
"2022-06-20","1","1375"
"2022-06-20","2","2384"
"2022-06-20","3","9551"
"2022-06-20","4","9715"
"2022-06-20","5","6143"
"2022-06-21","1","1375"
"2022-06-21","2","2384"
"2022-06-21","3","9551"
"2022-06-21","4","9715"
"2022-06-21","5","4519"
"2022-06-22","1","1375"
"2022-06-22","2","9551"
"2022-06-22","3","2384"
"2022-06-22","4","9715"
"2022-06-22","5","6143"
"2022-06-23","1","1375"
"2022-06-23","2","9551"
"2022-06-23","3","2384"
"2022-06-23","4","4519"
"2022-06-23","5","6143"
"2022-06-24","1","1375"
"2022-06-24","2","9551"
"2022-06-24","3","6143"
"2022-06-24","4","4519"
"2022-06-24","5","9715"
"2022-06-27","1","1375"
"2022-06-27","2","9551"
"2022-06-27","3","2384"
"2022-06-27","4","6143"
"2022-06-27","5","4461"
"2022-06-28","1","1375"
"2022-06-28","2","9551"
"2022-06-28","3","2384"
"2022-06-28","4","6143"
"2022-06-28","5","4461"
"2022-06-29","1","1375"
"2022-06-29","2","9551"
"2022-06-29","3","2384"
"2022-06-29","4","6143"
"2022-06-29","5","4461"
"2022-06-30","1","1375"
"2022-06-30","2","9551"
"2022-06-30","3","6143"
"2022-06-30","4","9715"
"2022-06-30","5","4461"
"2022-07-01","1","1375"
"2022-07-01","2","9551"
"2022-07-01","3","6143"
"2022-07-01","4","9715"
"2022-07-01","5","4519"
"2022-07-04","1","1375"
"2022-07-04","2","9551"
"2022-07-04","3","6143"
"2022-07-04","4","4519"
"2022-07-04","5","9715"
"2022-07-05","1","1375"
"2022-07-05","2","9551"
"2022-07-05","3","4519"
"2022-07-05","4","9715"
"2022-07-05","5","6143"
"2022-07-06","1","1375"
"2022-07-06","2","9551"
"2022-07-06","3","6143"
"2022-07-06","4","9715"
"2022-07-06","5","4461"
"2022-07-07","1","1375"
"2022-07-07","2","9551"
"2022-07-07","3","9715"
"2022-07-07","4","6143"
"2022-07-07","5","9025"
"2022-07-08","1","1375"
"2022-07-08","2","9551"
"2022-07-08","3","9715"
"2022-07-08","4","6143"
"2022-07-08","5","9025"
"2022-07-11","1","1375"
"2022-07-11","2","9551"
"2022-07-11","3","9715"
"2022-07-11","4","6143"
"2022-07-11","5","9025"
"2022-07-12","1","1375"
"2022-07-12","2","9551"
"2022-07-12","3","9715"
"2022-07-12","4","6143"
"2022-07-12","5","4461"
"2022-07-13","1","1375"
"2022-07-13","2","9551"
"2022-07-13","3","9715"
"2022-07-13","4","6143"
"2022-07-13","5","7995"
"2022-07-14","1","9551"
"2022-07-14","2","9715"
"2022-07-14","3","6143"
"2022-07-14","4","7995"
"2022-07-14","5","4461"
"2022-07-15","1","9551"
"2022-07-15","2","9715"
"2022-07-15","3","6143"
"2022-07-15","4","7995"
"2022-07-15","5","6622"
"2022-07-19","1","9551"
"2022-07-19","2","9715"
"2022-07-19","3","6143"
"2022-07-19","4","7995"
"2022-07-19","5","6622"
"2022-07-20","1","9551"
"2022-07-20","2","6143"
"2022-07-20","3","9715"
"2022-07-20","4","7995"
"2022-07-20","5","6622"
"2022-07-21","1","9551"
"2022-07-21","2","6143"
"2022-07-21","3","9715"
"2022-07-21","4","7995"
"2022-07-21","5","6622"
"2022-07-22","1","9551"
"2022-07-22","2","6143"
"2022-07-22","3","9715"
"2022-07-22","4","7995"
"2022-07-22","5","6622"
"2022-07-25","1","9551"
"2022-07-25","2","6143"
"2022-07-25","3","9715"
"2022-07-25","4","7995"
"2022-07-25","5","6622"
"2022-07-26","1","6143"
"2022-07-26","2","9551"
"2022-07-26","3","9715"
"2022-07-26","4","7995"
"2022-07-26","5","6622"
"2022-07-27","1","6143"
"2022-07-27","2","9551"
"2022-07-27","3","9715"
"2022-07-27","4","7995"
"2022-07-27","5","3880"
"2022-07-28","1","6143"
"2022-07-28","2","9551"
"2022-07-28","3","7995"
"2022-07-28","4","9715"
"2022-07-28","5","4063"
"2022-07-29","1","6143"
"2022-07-29","2","9551"
"2022-07-29","3","9715"
"2022-07-29","4","7995"
"2022-07-29","5","4063"
"2022-08-01","1","9551"
"2022-08-01","2","6143"
"2022-08-01","3","9715"
"2022-08-01","4","3880"
"2022-08-01","5","6622"
"2022-08-02","1","9551"
"2022-08-02","2","6143"
"2022-08-02","3","9715"
"2022-08-02","4","3880"
"2022-08-02","5","7995"
"2022-08-03","1","9551"
"2022-08-03","2","6143"
"2022-08-03","3","3880"
"2022-08-03","4","9715"
"2022-08-03","5","7995"
"2022-08-04","1","9551"
"2022-08-04","2","6143"
"2022-08-04","3","3880"
"2022-08-04","4","9715"
"2022-08-04","5","7995"
"2022-08-05","1","9551"
"2022-08-05","2","6143"
"2022-08-05","3","3880"
"2022-08-05","4","9715"
"2022-08-05","5","7995"
"2022-08-08","1","9551"
"2022-08-08","2","3880"
"2022-08-08","3","6143"
"2022-08-08","4","9715"
"2022-08-08","5","7995"
"2022-08-09","1","9551"
"2022-08-09","2","3880"
"2022-08-09","3","6143"
"2022-08-09","4","7995"
"2022-08-09","5","6622"
"2022-08-10","1","9551"
"2022-08-10","2","3880"
"2022-08-10","3","7995"
"2022-08-10","4","6143"
"2022-08-10","5","6622"
"2022-08-12","1","9551"
"2022-08-12","2","3880"
"2022-08-12","3","6622"
"2022-08-12","4","7995"
"2022-08-12","5","6143"
"2022-08-15","1","9551"
"2022-08-15","2","3880"
"2022-08-15","3","6143"
"2022-08-15","4","6622"
"2022-08-15","5","7995"
"2022-08-16","1","9551"
"2022-08-16","2","2384"
"2022-08-16","3","3880"
"2022-08-16","4","6143"
"2022-08-16","5","6622"
"2022-08-17","1","3880"
"2022-08-17","2","9551"
"2022-08-17","3","2384"
"2022-08-17","4","7995"
"2022-08-17","5","4694"
"2022-08-18","1","9551"
"2022-08-18","2","3880"
"2022-08-18","3","2384"
"2022-08-18","4","4694"
"2022-08-18","5","6143"
"2022-08-19","1","9551"
"2022-08-19","2","2384"
"2022-08-19","3","3880"
"2022-08-19","4","4694"
"2022-08-19","5","6143"
"2022-08-22","1","9551"
"2022-08-22","2","2384"
"2022-08-22","3","4694"
"2022-08-22","4","3880"
"2022-08-22","5","4958"
"2022-08-23","1","9551"
"2022-08-23","2","2384"
"2022-08-23","3","3880"
"2022-08-23","4","4694"
"2022-08-23","5","6143"
"2022-08-24","1","2384"
"2022-08-24","2","9551"
"2022-08-24","3","4694"
"2022-08-24","4","3880"
"2022-08-24","5","4958"
"2022-08-25","1","2384"
"2022-08-25","2","9551"
"2022-08-25","3","4694"
"2022-08-25","4","3880"
"2022-08-25","5","4958"
"2022-08-26","1","2384"
"2022-08-26","2","9551"
"2022-08-26","3","4694"
"2022-08-26","4","3880"
"2022-08-26","5","4958"
"2022-08-29","1","4694"
"2022-08-29","2","9551"
"2022-08-29","3","2384"
"2022-08-29","4","4958"
"2022-08-29","5","3880"
"2022-08-30","1","9551"
"2022-08-30","2","4694"
"2022-08-30","3","2384"
"2022-08-30","4","4958"
"2022-08-30","5","3880"
"2022-08-31","1","9551"
"2022-08-31","2","4694"
"2022-08-31","3","2384"
"2022-08-31","4","4958"
"2022-08-31","5","3880"
"2022-09-01","1","9551"
"2022-09-01","2","4694"
"2022-09-01","3","2384"
"2022-09-01","4","4958"
"2022-09-01","5","3880"
"2022-09-02","1","4694"
"2022-09-02","2","9551"
"2022-09-02","3","2384"
"2022-09-02","4","3865"
"2022-09-02","5","4958"
"2022-09-05","1","9551"
"2022-09-05","2","4694"
"2022-09-05","3","3865"
"2022-09-05","4","2384"
"2022-09-05","5","4958"
"2022-09-06","1","4694"
"2022-09-06","2","9551"
"2022-09-06","3","3865"
"2022-09-06","4","2384"
"2022-09-06","5","4958"
"2022-09-07","1","4694"
"2022-09-07","2","9551"
"2022-09-07","3","2384"
"2022-09-07","4","3865"
"2022-09-07","5","4958"
"2022-09-08","1","4694"
"2022-09-08","2","9551"
"2022-09-08","3","2384"
"2022-09-08","4","3880"
"2022-09-08","5","4958"
"2022-09-09","1","4694"
"2022-09-09","2","9551"
"2022-09-09","3","2384"
"2022-09-09","4","4958"
"2022-09-09","5","3880"
"2022-09-12","1","4694"
"2022-09-12","2","9551"
"2022-09-12","3","4958"
"2022-09-12","4","2384"
"2022-09-12","5","3880"
"2022-09-13","1","4694"
"2022-09-13","2","9551"
"2022-09-13","3","4958"
"2022-09-13","4","2384"
"2022-09-13","5","3880"
"2022-09-14","1","4694"
"2022-09-14","2","9551"
"2022-09-14","3","4958"
"2022-09-14","4","2384"
"2022-09-14","5","3880"
"2022-09-15","1","4694"
"2022-09-15","2","9551"
"2022-09-15","3","4958"
"2022-09-15","4","2384"
"2022-09-15","5","3880"
"2022-09-16","1","4958"
"2022-09-16","2","9551"
"2022-09-16","3","4694"
"2022-09-16","4","2384"
"2022-09-16","5","3865"
"2022-09-20","1","4958"
"2022-09-20","2","9551"
"2022-09-20","3","4694"
"2022-09-20","4","2384"
"2022-09-20","5","3880"
"2022-09-21","1","4958"
"2022-09-21","2","9551"
"2022-09-21","3","4694"
"2022-09-21","4","9025"
"2022-09-21","5","2384"
"2022-09-22","1","4958"
"2022-09-22","2","9551"
"2022-09-22","3","4694"
"2022-09-22","4","9025"
"2022-09-22","5","2384"
"2022-09-26","1","4958"
"2022-09-26","2","4694"
"2022-09-26","3","9551"
"2022-09-26","4","2384"
"2022-09-26","5","3865"
"2022-09-27","1","4694"
"2022-09-27","2","4958"
"2022-09-27","3","9551"
"2022-09-27","4","2384"
"2022-09-27","5","9025"
"2022-09-28","1","9551"
"2022-09-28","2","4958"
"2022-09-28","3","4694"
"2022-09-28","4","2384"
"2022-09-28","5","3865"
"2022-09-29","1","9551"
"2022-09-29","2","2384"
"2022-09-29","3","4958"
"2022-09-29","4","4694"
"2022-09-29","5","7995"
"2022-09-30","1","9551"
"2022-09-30","2","2384"
"2022-09-30","3","4958"
"2022-09-30","4","4694"
"2022-09-30","5","7995"
"2022-10-03","1","9551"
"2022-10-03","2","2384"
"2022-10-03","3","4958"
"2022-10-03","4","4694"
"2022-10-03","5","7995"
"2022-10-04","1","9551"
"2022-10-04","2","2384"
"2022-10-04","3","4958"
"2022-10-04","4","7995"
"2022-10-04","5","4694"
"2022-10-05","1","9551"
"2022-10-05","2","2384"
"2022-10-05","3","4958"
"2022-10-05","4","4694"
"2022-10-05","5","3865"
"2022-10-06","1","9551"
"2022-10-06","2","2384"
"2022-10-06","3","4958"
"2022-10-06","4","3865"
"2022-10-06","5","7995"
"2022-10-07","1","9551"
"2022-10-07","2","2384"
"2022-10-07","3","4958"
"2022-10-07","4","3865"
"2022-10-07","5","4694"
"2022-10-11","1","9551"
"2022-10-11","2","2384"
"2022-10-11","3","4958"
"2022-10-11","4","3865"
"2022-10-11","5","4694"
"2022-10-12","1","9551"
"2022-10-12","2","4958"
"2022-10-12","3","2384"
"2022-10-12","4","3865"
"2022-10-12","5","4694"
"2022-10-13","1","9551"
"2022-10-13","2","2384"
"2022-10-13","3","4958"
"2022-10-13","4","3865"
"2022-10-13","5","9715"
"2022-10-14","1","9551"
"2022-10-14","2","2384"
"2022-10-14","3","3865"
"2022-10-14","4","9715"
"2022-10-14","5","4694"
"2022-10-17","1","2384"
"2022-10-17","2","9551"
"2022-10-17","3","3865"
"2022-10-17","4","9715"
"2022-10-17","5","4694"
"2022-10-18","1","2384"
"2022-10-18","2","9551"
"2022-10-18","3","3865"
"2022-10-18","4","9715"
"2022-10-18","5","4694"
"2022-10-19","1","2384"
"2022-10-19","2","9551"
"2022-10-19","3","3865"
"2022-10-19","4","9715"
"2022-10-19","5","4694"
"2022-10-20","1","2384"
"2022-10-20","2","9551"
"2022-10-20","3","3865"
"2022-10-20","4","9715"
"2022-10-20","5","4694"
"2022-10-21","1","2384"
"2022-10-21","2","3865"
"2022-10-21","3","9551"
"2022-10-21","4","9715"
"2022-10-21","5","4694"
"2022-10-24","1","2384"
"2022-10-24","2","3865"
"2022-10-24","3","9715"
"2022-10-24","4","9551"
"2022-10-24","5","4694"
"2022-10-25","1","2384"
"2022-10-25","2","3865"
"2022-10-25","3","9715"
"2022-10-25","4","9551"
"2022-10-25","5","4694"
"2022-10-26","1","2384"
"2022-10-26","2","3865"
"2022-10-26","3","9715"
"2022-10-26","4","9551"
"2022-10-26","5","4694"
"2022-10-27","1","2384"
"2022-10-27","2","3865"
"2022-10-27","3","9715"
"2022-10-27","4","9551"
"2022-10-27","5","9025"
"2022-10-28","1","2384"
"2022-10-28","2","3865"
"2022-10-28","3","9715"
"2022-10-28","4","9551"
"2022-10-28","5","9025"
"2022-10-31","1","2384"
"2022-10-31","2","3865"
"2022-10-31","3","9715"
"2022-10-31","4","9551"
"2022-10-31","5","9025"
"2022-11-01","1","2384"
"2022-11-01","2","3865"
"2022-11-01","3","9551"
"2022-11-01","4","9536"
"2022-11-01","5","9025"
"2022-11-02","1","2384"
"2022-11-02","2","3865"
"2022-11-02","3","9551"
"2022-11-02","4","9536"
"2022-11-02","5","6289"
"2022-11-04","1","3865"
"2022-11-04","2","2384"
"2022-11-04","3","9551"
"2022-11-04","4","9536"
"2022-11-04","5","6289"
"2022-11-07","1","2384"
"2022-11-07","2","3865"
"2022-11-07","3","9551"
"2022-11-07","4","5970"
"2022-11-07","5","9536"
"2022-11-08","1","2384"
"2022-11-08","2","3865"
"2022-11-08","3","5970"
"2022-11-08","4","9551"
"2022-11-08","5","9536"
"2022-11-09","1","3865"
"2022-11-09","2","2384"
"2022-11-09","3","9551"
"2022-11-09","4","6744"
"2022-11-09","5","5970"
"2022-11-10","1","4958"
"2022-11-10","2","2384"
"2022-11-10","3","3865"
"2022-11-10","4","9551"
"2022-11-10","5","9715"
"2022-11-11","1","4958"
"2022-11-11","2","2384"
"2022-11-11","3","3865"
"2022-11-11","4","9715"
"2022-11-11","5","9551"
"2022-11-14","1","2384"
"2022-11-14","2","8075"
"2022-11-14","3","9551"
"2022-11-14","4","9025"
"2022-11-14","5","9715"
"2022-11-15","1","2384"
"2022-11-15","2","9551"
"2022-11-15","3","8075"
"2022-11-15","4","9025"
"2022-11-15","5","9715"
"2022-11-16","1","2384"
"2022-11-16","2","9551"
"2022-11-16","3","8075"
"2022-11-16","4","9715"
"2022-11-16","5","5970"
"2022-11-17","1","2384"
"2022-11-17","2","9551"
"2022-11-17","3","8075"
"2022-11-17","4","9715"
"2022-11-17","5","9025"
"2022-11-18","1","9551"
"2022-11-18","2","2384"
"2022-11-18","3","9715"
"2022-11-18","4","9025"
"2022-11-18","5","8075"
"2022-11-21","1","9551"
"2022-11-21","2","2384"
"2022-11-21","3","9715"
"2022-11-21","4","8075"
"2022-11-21","5","5970"
"2022-11-22","1","9551"
"2022-11-22","2","2384"
"2022-11-22","3","9715"
"2022-11-22","4","8075"
"2022-11-22","5","5970"
"2022-11-24","1","3865"
"2022-11-24","2","9551"
"2022-11-24","3","2384"
"2022-11-24","4","9715"
"2022-11-24","5","8075"
"2022-11-25","1","9551"
"2022-11-25","2","3865"
"2022-11-25","3","9715"
"2022-11-25","4","2384"
"2022-11-25","5","8075"
"2022-11-28","1","3865"
"2022-11-28","2","9551"
"2022-11-28","3","2384"
"2022-11-28","4","9715"
"2022-11-28","5","8075"
"2022-11-29","1","3865"
"2022-11-29","2","9551"
"2022-11-29","3","2384"
"2022-11-29","4","8075"
"2022-11-29","5","9715"
"2022-11-30","1","3865"
"2022-11-30","2","9551"
"2022-11-30","3","2384"
"2022-11-30","4","8075"
"2022-11-30","5","9715"
"2022-12-01","1","9551"
"2022-12-01","2","3865"
"2022-12-01","3","2384"
"2022-12-01","4","9715"
"2022-12-01","5","8075"
"2022-12-02","1","9551"
"2022-12-02","2","3865"
"2022-12-02","3","2384"
"2022-12-02","4","9715"
"2022-12-02","5","6289"
"2022-12-05","1","9551"
"2022-12-05","2","3865"
"2022-12-05","3","2384"
"2022-12-05","4","4078"
"2022-12-05","5","6289"
"2022-12-06","1","3865"
"2022-12-06","2","9551"
"2022-12-06","3","2384"
"2022-12-06","4","6289"
"2022-12-06","5","9715"
"2022-12-07","1","9551"
"2022-12-07","2","3865"
"2022-12-07","3","2384"
"2022-12-07","4","6289"
"2022-12-07","5","9715"
"2022-12-08","1","9551"
"2022-12-08","2","3865"
"2022-12-08","3","6289"
"2022-12-08","4","2384"
"2022-12-08","5","9715"
"2022-12-09","1","9551"
"2022-12-09","2","3865"
"2022-12-09","3","6289"
"2022-12-09","4","2384"
"2022-12-09","5","9715"
"2022-12-12","1","9551"
"2022-12-12","2","3865"
"2022-12-12","3","6289"
"2022-12-12","4","2384"
"2022-12-12","5","9715"
"2022-12-13","1","9551"
"2022-12-13","2","6289"
"2022-12-13","3","3865"
"2022-12-13","4","2384"
"2022-12-13","5","9715"
"2022-12-14","1","9551"
"2022-12-14","2","6289"
"2022-12-14","3","9715"
"2022-12-14","4","2384"
"2022-12-14","5","3865"
"2022-12-15","1","9551"
"2022-12-15","2","6289"
"2022-12-15","3","9715"
"2022-12-15","4","3865"
"2022-12-15","5","2384"
"2022-12-16","1","9551"
"2022-12-16","2","6289"
"2022-12-16","3","9715"
"2022-12-16","4","3865"
"2022-12-16","5","7239"
"2022-12-19","1","9551"
"2022-12-19","2","6289"
"2022-12-19","3","3865"
"2022-12-19","4","9715"
"2022-12-19","5","7239"
"2022-12-20","1","9551"
"2022-12-20","2","6289"
"2022-12-20","3","3865"
"2022-12-20","4","9715"
"2022-12-20","5","2384"
"2022-12-21","1","9551"
"2022-12-21","2","6289"
"2022-12-21","3","3865"
"2022-12-21","4","9715"
"2022-12-21","5","2384"
"2022-12-22","1","9551"
"2022-12-22","2","6289"
"2022-12-22","3","3865"
"2022-12-22","4","7239"
"2022-12-22","5","4078"
"2022-12-23","1","9551"
"2022-12-23","2","6289"
"2022-12-23","3","3865"
"2022-12-23","4","4078"
"2022-12-23","5","2384"
"2022-12-26","1","9551"
"2022-12-26","2","6289"
"2022-12-26","3","3865"
"2022-12-26","4","4078"
"2022-12-26","5","8075"
"2022-12-27","1","9551"
"2022-12-27","2","6289"
"2022-12-27","3","3865"
"2022-12-27","4","4078"
"2022-12-27","5","8075"
"2022-12-28","1","9551"
"2022-12-28","2","6289"
"2022-12-28","3","3865"
"2022-12-28","4","4078"
"2022-12-28","5","8075"
"2022-12-29","1","9551"
"2022-12-29","2","6289"
"2022-12-29","3","3865"
"2022-12-29","4","4078"
"2022-12-29","5","2384"
"2022-12-30","1","9551"
"2022-12-30","2","6289"
"2022-12-30","3","3865"
"2022-12-30","4","4021"
"2022-12-30","5","4078"
"2023-01-04","1","9551"
"2023-01-04","2","6289"
"2023-01-04","3","3865"
"2023-01-04","4","4021"
"2023-01-04","5","4078"
"2023-01-05","1","9551"
"2023-01-05","2","6289"
"2023-01-05","3","3865"
"2023-01-05","4","6419"
"2023-01-05","5","4021"
"2023-01-06","1","9551"
"2023-01-06","2","6289"
"2023-01-06","3","3865"
"2023-01-06","4","4021"
"2023-01-06","5","6419"
"2023-01-10","1","9551"
"2023-01-10","2","6289"
"2023-01-10","3","3865"
"2023-01-10","4","6419"
"2023-01-10","5","4078"
"2023-01-11","1","9551"
"2023-01-11","2","6289"
"2023-01-11","3","3865"
"2023-01-11","4","6419"
"2023-01-11","5","4078"
"2023-01-12","1","9551"
"2023-01-12","2","6289"
"2023-01-12","3","6419"
"2023-01-12","4","3865"
"2023-01-12","5","4078"
"2023-01-13","1","9551"
"2023-01-13","2","6289"
"2023-01-13","3","6419"
"2023-01-13","4","3865"
"2023-01-13","5","4021"
"2023-01-16","1","9551"
"2023-01-16","2","6289"
"2023-01-16","3","6419"
"2023-01-16","4","3865"
"2023-01-16","5","4078"
"2023-01-17","1","9551"
"2023-01-17","2","6289"
"2023-01-17","3","3865"
"2023-01-17","4","6419"
"2023-01-17","5","4078"
"2023-01-18","1","9551"
"2023-01-18","2","6289"
"2023-01-18","3","3865"
"2023-01-18","4","6419"
"2023-01-18","5","4078"
"2023-01-19","1","9551"
"2023-01-19","2","6289"
"2023-01-19","3","3865"
"2023-01-19","4","6419"
"2023-01-19","5","4078"
"2023-01-20","1","9551"
"2023-01-20","2","6289"
"2023-01-20","3","3865"
"2023-01-20","4","6419"
"2023-01-20","5","2602"
"2023-01-23","1","9551"
"2023-01-23","2","6289"
"2023-01-23","3","3865"
"2023-01-23","4","6419"
"2023-01-23","5","4021"
"2023-01-24","1","9551"
"2023-01-24","2","6289"
"2023-01-24","3","6419"
"2023-01-24","4","3865"
"2023-01-24","5","4021"
"2023-01-25","1","9551"
"2023-01-25","2","6289"
"2023-01-25","3","3865"
"2023-01-25","4","6419"
"2023-01-25","5","2602"
"2023-01-26","1","9551"
"2023-01-26","2","6419"
"2023-01-26","3","6289"
"2023-01-26","4","3865"
"2023-01-26","5","7970"
"2023-01-27","1","9551"
"2023-01-27","2","3865"
"2023-01-27","3","6419"
"2023-01-27","4","6289"
"2023-01-27","5","4021"
"2023-01-30","1","6419"
"2023-01-30","2","9551"
"2023-01-30","3","3865"
"2023-01-30","4","6289"
"2023-01-30","5","4021"
"2023-01-31","1","6419"
"2023-01-31","2","9551"
"2023-01-31","3","4021"
"2023-01-31","4","3865"
"2023-01-31","5","6289"
"2023-02-01","1","4021"
"2023-02-01","2","9551"
"2023-02-01","3","3865"
"2023-02-01","4","6419"
"2023-02-01","5","4694"
"2023-02-02","1","4021"
"2023-02-02","2","9551"
"2023-02-02","3","3865"
"2023-02-02","4","7970"
"2023-02-02","5","6419"
"2023-02-03","1","4021"
"2023-02-03","2","9551"
"2023-02-03","3","3865"
"2023-02-03","4","4694"
"2023-02-03","5","6289"
"2023-02-06","1","4021"
"2023-02-06","2","9551"
"2023-02-06","3","3865"
"2023-02-06","4","6419"
"2023-02-06","5","6289"
"2023-02-07","1","4021"
"2023-02-07","2","3865"
"2023-02-07","3","6289"
"2023-02-07","4","9551"
"2023-02-07","5","6419"
"2023-02-08","1","4021"
"2023-02-08","2","3865"
"2023-02-08","3","9551"
"2023-02-08","4","6289"
"2023-02-08","5","4694"
"2023-02-09","1","4021"
"2023-02-09","2","3865"
"2023-02-09","3","6419"
"2023-02-09","4","9551"
"2023-02-09","5","4694"
"2023-02-10","1","4021"
"2023-02-10","2","6419"
"2023-02-10","3","3865"
"2023-02-10","4","4694"
"2023-02-10","5","2602"
"2023-02-13","1","4021"
"2023-02-13","2","3865"
"2023-02-13","3","6419"
"2023-02-13","4","9551"
"2023-02-13","5","2602"
"2023-02-14","1","4021"
"2023-02-14","2","9551"
"2023-02-14","3","3865"
"2023-02-14","4","7239"
"2023-02-14","5","4694"
"2023-02-15","1","4021"
"2023-02-15","2","3865"
"2023-02-15","3","9551"
"2023-02-15","4","7239"
"2023-02-15","5","2602"
"2023-02-16","1","4021"
"2023-02-16","2","3865"
"2023-02-16","3","9551"
"2023-02-16","4","7239"
"2023-02-16","5","2602"
"2023-02-17","1","4021"
"2023-02-17","2","9551"
"2023-02-17","3","3865"
"2023-02-17","4","4694"
"2023-02-17","5","7239"
"2023-02-20","1","4021"
"2023-02-20","2","9551"
"2023-02-20","3","4694"
"2023-02-20","4","2602"
"2023-02-20","5","3865"
"2023-02-21","1","4021"
"2023-02-21","2","9551"
"2023-02-21","3","4694"
"2023-02-21","4","2602"
"2023-02-21","5","7239"
"2023-02-22","1","4021"
"2023-02-22","2","9551"
"2023-02-22","3","4694"
"2023-02-22","4","2602"
"2023-02-22","5","1969"
"2023-02-24","1","4021"
"2023-02-24","2","2602"
"2023-02-24","3","4694"
"2023-02-24","4","9551"
"2023-02-24","5","1969"
"2023-02-27","1","4021"
"2023-02-27","2","3864"
"2023-02-27","3","5288"
"2023-02-27","4","2602"
"2023-02-27","5","4694"
"2023-02-28","1","4021"
"2023-02-28","2","3864"
"2023-02-28","3","8158"
"2023-02-28","4","5288"
"2023-02-28","5","4694"
"2023-03-01","1","4021"
"2023-03-01","2","8158"
"2023-03-01","3","5288"
"2023-03-01","4","3864"
"2023-03-01","5","4694"
"2023-03-02","1","4021"
"2023-03-02","2","8158"
"2023-03-02","3","3864"
"2023-03-02","4","5288"
"2023-03-02","5","9551"
"2023-03-03","1","4021"
"2023-03-03","2","8158"
"2023-03-03","3","3864"
"2023-03-03","4","5288"
"2023-03-03","5","2602"
"2023-03-06","1","4021"
"2023-03-06","2","5288"
"2023-03-06","3","8158"
"2023-03-06","4","3864"
"2023-03-06","5","7239"
"2023-03-07","1","4021"
"2023-03-07","2","8158"
"2023-03-07","3","7239"
"2023-03-07","4","9551"
"2023-03-07","5","2602"
"2023-03-08","1","4021"
"2023-03-08","2","8158"
"2023-03-08","3","9551"
"2023-03-08","4","2602"
"2023-03-08","5","7239"
"2023-03-09","1","4021"
"2023-03-09","2","8158"
"2023-03-09","3","4109"
"2023-03-09","4","5288"
"2023-03-09","5","9551"
"2023-03-10","1","4021"
"2023-03-10","2","8158"
"2023-03-10","3","5288"
"2023-03-10","4","2602"
"2023-03-10","5","2871"
"2023-03-13","1","4021"
"2023-03-13","2","8158"
"2023-03-13","3","2602"
"2023-03-13","4","4109"
"2023-03-13","5","5288"
"2023-03-14","1","4021"
"2023-03-14","2","4220"
"2023-03-14","3","8158"
"2023-03-14","4","2602"
"2023-03-14","5","3864"
"2023-03-15","1","4021"
"2023-03-15","2","4220"
"2023-03-15","3","8158"
"2023-03-15","4","5288"
"2023-03-15","5","4694"
"2023-03-16","1","4021"
"2023-03-16","2","8158"
"2023-03-16","3","4694"
"2023-03-16","4","2602"
"2023-03-16","5","5288"
"2023-03-17","1","4021"
"2023-03-17","2","4220"
"2023-03-17","3","8158"
"2023-03-17","4","5288"
"2023-03-17","5","2602"
"2023-03-20","1","4021"
"2023-03-20","2","4220"
"2023-03-20","3","5288"
"2023-03-20","4","2602"
"2023-03-20","5","4109"
"2023-03-22","1","4021"
"2023-03-22","2","5288"
"2023-03-22","3","2602"
"2023-03-22","4","8158"
"2023-03-22","5","1976"
"2023-03-23","1","4021"
"2023-03-23","2","1976"
"2023-03-23","3","2602"
"2023-03-23","4","8158"
"2023-03-23","5","5288"
"2023-03-24","1","4021"
"2023-03-24","2","1976"
"2023-03-24","3","2602"
"2023-03-24","4","8158"
"2023-03-24","5","5288"
"2023-03-27","1","4021"
"2023-03-27","2","8158"
"2023-03-27","3","2602"
"2023-03-27","4","1976"
"2023-03-27","5","5288"
"2023-03-28","1","4021"
"2023-03-28","2","8158"
"2023-03-28","3","1976"
"2023-03-28","4","2602"
"2023-03-28","5","4109"
"2023-03-29","1","4021"
"2023-03-29","2","8158"
"2023-03-29","3","1976"
"2023-03-29","4","2602"
"2023-03-29","5","5288"
"2023-03-30","1","8158"
"2023-03-30","2","1976"
"2023-03-30","3","4021"
"2023-03-30","4","2602"
"2023-03-30","5","5288"
"2023-03-31","1","8158"
"2023-03-31","2","1976"
"2023-03-31","3","4021"
"2023-03-31","4","2602"
"2023-03-31","5","5288"
"2023-04-03","1","8158"
"2023-04-03","2","1976"
"2023-04-03","3","4021"
"2023-04-03","4","5288"
"2023-04-03","5","2602"
"2023-04-04","1","8158"
"2023-04-04","2","1976"
"2023-04-04","3","4021"
"2023-04-04","4","5288"
"2023-04-04","5","2602"
"2023-04-05","1","8158"
"2023-04-05","2","4021"
"2023-04-05","3","1976"
"2023-04-05","4","5288"
"2023-04-05","5","2602"
"2023-04-06","1","8158"
"2023-04-06","2","1976"
"2023-04-06","3","4021"
"2023-04-06","4","5288"
"2023-04-06","5","2602"
"2023-04-07","1","8158"
"2023-04-07","2","4021"
"2023-04-07","3","1976"
"2023-04-07","4","4694"
"2023-04-07","5","5288"
"2023-04-10","1","8158"
"2023-04-10","2","1976"
"2023-04-10","3","4021"
"2023-04-10","4","4694"
"2023-04-10","5","2602"
"2023-04-11","1","1976"
"2023-04-11","2","8158"
"2023-04-11","3","4694"
"2023-04-11","4","4021"
"2023-04-11","5","2602"
"2023-04-12","1","1976"
"2023-04-12","2","8158"
"2023-04-12","3","4694"
"2023-04-12","4","2602"
"2023-04-12","5","4021"
"2023-04-13","1","1976"
"2023-04-13","2","8158"
"2023-04-13","3","4694"
"2023-04-13","4","2602"
"2023-04-13","5","4021"
"2023-04-14","1","1976"
"2023-04-14","2","4694"
"2023-04-14","3","8158"
"2023-04-14","4","2602"
"2023-04-14","5","4021"
"2023-04-17","1","1976"
"2023-04-17","2","8158"
"2023-04-17","3","4694"
"2023-04-17","4","2602"
"2023-04-17","5","4021"
"2023-04-18","1","1976"
"2023-04-18","2","8158"
"2023-04-18","3","4021"
"2023-04-18","4","4694"
"2023-04-18","5","2602"
"2023-04-19","1","1976"
"2023-04-19","2","8158"
"2023-04-19","3","4694"
"2023-04-19","4","2602"
"2023-04-19","5","4021"
"2023-04-20","1","1976"
"2023-04-20","2","8158"
"2023-04-20","3","4694"
"2023-04-20","4","4021"
"2023-04-20","5","2602"
"2023-04-21","1","1976"
"2023-04-21","2","8158"
"2023-04-21","3","4694"
"2023-04-21","4","4021"
"2023-04-21","5","2602"
"2023-04-24","1","8158"
"2023-04-24","2","4694"
"2023-04-24","3","2602"
"2023-04-24","4","4021"
"2023-04-24","5","2871"
"2023-04-25","1","4694"
"2023-04-25","2","4021"
"2023-04-25","3","2602"
"2023-04-25","4","1976"
"2023-04-25","5","2871"
"2023-04-26","1","4694"
"2023-04-26","2","2602"
"2023-04-26","3","4021"
"2023-04-26","4","1976"
"2023-04-26","5","7239"
"2023-04-27","1","4694"
"2023-04-27","2","2602"
"2023-04-27","3","1976"
"2023-04-27","4","4021"
"2023-04-27","5","2871"
"2023-04-28","1","2602"
"2023-04-28","2","4694"
"2023-04-28","3","1976"
"2023-04-28","4","4021"
"2023-04-28","5","2871"
"2023-05-01","1","2602"
"2023-05-01","2","4694"
"2023-05-01","3","4021"
"2023-05-01","4","1976"
"2023-05-01","5","2871"
"2023-05-02","1","4694"
"2023-05-02","2","2602"
"2023-05-02","3","1976"
"2023-05-02","4","4021"
"2023-05-02","5","2871"
"2023-05-08","1","4694"
"2023-05-08","2","2602"
"2023-05-08","3","1976"
"2023-05-08","4","4021"
"2023-05-08","5","2871"
"2023-05-09","1","4694"
"2023-05-09","2","2602"
"2023-05-09","3","1976"
"2023-05-09","4","4021"
"2023-05-09","5","7970"
"2023-05-10","1","4694"
"2023-05-10","2","7269"
"2023-05-10","3","2602"
"2023-05-10","4","1976"
"2023-05-10","5","2871"
"2023-05-11","1","4694"
"2023-05-11","2","7269"
"2023-05-11","3","2602"
"2023-05-11","4","2871"
"2023-05-11","5","1976"
"2023-05-12","1","7269"
"2023-05-12","2","2602"
"2023-05-12","3","4694"
"2023-05-12","4","1976"
"2023-05-12","5","2871"
"2023-05-15","1","7269"
"2023-05-15","2","1976"
"2023-05-15","3","2602"
"2023-05-15","4","2871"
"2023-05-15","5","4694"
"2023-05-16","1","7269"
"2023-05-16","2","1976"
"2023-05-16","3","2602"
"2023-05-16","4","4694"
"2023-05-16","5","2871"
"2023-05-17","1","7269"
"2023-05-17","2","1976"
"2023-05-17","3","2602"
"2023-05-17","4","4694"
"2023-05-17","5","4021"
"2023-05-18","1","7269"
"2023-05-18","2","2602"
"2023-05-18","3","1976"
"2023-05-18","4","4021"
"2023-05-18","5","2871"
"2023-05-19","1","7269"
"2023-05-19","2","1976"
"2023-05-19","3","2602"
"2023-05-19","4","8252"
"2023-05-19","5","2871"
"2023-05-22","1","7269"
"2023-05-22","2","1976"
"2023-05-22","3","4694"
"2023-05-22","4","2602"
"2023-05-22","5","2871"
"2023-05-23","1","7269"
"2023-05-23","2","1976"
"2023-05-23","3","4694"
"2023-05-23","4","2602"
"2023-05-23","5","2871"
"2023-05-24","1","7269"
"2023-05-24","2","4694"
"2023-05-24","3","2602"
"2023-05-24","4","1976"
"2023-05-24","5","2871"
"2023-05-25","1","7269"
"2023-05-25","2","4694"
"2023-05-25","3","1976"
"2023-05-25","4","2602"
"2023-05-25","5","2871"
"2023-05-26","1","7269"
"2023-05-26","2","4694"
"2023-05-26","3","8252"
"2023-05-26","4","1976"
"2023-05-26","5","2602"
"2023-05-29","1","7269"
"2023-05-29","2","4694"
"2023-05-29","3","1976"
"2023-05-29","4","8252"
"2023-05-29","5","2602"
"2023-05-30","1","3284"
"2023-05-30","2","7269"
"2023-05-30","3","4694"
"2023-05-30","4","1976"
"2023-05-30","5","2871"
"2023-05-31","1","3284"
"2023-05-31","2","7269"
"2023-05-31","3","1976"
"2023-05-31","4","4694"
"2023-05-31","5","2602"
"2023-06-01","1","3284"
"2023-06-01","2","7269"
"2023-06-01","3","1976"
"2023-06-01","4","4694"
"2023-06-01","5","2602"
"2023-06-02","1","3284"
"2023-06-02","2","7269"
"2023-06-02","3","1976"
"2023-06-02","4","4694"
"2023-06-02","5","2602"
"2023-06-05","1","3284"
"2023-06-05","2","7269"
"2023-06-05","3","1976"
"2023-06-05","4","4694"
"2023-06-05","5","2602"
"2023-06-06","1","3284"
"2023-06-06","2","7269"
"2023-06-06","3","1976"
"2023-06-06","4","4694"
"2023-06-06","5","2602"
"2023-06-07","1","3284"
"2023-06-07","2","7269"
"2023-06-07","3","1976"
"2023-06-07","4","4694"
"2023-06-07","5","4912"
"2023-06-08","1","3284"
"2023-06-08","2","7269"
"2023-06-08","3","4912"
"2023-06-08","4","4694"
"2023-06-08","5","2602"
"2023-06-09","1","3284"
"2023-06-09","2","7269"
"2023-06-09","3","4912"
"2023-06-09","4","4694"
"2023-06-09","5","2602"
"2023-06-12","1","3284"
"2023-06-12","2","7269"
"2023-06-12","3","1976"
"2023-06-12","4","4694"
"2023-06-12","5","4912"
"2023-06-13","1","3284"
"2023-06-13","2","7269"
"2023-06-13","3","1976"
"2023-06-13","4","4694"
"2023-06-13","5","2602"
"2023-06-14","1","3284"
"2023-06-14","2","7269"
"2023-06-14","3","1976"
"2023-06-14","4","4694"
"2023-06-14","5","4912"
"2023-06-15","1","3284"
"2023-06-15","2","7269"
"2023-06-15","3","1976"
"2023-06-15","4","4694"
"2023-06-15","5","4912"
"2023-06-16","1","3284"
"2023-06-16","2","7269"
"2023-06-16","3","1976"
"2023-06-16","4","4694"
"2023-06-16","5","4912"
"2023-06-19","1","3284"
"2023-06-19","2","7269"
"2023-06-19","3","1976"
"2023-06-19","4","4694"
"2023-06-19","5","4912"
"2023-06-20","1","3284"
"2023-06-20","2","7269"
"2023-06-20","3","1976"
"2023-06-20","4","4694"
"2023-06-20","5","4912"
"2023-06-21","1","3284"
"2023-06-21","2","7269"
"2023-06-21","3","1375"
"2023-06-21","4","1976"
"2023-06-21","5","4694"
"2023-06-22","1","3284"
"2023-06-22","2","7269"
"2023-06-22","3","1375"
"2023-06-22","4","1976"
"2023-06-22","5","4694"
"2023-06-23","1","3284"
"2023-06-23","2","7269"
"2023-06-23","3","1976"
"2023-06-23","4","1375"
"2023-06-23","5","4694"
"2023-06-26","1","3284"
"2023-06-26","2","1976"
"2023-06-26","3","4694"
"2023-06-26","4","1375"
"2023-06-26","5","4912"
"2023-06-27","1","3284"
"2023-06-27","2","4694"
"2023-06-27","3","1375"
"2023-06-27","4","4506"
"2023-06-27","5","4912"
"2023-06-28","1","3284"
"2023-06-28","2","4694"
"2023-06-28","3","1375"
"2023-06-28","4","4912"
"2023-06-28","5","4506"
"2023-06-29","1","3284"
"2023-06-29","2","4694"
"2023-06-29","3","1375"
"2023-06-29","4","4912"
"2023-06-29","5","4506"
"2023-06-30","1","3284"
"2023-06-30","2","4694"
"2023-06-30","3","4912"
"2023-06-30","4","1375"
"2023-06-30","5","4506"
"2023-07-03","1","3284"
"2023-07-03","2","4694"
"2023-07-03","3","4912"
"2023-07-03","4","1375"
"2023-07-03","5","4506"
"2023-07-04","1","3284"
"2023-07-04","2","4694"
"2023-07-04","3","4912"
"2023-07-04","4","1375"
"2023-07-04","5","4506"
"2023-07-05","1","4912"
"2023-07-05","2","4694"
"2023-07-05","3","1375"
"2023-07-05","4","4506"
"2023-07-05","5","2871"
"2023-07-06","1","4694"
"2023-07-06","2","4912"
"2023-07-06","3","1375"
"2023-07-06","4","4506"
"2023-07-06","5","2871"
"2023-07-07","1","4912"
"2023-07-07","2","1375"
"2023-07-07","3","4694"
"2023-07-07","4","4506"
"2023-07-07","5","2871"
"2023-07-10","1","4912"
"2023-07-10","2","4694"
"2023-07-10","3","1375"
"2023-07-10","4","4506"
"2023-07-10","5","2871"
"2023-07-11","1","1375"
"2023-07-11","2","4912"
"2023-07-11","3","4694"
"2023-07-11","4","4506"
"2023-07-11","5","5707"
"2023-07-12","1","4912"
"2023-07-12","2","1375"
"2023-07-12","3","4694"
"2023-07-12","4","4516"
"2023-07-12","5","5707"
"2023-07-13","1","1375"
"2023-07-13","2","4912"
"2023-07-13","3","4694"
"2023-07-13","4","4516"
"2023-07-13","5","4506"
"2023-07-14","1","1375"
"2023-07-14","2","4912"
"2023-07-14","3","4694"
"2023-07-14","4","5707"
"2023-07-14","5","4516"
"2023-07-18","1","1375"
"2023-07-18","2","4912"
"2023-07-18","3","4694"
"2023-07-18","4","4516"
"2023-07-18","5","5707"
"2023-07-19","1","1375"
"2023-07-19","2","4912"
"2023-07-19","3","5707"
"2023-07-19","4","4694"
"2023-07-19","5","4516"
"2023-07-20","1","1375"
"2023-07-20","2","4912"
"2023-07-20","3","5707"
"2023-07-20","4","4694"
"2023-07-20","5","4516"
"2023-07-21","1","1375"
"2023-07-21","2","4912"
"2023-07-21","3","5707"
"2023-07-21","4","4694"
"2023-07-21","5","4004"
"2023-07-24","1","1375"
"2023-07-24","2","4912"
"2023-07-24","3","4004"
"2023-07-24","4","5707"
"2023-07-24","5","4985"
"2023-07-25","1","1375"
"2023-07-25","2","4912"
"2023-07-25","3","5707"
"2023-07-25","4","4985"
"2023-07-25","5","4694"
"2023-07-26","1","1375"
"2023-07-26","2","4912"
"2023-07-26","3","5707"
"2023-07-26","4","4985"
"2023-07-26","5","4004"
"2023-07-27","1","1375"
"2023-07-27","2","4912"
"2023-07-27","3","5707"
"2023-07-27","4","4985"
"2023-07-27","5","4694"
"2023-07-28","1","1375"
"2023-07-28","2","4912"
"2023-07-28","3","4985"
"2023-07-28","4","5707"
"2023-07-28","5","2602"
"2023-07-31","1","1375"
"2023-07-31","2","4912"
"2023-07-31","3","2602"
"2023-07-31","4","5707"
"2023-07-31","5","4004"
"2023-08-01","1","1375"
"2023-08-01","2","4912"
"2023-08-01","3","2602"
"2023-08-01","4","4694"
"2023-08-01","5","4985"
"2023-08-02","1","1375"
"2023-08-02","2","4912"
"2023-08-02","3","5707"
"2023-08-02","4","2602"
"2023-08-02","5","4985"
"2023-08-03","1","1375"
"2023-08-03","2","4912"
"2023-08-03","3","4985"
"2023-08-03","4","5707"
"2023-08-03","5","2602"
"2023-08-04","1","1375"
"2023-08-04","2","4912"
"2023-08-04","3","4985"
"2023-08-04","4","5707"
"2023-08-04","5","2602"
"2023-08-07","1","4912"
"2023-08-07","2","2602"
"2023-08-07","3","4985"
"2023-08-07","4","5707"
"2023-08-07","5","4004"
"2023-08-08","1","4912"
"2023-08-08","2","2602"
"2023-08-08","3","5707"
"2023-08-08","4","4004"
"2023-08-08","5","4985"
"2023-08-09","1","4912"
"2023-08-09","2","4004"
"2023-08-09","3","5707"
"2023-08-09","4","2602"
"2023-08-09","5","4694"
"2023-08-10","1","4912"
"2023-08-10","2","5707"
"2023-08-10","3","2602"
"2023-08-10","4","4004"
"2023-08-10","5","4694"
"2023-08-14","1","2602"
"2023-08-14","2","4912"
"2023-08-14","3","4004"
"2023-08-14","4","5707"
"2023-08-14","5","7246"
"2023-08-15","1","7269"
"2023-08-15","2","4912"
"2023-08-15","3","4004"
"2023-08-15","4","5707"
"2023-08-15","5","2602"
"2023-08-16","1","7269"
"2023-08-16","2","4004"
"2023-08-16","3","4985"
"2023-08-16","4","5707"
"2023-08-16","5","2602"
"2023-08-17","1","7269"
"2023-08-17","2","4912"
"2023-08-17","3","4985"
"2023-08-17","4","4004"
"2023-08-17","5","5707"
"2023-08-18","1","1375"
"2023-08-18","2","7269"
"2023-08-18","3","4912"
"2023-08-18","4","4985"
"2023-08-18","5","2602"
"2023-08-21","1","7269"
"2023-08-21","2","1375"
"2023-08-21","3","4912"
"2023-08-21","4","4985"
"2023-08-21","5","7246"
"2023-08-22","1","2931"
"2023-08-22","2","7269"
"2023-08-22","3","1375"
"2023-08-22","4","4985"
"2023-08-22","5","7246"
"2023-08-23","1","7269"
"2023-08-23","2","4985"
"2023-08-23","3","4912"
"2023-08-23","4","7246"
"2023-08-23","5","2602"
"2023-08-24","1","7269"
"2023-08-24","2","7246"
"2023-08-24","3","4985"
"2023-08-24","4","4912"
"2023-08-24","5","2602"
"2023-08-25","1","7269"
"2023-08-25","2","4985"
"2023-08-25","3","4912"
"2023-08-25","4","7246"
"2023-08-25","5","2602"
"2023-08-28","1","2931"
"2023-08-28","2","7269"
"2023-08-28","3","4985"
"2023-08-28","4","7246"
"2023-08-28","5","4912"
"2023-08-29","1","2931"
"2023-08-29","2","7269"
"2023-08-29","3","4985"
"2023-08-29","4","7246"
"2023-08-29","5","4004"
"2023-08-30","1","2931"
"2023-08-30","2","7269"
"2023-08-30","3","5707"
"2023-08-30","4","4985"
"2023-08-30","5","7246"
"2023-08-31","1","2931"
"2023-08-31","2","7269"
"2023-08-31","3","5707"
"2023-08-31","4","7246"
"2023-08-31","5","4985"
"2023-09-01","1","1939"
"2023-09-01","2","2931"
"2023-09-01","3","7269"
"2023-09-01","4","7246"
"2023-09-01","5","4985"
"2023-09-04","1","1939"
"2023-09-04","2","7269"
"2023-09-04","3","4985"
"2023-09-04","4","7246"
"2023-09-04","5","5707"
"2023-09-05","1","1939"
"2023-09-05","2","2931"
"2023-09-05","3","7269"
"2023-09-05","4","4985"
"2023-09-05","5","7246"
"2023-09-06","1","1939"
"2023-09-06","2","7269"
"2023-09-06","3","7246"
"2023-09-06","4","4985"
"2023-09-06","5","4189"
"2023-09-07","1","1939"
"2023-09-07","2","2931"
"2023-09-07","3","7269"
"2023-09-07","4","7246"
"2023-09-07","5","5707"
"2023-09-08","1","1939"
"2023-09-08","2","2931"
"2023-09-08","3","7269"
"2023-09-08","4","5707"
"2023-09-08","5","7246"
"2023-09-11","1","1939"
"2023-09-11","2","2931"
"2023-09-11","3","7269"
"2023-09-11","4","5707"
"2023-09-11","5","7246"
"2023-09-12","1","1939"
"2023-09-12","2","2931"
"2023-09-12","3","7269"
"2023-09-12","4","5707"
"2023-09-12","5","7246"
"2023-09-13","1","1939"
"2023-09-13","2","7269"
"2023-09-13","3","2931"
"2023-09-13","4","7246"
"2023-09-13","5","5707"
"2023-09-14","1","1939"
"2023-09-14","2","7269"
"2023-09-14","3","2931"
"2023-09-14","4","7246"
"2023-09-14","5","5707"
"2023-09-15","1","1939"
"2023-09-15","2","2931"
"2023-09-15","3","7269"
"2023-09-15","4","7246"
"2023-09-15","5","5707"
"2023-09-19","1","1939"
"2023-09-19","2","2931"
"2023-09-19","3","7269"
"2023-09-19","4","7246"
"2023-09-19","5","5707"
"2023-09-20","1","1939"
"2023-09-20","2","2931"
"2023-09-20","3","7246"
"2023-09-20","4","7269"
"2023-09-20","5","5707"
"2023-09-21","1","1939"
"2023-09-21","2","2931"
"2023-09-21","3","7246"
"2023-09-21","4","5707"
"2023-09-21","5","7269"
"2023-09-22","1","1939"
"2023-09-22","2","7246"
"2023-09-22","3","2931"
"2023-09-22","4","7269"
"2023-09-22","5","5707"
"2023-09-25","1","1939"
"2023-09-25","2","7246"
"2023-09-25","3","2931"
"2023-09-25","4","7269"
"2023-09-25","5","5707"
"2023-09-26","1","1939"
"2023-09-26","2","7269"
"2023-09-26","3","5707"
"2023-09-26","4","7246"
"2023-09-26","5","2931"
"2023-09-27","1","1939"
"2023-09-27","2","5707"
"2023-09-27","3","4004"
"2023-09-27","4","7246"
"2023-09-27","5","2931"
"2023-09-28","1","1939"
"2023-09-28","2","5707"
"2023-09-28","3","7269"
"2023-09-28","4","4004"
"2023-09-28","5","7246"
"2023-09-29","1","1939"
"2023-09-29","2","5707"
"2023-09-29","3","7269"
"2023-09-29","4","7246"
"2023-09-29","5","4004"
"2023-10-02","1","1939"
"2023-10-02","2","5707"
"2023-10-02","3","7269"
"2023-10-02","4","7246"
"2023-10-02","5","2931"
"2023-10-03","1","1939"
"2023-10-03","2","7269"
"2023-10-03","3","7246"
"2023-10-03","4","5707"
"2023-10-03","5","4004"
"2023-10-04","1","1939"
"2023-10-04","2","7269"
"2023-10-04","3","7246"
"2023-10-04","4","2593"
"2023-10-04","5","5707"
"2023-10-05","1","1939"
"2023-10-05","2","7269"
"2023-10-05","3","7246"
"2023-10-05","4","2593"
"2023-10-05","5","6454"
"2023-10-06","1","1939"
"2023-10-06","2","7269"
"2023-10-06","3","7246"
"2023-10-06","4","4189"
"2023-10-06","5","6454"
"2023-10-10","1","1939"
"2023-10-10","2","7269"
"2023-10-10","3","7246"
"2023-10-10","4","6454"
"2023-10-10","5","2593"
"2023-10-11","1","1939"
"2023-10-11","2","7269"
"2023-10-11","3","6454"
"2023-10-11","4","7246"
"2023-10-11","5","4189"
"2023-10-12","1","1939"
"2023-10-12","2","7269"
"2023-10-12","3","6454"
"2023-10-12","4","7246"
"2023-10-12","5","4189"
"2023-10-13","1","1939"
"2023-10-13","2","7269"
"2023-10-13","3","4189"
"2023-10-13","4","6454"
"2023-10-13","5","7246"
"2023-10-16","1","1939"
"2023-10-16","2","7269"
"2023-10-16","3","4189"
"2023-10-16","4","6454"
"2023-10-16","5","2593"
"2023-10-17","1","7269"
"2023-10-17","2","4189"
"2023-10-17","3","6454"
"2023-10-17","4","7246"
"2023-10-17","5","3036"
"2023-10-18","1","7269"
"2023-10-18","2","6454"
"2023-10-18","3","4189"
"2023-10-18","4","7246"
"2023-10-18","5","3036"
"2023-10-19","1","7269"
"2023-10-19","2","6454"
"2023-10-19","3","7246"
"2023-10-19","4","4189"
"2023-10-19","5","3036"
"2023-10-20","1","7269"
"2023-10-20","2","6454"
"2023-10-20","3","7246"
"2023-10-20","4","4189"
"2023-10-20","5","7701"
"2023-10-23","1","7269"
"2023-10-23","2","6454"
"2023-10-23","3","7246"
"2023-10-23","4","4189"
"2023-10-23","5","2931"
"2023-10-24","1","7269"
"2023-10-24","2","6454"
"2023-10-24","3","7246"
"2023-10-24","4","4189"
"2023-10-24","5","3036"
"2023-10-25","1","7269"
"2023-10-25","2","6454"
"2023-10-25","3","7246"
"2023-10-25","4","4189"
"2023-10-25","5","2153"
"2023-10-26","1","7269"
"2023-10-26","2","6454"
"2023-10-26","3","7246"
"2023-10-26","4","4189"
"2023-10-26","5","2153"
"2023-10-27","1","7269"
"2023-10-27","2","6454"
"2023-10-27","3","7246"
"2023-10-27","4","9716"
"2023-10-27","5","2153"
"2023-10-30","1","7269"
"2023-10-30","2","6454"
"2023-10-30","3","9663"
"2023-10-30","4","7246"
"2023-10-30","5","9716"
"2023-10-31","1","7269"
"2023-10-31","2","6454"
"2023-10-31","3","9663"
"2023-10-31","4","7246"
"2023-10-31","5","2153"
"2023-11-01","1","7269"
"2023-11-01","2","9663"
"2023-11-01","3","6454"
"2023-11-01","4","7246"
"2023-11-01","5","7701"
"2023-11-02","1","7269"
"2023-11-02","2","9663"
"2023-11-02","3","7246"
"2023-11-02","4","6454"
"2023-11-02","5","7701"
"2023-11-06","1","7269"
"2023-11-06","2","8595"
"2023-11-06","3","9663"
"2023-11-06","4","7246"
"2023-11-06","5","7701"
"2023-11-07","1","7269"
"2023-11-07","2","8595"
"2023-11-07","3","7246"
"2023-11-07","4","9663"
"2023-11-07","5","7701"
"2023-11-08","1","7269"
"2023-11-08","2","8595"
"2023-11-08","3","7701"
"2023-11-08","4","7246"
"2023-11-08","5","9663"
"2023-11-09","1","7269"
"2023-11-09","2","8595"
"2023-11-09","3","7701"
"2023-11-09","4","7246"
"2023-11-09","5","7296"
"2023-11-10","1","7269"
"2023-11-10","2","8595"
"2023-11-10","3","7701"
"2023-11-10","4","7246"
"2023-11-10","5","9663"
"2023-11-13","1","7269"
"2023-11-13","2","8595"
"2023-11-13","3","7004"
"2023-11-13","4","7701"
"2023-11-13","5","7246"
"2023-11-14","1","7269"
"2023-11-14","2","8595"
"2023-11-14","3","7004"
"2023-11-14","4","7701"
"2023-11-14","5","7246"
"2023-11-15","1","7269"
"2023-11-15","2","8595"
"2023-11-15","3","7004"
"2023-11-15","4","3569"
"2023-11-15","5","7246"
"2023-11-16","1","7269"
"2023-11-16","2","8595"
"2023-11-16","3","7004"
"2023-11-16","4","9663"
"2023-11-16","5","7701"
"2023-11-17","1","7269"
"2023-11-17","2","8595"
"2023-11-17","3","9663"
"2023-11-17","4","7004"
"2023-11-17","5","7701"
"2023-11-20","1","7269"
"2023-11-20","2","7701"
"2023-11-20","3","7004"
"2023-11-20","4","3569"
"2023-11-20","5","9663"
"2023-11-21","1","7269"
"2023-11-21","2","3569"
"2023-11-21","3","9663"
"2023-11-21","4","7004"
"2023-11-21","5","7246"
"2023-11-22","1","7269"
"2023-11-22","2","9663"
"2023-11-22","3","3569"
"2023-11-22","4","7004"
"2023-11-22","5","7246"
"2023-11-24","1","7269"
"2023-11-24","2","9663"
"2023-11-24","3","3569"
"2023-11-24","4","7246"
"2023-11-24","5","7701"
"2023-11-27","1","7269"
"2023-11-27","2","9663"
"2023-11-27","3","3569"
"2023-11-27","4","9716"
"2023-11-27","5","7246"
"2023-11-28","1","8595"
"2023-11-28","2","7269"
"2023-11-28","3","7004"
"2023-11-28","4","9663"
"2023-11-28","5","7246"
"2023-11-29","1","8595"
"2023-11-29","2","7269"
"2023-11-29","3","7246"
"2023-11-29","4","7004"
"2023-11-29","5","2153"
"2023-11-30","1","8595"
"2023-11-30","2","7269"
"2023-11-30","3","7246"
"2023-11-30","4","3569"
"2023-11-30","5","7004"
"2023-12-01","1","7269"
"2023-12-01","2","8595"
"2023-12-01","3","3569"
"2023-12-01","4","7246"
"2023-12-01","5","7004"
"2023-12-04","1","7269"
"2023-12-04","2","8595"
"2023-12-04","3","7246"
"2023-12-04","4","3569"
"2023-12-04","5","7004"
"2023-12-05","1","7269"
"2023-12-05","2","8595"
"2023-12-05","3","7246"
"2023-12-05","4","3569"
"2023-12-05","5","7701"
"2023-12-06","1","7269"
"2023-12-06","2","8595"
"2023-12-06","3","7246"
"2023-12-06","4","3569"
"2023-12-06","5","7701"
"2023-12-07","1","7269"
"2023-12-07","2","8595"
"2023-12-07","3","7246"
"2023-12-07","4","7701"
"2023-12-07","5","7004"
"2023-12-08","1","8595"
"2023-12-08","2","7269"
"2023-12-08","3","3569"
"2023-12-08","4","7246"
"2023-12-08","5","7004"
"2023-12-11","1","8595"
"2023-12-11","2","7269"
"2023-12-11","3","3569"
"2023-12-11","4","7246"
"2023-12-11","5","7004"
"2023-12-12","1","7269"
"2023-12-12","2","8595"
"2023-12-12","3","3569"
"2023-12-12","4","7246"
"2023-12-12","5","7004"
"2023-12-13","1","8595"
"2023-12-13","2","7269"
"2023-12-13","3","3569"
"2023-12-13","4","7246"
"2023-12-13","5","7701"
"2023-12-14","1","8595"
"2023-12-14","2","7269"
"2023-12-14","3","3569"
"2023-12-14","4","7246"
"2023-12-14","5","7701"
"2023-12-15","1","8595"
"2023-12-15","2","7269"
"2023-12-15","3","3569"
"2023-12-15","4","7246"
"2023-12-15","5","7701"
"2023-12-18","1","8595"
"2023-12-18","2","7269"
"2023-12-18","3","7701"
"2023-12-18","4","3569"
"2023-12-18","5","7246"
"2023-12-19","1","8595"
"2023-12-19","2","7269"
"2023-12-19","3","3569"
"2023-12-19","4","7246"
"2023-12-19","5","7701"
"2023-12-20","1","8595"
"2023-12-20","2","7269"
"2023-12-20","3","3569"
"2023-12-20","4","7246"
"2023-12-20","5","8771"
"2023-12-21","1","8595"
"2023-12-21","2","7269"
"2023-12-21","3","6768"
"2023-12-21","4","3569"
"2023-12-21","5","6440"
"2023-12-22","1","8595"
"2023-12-22","2","7269"
"2023-12-22","3","6768"
"2023-12-22","4","3569"
"2023-12-22","5","6440"
"2023-12-25","1","8595"
"2023-12-25","2","7269"
"2023-12-25","3","3569"
"2023-12-25","4","6768"
"2023-12-25","5","7246"
"2023-12-26","1","8595"
"2023-12-26","2","7269"
"2023-12-26","3","4044"
"2023-12-26","4","2931"
"2023-12-26","5","6768"
"2023-12-27","1","8595"
"2023-12-27","2","7269"
"2023-12-27","3","3569"
"2023-12-27","4","6768"
"2023-12-27","5","7246"
"2023-12-28","1","7269"
"2023-12-28","2","8595"
"2023-12-28","3","3569"
"2023-12-28","4","7701"
"2023-12-28","5","7246"
"2023-12-29","1","8595"
"2023-12-29","2","7269"
"2023-12-29","3","7701"
"2023-12-29","4","3569"
"2023-12-29","5","8098"
"2024-01-04","1","8595"
"2024-01-04","2","7269"
"2024-01-04","3","1939"
"2024-01-04","4","8098"
"2024-01-04","5","2931"
"2024-01-05","1","8595"
"2024-01-05","2","1939"
"2024-01-05","3","7269"
"2024-01-05","4","2931"
"2024-01-05","5","7701"
"2024-01-09","1","8595"
"2024-01-09","2","7269"
"2024-01-09","3","1939"
"2024-01-09","4","2931"
"2024-01-09","5","7246"
"2024-01-10","1","1939"
"2024-01-10","2","8595"
"2024-01-10","3","7269"
"2024-01-10","4","2931"
"2024-01-10","5","4246"
"2024-01-11","1","7269"
"2024-01-11","2","1939"
"2024-01-11","3","8595"
"2024-01-11","4","2931"
"2024-01-11","5","8125"
"2024-01-12","1","8595"
"2024-01-12","2","7269"
"2024-01-12","3","2931"
"2024-01-12","4","7246"
"2024-01-12","5","8125"
"2024-01-15","1","7269"
"2024-01-15","2","8595"
"2024-01-15","3","2931"
"2024-01-15","4","7246"
"2024-01-15","5","7701"
"2024-01-16","1","8595"
"2024-01-16","2","7269"
"2024-01-16","3","2931"
"2024-01-16","4","7246"
"2024-01-16","5","7701"
"2024-01-17","1","7269"
"2024-01-17","2","8595"
"2024-01-17","3","2931"
"2024-01-17","4","7701"
"2024-01-17","5","5332"
"2024-01-18","1","7269"
"2024-01-18","2","8595"
"2024-01-18","3","2931"
"2024-01-18","4","7701"
"2024-01-18","5","5332"
"2024-01-19","1","8595"
"2024-01-19","2","7269"
"2024-01-19","3","2931"
"2024-01-19","4","4246"
"2024-01-19","5","7701"
"2024-01-22","1","7269"
"2024-01-22","2","8595"
"2024-01-22","3","4246"
"2024-01-22","4","2931"
"2024-01-22","5","7701"
"2024-01-23","1","8595"
"2024-01-23","2","7269"
"2024-01-23","3","7701"
"2024-01-23","4","4246"
"2024-01-23","5","2931"
"2024-01-24","1","7269"
"2024-01-24","2","8595"
"2024-01-24","3","7701"
"2024-01-24","4","4246"
"2024-01-24","5","2931"
"2024-01-25","1","7269"
"2024-01-25","2","8595"
"2024-01-25","3","7701"
"2024-01-25","4","2931"
"2024-01-25","5","4246"
"2024-01-26","1","7269"
"2024-01-26","2","8595"
"2024-01-26","3","7701"
"2024-01-26","4","4246"
"2024-01-26","5","9663"
"2024-01-29","1","7269"
"2024-01-29","2","8595"
"2024-01-29","3","7701"
"2024-01-29","4","4246"
"2024-01-29","5","9663"
"2024-01-30","1","7269"
"2024-01-30","2","8595"
"2024-01-30","3","7701"
"2024-01-30","4","9663"
"2024-01-30","5","4246"
"2024-01-31","1","8595"
"2024-01-31","2","7269"
"2024-01-31","3","8771"
"2024-01-31","4","4246"
"2024-01-31","5","8125"
"2024-02-01","1","8595"
"2024-02-01","2","7269"
"2024-02-01","3","1939"
"2024-02-01","4","8771"
"2024-02-01","5","4246"
"2024-02-02","1","8595"
"2024-02-02","2","7269"
"2024-02-02","3","1939"
"2024-02-02","4","8125"
"2024-02-02","5","4246"
"2024-02-05","1","8595"
"2024-02-05","2","7269"
"2024-02-05","3","1939"
"2024-02-05","4","7701"
"2024-02-05","5","8125"
"2024-02-06","1","8595"
"2024-02-06","2","7269"
"2024-02-06","3","1939"
"2024-02-06","4","8125"
"2024-02-06","5","7701"
"2024-02-07","1","8595"
"2024-02-07","2","7269"
"2024-02-07","3","1939"
"2024-02-07","4","2931"
"2024-02-07","5","8125"
"2024-02-08","1","8595"
"2024-02-08","2","1939"
"2024-02-08","3","7269"
"2024-02-08","4","2931"
"2024-02-08","5","5332"
"2024-02-09","1","8595"
"2024-02-09","2","1939"
"2024-02-09","3","7269"
"2024-02-09","4","8771"
"2024-02-09","5","5332"
"2024-02-13","1","8595"
"2024-02-13","2","1939"
"2024-02-13","3","7269"
"2024-02-13","4","2931"
"2024-02-13","5","5332"
"2024-02-14","1","8595"
"2024-02-14","2","1939"
"2024-02-14","3","6996"
"2024-02-14","4","7269"
"2024-02-14","5","4246"
"2024-02-15","1","8595"
"2024-02-15","2","1939"
"2024-02-15","3","2931"
"2024-02-15","4","6996"
"2024-02-15","5","4246"
"2024-02-16","1","1939"
"2024-02-16","2","8595"
"2024-02-16","3","4246"
"2024-02-16","4","6996"
"2024-02-16","5","5332"
"2024-02-19","1","8595"
"2024-02-19","2","1939"
"2024-02-19","3","4246"
"2024-02-19","4","4536"
"2024-02-19","5","6996"
"2024-02-20","1","8595"
"2024-02-20","2","1939"
"2024-02-20","3","6284"
"2024-02-20","4","4536"
"2024-02-20","5","4246"
"2024-02-21","1","8595"
"2024-02-21","2","1939"
"2024-02-21","3","4536"
"2024-02-21","4","6284"
"2024-02-21","5","6996"
"2024-02-22","1","8595"
"2024-02-22","2","1939"
"2024-02-22","3","4641"
"2024-02-22","4","6996"
"2024-02-22","5","2931"
"2024-02-26","1","8595"
"2024-02-26","2","4641"
"2024-02-26","3","1939"
"2024-02-26","4","6996"
"2024-02-26","5","3076"
"2024-02-27","1","8595"
"2024-02-27","2","6996"
"2024-02-27","3","4641"
"2024-02-27","4","4246"
"2024-02-27","5","3076"
"2024-02-28","1","4641"
"2024-02-28","2","4246"
"2024-02-28","3","6996"
"2024-02-28","4","3076"
"2024-02-28","5","8595"
"2024-02-29","1","4641"
"2024-02-29","2","4246"
"2024-02-29","3","3302"
"2024-02-29","4","8595"
"2024-02-29","5","3076"
"2024-03-01","1","4641"
"2024-03-01","2","3076"
"2024-03-01","3","4246"
"2024-03-01","4","8595"
"2024-03-01","5","1939"
"2024-03-04","1","4641"
"2024-03-04","2","3076"
"2024-03-04","3","8595"
"2024-03-04","4","4246"
"2024-03-04","5","3302"
"2024-03-05","1","4641"
"2024-03-05","2","3076"
"2024-03-05","3","8595"
"2024-03-05","4","8771"
"2024-03-05","5","1939"
"2024-03-06","1","4641"
"2024-03-06","2","8771"
"2024-03-06","3","8595"
"2024-03-06","4","3076"
"2024-03-06","5","1939"
"2024-03-07","1","4641"
"2024-03-07","2","3076"
"2024-03-07","3","6820"
"2024-03-07","4","8771"
"2024-03-07","5","8595"
"2024-03-08","1","4641"
"2024-03-08","2","8771"
"2024-03-08","3","6820"
"2024-03-08","4","1939"
"2024-03-08","5","8595"
"2024-03-11","1","4641"
"2024-03-11","2","6820"
"2024-03-11","3","1939"
"2024-03-11","4","8595"
"2024-03-11","5","3076"
"2024-03-12","1","4641"
"2024-03-12","2","6820"
"2024-03-12","3","3076"
"2024-03-12","4","8595"
"2024-03-12","5","1939"
"2024-03-13","1","4641"
"2024-03-13","2","6820"
"2024-03-13","3","1939"
"2024-03-13","4","8771"
"2024-03-13","5","3076"
"2024-03-14","1","6820"
"2024-03-14","2","1939"
"2024-03-14","3","8771"
"2024-03-14","4","3076"
"2024-03-14","5","8595"
"2024-03-15","1","6820"
"2024-03-15","2","8771"
"2024-03-15","3","1939"
"2024-03-15","4","8595"
"2024-03-15","5","3076"
"2024-03-18","1","6820"
"2024-03-18","2","8771"
"2024-03-18","3","6996"
"2024-03-18","4","1939"
"2024-03-18","5","3076"
"2024-03-19","1","6820"
"2024-03-19","2","8771"
"2024-03-19","3","1939"
"2024-03-19","4","6996"
"2024-03-19","5","3076"
"2024-03-21","1","6820"
"2024-03-21","2","8771"
"2024-03-21","3","6996"
"2024-03-21","4","6859"
"2024-03-21","5","3076"
"2024-03-22","1","6820"
"2024-03-22","2","8771"
"2024-03-22","3","6859"
"2024-03-22","4","1939"
"2024-03-22","5","6996"
"2024-03-25","1","8771"
"2024-03-25","2","6820"
"2024-03-25","3","6859"
"2024-03-25","4","3076"
"2024-03-25","5","1939"
"2024-03-26","1","8771"
"2024-03-26","2","6859"
"2024-03-26","3","6820"
"2024-03-26","4","1939"
"2024-03-26","5","3076"
"2024-03-27","1","6810"
"2024-03-27","2","8771"
"2024-03-27","3","6859"
"2024-03-27","4","6820"
"2024-03-27","5","7864"
"2024-03-28","1","6810"
"2024-03-28","2","6820"
"2024-03-28","3","6859"
"2024-03-28","4","8771"
"2024-03-28","5","7864"
"2024-03-29","1","6810"
"2024-03-29","2","6820"
"2024-03-29","3","6996"
"2024-03-29","4","6859"
"2024-03-29","5","7864"
"2024-04-01","1","6810"
"2024-04-01","2","6820"
"2024-04-01","3","6859"
"2024-04-01","4","6996"
"2024-04-01","5","3076"
"2024-04-02","1","6810"
"2024-04-02","2","6820"
"2024-04-02","3","6996"
"2024-04-02","4","7864"
"2024-04-02","5","6859"
"2024-04-03","1","6810"
"2024-04-03","2","6820"
"2024-04-03","3","6140"
"2024-04-03","4","6996"
"2024-04-03","5","7864"
"2024-04-04","1","6810"
"2024-04-04","2","6820"
"2024-04-04","3","6140"
"2024-04-04","4","6996"
"2024-04-04","5","7864"
"2024-04-05","1","6820"
"2024-04-05","2","6140"
"2024-04-05","3","6810"
"2024-04-05","4","6996"
"2024-04-05","5","7864"
"2024-04-08","1","6820"
"2024-04-08","2","6810"
"2024-04-08","3","6140"
"2024-04-08","4","6996"
"2024-04-08","5","7864"
"2024-04-09","1","6820"
"2024-04-09","2","6810"
"2024-04-09","3","6140"
"2024-04-09","4","6996"
"2024-04-09","5","7864"
"2024-04-10","1","6820"
"2024-04-10","2","6810"
"2024-04-10","3","6140"
"2024-04-10","4","6996"
"2024-04-10","5","7864"
"2024-04-11","1","6820"
"2024-04-11","2","6810"
"2024-04-11","3","6140"
"2024-04-11","4","6996"
"2024-04-11","5","7864"
"2024-04-12","1","6810"
"2024-04-12","2","6140"
"2024-04-12","3","6996"
"2024-04-12","4","6859"
"2024-04-12","5","7864"
"2024-04-15","1","6810"
"2024-04-15","2","6140"
"2024-04-15","3","6996"
"2024-04-15","4","6859"
"2024-04-15","5","8125"
"2024-04-16","1","6810"
"2024-04-16","2","6140"
"2024-04-16","3","6996"
"2024-04-16","4","7864"
"2024-04-16","5","8362"
"2024-04-17","1","6810"
"2024-04-17","2","6140"
"2024-04-17","3","6996"
"2024-04-17","4","7864"
"2024-04-17","5","6859"
"2024-04-18","1","6810"
"2024-04-18","2","6140"
"2024-04-18","3","7864"
"2024-04-18","4","6996"
"2024-04-18","5","6859"
"2024-04-19","1","6810"
"2024-04-19","2","6140"
"2024-04-19","3","6996"
"2024-04-19","4","8771"
"2024-04-19","5","7864"
"2024-04-22","1","6810"
"2024-04-22","2","6140"
"2024-04-22","3","6996"
"2024-04-22","4","7864"
"2024-04-22","5","8125"
"2024-04-23","1","6810"
"2024-04-23","2","8125"
"2024-04-23","3","6140"
"2024-04-23","4","7864"
"2024-04-23","5","6996"
"2024-04-24","1","6810"
"2024-04-24","2","7864"
"2024-04-24","3","8125"
"2024-04-24","4","6140"
"2024-04-24","5","6996"
"2024-04-25","1","6810"
"2024-04-25","2","7864"
"2024-04-25","3","8125"
"2024-04-25","4","1939"
"2024-04-25","5","6996"
"2024-04-26","1","6810"
"2024-04-26","2","7864"
"2024-04-26","3","1939"
"2024-04-26","4","5401"
"2024-04-26","5","6996"
"2024-04-30","1","6810"
"2024-04-30","2","7864"
"2024-04-30","3","8125"
"2024-04-30","4","5408"
"2024-04-30","5","6859"
"2024-05-01","1","6810"
"2024-05-01","2","7864"
"2024-05-01","3","5408"
"2024-05-01","4","8125"
"2024-05-01","5","6859"
"2024-05-02","1","6810"
"2024-05-02","2","7864"
"2024-05-02","3","8125"
"2024-05-02","4","6859"
"2024-05-02","5","8771"
"2024-05-07","1","7864"
"2024-05-07","2","6810"
"2024-05-07","3","8125"
"2024-05-07","4","6859"
"2024-05-07","5","5408"
"2024-05-08","1","7864"
"2024-05-08","2","5408"
"2024-05-08","3","8125"
"2024-05-08","4","6810"
"2024-05-08","5","6859"
"2024-05-09","1","6810"
"2024-05-09","2","7864"
"2024-05-09","3","8125"
"2024-05-09","4","5408"
"2024-05-09","5","6859"
"2024-05-10","1","6810"
"2024-05-10","2","7864"
"2024-05-10","3","6140"
"2024-05-10","4","8125"
"2024-05-10","5","6859"
"2024-05-13","1","6810"
"2024-05-13","2","7864"
"2024-05-13","3","6140"
"2024-05-13","4","8125"
"2024-05-13","5","3880"
"2024-05-14","1","7864"
"2024-05-14","2","6140"
"2024-05-14","3","6810"
"2024-05-14","4","8125"
"2024-05-14","5","6859"
"2024-05-15","1","7864"
"2024-05-15","2","6140"
"2024-05-15","3","6859"
"2024-05-15","4","8125"
"2024-05-15","5","6810"
"2024-05-16","1","7864"
"2024-05-16","2","6140"
"2024-05-16","3","6859"
"2024-05-16","4","6810"
"2024-05-16","5","6996"
"2024-05-17","1","7864"
"2024-05-17","2","6140"
"2024-05-17","3","6859"
"2024-05-17","4","6810"
"2024-05-17","5","6996"
"2024-05-20","1","7864"
"2024-05-20","2","6140"
"2024-05-20","3","6859"
"2024-05-20","4","6810"
"2024-05-20","5","8130"
"2024-05-21","1","7864"
"2024-05-21","2","6140"
"2024-05-21","3","6810"
"2024-05-21","4","6859"
"2024-05-21","5","8130"
"2024-05-22","1","7864"
"2024-05-22","2","6140"
"2024-05-22","3","6810"
"2024-05-22","4","8281"
"2024-05-22","5","6859"
"2024-05-23","1","7864"
"2024-05-23","2","6810"
"2024-05-23","3","6140"
"2024-05-23","4","6859"
"2024-05-23","5","8130"
"2024-05-24","1","7864"
"2024-05-24","2","6810"
"2024-05-24","3","6140"
"2024-05-24","4","6859"
"2024-05-24","5","8130"
"2024-05-27","1","7864"
"2024-05-27","2","6140"
"2024-05-27","3","6810"
"2024-05-27","4","6859"
"2024-05-27","5","8130"
"2024-05-28","1","7864"
"2024-05-28","2","6140"
"2024-05-28","3","8130"
"2024-05-28","4","6810"
"2024-05-28","5","6859"
"2024-05-29","1","7864"
"2024-05-29","2","6140"
"2024-05-29","3","6810"
"2024-05-29","4","8130"
"2024-05-29","5","6859"
"2024-05-30","1","7864"
"2024-05-30","2","6140"
"2024-05-30","3","8130"
"2024-05-30","4","6859"
"2024-05-30","5","6810"
"2024-05-31","1","7864"
"2024-05-31","2","6140"
"2024-05-31","3","6810"
"2024-05-31","4","8130"
"2024-05-31","5","6859"
"2024-06-03","1","7864"
"2024-06-03","2","6140"
"2024-06-03","3","6810"
"2024-06-03","4","6859"
"2024-06-03","5","8130"
"2024-06-04","1","7864"
"2024-06-04","2","6859"
"2024-06-04","3","8130"
"2024-06-04","4","6140"
"2024-06-04","5","6810"
"2024-06-05","1","7864"
"2024-06-05","2","6859"
"2024-06-05","3","6140"
"2024-06-05","4","8130"
"2024-06-05","5","8281"
"2024-06-06","1","7864"
"2024-06-06","2","6859"
"2024-06-06","3","6140"
"2024-06-06","4","8130"
"2024-06-06","5","4182"
"2024-06-07","1","7864"
"2024-06-07","2","4246"
"2024-06-07","3","6859"
"2024-06-07","4","6140"
"2024-06-07","5","8130"
"2024-06-10","1","7864"
"2024-06-10","2","6859"
"2024-06-10","3","6140"
"2024-06-10","4","8130"
"2024-06-10","5","4182"
"2024-06-11","1","7864"
"2024-06-11","2","6859"
"2024-06-11","3","6140"
"2024-06-11","4","8130"
"2024-06-11","5","4182"
"2024-06-12","1","7864"
"2024-06-12","2","6859"
"2024-06-12","3","6140"
"2024-06-12","4","4182"
"2024-06-12","5","8130"
"2024-06-13","1","7864"
"2024-06-13","2","6859"
"2024-06-13","3","6140"
"2024-06-13","4","4182"
"2024-06-13","5","8130"
"2024-06-14","1","7864"
"2024-06-14","2","6859"
"2024-06-14","3","6140"
"2024-06-14","4","4182"
"2024-06-14","5","8130"
"2024-06-17","1","7864"
"2024-06-17","2","6859"
"2024-06-17","3","4182"
"2024-06-17","4","6140"
"2024-06-17","5","8130"
"2024-06-18","1","7864"
"2024-06-18","2","6859"
"2024-06-18","3","4182"
"2024-06-18","4","6140"
"2024-06-18","5","8130"
"2024-06-19","1","7864"
"2024-06-19","2","6859"
"2024-06-19","3","4182"
"2024-06-19","4","3139"
"2024-06-19","5","8130"
"2024-06-20","1","7864"
"2024-06-20","2","6859"
"2024-06-20","3","4182"
"2024-06-20","4","3139"
"2024-06-20","5","8130"
"2024-06-21","1","7864"
"2024-06-21","2","6859"
"2024-06-21","3","4182"
"2024-06-21","4","3139"
"2024-06-21","5","8130"
"2024-06-24","1","7864"
"2024-06-24","2","6859"
"2024-06-24","3","4182"
"2024-06-24","4","3139"
"2024-06-24","5","8130"
"2024-06-25","1","7864"
"2024-06-25","2","6859"
"2024-06-25","3","4182"
"2024-06-25","4","6905"
"2024-06-25","5","8130"
"2024-06-26","1","7864"
"2024-06-26","2","6859"
"2024-06-26","3","4182"
"2024-06-26","4","8130"
"2024-06-26","5","3139"
"2024-06-27","1","7864"
"2024-06-27","2","6859"
"2024-06-27","3","4182"
"2024-06-27","4","8130"
"2024-06-27","5","3139"
"2024-06-28","1","7864"
"2024-06-28","2","6859"
"2024-06-28","3","4182"
"2024-06-28","4","3139"
"2024-06-28","5","8130"
"2024-07-01","1","7864"
"2024-07-01","2","6859"
"2024-07-01","3","4182"
"2024-07-01","4","3139"
"2024-07-01","5","8130"
"2024-07-02","1","7864"
"2024-07-02","2","6859"
"2024-07-02","3","4182"
"2024-07-02","4","3139"
"2024-07-02","5","8130"
"2024-07-03","1","7864"
"2024-07-03","2","6859"
"2024-07-03","3","4641"
"2024-07-03","4","4182"
"2024-07-03","5","8130"
"2024-07-04","1","7864"
"2024-07-04","2","6859"
"2024-07-04","3","4641"
"2024-07-04","4","4182"
"2024-07-04","5","8130"
"2024-07-05","1","7864"
"2024-07-05","2","6859"
"2024-07-05","3","4641"
"2024-07-05","4","4182"
"2024-07-05","5","8130"
"2024-07-08","1","7864"
"2024-07-08","2","6859"
"2024-07-08","3","4641"
"2024-07-08","4","8130"
"2024-07-08","5","4182"
"2024-07-09","1","7864"
"2024-07-09","2","6859"
"2024-07-09","3","4641"
"2024-07-09","4","8130"
"2024-07-09","5","4182"
"2024-07-10","1","7864"
"2024-07-10","2","6859"
"2024-07-10","3","3139"
"2024-07-10","4","4641"
"2024-07-10","5","8130"
"2024-07-11","1","7864"
"2024-07-11","2","6859"
"2024-07-11","3","3139"
"2024-07-11","4","4641"
"2024-07-11","5","8130"
"2024-07-12","1","7864"
"2024-07-12","2","3139"
"2024-07-12","3","6859"
"2024-07-12","4","8070"
"2024-07-12","5","4641"
"2024-07-16","1","7864"
"2024-07-16","2","3139"
"2024-07-16","3","6859"
"2024-07-16","4","8070"
"2024-07-16","5","4641"
"2024-07-17","1","3139"
"2024-07-17","2","7864"
"2024-07-17","3","6859"
"2024-07-17","4","4641"
"2024-07-17","5","8130"
"2024-07-18","1","3139"
"2024-07-18","2","7864"
"2024-07-18","3","6859"
"2024-07-18","4","4641"
"2024-07-18","5","6140"
"2024-07-19","1","3139"
"2024-07-19","2","7864"
"2024-07-19","3","167A"
"2024-07-19","4","6859"
"2024-07-19","5","4641"
"2024-07-22","1","3139"
"2024-07-22","2","7864"
"2024-07-22","3","6859"
"2024-07-22","4","4641"
"2024-07-22","5","6140"
"2024-07-23","1","3139"
"2024-07-23","2","7864"
"2024-07-23","3","6859"
"2024-07-23","4","4641"
"2024-07-23","5","4613"
"2024-07-24","1","3139"
"2024-07-24","2","7864"
"2024-07-24","3","167A"
"2024-07-24","4","6859"
"2024-07-24","5","4641"
"2024-07-25","1","3139"
"2024-07-25","2","7864"
"2024-07-25","3","167A"
"2024-07-25","4","6859"
"2024-07-25","5","4641"
"2024-07-26","1","3139"
"2024-07-26","2","167A"
"2024-07-26","3","7864"
"2024-07-26","4","6859"
"2024-07-26","5","4641"
"2024-07-29","1","3139"
"2024-07-29","2","3880"
"2024-07-29","3","167A"
"2024-07-29","4","7864"
"2024-07-29","5","6859"
"2024-07-30","1","3139"
"2024-07-30","2","3880"
"2024-07-30","3","167A"
"2024-07-30","4","7864"
"2024-07-30","5","6859"
"2024-07-31","1","3139"
"2024-07-31","2","3880"
"2024-07-31","3","167A"
"2024-07-31","4","7864"
"2024-07-31","5","4613"
"2024-08-01","1","3139"
"2024-08-01","2","3880"
"2024-08-01","3","167A"
"2024-08-01","4","7864"
"2024-08-01","5","6859"
"2024-08-02","1","3139"
"2024-08-02","2","3880"
"2024-08-02","3","167A"
"2024-08-02","4","7864"
"2024-08-02","5","6859"
"2024-08-05","1","3139"
"2024-08-05","2","3880"
"2024-08-05","3","167A"
"2024-08-05","4","7864"
"2024-08-05","5","6859"
"2024-08-06","1","3139"
"2024-08-06","2","3880"
"2024-08-06","3","4246"
"2024-08-06","4","167A"
"2024-08-06","5","4008"
"2024-08-07","1","3139"
"2024-08-07","2","3880"
"2024-08-07","3","4246"
"2024-08-07","4","4008"
"2024-08-07","5","167A"
"2024-08-08","1","3139"
"2024-08-08","2","4246"
"2024-08-08","3","3880"
"2024-08-08","4","5970"
"2024-08-08","5","4008"
"2024-08-09","1","3139"
"2024-08-09","2","4246"
"2024-08-09","3","3880"
"2024-08-09","4","5970"
"2024-08-09","5","4008"
"2024-08-13","1","3139"
"2024-08-13","2","4246"
"2024-08-13","3","3880"
"2024-08-13","4","5970"
"2024-08-13","5","4008"
"2024-08-14","1","3139"
"2024-08-14","2","4246"
"2024-08-14","3","5970"
"2024-08-14","4","3880"
"2024-08-14","5","6859"
"2024-08-15","1","3139"
"2024-08-15","2","4246"
"2024-08-15","3","3880"
"2024-08-15","4","5970"
"2024-08-15","5","4008"
"2024-08-16","1","3139"
"2024-08-16","2","4246"
"2024-08-16","3","3880"
"2024-08-16","4","4008"
"2024-08-16","5","5970"
"2024-08-19","1","3139"
"2024-08-19","2","3880"
"2024-08-19","3","5970"
"2024-08-19","4","4246"
"2024-08-19","5","4008"
"2024-08-20","1","3139"
"2024-08-20","2","5970"
"2024-08-20","3","4246"
"2024-08-20","4","167A"
"2024-08-20","5","4008"
"2024-08-21","1","3139"
"2024-08-21","2","5970"
"2024-08-21","3","4246"
"2024-08-21","4","7864"
"2024-08-21","5","3880"
"2024-08-22","1","3139"
"2024-08-22","2","5970"
"2024-08-22","3","3880"
"2024-08-22","4","7864"
"2024-08-22","5","4246"
"2024-08-23","1","3139"
"2024-08-23","2","5970"
"2024-08-23","3","4246"
"2024-08-23","4","7864"
"2024-08-23","5","4008"
"2024-08-26","1","3139"
"2024-08-26","2","5970"
"2024-08-26","3","4246"
"2024-08-26","4","167A"
"2024-08-26","5","4008"
"2024-08-27","1","3139"
"2024-08-27","2","5970"
"2024-08-27","3","7864"
"2024-08-27","4","4246"
"2024-08-27","5","167A"
"2024-08-28","1","3139"
"2024-08-28","2","5970"
"2024-08-28","3","4008"
"2024-08-28","4","7864"
"2024-08-28","5","4246"
"2024-08-29","1","3139"
"2024-08-29","2","5970"
"2024-08-29","3","7864"
"2024-08-29","4","3880"
"2024-08-29","5","4246"
"2024-08-30","1","3139"
"2024-08-30","2","5970"
"2024-08-30","3","4246"
"2024-08-30","4","7864"
"2024-08-30","5","3880"
"2024-09-02","1","3139"
"2024-09-02","2","5970"
"2024-09-02","3","4246"
"2024-09-02","4","7864"
"2024-09-02","5","3880"
"2024-09-03","1","3139"
"2024-09-03","2","5970"
"2024-09-03","3","4246"
"2024-09-03","4","7864"
"2024-09-03","5","3880"
"2024-09-04","1","3139"
"2024-09-04","2","4246"
"2024-09-04","3","5970"
"2024-09-04","4","7864"
"2024-09-04","5","3880"
"2024-09-05","1","3139"
"2024-09-05","2","5970"
"2024-09-05","3","7864"
"2024-09-05","4","3612"
"2024-09-05","5","3880"
"2024-09-06","1","3139"
"2024-09-06","2","8101"
"2024-09-06","3","5970"
"2024-09-06","4","7864"
"2024-09-06","5","3612"
"2024-09-09","1","3139"
"2024-09-09","2","8101"
"2024-09-09","3","5970"
"2024-09-09","4","7864"
"2024-09-09","5","7607"
"2024-09-10","1","3139"
"2024-09-10","2","8101"
"2024-09-10","3","5970"
"2024-09-10","4","5408"
"2024-09-10","5","7607"
"2024-09-11","1","3139"
"2024-09-11","2","8101"
"2024-09-11","3","5970"
"2024-09-11","4","3612"
"2024-09-11","5","5408"
"2024-09-12","1","3139"
"2024-09-12","2","8101"
"2024-09-12","3","5970"
"2024-09-12","4","3612"
"2024-09-12","5","5408"
"2024-09-13","1","3139"
"2024-09-13","2","8101"
"2024-09-13","3","5970"
"2024-09-13","4","7607"
"2024-09-13","5","5408"
"2024-09-17","1","3139"
"2024-09-17","2","8101"
"2024-09-17","3","5970"
"2024-09-17","4","5408"
"2024-09-17","5","3612"
"2024-09-18","1","3139"
"2024-09-18","2","8101"
"2024-09-18","3","5970"
"2024-09-18","4","5408"
"2024-09-18","5","167A"
"2024-09-19","1","3139"
"2024-09-19","2","8101"
"2024-09-19","3","5970"
"2024-09-19","4","5408"
"2024-09-19","5","3612"
"2024-09-20","1","3139"
"2024-09-20","2","8101"
"2024-09-20","3","5970"
"2024-09-20","4","5408"
"2024-09-20","5","3612"
"2024-09-24","1","3139"
"2024-09-24","2","8101"
"2024-09-24","3","5970"
"2024-09-24","4","5408"
"2024-09-24","5","3612"
"2024-09-25","1","3139"
"2024-09-25","2","8101"
"2024-09-25","3","5970"
"2024-09-25","4","5408"
"2024-09-25","5","3612"
"2024-09-26","1","3139"
"2024-09-26","2","8101"
"2024-09-26","3","5970"
"2024-09-26","4","5408"
"2024-09-26","5","3612"
"2024-09-27","1","3139"
"2024-09-27","2","8101"
"2024-09-27","3","5970"
"2024-09-27","4","4008"
"2024-09-27","5","4246"
"2024-09-30","1","3139"
"2024-09-30","2","8101"
"2024-09-30","3","5970"
"2024-09-30","4","4246"
"2024-09-30","5","4008"
"2024-10-01","1","8101"
"2024-10-01","2","5970"
"2024-10-01","3","4246"
"2024-10-01","4","3612"
"2024-10-01","5","167A"
"2024-10-02","1","8101"
"2024-10-02","2","5970"
"2024-10-02","3","4246"
"2024-10-02","4","3612"
"2024-10-02","5","4008"
"2024-10-03","1","8101"
"2024-10-03","2","5970"
"2024-10-03","3","4246"
"2024-10-03","4","3612"
"2024-10-03","5","4008"
"2024-10-04","1","8101"
"2024-10-04","2","5970"
"2024-10-04","3","3612"
"2024-10-04","4","4008"
"2024-10-04","5","7864"
"2024-10-07","1","8101"
"2024-10-07","2","5970"
"2024-10-07","3","3612"
"2024-10-07","4","167A"
"2024-10-07","5","7864"
"2024-10-08","1","8101"
"2024-10-08","2","5970"
"2024-10-08","3","3612"
"2024-10-08","4","167A"
"2024-10-08","5","7864"
"2024-10-09","1","8101"
"2024-10-09","2","5970"
"2024-10-09","3","3612"
"2024-10-09","4","167A"
"2024-10-09","5","7864"
"2024-10-10","1","3139"
"2024-10-10","2","8101"
"2024-10-10","3","5970"
"2024-10-10","4","3612"
"2024-10-10","5","167A"
"2024-10-11","1","3139"
"2024-10-11","2","8101"
"2024-10-11","3","5970"
"2024-10-11","4","9793"
"2024-10-11","5","3612"
"2024-10-15","1","3139"
"2024-10-15","2","8101"
"2024-10-15","3","5970"
"2024-10-15","4","3612"
"2024-10-15","5","9793"
"2024-10-16","1","3139"
"2024-10-16","2","8101"
"2024-10-16","3","5970"
"2024-10-16","4","3612"
"2024-10-16","5","9793"
"2024-10-17","1","3139"
"2024-10-17","2","8101"
"2024-10-17","3","3612"
"2024-10-17","4","5970"
"2024-10-17","5","9793"
"2024-10-18","1","3139"
"2024-10-18","2","8101"
"2024-10-18","3","3612"
"2024-10-18","4","5970"
"2024-10-18","5","9793"
"2024-10-21","1","3139"
"2024-10-21","2","3612"
"2024-10-21","3","5970"
"2024-10-21","4","9793"
"2024-10-21","5","3880"
"2024-10-22","1","3139"
"2024-10-22","2","3612"
"2024-10-22","3","5970"
"2024-10-22","4","9793"
"2024-10-22","5","167A"
"2024-10-23","1","3139"
"2024-10-23","2","3612"
"2024-10-23","3","5970"
"2024-10-23","4","9793"
"2024-10-23","5","167A"
"2024-10-24","1","3139"
"2024-10-24","2","5970"
"2024-10-24","3","3612"
"2024-10-24","4","9793"
"2024-10-24","5","3880"
"2024-10-25","1","3139"
"2024-10-25","2","5970"
"2024-10-25","3","3612"
"2024-10-25","4","9793"
"2024-10-25","5","167A"
"2024-10-28","1","3139"
"2024-10-28","2","5970"
"2024-10-28","3","9793"
"2024-10-28","4","3612"
"2024-10-28","5","3880"
"2024-10-29","1","3139"
"2024-10-29","2","5970"
"2024-10-29","3","9793"
"2024-10-29","4","3880"
"2024-10-29","5","3612"
"2024-10-30","1","3139"
"2024-10-30","2","5970"
"2024-10-30","3","9793"
"2024-10-30","4","3612"
"2024-10-30","5","3880"
"2024-10-31","1","3139"
"2024-10-31","2","8137"
"2024-10-31","3","9793"
"2024-10-31","4","5970"
"2024-10-31","5","3880"
"2024-11-01","1","3139"
"2024-11-01","2","8137"
"2024-11-01","3","5970"
"2024-11-01","4","9793"
"2024-11-01","5","3612"
"2024-11-05","1","3139"
"2024-11-05","2","8137"
"2024-11-05","3","5970"
"2024-11-05","4","9793"
"2024-11-05","5","3880"
"2024-11-06","1","3139"
"2024-11-06","2","5970"
"2024-11-06","3","3880"
"2024-11-06","4","8137"
"2024-11-06","5","9793"
"2024-11-07","1","3139"
"2024-11-07","2","9793"
"2024-11-07","3","3880"
"2024-11-07","4","3612"
"2024-11-07","5","5970"
"2024-11-08","1","3139"
"2024-11-08","2","8137"
"2024-11-08","3","3880"
"2024-11-08","4","5970"
"2024-11-08","5","3612"
"2024-11-11","1","3139"
"2024-11-11","2","8137"
"2024-11-11","3","5970"
"2024-11-11","4","3880"
"2024-11-11","5","3612"
"2024-11-12","1","3139"
"2024-11-12","2","5970"
"2024-11-12","3","8137"
"2024-11-12","4","3880"
"2024-11-12","5","3612"
"2024-11-13","1","3139"
"2024-11-13","2","5970"
"2024-11-13","3","8137"
"2024-11-13","4","9793"
"2024-11-13","5","3880"
"2024-11-14","1","3139"
"2024-11-14","2","3612"
"2024-11-14","3","5970"
"2024-11-14","4","8137"
"2024-11-14","5","3880"
"2024-11-15","1","3139"
"2024-11-15","2","3612"
"2024-11-15","3","4008"
"2024-11-15","4","8137"
"2024-11-15","5","3880"
"2024-11-18","1","3139"
"2024-11-18","2","4008"
"2024-11-18","3","3612"
"2024-11-18","4","3880"
"2024-11-18","5","5970"
"2024-11-19","1","3139"
"2024-11-19","2","4008"
"2024-11-19","3","3612"
"2024-11-19","4","8137"
"2024-11-19","5","5970"
"2024-11-20","1","3139"
"2024-11-20","2","4008"
"2024-11-20","3","3612"
"2024-11-20","4","5970"
"2024-11-20","5","8137"
"2024-11-21","1","3139"
"2024-11-21","2","4008"
"2024-11-21","3","3612"
"2024-11-21","4","5970"
"2024-11-21","5","167A"
"2024-11-22","1","3139"
"2024-11-22","2","4008"
"2024-11-22","3","3612"
"2024-11-22","4","167A"
"2024-11-22","5","5970"
"2024-11-25","1","3139"
"2024-11-25","2","4008"
"2024-11-25","3","3612"
"2024-11-25","4","167A"
"2024-11-25","5","5970"
"2024-11-26","1","3139"
"2024-11-26","2","4008"
"2024-11-26","3","3612"
"2024-11-26","4","167A"
"2024-11-26","5","5970"
"2024-11-27","1","3139"
"2024-11-27","2","4008"
"2024-11-27","3","3612"
"2024-11-27","4","167A"
"2024-11-27","5","5970"
"2024-11-28","1","3139"
"2024-11-28","2","4008"
"2024-11-28","3","3612"
"2024-11-28","4","5970"
"2024-11-28","5","167A"
"2024-11-29","1","3139"
"2024-11-29","2","4008"
"2024-11-29","3","167A"
"2024-11-29","4","5970"
"2024-11-29","5","1662"
"2024-12-02","1","3139"
"2024-12-02","2","4008"
"2024-12-02","3","167A"
"2024-12-02","4","1662"
"2024-12-02","5","5970"
"2024-12-03","1","3139"
"2024-12-03","2","4008"
"2024-12-03","3","167A"
"2024-12-03","4","1662"
"2024-12-03","5","5970"
"2024-12-04","1","3139"
"2024-12-04","2","4008"
"2024-12-04","3","167A"
"2024-12-04","4","1662"
"2024-12-04","5","5970"
"2024-12-05","1","3139"
"2024-12-05","2","4008"
"2024-12-05","3","167A"
"2024-12-05","4","1814"
"2024-12-05","5","5970"
"2024-12-06","1","3139"
"2024-12-06","2","4008"
"2024-12-06","3","167A"
"2024-12-06","4","4182"
"2024-12-06","5","1814"
"2024-12-09","1","3139"
"2024-12-09","2","4008"
"2024-12-09","3","167A"
"2024-12-09","4","4182"
"2024-12-09","5","1814"
"2024-12-10","1","3139"
"2024-12-10","2","4008"
"2024-12-10","3","167A"
"2024-12-10","4","4182"
"2024-12-10","5","1814"
"2024-12-11","1","3139"
"2024-12-11","2","4008"
"2024-12-11","3","167A"
"2024-12-11","4","4182"
"2024-12-11","5","1662"
"2024-12-12","1","3139"
"2024-12-12","2","4008"
"2024-12-12","3","167A"
"2024-12-12","4","4182"
"2024-12-12","5","1662"
"2024-12-13","1","3139"
"2024-12-13","2","4008"
"2024-12-13","3","167A"
"2024-12-13","4","4182"
"2024-12-13","5","1662"
"2024-12-16","1","3139"
"2024-12-16","2","4008"
"2024-12-16","3","167A"
"2024-12-16","4","1662"
"2024-12-16","5","4182"
"2024-12-17","1","3139"
"2024-12-17","2","4008"
"2024-12-17","3","167A"
"2024-12-17","4","9793"
"2024-12-17","5","4208"
"2024-12-18","1","3139"
"2024-12-18","2","4008"
"2024-12-18","3","167A"
"2024-12-18","4","9793"
"2024-12-18","5","1814"
"2024-12-19","1","3139"
"2024-12-19","2","4008"
"2024-12-19","3","167A"
"2024-12-19","4","1662"
"2024-12-19","5","4208"
"2024-12-20","1","3139"
"2024-12-20","2","4008"
"2024-12-20","3","167A"
"2024-12-20","4","1662"
"2024-12-20","5","1814"
"2024-12-23","1","3139"
"2024-12-23","2","4008"
"2024-12-23","3","167A"
"2024-12-23","4","1662"
"2024-12-23","5","4208"
"2024-12-24","1","3139"
"2024-12-24","2","4008"
"2024-12-24","3","167A"
"2024-12-24","4","9793"
"2024-12-24","5","4208"
"2024-12-25","1","3139"
"2024-12-25","2","4008"
"2024-12-25","3","167A"
"2024-12-25","4","6309"
"2024-12-25","5","9793"
"2024-12-26","1","3139"
"2024-12-26","2","4008"
"2024-12-26","3","167A"
"2024-12-26","4","4208"
"2024-12-26","5","9793"
"2024-12-27","1","3139"
"2024-12-27","2","4008"
"2024-12-27","3","167A"
"2024-12-27","4","6309"
"2024-12-27","5","4208"
"2024-12-30","1","3139"
"2024-12-30","2","4008"
"2024-12-30","3","167A"
"2024-12-30","4","9793"
"2024-12-30","5","4208"
"2025-01-06","1","3139"
"2025-01-06","2","4008"
"2025-01-06","3","6309"
"2025-01-06","4","167A"
"2025-01-06","5","4208"
"2025-01-07","1","3139"
"2025-01-07","2","4008"
"2025-01-07","3","6309"
"2025-01-07","4","9793"
"2025-01-07","5","167A"
"2025-01-08","1","3139"
"2025-01-08","2","4008"
"2025-01-08","3","6309"
"2025-01-08","4","167A"
"2025-01-08","5","7994"
"2025-01-09","1","3139"
"2025-01-09","2","4008"
"2025-01-09","3","6309"
"2025-01-09","4","7994"
"2025-01-09","5","167A"
"2025-01-10","1","3139"
"2025-01-10","2","4008"
"2025-01-10","3","6309"
"2025-01-10","4","7994"
"2025-01-10","5","167A"
"2025-01-14","1","3139"
"2025-01-14","2","4008"
"2025-01-14","3","6309"
"2025-01-14","4","167A"
"2025-01-14","5","7994"
"2025-01-15","1","3139"
"2025-01-15","2","4008"
"2025-01-15","3","167A"
"2025-01-15","4","6309"
"2025-01-15","5","7994"
"2025-01-16","1","3139"
"2025-01-16","2","4008"
"2025-01-16","3","167A"
"2025-01-16","4","1662"
"2025-01-16","5","6309"
"2025-01-17","1","3139"
"2025-01-17","2","4008"
"2025-01-17","3","167A"
"2025-01-17","4","6309"
"2025-01-17","5","7994"
"2025-01-20","1","3139"
"2025-01-20","2","4008"
"2025-01-20","3","167A"
"2025-01-20","4","1662"
"2025-01-20","5","7994"
"2025-01-21","1","3139"
"2025-01-21","2","4008"
"2025-01-21","3","1662"
"2025-01-21","4","167A"
"2025-01-21","5","7994"
"2025-01-22","1","3139"
"2025-01-22","2","4008"
"2025-01-22","3","1662"
"2025-01-22","4","167A"
"2025-01-22","5","7994"
"2025-01-23","1","3139"
"2025-01-23","2","4008"
"2025-01-23","3","7994"
"2025-01-23","4","1662"
"2025-01-23","5","167A"
"2025-01-24","1","3139"
"2025-01-24","2","4008"
"2025-01-24","3","7994"
"2025-01-24","4","1662"
"2025-01-24","5","167A"
"2025-01-27","1","3139"
"2025-01-27","2","4008"
"2025-01-27","3","7994"
"2025-01-27","4","167A"
"2025-01-27","5","1662"
"2025-01-28","1","3139"
"2025-01-28","2","4008"
"2025-01-28","3","7994"
"2025-01-28","4","167A"
"2025-01-28","5","1662"
"2025-01-29","1","3139"
"2025-01-29","2","4008"
"2025-01-29","3","167A"
"2025-01-29","4","7994"
"2025-01-29","5","1662"
"2025-01-30","1","3139"
"2025-01-30","2","4008"
"2025-01-30","3","7994"
"2025-01-30","4","167A"
"2025-01-30","5","1662"
"2025-01-31","1","3139"
"2025-01-31","2","4008"
"2025-01-31","3","7994"
"2025-01-31","4","167A"
"2025-01-31","5","4368"
"2025-02-03","1","3139"
"2025-02-03","2","4008"
"2025-02-03","3","7994"
"2025-02-03","4","4368"
"2025-02-03","5","167A"
"2025-02-04","1","3139"
"2025-02-04","2","4008"
"2025-02-04","3","7994"
"2025-02-04","4","4368"
"2025-02-04","5","167A"
"2025-02-05","1","3139"
"2025-02-05","2","4008"
"2025-02-05","3","4368"
"2025-02-05","4","7994"
"2025-02-05","5","4208"
"2025-02-06","1","3139"
"2025-02-06","2","4008"
"2025-02-06","3","4368"
"2025-02-06","4","7994"
"2025-02-06","5","4208"
"2025-02-07","1","3139"
"2025-02-07","2","4008"
"2025-02-07","3","4368"
"2025-02-07","4","7994"
"2025-02-07","5","4208"
"2025-02-10","1","3139"
"2025-02-10","2","4008"
"2025-02-10","3","4368"
"2025-02-10","4","7994"
"2025-02-10","5","4208"
"2025-02-12","1","3139"
"2025-02-12","2","4368"
"2025-02-12","3","4008"
"2025-02-12","4","7994"
"2025-02-12","5","4208"
"2025-02-13","1","3139"
"2025-02-13","2","4368"
"2025-02-13","3","4008"
"2025-02-13","4","7994"
"2025-02-13","5","4208"
"2025-02-14","1","3139"
"2025-02-14","2","4368"
"2025-02-14","3","4008"
"2025-02-14","4","3612"
"2025-02-14","5","7994"
"2025-02-17","1","3139"
"2025-02-17","2","4368"
"2025-02-17","3","4008"
"2025-02-17","4","7994"
"2025-02-17","5","3612"
"2025-02-18","1","3139"
"2025-02-18","2","4368"
"2025-02-18","3","4008"
"2025-02-18","4","3612"
"2025-02-18","5","7994"
"2025-02-19","1","3139"
"2025-02-19","2","4368"
"2025-02-19","3","4008"
"2025-02-19","4","3612"
"2025-02-19","5","167A"
"2025-02-20","1","3139"
"2025-02-20","2","4368"
"2025-02-20","3","3612"
"2025-02-20","4","4008"
"2025-02-20","5","167A"
"2025-02-21","1","3139"
"2025-02-21","2","4368"
"2025-02-21","3","4008"
"2025-02-21","4","3612"
"2025-02-21","5","2163"
"2025-02-25","1","3139"
"2025-02-25","2","4368"
"2025-02-25","3","4008"
"2025-02-25","4","3612"
"2025-02-25","5","167A"
"2025-02-26","1","3139"
"2025-02-26","2","4368"
"2025-02-26","3","8137"
"2025-02-26","4","4008"
"2025-02-26","5","3612"
"2025-02-27","1","3139"
"2025-02-27","2","4368"
"2025-02-27","3","8137"
"2025-02-27","4","4008"
"2025-02-27","5","3612"
"2025-02-28","1","3139"
"2025-02-28","2","4368"
"2025-02-28","3","8137"
"2025-02-28","4","4008"
"2025-02-28","5","3612"
"2025-03-03","1","3139"
"2025-03-03","2","4368"
"2025-03-03","3","8137"
"2025-03-03","4","4008"
"2025-03-03","5","167A"
"2025-03-04","1","3139"
"2025-03-04","2","8137"
"2025-03-04","3","4368"
"2025-03-04","4","4008"
"2025-03-04","5","167A"
"2025-03-05","1","3139"
"2025-03-05","2","8137"
"2025-03-05","3","4368"
"2025-03-05","4","167A"
"2025-03-05","5","3612"
"2025-03-06","1","8137"
"2025-03-06","2","4368"
"2025-03-06","3","167A"
"2025-03-06","4","9507"
"2025-03-06","5","4765"
"2025-03-07","1","8137"
"2025-03-07","2","4368"
"2025-03-07","3","8101"
"2025-03-07","4","9507"
"2025-03-07","5","4765"
"2025-03-10","1","8137"
"2025-03-10","2","4368"
"2025-03-10","3","4765"
"2025-03-10","4","167A"
"2025-03-10","5","9507"
"2025-03-11","1","8137"
"2025-03-11","2","4368"
"2025-03-11","3","8101"
"2025-03-11","4","9507"
"2025-03-11","5","4765"
"2025-03-12","1","8137"
"2025-03-12","2","8101"
"2025-03-12","3","4368"
"2025-03-12","4","9507"
"2025-03-12","5","4765"
"2025-03-13","1","8137"
"2025-03-13","2","4368"
"2025-03-13","3","8101"
"2025-03-13","4","4765"
"2025-03-13","5","9507"
"2025-03-14","1","8137"
"2025-03-14","2","4368"
"2025-03-14","3","8101"
"2025-03-14","4","4765"
"2025-03-14","5","9507"
"2025-03-17","1","8137"
"2025-03-17","2","8101"
"2025-03-17","3","4368"
"2025-03-17","4","4765"
"2025-03-17","5","9507"
"2025-03-18","1","8137"
"2025-03-18","2","8101"
"2025-03-18","3","4368"
"2025-03-18","4","6309"
"2025-03-18","5","4765"
"2025-03-19","1","8137"
"2025-03-19","2","8101"
"2025-03-19","3","4368"
"2025-03-19","4","6309"
"2025-03-19","5","4765"
"2025-03-21","1","8137"
"2025-03-21","2","4368"
"2025-03-21","3","8101"
"2025-03-21","4","6309"
"2025-03-21","5","4765"
"2025-03-24","1","8137"
"2025-03-24","2","4368"
"2025-03-24","3","8101"
"2025-03-24","4","6706"
"2025-03-24","5","6309"
"2025-03-25","1","8137"
"2025-03-25","2","8101"
"2025-03-25","3","4368"
"2025-03-25","4","6309"
"2025-03-25","5","4765"
"2025-03-26","1","8137"
"2025-03-26","2","8101"
"2025-03-26","3","4368"
"2025-03-26","4","6309"
"2025-03-26","5","6706"
"2025-03-27","1","7438"
"2025-03-27","2","8137"
"2025-03-27","3","4368"
"2025-03-27","4","8101"
"2025-03-27","5","6706"
"2025-03-28","1","7438"
"2025-03-28","2","8137"
"2025-03-28","3","4368"
"2025-03-28","4","8101"
"2025-03-28","5","6706"
"2025-03-31","1","7438"
"2025-03-31","2","8137"
"2025-03-31","3","4368"
"2025-03-31","4","8101"
"2025-03-31","5","6339"
"2025-04-01","1","7438"
"2025-04-01","2","8137"
"2025-04-01","3","4368"
"2025-04-01","4","8101"
"2025-04-01","5","6339"
"2025-04-02","1","7438"
"2025-04-02","2","8137"
"2025-04-02","3","4368"
"2025-04-02","4","8101"
"2025-04-02","5","6339"
"2025-04-03","1","7438"
"2025-04-03","2","8137"
"2025-04-03","3","8101"
"2025-04-03","4","4368"
"2025-04-03","5","3708"
"2025-04-04","1","7438"
"2025-04-04","2","8137"
"2025-04-04","3","8101"
"2025-04-04","4","4368"
"2025-04-04","5","6339"
"2025-04-07","1","7438"
"2025-04-07","2","8137"
"2025-04-07","3","4368"
"2025-04-07","4","8101"
"2025-04-07","5","6339"
"2025-04-08","1","7438"
"2025-04-08","2","8137"
"2025-04-08","3","8101"
"2025-04-08","4","4368"
"2025-04-08","5","6339"
"2025-04-09","1","7438"
"2025-04-09","2","8137"
"2025-04-09","3","8101"
"2025-04-09","4","4368"
"2025-04-09","5","6339"
"2025-04-10","1","7438"
"2025-04-10","2","8137"
"2025-04-10","3","4368"
"2025-04-10","4","8101"
"2025-04-10","5","6339"
"2025-04-11","1","7438"
"2025-04-11","2","8137"
"2025-04-11","3","4368"
"2025-04-11","4","8101"
"2025-04-11","5","6339"
"2025-04-14","1","7438"
"2025-04-14","2","8137"
"2025-04-14","3","4368"
"2025-04-14","4","8101"
"2025-04-14","5","6339"
"2025-04-15","1","7438"
"2025-04-15","2","2753"
"2025-04-15","3","8137"
"2025-04-15","4","8101"
"2025-04-15","5","6339"
"2025-04-16","1","7438"
"2025-04-16","2","2753"
"2025-04-16","3","8137"
"2025-04-16","4","6339"
"2025-04-16","5","8101"
"2025-04-17","1","7438"
"2025-04-17","2","8137"
"2025-04-17","3","8101"
"2025-04-17","4","6339"
"2025-04-17","5","4368"
"2025-04-18","1","7438"
"2025-04-18","2","2753"
"2025-04-18","3","8137"
"2025-04-18","4","8101"
"2025-04-18","5","6339"
"2025-04-21","1","7438"
"2025-04-21","2","8137"
"2025-04-21","3","2753"
"2025-04-21","4","8101"
"2025-04-21","5","6339"
"2025-04-22","1","7438"
"2025-04-22","2","2753"
"2025-04-22","3","8137"
"2025-04-22","4","6339"
"2025-04-22","5","4368"
"2025-04-23","1","3139"
"2025-04-23","2","2753"
"2025-04-23","3","8137"
"2025-04-23","4","4368"
"2025-04-23","5","5357"
"2025-04-24","1","3139"
"2025-04-24","2","2753"
"2025-04-24","3","4368"
"2025-04-24","4","8137"
"2025-04-24","5","5357"
"2025-04-25","1","3139"
"2025-04-25","2","2753"
"2025-04-25","3","4368"
"2025-04-25","4","8137"
"2025-04-25","5","5357"
"2025-04-28","1","3139"
"2025-04-28","2","2753"
"2025-04-28","3","4368"
"2025-04-28","4","8137"
"2025-04-28","5","5357"
"2025-04-30","1","3139"
"2025-04-30","2","2753"
"2025-04-30","3","4368"
"2025-04-30","4","8137"
"2025-04-30","5","5357"
"2025-05-01","1","3139"
"2025-05-01","2","2753"
"2025-05-01","3","4368"
"2025-05-01","4","5357"
"2025-05-01","5","6339"
"2025-05-02","1","3139"
"2025-05-02","2","2753"
"2025-05-02","3","4368"
"2025-05-02","4","3612"
"2025-05-02","5","5357"
"2025-05-07","1","3139"
"2025-05-07","2","2753"
"2025-05-07","3","4368"
"2025-05-07","4","5357"
"2025-05-07","5","3612"
"2025-05-08","1","3139"
"2025-05-08","2","4368"
"2025-05-08","3","3612"
"2025-05-08","4","5357"
"2025-05-08","5","4008"
"2025-05-09","1","3139"
"2025-05-09","2","4368"
"2025-05-09","3","5357"
"2025-05-09","4","9507"
"2025-05-09","5","4008"
"2025-05-12","1","3139"
"2025-05-12","2","4368"
"2025-05-12","3","3612"
"2025-05-12","4","5357"
"2025-05-12","5","4008"
"2025-05-13","1","3139"
"2025-05-13","2","4368"
"2025-05-13","3","5357"
"2025-05-13","4","3612"
"2025-05-13","5","4008"
"2025-05-14","1","3139"
"2025-05-14","2","4368"
"2025-05-14","3","5357"
"2025-05-14","4","3612"
"2025-05-14","5","4008"
"2025-05-15","1","3139"
"2025-05-15","2","7245"
"2025-05-15","3","4368"
"2025-05-15","4","5357"
"2025-05-15","5","3612"
"2025-05-16","1","3139"
"2025-05-16","2","7245"
"2025-05-16","3","4368"
"2025-05-16","4","4008"
"2025-05-16","5","5357"
"2025-05-19","1","3139"
"2025-05-19","2","4368"
"2025-05-19","3","7245"
"2025-05-19","4","5357"
"2025-05-19","5","4611"
"2025-05-20","1","3139"
"2025-05-20","2","4368"
"2025-05-20","3","7245"
"2025-05-20","4","5357"
"2025-05-20","5","4008"
"2025-05-21","1","3139"
"2025-05-21","2","4368"
"2025-05-21","3","7245"
"2025-05-21","4","4008"
"2025-05-21","5","3612"
"2025-05-22","1","3139"
"2025-05-22","2","4368"
"2025-05-22","3","7245"
"2025-05-22","4","4008"
"2025-05-22","5","9507"
"2025-05-23","1","3139"
"2025-05-23","2","4368"
"2025-05-23","3","4008"
"2025-05-23","4","7245"
"2025-05-23","5","9507"
"2025-05-26","1","3139"
"2025-05-26","2","4368"
"2025-05-26","3","4008"
"2025-05-26","4","7245"
"2025-05-26","5","3612"
"2025-05-27","1","3139"
"2025-05-27","2","4368"
"2025-05-27","3","4008"
"2025-05-27","4","7245"
"2025-05-27","5","3612"
"2025-05-28","1","3139"
"2025-05-28","2","4368"
"2025-05-28","3","4008"
"2025-05-28","4","7245"
"2025-05-28","5","9507"
"2025-05-29","1","3139"
"2025-05-29","2","4368"
"2025-05-29","3","4008"
"2025-05-29","4","7245"
"2025-05-29","5","9507"
"2025-05-30","1","3139"
"2025-05-30","2","4368"
"2025-05-30","3","4008"
"2025-05-30","4","7245"
"2025-05-30","5","9507"
"2025-06-02","1","3139"
"2025-06-02","2","4368"
"2025-06-02","3","4008"
"2025-06-02","4","7245"
"2025-06-02","5","9507"
"2025-06-03","1","3139"
"2025-06-03","2","4368"
"2025-06-03","3","7245"
"2025-06-03","4","9507"
"2025-06-03","5","4008"
"2025-06-04","1","3139"
"2025-06-04","2","4368"
"2025-06-04","3","7245"
"2025-06-04","4","9507"
"2025-06-04","5","4008"
"2025-06-05","1","3139"
"2025-06-05","2","7245"
"2025-06-05","3","4368"
"2025-06-05","4","4008"
"2025-06-05","5","9507"
"2025-06-06","1","3139"
"2025-06-06","2","7245"
"2025-06-06","3","4008"
"2025-06-06","4","4368"
"2025-06-06","5","9507"
"2025-06-09","1","3139"
"2025-06-09","2","4008"
"2025-06-09","3","4368"
"2025-06-09","4","9507"
"2025-06-09","5","7245"
"2025-06-10","1","3139"
"2025-06-10","2","7245"
"2025-06-10","3","4008"
"2025-06-10","4","4368"
"2025-06-10","5","9507"
"2025-06-11","1","7245"
"2025-06-11","2","3139"
"2025-06-11","3","4008"
"2025-06-11","4","9507"
"2025-06-11","5","4368"
"2025-06-12","1","7245"
"2025-06-12","2","3139"
"2025-06-12","3","4008"
"2025-06-12","4","9507"
"2025-06-12","5","4368"
"2025-06-13","1","7245"
"2025-06-13","2","3139"
"2025-06-13","3","4008"
"2025-06-13","4","4368"
"2025-06-13","5","9507"
"2025-06-16","1","3139"
"2025-06-16","2","4008"
"2025-06-16","3","7245"
"2025-06-16","4","9507"
"2025-06-16","5","4368"
"2025-06-17","1","3139"
"2025-06-17","2","7245"
"2025-06-17","3","4008"
"2025-06-17","4","4368"
"2025-06-17","5","9507"
"2025-06-18","1","6381"
"2025-06-18","2","3139"
"2025-06-18","3","7245"
"2025-06-18","4","4008"
"2025-06-18","5","4368"
"2025-06-19","1","6381"
"2025-06-19","2","3139"
"2025-06-19","3","4008"
"2025-06-19","4","4368"
"2025-06-19","5","9507"
"2025-06-20","1","6381"
"2025-06-20","2","3139"
"2025-06-20","3","4008"
"2025-06-20","4","4368"
"2025-06-20","5","9507"
"2025-06-23","1","6381"
"2025-06-23","2","3139"
"2025-06-23","3","4008"
"2025-06-23","4","4368"
"2025-06-23","5","9507"
"2025-06-24","1","6381"
"2025-06-24","2","3139"
"2025-06-24","3","4008"
"2025-06-24","4","4368"
"2025-06-24","5","9507"
"2025-06-25","1","6381"
"2025-06-25","2","7245"
"2025-06-25","3","3139"
"2025-06-25","4","4008"
"2025-06-25","5","4368"
"2025-06-26","1","7245"
"2025-06-26","2","4008"
"2025-06-26","3","3139"
"2025-06-26","4","4368"
"2025-06-26","5","2153"
"2025-06-27","1","7245"
"2025-06-27","2","4008"
"2025-06-27","3","4368"
"2025-06-27","4","3139"
"2025-06-27","5","2153"
"2025-06-30","1","6381"
"2025-06-30","2","4008"
"2025-06-30","3","3139"
"2025-06-30","4","4368"
"2025-06-30","5","2153"
"2025-07-01","1","4008"
"2025-07-01","2","4368"
"2025-07-01","3","3139"
"2025-07-01","4","2153"
"2025-07-01","5","9507"
"2025-07-02","1","6381"
"2025-07-02","2","4008"
"2025-07-02","3","4368"
"2025-07-02","4","3139"
"2025-07-02","5","2153"
"2025-07-03","1","6381"
"2025-07-03","2","4008"
"2025-07-03","3","4368"
"2025-07-03","4","3139"
"2025-07-03","5","2153"
"2025-07-04","1","6381"
"2025-07-04","2","4008"
"2025-07-04","3","3612"
"2025-07-04","4","4368"
"2025-07-04","5","3139"
"2025-07-07","1","6381"
"2025-07-07","2","4008"
"2025-07-07","3","3612"
"2025-07-07","4","4368"
"2025-07-07","5","3139"
"2025-07-08","1","6381"
"2025-07-08","2","4008"
"2025-07-08","3","3612"
"2025-07-08","4","4368"
"2025-07-08","5","2153"
"2025-07-09","1","6381"
"2025-07-09","2","4008"
"2025-07-09","3","3612"
"2025-07-09","4","4368"
"2025-07-09","5","2153"
"2025-07-10","1","6381"
"2025-07-10","2","4008"
"2025-07-10","3","3612"
"2025-07-10","4","4368"
"2025-07-10","5","2153"
"2025-07-11","1","6381"
"2025-07-11","2","4008"
"2025-07-11","3","4368"
"2025-07-11","4","3612"
"2025-07-11","5","1945"
"2025-07-14","1","6381"
"2025-07-14","2","4008"
"2025-07-14","3","4368"
"2025-07-14","4","1945"
"2025-07-14","5","2153"
"2025-07-15","1","6381"
"2025-07-15","2","4008"
"2025-07-15","3","4368"
"2025-07-15","4","2153"
"2025-07-15","5","1945"
"2025-07-16","1","6381"
"2025-07-16","2","4008"
"2025-07-16","3","4368"
"2025-07-16","4","1945"
"2025-07-16","5","2153"
"2025-07-17","1","4008"
"2025-07-17","2","4368"
"2025-07-17","3","1945"
"2025-07-17","4","2153"
"2025-07-17","5","9507"
"2025-07-18","1","6381"
"2025-07-18","2","4008"
"2025-07-18","3","4368"
"2025-07-18","4","1945"
"2025-07-18","5","2153"
"2025-07-22","1","4008"
"2025-07-22","2","4368"
"2025-07-22","3","1945"
"2025-07-22","4","9507"
"2025-07-22","5","2153"
"2025-07-23","1","4008"
"2025-07-23","2","4368"
"2025-07-23","3","1945"
"2025-07-23","4","2153"
"2025-07-23","5","9507"
"2025-07-24","1","6381"
"2025-07-24","2","4008"
"2025-07-24","3","1945"
"2025-07-24","4","4368"
"2025-07-24","5","3139"
"2025-07-25","1","4008"
"2025-07-25","2","4368"
"2025-07-25","3","3139"
"2025-07-25","4","2153"
"2025-07-25","5","1945"
"2025-07-28","1","4008"
"2025-07-28","2","4368"
"2025-07-28","3","2153"
"2025-07-28","4","1945"
"2025-07-28","5","3139"
"2025-07-29","1","6381"
"2025-07-29","2","4008"
"2025-07-29","3","4368"
"2025-07-29","4","3139"
"2025-07-29","5","1945"
"2025-07-30","1","6381"
"2025-07-30","2","4008"
"2025-07-30","3","4368"
"2025-07-30","4","3139"
"2025-07-30","5","1945"
"2025-07-31","1","4008"
"2025-07-31","2","4368"
"2025-07-31","3","3139"
"2025-07-31","4","1945"
"2025-07-31","5","2153"
"2025-08-01","1","4008"
"2025-08-01","2","4368"
"2025-08-01","3","3139"
"2025-08-01","4","1945"
"2025-08-01","5","2153"
"2025-08-04","1","6381"
"2025-08-04","2","4008"
"2025-08-04","3","3139"
"2025-08-04","4","4368"
"2025-08-04","5","4548"
"2025-08-05","1","6381"
"2025-08-05","2","4008"
"2025-08-05","3","4368"
"2025-08-05","4","3139"
"2025-08-05","5","4548"
"2025-08-06","1","4008"
"2025-08-06","2","7102"
"2025-08-06","3","4368"
"2025-08-06","4","3139"
"2025-08-06","5","2153"
"2025-08-07","1","4008"
"2025-08-07","2","6381"
"2025-08-07","3","7102"
"2025-08-07","4","4368"
"2025-08-07","5","7447"
"2025-08-08","1","4008"
"2025-08-08","2","6381"
"2025-08-08","3","7102"
"2025-08-08","4","4368"
"2025-08-08","5","7447"
"2025-08-12","1","6381"
"2025-08-12","2","4008"
"2025-08-12","3","4368"
"2025-08-12","4","7102"
"2025-08-12","5","7447"
"2025-08-13","1","6381"
"2025-08-13","2","4008"
"2025-08-13","3","4368"
"2025-08-13","4","7102"
"2025-08-13","5","3612"
"2025-08-14","1","4368"
"2025-08-14","2","4008"
"2025-08-14","3","6652"
"2025-08-14","4","7245"
"2025-08-14","5","2975"
"2025-08-15","1","4368"
"2025-08-15","2","2975"
"2025-08-15","3","4008"
"2025-08-15","4","7245"
"2025-08-15","5","2153"
"2025-08-18","1","4368"
"2025-08-18","2","4008"
"2025-08-18","3","2153"
"2025-08-18","4","7245"
"2025-08-18","5","4848"
"2025-08-19","1","4008"
"2025-08-19","2","2153"
"2025-08-19","3","4848"
"2025-08-19","4","7245"
"2025-08-19","5","9507"
"2025-08-20","1","4008"
"2025-08-20","2","2153"
"2025-08-20","3","4848"
"2025-08-20","4","7245"
"2025-08-20","5","6652"
"2025-08-21","1","6420"
"2025-08-21","2","4008"
"2025-08-21","3","2153"
"2025-08-21","4","6652"
"2025-08-21","5","7102"
"2025-08-22","1","4008"
"2025-08-22","2","6420"
"2025-08-22","3","2153"
"2025-08-22","4","6652"
"2025-08-22","5","4848"
"2025-08-25","1","4008"
"2025-08-25","2","6339"
"2025-08-25","3","2153"
"2025-08-25","4","6652"
"2025-08-25","5","6340"
"2025-08-26","1","4008"
"2025-08-26","2","2153"
"2025-08-26","3","6339"
"2025-08-26","4","4507"
"2025-08-26","5","7245"
"2025-08-27","1","6718"
"2025-08-27","2","4008"
"2025-08-27","3","2153"
"2025-08-27","4","6339"
"2025-08-27","5","4848"
"2025-08-28","1","6718"
"2025-08-28","2","4008"
"2025-08-28","3","2153"
"2025-08-28","4","4507"
"2025-08-28","5","6652"
"2025-08-29","1","6718"
"2025-08-29","2","4008"
"2025-08-29","3","2153"
"2025-08-29","4","4848"
"2025-08-29","5","4507"
"2025-09-01","1","6718"
"2025-09-01","2","4008"
"2025-09-01","3","4507"
"2025-09-01","4","2153"
"2025-09-01","5","6339"
"2025-09-02","1","6718"
"2025-09-02","2","4008"
"2025-09-02","3","4848"
"2025-09-02","4","4507"
"2025-09-02","5","6339"
"2025-09-03","1","4008"
"2025-09-03","2","4848"
"2025-09-03","3","4507"
"2025-09-03","4","2153"
"2025-09-03","5","6339"
"2025-09-04","1","5269"
"2025-09-04","2","4008"
"2025-09-04","3","4848"
"2025-09-04","4","4507"
"2025-09-04","5","6339"
"2025-09-05","1","5269"
"2025-09-05","2","4008"
"2025-09-05","3","4848"
"2025-09-05","4","6339"
"2025-09-05","5","4507"
"2025-09-08","1","4008"
"2025-09-08","2","4848"
"2025-09-08","3","6339"
"2025-09-08","4","4507"
"2025-09-08","5","6652"
"2025-09-09","1","4008"
"2025-09-09","2","4848"
"2025-09-09","3","6420"
"2025-09-09","4","6339"
"2025-09-09","5","4507"
"2025-09-10","1","4008"
"2025-09-10","2","4848"
"2025-09-10","3","6420"
"2025-09-10","4","6339"
"2025-09-10","5","2975"
"2025-09-11","1","4848"
"2025-09-11","2","4008"
"2025-09-11","3","6420"
"2025-09-11","4","6339"
"2025-09-11","5","3939"
"2025-09-12","1","5269"
"2025-09-12","2","4848"
"2025-09-12","3","4008"
"2025-09-12","4","3939"
"2025-09-12","5","6339"
"2025-09-16","1","4848"
"2025-09-16","2","4008"
"2025-09-16","3","3939"
"2025-09-16","4","4507"
"2025-09-16","5","6339"
"2025-09-17","1","5269"
"2025-09-17","2","4848"
"2025-09-17","3","4008"
"2025-09-17","4","4507"
"2025-09-17","5","3939"
"2025-09-18","1","4848"
"2025-09-18","2","4008"
"2025-09-18","3","3939"
"2025-09-18","4","4507"
"2025-09-18","5","6339"
"2025-09-19","1","4848"
"2025-09-19","2","4008"
"2025-09-19","3","3939"
"2025-09-19","4","4507"
"2025-09-19","5","6339"
"2025-09-22","1","4008"
"2025-09-22","2","4507"
"2025-09-22","3","3939"
"2025-09-22","4","6339"
"2025-09-22","5","8002"
"2025-09-24","1","4008"
"2025-09-24","2","4507"
"2025-09-24","3","3939"
"2025-09-24","4","8002"
"2025-09-24","5","6339"
"2025-09-25","1","7510"
"2025-09-25","2","4008"
"2025-09-25","3","4507"
"2025-09-25","4","3939"
"2025-09-25","5","6652"
"2025-09-26","1","6718"
"2025-09-26","2","7510"
"2025-09-26","3","4008"
"2025-09-26","4","4507"
"2025-09-26","5","6652"
"2025-09-29","1","6718"
"2025-09-29","2","4507"
"2025-09-29","3","4008"
"2025-09-29","4","7510"
"2025-09-29","5","3939"
"2025-09-30","1","6718"
"2025-09-30","2","4008"
"2025-09-30","3","4507"
"2025-09-30","4","7510"
"2025-09-30","5","6652"
"2025-10-01","1","6718"
"2025-10-01","2","4507"
"2025-10-01","3","7510"
"2025-10-01","4","4008"
"2025-10-01","5","6652"
"2025-10-02","1","4765"
"2025-10-02","2","6718"
"2025-10-02","3","4507"
"2025-10-02","4","4008"
"2025-10-02","5","7510"
"2025-10-03","1","4765"
"2025-10-03","2","6718"
"2025-10-03","3","4507"
"2025-10-03","4","4008"
"2025-10-03","5","6652"
"2025-10-06","1","4765"
"2025-10-06","2","6718"
"2025-10-06","3","4507"
"2025-10-06","4","4008"
"2025-10-06","5","6653"
"2025-10-07","1","4765"
"2025-10-07","2","6718"
"2025-10-07","3","6653"
"2025-10-07","4","4507"
"2025-10-07","5","4008"
"2025-10-08","1","4765"
"2025-10-08","2","6718"
"2025-10-08","3","4507"
"2025-10-08","4","6653"
"2025-10-08","5","4008"
"2025-10-09","1","4765"
"2025-10-09","2","4507"
"2025-10-09","3","6718"
"2025-10-09","4","6653"
"2025-10-09","5","4008"
"2025-10-10","1","4765"
"2025-10-10","2","6718"
"2025-10-10","3","4507"
"2025-10-10","4","6653"
"2025-10-10","5","4008"
"2025-10-14","1","4765"
"2025-10-14","2","6718"
"2025-10-14","3","4507"
"2025-10-14","4","6653"
"2025-10-14","5","4008"
"2025-10-15","1","4765"
"2025-10-15","2","6718"
"2025-10-15","3","4507"
"2025-10-15","4","6653"
"2025-10-15","5","4008"
"2025-10-16","1","4765"
"2025-10-16","2","4507"
"2025-10-16","3","6718"
"2025-10-16","4","6653"
"2025-10-16","5","3221"
"2025-10-17","1","4765"
"2025-10-17","2","4507"
"2025-10-17","3","6718"
"2025-10-17","4","6653"
"2025-10-17","5","3221"
"2025-10-20","1","4765"
"2025-10-20","2","4507"
"2025-10-20","3","6718"
"2025-10-20","4","3221"
"2025-10-20","5","6653"
"2025-10-21","1","4765"
"2025-10-21","2","4507"
"2025-10-21","3","6653"
"2025-10-21","4","4886"
"2025-10-21","5","3221"
"2025-10-22","1","4765"
"2025-10-22","2","4507"
"2025-10-22","3","4886"
"2025-10-22","4","4008"
"2025-10-22","5","2753"
"2025-10-23","1","4765"
"2025-10-23","2","4507"
"2025-10-23","3","4886"
"2025-10-23","4","2753"
"2025-10-23","5","3221"
"2025-10-24","1","4765"
"2025-10-24","2","4507"
"2025-10-24","3","4886"
"2025-10-24","4","2753"
"2025-10-24","5","3221"
"2025-10-27","1","4765"
"2025-10-27","2","4507"
"2025-10-27","3","4886"
"2025-10-27","4","2753"
"2025-10-27","5","4008"
"2025-10-28","1","4765"
"2025-10-28","2","4507"
"2025-10-28","3","4886"
"2025-10-28","4","2753"
"2025-10-28","5","4008"
"2025-10-29","1","4765"
"2025-10-29","2","4507"
"2025-10-29","3","4886"
"2025-10-29","4","2753"
"2025-10-29","5","4008"
"2025-10-30","1","4765"
"2025-10-30","2","4507"
"2025-10-30","3","4886"
"2025-10-30","4","2753"
"2025-10-30","5","4008"
"2025-10-31","1","4765"
"2025-10-31","2","4507"
"2025-10-31","3","4886"
"2025-10-31","4","2753"
"2025-10-31","5","4008"
"2025-11-04","1","4765"
"2025-11-04","2","4507"
"2025-11-04","3","4886"
"2025-11-04","4","6718"
"2025-11-04","5","2753"
"2025-11-05","1","4765"
"2025-11-05","2","4507"
"2025-11-05","3","4848"
"2025-11-05","4","7447"
"2025-11-05","5","4886"
"2025-11-06","1","4765"
"2025-11-06","2","4848"
"2025-11-06","3","4507"
"2025-11-06","4","4886"
"2025-11-06","5","6718"
"2025-11-07","1","4765"
"2025-11-07","2","4848"
"2025-11-07","3","4507"
"2025-11-07","4","7447"
"2025-11-07","5","4886"
"2025-11-10","1","4765"
"2025-11-10","2","4848"
"2025-11-10","3","4507"
"2025-11-10","4","4886"
"2025-11-10","5","6718"
"2025-11-11","1","4765"
"2025-11-11","2","4848"
"2025-11-11","3","4507"
"2025-11-11","4","4886"
"2025-11-11","5","6718"
"2025-11-12","1","4765"
"2025-11-12","2","4848"
"2025-11-12","3","4507"
"2025-11-12","4","4886"
"2025-11-12","5","6718"
"2025-11-13","1","4765"
"2025-11-13","2","4848"
"2025-11-13","3","4507"
"2025-11-13","4","4886"
"2025-11-13","5","6718"
"2025-11-14","1","4765"
"2025-11-14","2","4848"
"2025-11-14","3","4886"
"2025-11-14","4","4507"
"2025-11-14","5","6718"
"2025-11-17","1","4765"
"2025-11-17","2","4848"
"2025-11-17","3","4886"
"2025-11-17","4","4507"
"2025-11-17","5","6718"
"2025-11-18","1","4765"
"2025-11-18","2","4848"
"2025-11-18","3","4507"
"2025-11-18","4","4886"
"2025-11-18","5","6718"
"2025-11-19","1","4765"
"2025-11-19","2","4848"
"2025-11-19","3","4886"
"2025-11-19","4","4507"
"2025-11-19","5","6718"
"2025-11-20","1","4765"
"2025-11-20","2","4848"
"2025-11-20","3","4886"
"2025-11-20","4","4507"
"2025-11-20","5","8015"
"2025-11-21","1","4848"
"2025-11-21","2","4765"
"2025-11-21","3","4886"
"2025-11-21","4","4507"
"2025-11-21","5","6718"
"2025-11-25","1","4765"
"2025-11-25","2","4848"
"2025-11-25","3","4886"
"2025-11-25","4","4507"
"2025-11-25","5","8015"
"2025-11-26","1","4848"
"2025-11-26","2","4765"
"2025-11-26","3","4886"
"2025-11-26","4","4507"
"2025-11-26","5","6718"
"2025-11-27","1","4848"
"2025-11-27","2","4765"
"2025-11-27","3","4886"
"2025-11-27","4","4507"
"2025-11-27","5","6718"
"2025-11-28","1","4848"
"2025-11-28","2","4765"
"2025-11-28","3","4886"
"2025-11-28","4","4507"
"2025-11-28","5","9332"
"2025-12-01","1","4848"
"2025-12-01","2","4765"
"2025-12-01","3","4886"
"2025-12-01","4","4507"
"2025-12-01","5","4362"
"2025-12-02","1","4848"
"2025-12-02","2","4765"
"2025-12-02","3","4886"
"2025-12-02","4","4507"
"2025-12-02","5","9332"
"2025-12-03","1","4848"
"2025-12-03","2","4765"
"2025-12-03","3","4886"
"2025-12-03","4","4507"
"2025-12-03","5","9332"
"2025-12-04","1","4848"
"2025-12-04","2","4765"
"2025-12-04","3","4507"
"2025-12-04","4","9332"
"2025-12-04","5","4362"
"2025-12-05","1","4848"
"2025-12-05","2","4765"
"2025-12-05","3","4507"
"2025-12-05","4","9332"
"2025-12-05","5","4362"
"2025-12-08","1","4848"
"2025-12-08","2","4765"
"2025-12-08","3","4507"
"2025-12-08","4","9332"
"2025-12-08","5","4362"
"2025-12-09","1","4848"
"2025-12-09","2","4765"
"2025-12-09","3","4507"
"2025-12-09","4","9332"
"2025-12-09","5","4362"
"2025-12-10","1","4848"
"2025-12-10","2","4765"
"2025-12-10","3","4507"
"2025-12-10","4","4362"
"2025-12-10","5","8020"
"2025-12-11","1","4848"
"2025-12-11","2","4765"
"2025-12-11","3","8015"
"2025-12-11","4","4507"
"2025-12-11","5","4362"
"2025-12-12","1","4848"
"2025-12-12","2","4765"
"2025-12-12","3","4507"
"2025-12-12","4","4362"
"2025-12-12","5","8137"
"2025-12-15","1","4848"
"2025-12-15","2","4765"
"2025-12-15","3","4507"
"2025-12-15","4","4362"
"2025-12-15","5","8137"
"2025-12-16","1","4848"
"2025-12-16","2","4765"
"2025-12-16","3","4507"
"2025-12-16","4","4362"
"2025-12-16","5","8137"
"2025-12-17","1","4848"
"2025-12-17","2","4765"
"2025-12-17","3","4507"
"2025-12-17","4","4362"
"2025-12-17","5","8137"
"2025-12-18","1","4848"
"2025-12-18","2","4765"
"2025-12-18","3","4507"
"2025-12-18","4","4362"
"2025-12-18","5","8137"
"2025-12-19","1","4848"
"2025-12-19","2","4765"
"2025-12-19","3","4507"
"2025-12-19","4","4362"
"2025-12-19","5","8137"
"2025-12-22","1","4848"
"2025-12-22","2","4765"
"2025-12-22","3","4507"
"2025-12-22","4","4362"
"2025-12-22","5","8137"
"2025-12-23","1","4848"
"2025-12-23","2","4765"
"2025-12-23","3","4886"
"2025-12-23","4","4507"
"2025-12-23","5","4362"
"2025-12-24","1","4848"
"2025-12-24","2","4765"
"2025-12-24","3","4886"
"2025-12-24","4","4362"
"2025-12-24","5","4507"
"2025-12-25","1","4848"
"2025-12-25","2","4886"
"2025-12-25","3","4765"
"2025-12-25","4","4507"
"2025-12-25","5","4362"
"2025-12-26","1","4848"
"2025-12-26","2","4765"
"2025-12-26","3","4507"
"2025-12-26","4","4362"
"2025-12-26","5","4503"
"2025-12-29","1","4848"
"2025-12-29","2","4886"
"2025-12-29","3","4765"
"2025-12-29","4","4507"
"2025-12-29","5","4362"
"2025-12-30","1","4765"
"2025-12-30","2","4848"
"2025-12-30","3","4886"
"2025-12-30","4","4507"
"2025-12-30","5","4362"
"2026-01-05","1","4848"
"2026-01-05","2","4765"
"2026-01-05","3","4886"
"2026-01-05","4","4507"
"2026-01-05","5","4362"
"2026-01-06","1","4848"
"2026-01-06","2","4765"
"2026-01-06","3","4886"
"2026-01-06","4","4507"
"2026-01-06","5","6078"
"2026-01-07","1","4848"
"2026-01-07","2","4765"
"2026-01-07","3","4886"
"2026-01-07","4","6078"
"2026-01-07","5","4507"
"2026-01-08","1","4765"
"2026-01-08","2","4848"
"2026-01-08","3","4886"
"2026-01-08","4","4507"
"2026-01-08","5","4611"
"2026-01-09","1","4765"
"2026-01-09","2","4848"
"2026-01-09","3","4886"
"2026-01-09","4","4507"
"2026-01-09","5","4362"
"2026-01-13","1","4765"
"2026-01-13","2","4848"
"2026-01-13","3","4886"
"2026-01-13","4","4507"
"2026-01-13","5","4611"
"2026-01-14","1","4765"
"2026-01-14","2","4886"
"2026-01-14","3","4848"
"2026-01-14","4","4507"
"2026-01-14","5","6367"
"2026-01-15","1","4886"
"2026-01-15","2","4765"
"2026-01-15","3","4848"
"2026-01-15","4","4507"
"2026-01-15","5","6367"
"2026-01-16","1","4765"
"2026-01-16","2","4886"
"2026-01-16","3","4848"
"2026-01-16","4","4507"
"2026-01-16","5","8923"
"2026-01-19","1","4886"
"2026-01-19","2","4765"
"2026-01-19","3","4848"
"2026-01-19","4","4507"
"2026-01-19","5","8923"
"2026-01-20","1","4886"
"2026-01-20","2","4765"
"2026-01-20","3","4848"
"2026-01-20","4","4507"
"2026-01-20","5","8923"
"2026-01-21","1","4886"
"2026-01-21","2","4848"
"2026-01-21","3","4765"
"2026-01-21","4","8923"
"2026-01-21","5","4507"
"2026-01-22","1","4886"
"2026-01-22","2","4848"
"2026-01-22","3","4765"
"2026-01-22","4","4507"
"2026-01-22","5","8923"
"2026-01-23","1","4886"
"2026-01-23","2","4848"
"2026-01-23","3","4765"
"2026-01-23","4","8923"
"2026-01-23","5","6078"
"2026-01-26","1","4886"
"2026-01-26","2","4848"
"2026-01-26","3","4765"
"2026-01-26","4","8923"
"2026-01-26","5","2935"
"2026-01-27","1","4886"
"2026-01-27","2","4848"
"2026-01-27","3","4765"
"2026-01-27","4","8923"
"2026-01-27","5","2935"
"2026-01-28","1","4886"
"2026-01-28","2","4848"
"2026-01-28","3","4765"
"2026-01-28","4","8923"
"2026-01-28","5","6078"
"2026-01-29","1","4848"
"2026-01-29","2","4765"
"2026-01-29","3","4886"
"2026-01-29","4","7683"
"2026-01-29","5","8923"
"2026-01-30","1","4848"
"2026-01-30","2","4765"
"2026-01-30","3","7683"
"2026-01-30","4","8923"
"2026-01-30","5","8137"
"2026-02-02","1","4848"
"2026-02-02","2","3176"
"2026-02-02","3","4765"
"2026-02-02","4","7683"
"2026-02-02","5","8137"
"2026-02-03","1","3176"
"2026-02-03","2","4848"
"2026-02-03","3","4765"
"2026-02-03","4","8137"
"2026-02-03","5","8923"
"2026-02-04","1","3176"
"2026-02-04","2","4765"
"2026-02-04","3","4848"
"2026-02-04","4","8137"
"2026-02-04","5","3391"
"2026-02-05","1","3176"
"2026-02-05","2","4765"
"2026-02-05","3","4848"
"2026-02-05","4","8137"
"2026-02-05","5","3391"
"2026-02-06","1","3176"
"2026-02-06","2","4765"
"2026-02-06","3","4848"
"2026-02-06","4","4432"
"2026-02-06","5","3391"
"2026-02-09","1","4765"
"2026-02-09","2","3176"
"2026-02-09","3","4848"
"2026-02-09","4","4432"
"2026-02-09","5","8137"
"2026-02-10","1","3176"
"2026-02-10","2","4765"
"2026-02-10","3","4848"
"2026-02-10","4","4432"
"2026-02-10","5","8137"
"2026-02-12","1","4765"
"2026-02-12","2","3176"
"2026-02-12","3","4848"
"2026-02-12","4","4432"
"2026-02-12","5","4577"
"2026-02-13","1","3176"
"2026-02-13","2","4765"
"2026-02-13","3","4848"
"2026-02-13","4","4432"
"2026-02-13","5","4577"
"2026-02-16","1","3176"
"2026-02-16","2","4848"
"2026-02-16","3","4765"
"2026-02-16","4","4432"
"2026-02-16","5","4503"
"2026-02-17","1","3176"
"2026-02-17","2","4848"
"2026-02-17","3","4765"
"2026-02-17","4","4432"
"2026-02-17","5","3391"
"2026-02-18","1","3176"
"2026-02-18","2","4848"
"2026-02-18","3","4765"
"2026-02-18","4","4432"
"2026-02-18","5","4503"
"2026-02-19","1","7504"
"2026-02-19","2","3176"
"2026-02-19","3","4848"
"2026-02-19","4","4765"
"2026-02-19","5","4432"
"2026-02-20","1","7504"
"2026-02-20","2","3176"
"2026-02-20","3","4848"
"2026-02-20","4","4765"
"2026-02-20","5","6333"
"2026-02-24","1","7504"
"2026-02-24","2","3176"
"2026-02-24","3","4765"
"2026-02-24","4","4848"
"2026-02-24","5","6333"
"2026-02-25","1","7504"
"2026-02-25","2","3176"
"2026-02-25","3","4765"
"2026-02-25","4","4848"
"2026-02-25","5","6333"
"2026-02-26","1","7504"
"2026-02-26","2","4765"
"2026-02-26","3","3176"
"2026-02-26","4","4848"
"2026-02-26","5","6333"
"2026-02-27","1","7504"
"2026-02-27","2","4765"
"2026-02-27","3","3176"
"2026-02-27","4","4848"
"2026-02-27","5","6333"
"2026-03-02","1","7504"
"2026-03-02","2","4765"
"2026-03-02","3","3176"
"2026-03-02","4","4848"
"2026-03-02","5","6333"
"2026-03-03","1","7504"
"2026-03-03","2","4765"
"2026-03-03","3","4848"
"2026-03-03","4","3176"
"2026-03-03","5","6333"
"2026-03-04","1","7504"
"2026-03-04","2","4765"
"2026-03-04","3","4848"
"2026-03-04","4","3176"
"2026-03-04","5","6333"
"2026-03-05","1","7504"
"2026-03-05","2","4765"
"2026-03-05","3","4848"
"2026-03-05","4","3176"
"2026-03-05","5","6333"
"2026-03-06","1","7504"
"2026-03-06","2","4765"
"2026-03-06","3","4848"
"2026-03-06","4","3176"
"2026-03-06","5","6333"
"2026-03-09","1","7504"
"2026-03-09","2","4765"
"2026-03-09","3","4848"
"2026-03-09","4","3176"
"2026-03-09","5","6333"
"2026-03-10","1","7504"
"2026-03-10","2","4765"
"2026-03-10","3","3176"
"2026-03-10","4","4848"
"2026-03-10","5","6333"
"2026-03-11","1","7504"
"2026-03-11","2","4765"
"2026-03-11","3","3176"
"2026-03-11","4","4848"
"2026-03-11","5","6333"
"2026-03-12","1","7504"
"2026-03-12","2","4765"
"2026-03-12","3","3176"
"2026-03-12","4","4848"
"2026-03-12","5","6333"
"2026-03-13","1","7504"
"2026-03-13","2","4765"
"2026-03-13","3","3176"
"2026-03-13","4","4848"
"2026-03-13","5","6333"
"2026-03-16","1","7504"
"2026-03-16","2","3176"
"2026-03-16","3","4765"
"2026-03-16","4","4848"
"2026-03-16","5","6333"
"2026-03-17","1","7504"
"2026-03-17","2","3176"
"2026-03-17","3","4765"
"2026-03-17","4","4848"
"2026-03-17","5","6333"
"2026-03-18","1","7504"
"2026-03-18","2","3176"
"2026-03-18","3","4765"
"2026-03-18","4","4848"
"2026-03-18","5","6333"
"2026-03-19","1","7504"
"2026-03-19","2","3176"
"2026-03-19","3","4765"
"2026-03-19","4","4848"
"2026-03-19","5","4820"
"2026-03-23","1","7504"
"2026-03-23","2","3176"
"2026-03-23","3","4848"
"2026-03-23","4","4765"
"2026-03-23","5","2930"
"2026-03-24","1","7504"
"2026-03-24","2","3176"
"2026-03-24","3","4765"
"2026-03-24","4","4848"
"2026-03-24","5","4820"
"2026-03-25","1","7504"
"2026-03-25","2","3176"
"2026-03-25","3","4765"
"2026-03-25","4","4848"
"2026-03-25","5","4820"
"2026-03-26","1","3176"
"2026-03-26","2","7504"
"2026-03-26","3","4765"
"2026-03-26","4","4848"
"2026-03-26","5","4820"
"2026-03-27","1","3176"
"2026-03-27","2","7504"
"2026-03-27","3","4765"
"2026-03-27","4","4848"
"2026-03-27","5","4820"
"2026-03-30","1","3176"
"2026-03-30","2","7504"
"2026-03-30","3","4765"
"2026-03-30","4","4848"
"2026-03-30","5","4820"
"2026-03-31","1","3176"
"2026-03-31","2","7504"
"2026-03-31","3","4765"
"2026-03-31","4","4848"
"2026-03-31","5","4820"
"2026-04-01","1","3176"
"2026-04-01","2","7504"
"2026-04-01","3","4765"
"2026-04-01","4","4848"
"2026-04-01","5","5451"
"2026-04-02","1","3176"
"2026-04-02","2","7504"
"2026-04-02","3","4765"
"2026-04-02","4","4848"
"2026-04-02","5","5451"
"2026-04-03","1","3176"
"2026-04-03","2","7504"
"2026-04-03","3","4765"
"2026-04-03","4","4848"
"2026-04-03","5","3391"
"2026-04-06","1","3176"
"2026-04-06","2","7504"
"2026-04-06","3","4765"
"2026-04-06","4","4848"
"2026-04-06","5","3031"
"2026-04-07","1","3176"
"2026-04-07","2","4765"
"2026-04-07","3","7504"
"2026-04-07","4","4848"
"2026-04-07","5","3031"
"2026-04-08","1","3176"
"2026-04-08","2","4765"
"2026-04-08","3","7504"
"2026-04-08","4","4848"
"2026-04-08","5","3031"
"2026-04-09","1","3176"
"2026-04-09","2","4765"
"2026-04-09","3","7504"
"2026-04-09","4","3391"
"2026-04-09","5","3031"
"2026-04-10","1","3176"
"2026-04-10","2","4765"
"2026-04-10","3","3391"
"2026-04-10","4","7504"
"2026-04-10","5","3031"
"2026-04-13","1","3391"
"2026-04-13","2","4765"
"2026-04-13","3","3176"
"2026-04-13","4","4848"
"2026-04-13","5","7504"
"2026-04-14","1","3391"
"2026-04-14","2","4765"
"2026-04-14","3","3176"
"2026-04-14","4","4848"
"2026-04-14","5","7504"
"2026-04-15","1","3176"
"2026-04-15","2","4765"
"2026-04-15","3","4848"
"2026-04-15","4","3391"
"2026-04-15","5","3031"
"2026-04-16","1","3176"
"2026-04-16","2","4848"
"2026-04-16","3","4765"
"2026-04-16","4","3391"
"2026-04-16","5","3031"
"2026-04-17","1","3176"
"2026-04-17","2","4848"
"2026-04-17","3","4765"
"2026-04-17","4","3391"
"2026-04-17","5","3031"
"2026-04-20","1","4848"
"2026-04-20","2","4765"
"2026-04-20","3","3176"
"2026-04-20","4","3031"
"2026-04-20","5","5451"
"2026-04-21","1","3391"
"2026-04-21","2","4765"
"2026-04-21","3","3176"
"2026-04-21","4","4848"
"2026-04-21","5","3031"
"2026-04-22","1","4765"
"2026-04-22","2","3176"
"2026-04-22","3","3391"
"2026-04-22","4","4848"
"2026-04-22","5","4611"
"2026-04-23","1","3176"
"2026-04-23","2","3391"
"2026-04-23","3","4765"
"2026-04-23","4","4848"
"2026-04-23","5","4611"
"2026-04-24","1","3391"
"2026-04-24","2","4765"
"2026-04-24","3","3176"
"2026-04-24","4","4848"
"2026-04-24","5","4611"
"2026-04-27","1","4765"
"2026-04-27","2","3391"
"2026-04-27","3","3176"
"2026-04-27","4","4848"
"2026-04-27","5","4611"
"2026-04-28","1","4765"
"2026-04-28","2","3391"
"2026-04-28","3","3176"
"2026-04-28","4","4848"
"2026-04-28","5","3031"
"2026-04-30","1","3391"
"2026-04-30","2","4765"
"2026-04-30","3","3176"
"2026-04-30","4","4848"
"2026-04-30","5","3031"
"2026-05-01","1","3391"
"2026-05-01","2","4765"
"2026-05-01","3","3176"
"2026-05-01","4","4848"
"2026-05-01","5","3031"
"2026-05-07","1","3391"
"2026-05-07","2","4765"
"2026-05-07","3","3176"
"2026-05-07","4","4848"
"2026-05-07","5","4611"
"2026-05-08","1","3391"
"2026-05-08","2","4765"
"2026-05-08","3","3176"
"2026-05-08","4","4611"
"2026-05-08","5","4848"
"2026-05-11","1","3391"
"2026-05-11","2","4765"
"2026-05-11","3","3176"
"2026-05-11","4","7504"
"2026-05-11","5","4848"
"2026-05-12","1","3391"
"2026-05-12","2","3176"
"2026-05-12","3","7504"
"2026-05-12","4","4765"
"2026-05-12","5","5451"
"2026-05-13","1","3391"
"2026-05-13","2","7504"
"2026-05-13","3","3176"
"2026-05-13","4","5451"
"2026-05-13","5","4848"
"2026-05-14","1","3391"
"2026-05-14","2","3176"
"2026-05-14","3","7504"
"2026-05-14","4","4765"
"2026-05-14","5","4848"
"2026-05-15","1","3391"
"2026-05-15","2","7504"
"2026-05-15","3","3176"
"2026-05-15","4","4611"
"2026-05-15","5","4765"
"2026-05-18","1","3391"
"2026-05-18","2","3176"
"2026-05-18","3","7504"
"2026-05-18","4","4611"
"2026-05-18","5","4848"
"2026-05-19","1","3391"
"2026-05-19","2","3176"
"2026-05-19","3","7504"
"2026-05-19","4","4848"
"2026-05-19","5","4765"
"2026-05-20","1","3391"
"2026-05-20","2","3176"
"2026-05-20","3","7504"
"2026-05-20","4","4848"
"2026-05-20","5","4481"
"2026-05-21","1","3391"
"2026-05-21","2","3176"
"2026-05-21","3","4481"
"2026-05-21","4","4765"
"2026-05-21","5","3031"
"2026-05-22","1","3391"
"2026-05-22","2","3176"
"2026-05-22","3","4481"
"2026-05-22","4","3031"
"2026-05-22","5","4765"
"2026-05-25","1","3176"
"2026-05-25","2","4481"
"2026-05-25","3","3031"
"2026-05-25","4","4765"
"2026-05-25","5","4611"
"2026-05-26","1","3176"
"2026-05-26","2","4481"
"2026-05-26","3","3031"
"2026-05-26","4","4765"
"2026-05-26","5","5451"
"2026-05-27","1","3176"
"2026-05-27","2","3031"
"2026-05-27","3","4765"
"2026-05-27","4","4481"
"2026-05-27","5","6333"
"2026-05-28","1","3176"
"2026-05-28","2","4765"
"2026-05-28","3","3031"
"2026-05-28","4","6333"
"2026-05-28","5","3679"
"2026-05-29","1","3176"
"2026-05-29","2","4765"
"2026-05-29","3","6333"
"2026-05-29","4","8137"
"2026-05-29","5","4481"
"2026-06-01","1","3176"
"2026-06-01","2","4765"
"2026-06-01","3","6333"
"2026-06-01","4","6430"
"2026-06-01","5","8137"
"2026-06-02","1","3176"
"2026-06-02","2","4765"
"2026-06-02","3","6333"
"2026-06-02","4","6430"
"2026-06-02","5","4481"
"2026-06-03","1","3176"
"2026-06-03","2","4765"
"2026-06-03","3","6430"
"2026-06-03","4","6333"
"2026-06-03","5","4481"
"2026-06-04","1","3176"
"2026-06-04","2","4765"
"2026-06-04","3","4481"
"2026-06-04","4","6430"
"2026-06-04","5","6333"
"2026-06-05","1","3176"
"2026-06-05","2","4765"
"2026-06-05","3","6430"
"2026-06-05","4","4481"
"2026-06-05","5","3854"
"2026-06-08","1","3176"
"2026-06-08","2","4765"
"2026-06-08","3","4481"
"2026-06-08","4","6333"
"2026-06-08","5","6430"
"2026-06-09","1","3176"
"2026-06-09","2","4765"
"2026-06-09","3","4481"
"2026-06-09","4","6333"
"2026-06-09","5","6430"
"2026-06-10","1","3176"
"2026-06-10","2","4765"
"2026-06-10","3","4481"
"2026-06-10","4","6430"
"2026-06-10","5","3854"
"2026-06-11","1","3176"
"2026-06-11","2","4765"
"2026-06-11","3","4481"
"2026-06-11","4","6333"
"2026-06-11","5","3854"
"2026-06-12","1","3176"
"2026-06-12","2","4481"
"2026-06-12","3","4765"
"2026-06-12","4","6333"
"2026-06-12","5","3854"
"2026-06-15","1","3962"
"2026-06-15","2","3176"
"2026-06-15","3","4765"
"2026-06-15","4","4481"
"2026-06-15","5","6430"
"2026-06-16","1","3962"
"2026-06-16","2","3176"
"2026-06-16","3","4481"
"2026-06-16","4","4765"
"2026-06-16","5","3854"
"2026-06-17","1","3962"
"2026-06-17","2","3176"
"2026-06-17","3","4481"
"2026-06-17","4","4765"
"2026-06-17","5","8591"
"2026-06-18","1","3962"
"2026-06-18","2","3176"
"2026-06-18","3","4481"
"2026-06-18","4","4765"
"2026-06-18","5","8591"
"2026-06-19","1","3962"
"2026-06-19","2","3176"
"2026-06-19","3","4765"
"2026-06-19","4","4481"
"2026-06-19","5","8591"
"2026-06-22","1","3962"
"2026-06-22","2","3176"
"2026-06-22","3","4481"
"2026-06-22","4","4765"
"2026-06-22","5","8137"
"2026-06-23","1","3962"
"2026-06-23","2","3176"
"2026-06-23","3","4481"
"2026-06-23","4","4765"
"2026-06-23","5","8591"
"2026-06-24","1","3962"
"2026-06-24","2","3176"
"2026-06-24","3","4481"
"2026-06-24","4","4765"
"2026-06-24","5","8591"
"2026-06-25","1","3962"
"2026-06-25","2","3176"
"2026-06-25","3","4481"
"2026-06-25","4","4765"
"2026-06-25","5","8591"
"2026-06-26","1","3962"
"2026-06-26","2","4481"
"2026-06-26","3","4765"
"2026-06-26","4","8591"
"2026-06-26","5","3854"
"2026-06-29","1","3962"
"2026-06-29","2","4481"
"2026-06-29","3","4765"
"2026-06-29","4","8591"
"2026-06-29","5","4432"
"2026-06-30","1","3962"
"2026-06-30","2","3176"
"2026-06-30","3","4481"
"2026-06-30","4","8591"
"2026-06-30","5","4765"
"2026-07-01","1","3962"
"2026-07-01","2","3176"
"2026-07-01","3","4481"
"2026-07-01","4","4765"
"2026-07-01","5","8591"
"2026-07-02","1","3962"
"2026-07-02","2","4481"
"2026-07-02","3","4765"
"2026-07-02","4","8591"
"2026-07-02","5","3854"
"2026-07-03","1","3962"
"2026-07-03","2","4481"
"2026-07-03","3","4765"
"2026-07-03","4","8591"
"2026-07-03","5","3193"
"2026-07-06","1","3962"
"2026-07-06","2","4481"
"2026-07-06","3","4765"
"2026-07-06","4","8591"
"2026-07-06","5","3193"
"2026-07-07","1","3962"
"2026-07-07","2","4765"
"2026-07-07","3","8591"
"2026-07-07","4","4481"
"2026-07-07","5","3193"
"2026-07-08","1","3962"
"2026-07-08","2","4765"
"2026-07-08","3","8591"
"2026-07-08","4","6333"
"2026-07-08","5","4481"
"2026-07-09","1","3962"
"2026-07-09","2","4765"
"2026-07-09","3","4481"
"2026-07-09","4","8591"
"2026-07-09","5","6430"
"2026-07-10","1","3962"
"2026-07-10","2","8591"
"2026-07-10","3","4765"
"2026-07-10","4","4481"
"2026-07-10","5","9663"
"2026-07-13","1","3962"
"2026-07-13","2","6333"
"2026-07-13","3","8591"
"2026-07-13","4","4765"
"2026-07-13","5","4481"
"2026-07-14","1","3962"
"2026-07-14","2","6333"
"2026-07-14","3","8591"
"2026-07-14","4","4765"
"2026-07-14","5","4481"
"2026-07-15","1","3962"
"2026-07-15","2","6333"
"2026-07-15","3","8591"
"2026-07-15","4","4765"
"2026-07-15","5","4481"
"2026-07-16","1","3962"
"2026-07-16","2","6333"
"2026-07-16","3","8591"
"2026-07-16","4","4765"
"2026-07-16","5","4481"
"2026-07-17","1","3176"
"2026-07-17","2","3962"
"2026-07-17","3","6333"
"2026-07-17","4","8591"
"2026-07-17","5","4765"
"2026-07-21","1","3962"
"2026-07-21","2","6333"
"2026-07-21","3","8591"
"2026-07-21","4","4765"
"2026-07-21","5","4481"
"2026-07-22","1","3962"
"2026-07-22","2","6333"
"2026-07-22","3","8591"
"2026-07-22","4","4765"
"2026-07-22","5","4481"
"2026-07-23","1","3962"
"2026-07-23","2","6333"
"2026-07-23","3","8591"
"2026-07-23","4","4765"
"2026-07-23","5","4481"
"2026-07-24","1","3962"
"2026-07-24","2","6333"
"2026-07-24","3","8591"
"2026-07-24","4","4765"
"2026-07-24","5","4481"
"2026-07-27","1","3962"
"2026-07-27","2","6333"
"2026-07-27","3","8591"
"2026-07-27","4","4765"
"2026-07-27","5","4481"
"2026-07-28","1","3962"
"2026-07-28","2","6333"
"2026-07-28","3","8591"
"2026-07-28","4","4765"
"2026-07-28","5","4481"
"2026-07-29","1","6333"
"2026-07-29","2","3962"
"2026-07-29","3","8591"
"2026-07-29","4","3662"
"2026-07-29","5","4481"
"2026-07-30","1","3176"
"2026-07-30","2","6333"
"2026-07-30","3","3962"
"2026-07-30","4","8591"
"2026-07-30","5","4481"
"2026-07-31","1","3176"
"2026-07-31","2","6333"
"2026-07-31","3","3962"
"2026-07-31","4","8591"
"2026-07-31","5","4481"
"2026-08-03","1","3962"
"2026-08-03","2","3176"
"2026-08-03","3","6333"
"2026-08-03","4","8591"
"2026-08-03","5","4481"
"2026-08-04","1","3962"
"2026-08-04","2","3176"
"2026-08-04","3","6333"
"2026-08-04","4","4481"
"2026-08-04","5","8591"
"2026-08-05","1","3176"
"2026-08-05","2","3962"
"2026-08-05","3","6333"
"2026-08-05","4","547A"
"2026-08-05","5","4481"
"2026-08-06","1","3962"
"2026-08-06","2","3176"
"2026-08-06","3","6333"
"2026-08-06","4","547A"
"2026-08-06","5","4481"
"2026-08-07","1","3962"
"2026-08-07","2","3176"
"2026-08-07","3","4481"
"2026-08-07","4","547A"
"2026-08-07","5","6333"
"2026-08-10","1","3962"
"2026-08-10","2","4481"
"2026-08-10","3","6333"
"2026-08-10","4","9663"
"2026-08-10","5","3176"
"2026-08-12","1","3962"
"2026-08-12","2","4481"
"2026-08-12","3","3176"
"2026-08-12","4","6333"
"2026-08-12","5","9663"
"2026-08-13","1","3962"
"2026-08-13","2","6333"
"2026-08-13","3","4481"
"2026-08-13","4","8591"
"2026-08-13","5","547A"
"2026-08-14","1","3962"
"2026-08-14","2","8591"
"2026-08-14","3","547A"
"2026-08-14","4","4481"
"2026-08-14","5","6333"
"2026-08-17","1","8591"
"2026-08-17","2","3962"
"2026-08-17","3","547A"
"2026-08-17","4","4481"
"2026-08-17","5","7203"
"2026-08-18","1","8591"
"2026-08-18","2","547A"
"2026-08-18","3","3962"
"2026-08-18","4","6333"
"2026-08-18","5","9663"
"2026-08-19","1","8591"
"2026-08-19","2","547A"
"2026-08-19","3","3962"
"2026-08-19","4","7744"
"2026-08-19","5","4481"
"2026-08-20","1","547A"
"2026-08-20","2","8591"
"2026-08-20","3","3962"
"2026-08-20","4","7203"
"2026-08-20","5","6333"
"2026-08-21","1","547A"
"2026-08-21","2","8591"
"2026-08-21","3","3962"
"2026-08-21","4","6333"
"2026-08-21","5","7203"
"2026-08-24","1","547A"
"2026-08-24","2","5269"
"2026-08-24","3","8591"
"2026-08-24","4","3962"
"2026-08-24","5","6333"
"2026-08-25","1","547A"
"2026-08-25","2","5269"
"2026-08-25","3","6333"
"2026-08-25","4","8591"
"2026-08-25","5","3962"
"2026-08-26","1","547A"
"2026-08-26","2","5269"
"2026-08-26","3","8591"
"2026-08-26","4","6333"
"2026-08-26","5","3176"
"2026-08-27","1","547A"
"2026-08-27","2","5269"
"2026-08-27","3","8591"
"2026-08-27","4","6333"
"2026-08-27","5","7203"
"2026-08-28","1","547A"
"2026-08-28","2","5269"
"2026-08-28","3","8591"
"2026-08-28","4","6333"
"2026-08-28","5","8151"
"2026-08-31","1","547A"
"2026-08-31","2","5269"
"2026-08-31","3","8591"
"2026-08-31","4","8151"
"2026-08-31","5","6333"
"2026-09-01","1","547A"
"2026-09-01","2","5269"
"2026-09-01","3","8591"
"2026-09-01","4","6333"
"2026-09-01","5","8151"
"2026-09-02","1","547A"
"2026-09-02","2","5269"
"2026-09-02","3","8591"
"2026-09-02","4","6333"
"2026-09-02","5","8151"
"2026-09-03","1","547A"
"2026-09-03","2","5269"
"2026-09-03","3","8591"
"2026-09-03","4","8151"
"2026-09-03","5","6333"
"2026-09-04","1","547A"
"2026-09-04","2","5269"
"2026-09-04","3","8591"
"2026-09-04","4","8151"
"2026-09-04","5","6333"
"2026-09-07","1","547A"
"2026-09-07","2","8591"
"2026-09-07","3","5269"
"2026-09-07","4","8151"
"2026-09-07","5","6333"
"2026-09-08","1","547A"
"2026-09-08","2","5269"
"2026-09-08","3","8591"
"2026-09-08","4","8151"
"2026-09-08","5","3176"
"2026-09-09","1","547A"
"2026-09-09","2","5269"
"2026-09-09","3","8591"
"2026-09-09","4","8151"
"2026-09-09","5","4343"
"2026-09-10","1","547A"
"2026-09-10","2","8591"
"2026-09-10","3","8151"
"2026-09-10","4","4343"
"2026-09-10","5","6333"
"2026-09-11","1","547A"
"2026-09-11","2","8591"
"2026-09-11","3","8151"
"2026-09-11","4","4343"
"2026-09-11","5","9663"
"2026-09-14","1","547A"
"2026-09-14","2","8591"
"2026-09-14","3","8151"
"2026-09-14","4","4343"
"2026-09-14","5","8923"
"2026-09-15","1","547A"
"2026-09-15","2","8591"
"2026-09-15","3","8151"
"2026-09-15","4","8923"
"2026-09-15","5","4343"
"2026-09-16","1","547A"
"2026-09-16","2","8591"
"2026-09-16","3","2325"
"2026-09-16","4","8151"
"2026-09-16","5","8923"
