"date","rank","code"
"2022-01-04","1","4290"
"2022-01-04","2","3880"
"2022-01-04","3","7309"
"2022-01-04","4","7995"
"2022-01-04","5","4519"
"2022-01-04","6","8923"
"2022-01-04","7","6963"
"2022-01-04","8","6143"
"2022-01-04","9","5947"
"2022-01-04","10","4471"
"2022-01-05","1","4290"
"2022-01-05","2","3880"
"2022-01-05","3","7309"
"2022-01-05","4","7995"
"2022-01-05","5","4519"
"2022-01-05","6","8923"
"2022-01-05","7","6963"
"2022-01-05","8","5947"
"2022-01-05","9","6143"
"2022-01-05","10","8194"
"2022-01-06","1","4290"
"2022-01-06","2","3880"
"2022-01-06","3","7309"
"2022-01-06","4","7995"
"2022-01-06","5","4519"
"2022-01-06","6","8923"
"2022-01-06","7","6963"
"2022-01-06","8","2678"
"2022-01-06","9","5947"
"2022-01-06","10","8194"
"2022-01-07","1","4290"
"2022-01-07","2","3880"
"2022-01-07","3","7309"
"2022-01-07","4","4519"
"2022-01-07","5","7995"
"2022-01-07","6","8923"
"2022-01-07","7","6963"
"2022-01-07","8","6617"
"2022-01-07","9","5947"
"2022-01-07","10","8194"
"2022-01-11","1","4290"
"2022-01-11","2","3880"
"2022-01-11","3","7309"
"2022-01-11","4","7995"
"2022-01-11","5","4519"
"2022-01-11","6","8923"
"2022-01-11","7","6963"
"2022-01-11","8","6617"
"2022-01-11","9","5947"
"2022-01-11","10","1899"
"2022-01-12","1","4290"
"2022-01-12","2","3880"
"2022-01-12","3","7309"
"2022-01-12","4","4519"
"2022-01-12","5","7995"
"2022-01-12","6","8923"
"2022-01-12","7","6617"
"2022-01-12","8","5947"
"2022-01-12","9","2678"
"2022-01-12","10","1899"
"2022-01-13","1","4290"
"2022-01-13","2","3880"
"2022-01-13","3","7309"
"2022-01-13","4","7995"
"2022-01-13","5","4519"
"2022-01-13","6","8923"
"2022-01-13","7","6963"
"2022-01-13","8","6617"
"2022-01-13","9","5947"
"2022-01-13","10","8194"
"2022-01-14","1","4290"
"2022-01-14","2","3880"
"2022-01-14","3","7995"
"2022-01-14","4","4519"
"2022-01-14","5","7309"
"2022-01-14","6","8923"
"2022-01-14","7","6963"
"2022-01-14","8","6617"
"2022-01-14","9","5947"
"2022-01-14","10","2678"
"2022-01-17","1","4290"
"2022-01-17","2","3880"
"2022-01-17","3","7995"
"2022-01-17","4","4519"
"2022-01-17","5","7309"
"2022-01-17","6","8923"
"2022-01-17","7","6963"
"2022-01-17","8","6617"
"2022-01-17","9","8194"
"2022-01-17","10","5482"
"2022-01-18","1","4290"
"2022-01-18","2","3880"
"2022-01-18","3","7995"
"2022-01-18","4","4519"
"2022-01-18","5","7309"
"2022-01-18","6","8923"
"2022-01-18","7","6963"
"2022-01-18","8","5947"
"2022-01-18","9","8194"
"2022-01-18","10","9551"
"2022-01-19","1","4290"
"2022-01-19","2","3880"
"2022-01-19","3","7995"
"2022-01-19","4","7309"
"2022-01-19","5","8923"
"2022-01-19","6","6617"
"2022-01-19","7","6963"
"2022-01-19","8","3932"
"2022-01-19","9","4519"
"2022-01-19","10","9551"
"2022-01-20","1","4290"
"2022-01-20","2","3880"
"2022-01-20","3","7995"
"2022-01-20","4","7309"
"2022-01-20","5","8923"
"2022-01-20","6","6963"
"2022-01-20","7","3932"
"2022-01-20","8","4519"
"2022-01-20","9","9551"
"2022-01-20","10","5947"
"2022-01-21","1","4290"
"2022-01-21","2","3880"
"2022-01-21","3","7995"
"2022-01-21","4","7309"
"2022-01-21","5","3932"
"2022-01-21","6","4519"
"2022-01-21","7","8923"
"2022-01-21","8","6963"
"2022-01-21","9","5947"
"2022-01-21","10","9551"
"2022-01-24","1","4290"
"2022-01-24","2","3880"
"2022-01-24","3","7995"
"2022-01-24","4","7309"
"2022-01-24","5","3932"
"2022-01-24","6","4519"
"2022-01-24","7","8923"
"2022-01-24","8","9551"
"2022-01-24","9","5947"
"2022-01-24","10","6963"
"2022-01-25","1","4290"
"2022-01-25","2","3880"
"2022-01-25","3","7995"
"2022-01-25","4","7309"
"2022-01-25","5","3932"
"2022-01-25","6","4519"
"2022-01-25","7","8923"
"2022-01-25","8","5947"
"2022-01-25","9","9551"
"2022-01-25","10","7414"
"2022-01-26","1","4290"
"2022-01-26","2","3880"
"2022-01-26","3","7995"
"2022-01-26","4","7309"
"2022-01-26","5","4519"
"2022-01-26","6","3932"
"2022-01-26","7","5947"
"2022-01-26","8","8923"
"2022-01-26","9","9551"
"2022-01-26","10","7414"
"2022-01-27","1","4290"
"2022-01-27","2","3880"
"2022-01-27","3","7995"
"2022-01-27","4","7309"
"2022-01-27","5","4519"
"2022-01-27","6","3932"
"2022-01-27","7","8923"
"2022-01-27","8","9551"
"2022-01-27","9","7414"
"2022-01-27","10","6963"
"2022-01-28","1","4290"
"2022-01-28","2","3880"
"2022-01-28","3","7995"
"2022-01-28","4","7309"
"2022-01-28","5","9551"
"2022-01-28","6","4519"
"2022-01-28","7","7414"
"2022-01-28","8","3932"
"2022-01-28","9","8923"
"2022-01-28","10","5947"
"2022-01-31","1","4290"
"2022-01-31","2","3880"
"2022-01-31","3","7995"
"2022-01-31","4","7309"
"2022-01-31","5","4519"
"2022-01-31","6","9551"
"2022-01-31","7","6617"
"2022-01-31","8","7414"
"2022-01-31","9","8923"
"2022-01-31","10","5947"
"2022-02-01","1","4290"
"2022-02-01","2","3880"
"2022-02-01","3","7995"
"2022-02-01","4","7309"
"2022-02-01","5","4519"
"2022-02-01","6","6617"
"2022-02-01","7","9551"
"2022-02-01","8","3932"
"2022-02-01","9","9880"
"2022-02-01","10","8923"
"2022-02-02","1","4290"
"2022-02-02","2","3880"
"2022-02-02","3","7995"
"2022-02-02","4","7309"
"2022-02-02","5","4519"
"2022-02-02","6","9551"
"2022-02-02","7","6143"
"2022-02-02","8","5947"
"2022-02-02","9","7414"
"2022-02-02","10","2124"
"2022-02-03","1","4290"
"2022-02-03","2","3880"
"2022-02-03","3","7995"
"2022-02-03","4","7309"
"2022-02-03","5","5410"
"2022-02-03","6","4519"
"2022-02-03","7","6143"
"2022-02-03","8","9551"
"2022-02-03","9","8923"
"2022-02-03","10","7414"
"2022-02-04","1","4290"
"2022-02-04","2","3880"
"2022-02-04","3","7995"
"2022-02-04","4","7309"
"2022-02-04","5","4519"
"2022-02-04","6","6143"
"2022-02-04","7","8923"
"2022-02-04","8","9551"
"2022-02-04","9","7414"
"2022-02-04","10","2124"
"2022-02-07","1","4290"
"2022-02-07","2","3880"
"2022-02-07","3","7995"
"2022-02-07","4","7309"
"2022-02-07","5","5410"
"2022-02-07","6","4519"
"2022-02-07","7","6143"
"2022-02-07","8","8923"
"2022-02-07","9","2124"
"2022-02-07","10","7414"
"2022-02-08","1","4290"
"2022-02-08","2","3880"
"2022-02-08","3","7995"
"2022-02-08","4","7309"
"2022-02-08","5","6143"
"2022-02-08","6","3932"
"2022-02-08","7","4519"
"2022-02-08","8","2124"
"2022-02-08","9","6963"
"2022-02-08","10","6273"
"2022-02-09","1","4290"
"2022-02-09","2","3880"
"2022-02-09","3","7995"
"2022-02-09","4","4519"
"2022-02-09","5","6143"
"2022-02-09","6","3932"
"2022-02-09","7","8923"
"2022-02-09","8","6273"
"2022-02-09","9","2124"
"2022-02-09","10","6287"
"2022-02-10","1","4290"
"2022-02-10","2","3880"
"2022-02-10","3","7995"
"2022-02-10","4","4519"
"2022-02-10","5","3932"
"2022-02-10","6","8923"
"2022-02-10","7","6143"
"2022-02-10","8","2124"
"2022-02-10","9","6273"
"2022-02-10","10","7414"
"2022-02-14","1","4290"
"2022-02-14","2","3880"
"2022-02-14","3","7995"
"2022-02-14","4","4519"
"2022-02-14","5","3932"
"2022-02-14","6","8923"
"2022-02-14","7","6143"
"2022-02-14","8","2124"
"2022-02-14","9","1375"
"2022-02-14","10","6287"
"2022-02-15","1","4290"
"2022-02-15","2","3880"
"2022-02-15","3","7995"
"2022-02-15","4","3932"
"2022-02-15","5","2124"
"2022-02-15","6","4519"
"2022-02-15","7","6273"
"2022-02-15","8","8923"
"2022-02-15","9","1375"
"2022-02-15","10","6143"
"2022-02-16","1","4290"
"2022-02-16","2","3880"
"2022-02-16","3","7995"
"2022-02-16","4","3932"
"2022-02-16","5","4519"
"2022-02-16","6","6273"
"2022-02-16","7","6143"
"2022-02-16","8","8923"
"2022-02-16","9","6287"
"2022-02-16","10","1375"
"2022-02-17","1","4290"
"2022-02-17","2","3880"
"2022-02-17","3","7995"
"2022-02-17","4","4519"
"2022-02-17","5","3932"
"2022-02-17","6","6273"
"2022-02-17","7","6287"
"2022-02-17","8","1375"
"2022-02-17","9","6143"
"2022-02-17","10","8923"
"2022-02-18","1","4290"
"2022-02-18","2","3880"
"2022-02-18","3","7995"
"2022-02-18","4","4519"
"2022-02-18","5","6273"
"2022-02-18","6","3932"
"2022-02-18","7","6143"
"2022-02-18","8","8923"
"2022-02-18","9","9551"
"2022-02-18","10","3861"
"2022-02-21","1","4290"
"2022-02-21","2","3880"
"2022-02-21","3","7995"
"2022-02-21","4","6273"
"2022-02-21","5","6143"
"2022-02-21","6","8923"
"2022-02-21","7","4519"
"2022-02-21","8","8150"
"2022-02-21","9","3932"
"2022-02-21","10","9551"
"2022-02-22","1","4290"
"2022-02-22","2","3880"
"2022-02-22","3","7995"
"2022-02-22","4","4519"
"2022-02-22","5","8150"
"2022-02-22","6","8923"
"2022-02-22","7","3932"
"2022-02-22","8","6273"
"2022-02-22","9","6143"
"2022-02-22","10","9551"
"2022-02-24","1","4290"
"2022-02-24","2","3880"
"2022-02-24","3","7995"
"2022-02-24","4","4519"
"2022-02-24","5","6273"
"2022-02-24","6","8923"
"2022-02-24","7","8150"
"2022-02-24","8","3932"
"2022-02-24","9","6143"
"2022-02-24","10","9551"
"2022-02-25","1","4290"
"2022-02-25","2","3880"
"2022-02-25","3","7995"
"2022-02-25","4","4519"
"2022-02-25","5","8923"
"2022-02-25","6","6273"
"2022-02-25","7","6143"
"2022-02-25","8","3932"
"2022-02-25","9","8150"
"2022-02-25","10","9551"
"2022-02-28","1","4290"
"2022-02-28","2","3880"
"2022-02-28","3","7995"
"2022-02-28","4","4519"
"2022-02-28","5","6273"
"2022-02-28","6","6143"
"2022-02-28","7","8923"
"2022-02-28","8","8150"
"2022-02-28","9","3932"
"2022-02-28","10","6287"
"2022-03-01","1","4290"
"2022-03-01","2","3880"
"2022-03-01","3","7995"
"2022-03-01","4","6273"
"2022-03-01","5","6143"
"2022-03-01","6","4519"
"2022-03-01","7","8923"
"2022-03-01","8","8150"
"2022-03-01","9","9551"
"2022-03-01","10","6287"
"2022-03-02","1","4290"
"2022-03-02","2","3880"
"2022-03-02","3","7995"
"2022-03-02","4","6273"
"2022-03-02","5","6143"
"2022-03-02","6","4519"
"2022-03-02","7","8923"
"2022-03-02","8","8150"
"2022-03-02","9","3932"
"2022-03-02","10","6287"
"2022-03-03","1","4290"
"2022-03-03","2","3880"
"2022-03-03","3","7995"
"2022-03-03","4","6273"
"2022-03-03","5","6143"
"2022-03-03","6","4519"
"2022-03-03","7","8923"
"2022-03-03","8","8150"
"2022-03-03","9","6287"
"2022-03-03","10","9551"
"2022-03-04","1","4290"
"2022-03-04","2","3880"
"2022-03-04","3","7995"
"2022-03-04","4","6273"
"2022-03-04","5","6143"
"2022-03-04","6","8923"
"2022-03-04","7","4519"
"2022-03-04","8","8150"
"2022-03-04","9","6287"
"2022-03-04","10","9551"
"2022-03-07","1","4290"
"2022-03-07","2","3880"
"2022-03-07","3","7995"
"2022-03-07","4","6273"
"2022-03-07","5","6143"
"2022-03-07","6","8923"
"2022-03-07","7","8150"
"2022-03-07","8","4519"
"2022-03-07","9","6287"
"2022-03-07","10","9551"
"2022-03-08","1","4290"
"2022-03-08","2","3880"
"2022-03-08","3","7995"
"2022-03-08","4","6273"
"2022-03-08","5","6143"
"2022-03-08","6","8923"
"2022-03-08","7","6287"
"2022-03-08","8","9551"
"2022-03-08","9","4519"
"2022-03-08","10","7942"
"2022-03-09","1","4290"
"2022-03-09","2","3880"
"2022-03-09","3","7995"
"2022-03-09","4","6273"
"2022-03-09","5","6143"
"2022-03-09","6","8923"
"2022-03-09","7","6287"
"2022-03-09","8","7942"
"2022-03-09","9","4519"
"2022-03-09","10","9551"
"2022-03-10","1","4290"
"2022-03-10","2","3880"
"2022-03-10","3","7995"
"2022-03-10","4","6273"
"2022-03-10","5","6143"
"2022-03-10","6","8923"
"2022-03-10","7","6287"
"2022-03-10","8","9551"
"2022-03-10","9","7942"
"2022-03-10","10","4519"
"2022-03-11","1","4290"
"2022-03-11","2","3880"
"2022-03-11","3","7995"
"2022-03-11","4","6143"
"2022-03-11","5","6273"
"2022-03-11","6","8923"
"2022-03-11","7","6287"
"2022-03-11","8","9551"
"2022-03-11","9","7942"
"2022-03-11","10","4519"
"2022-03-14","1","4290"
"2022-03-14","2","3880"
"2022-03-14","3","6273"
"2022-03-14","4","6143"
"2022-03-14","5","7995"
"2022-03-14","6","9551"
"2022-03-14","7","6287"
"2022-03-14","8","4519"
"2022-03-14","9","8923"
"2022-03-14","10","7942"
"2022-03-15","1","4290"
"2022-03-15","2","3880"
"2022-03-15","3","7995"
"2022-03-15","4","6143"
"2022-03-15","5","6273"
"2022-03-15","6","7942"
"2022-03-15","7","9551"
"2022-03-15","8","6287"
"2022-03-15","9","4519"
"2022-03-15","10","8923"
"2022-03-16","1","4290"
"2022-03-16","2","6143"
"2022-03-16","3","3880"
"2022-03-16","4","7995"
"2022-03-16","5","6273"
"2022-03-16","6","7942"
"2022-03-16","7","6287"
"2022-03-16","8","9551"
"2022-03-16","9","8923"
"2022-03-16","10","8281"
"2022-03-17","1","4290"
"2022-03-17","2","6143"
"2022-03-17","3","3880"
"2022-03-17","4","7995"
"2022-03-17","5","7942"
"2022-03-17","6","6287"
"2022-03-17","7","9715"
"2022-03-17","8","8923"
"2022-03-17","9","9551"
"2022-03-17","10","8281"
"2022-03-18","1","4290"
"2022-03-18","2","6143"
"2022-03-18","3","7995"
"2022-03-18","4","3880"
"2022-03-18","5","7942"
"2022-03-18","6","6287"
"2022-03-18","7","9715"
"2022-03-18","8","9551"
"2022-03-18","9","4519"
"2022-03-18","10","6794"
"2022-03-22","1","4290"
"2022-03-22","2","6143"
"2022-03-22","3","7995"
"2022-03-22","4","3880"
"2022-03-22","5","7942"
"2022-03-22","6","6287"
"2022-03-22","7","9715"
"2022-03-22","8","9551"
"2022-03-22","9","6794"
"2022-03-22","10","8923"
"2022-03-23","1","4290"
"2022-03-23","2","6143"
"2022-03-23","3","7995"
"2022-03-23","4","3880"
"2022-03-23","5","7942"
"2022-03-23","6","6287"
"2022-03-23","7","9715"
"2022-03-23","8","9551"
"2022-03-23","9","4519"
"2022-03-23","10","6794"
"2022-03-24","1","4290"
"2022-03-24","2","6143"
"2022-03-24","3","7995"
"2022-03-24","4","7942"
"2022-03-24","5","9715"
"2022-03-24","6","3880"
"2022-03-24","7","6287"
"2022-03-24","8","9551"
"2022-03-24","9","8923"
"2022-03-24","10","4519"
"2022-03-25","1","4290"
"2022-03-25","2","6143"
"2022-03-25","3","7995"
"2022-03-25","4","7942"
"2022-03-25","5","9715"
"2022-03-25","6","6287"
"2022-03-25","7","3880"
"2022-03-25","8","9551"
"2022-03-25","9","4519"
"2022-03-25","10","8923"
"2022-03-28","1","4290"
"2022-03-28","2","6143"
"2022-03-28","3","7995"
"2022-03-28","4","7942"
"2022-03-28","5","9715"
"2022-03-28","6","6287"
"2022-03-28","7","3880"
"2022-03-28","8","9551"
"2022-03-28","9","4519"
"2022-03-28","10","8923"
"2022-03-29","1","4290"
"2022-03-29","2","6143"
"2022-03-29","3","7995"
"2022-03-29","4","9715"
"2022-03-29","5","7942"
"2022-03-29","6","6287"
"2022-03-29","7","9551"
"2022-03-29","8","4611"
"2022-03-29","9","3880"
"2022-03-29","10","6794"
"2022-03-30","1","4290"
"2022-03-30","2","6143"
"2022-03-30","3","9715"
"2022-03-30","4","7995"
"2022-03-30","5","7942"
"2022-03-30","6","6287"
"2022-03-30","7","4611"
"2022-03-30","8","9551"
"2022-03-30","9","3880"
"2022-03-30","10","8923"
"2022-03-31","1","4290"
"2022-03-31","2","9715"
"2022-03-31","3","6143"
"2022-03-31","4","7995"
"2022-03-31","5","6287"
"2022-03-31","6","7942"
"2022-03-31","7","4611"
"2022-03-31","8","9551"
"2022-03-31","9","3880"
"2022-03-31","10","1375"
"2022-04-01","1","4290"
"2022-04-01","2","9715"
"2022-04-01","3","6143"
"2022-04-01","4","7995"
"2022-04-01","5","3932"
"2022-04-01","6","6287"
"2022-04-01","7","7942"
"2022-04-01","8","4611"
"2022-04-01","9","5482"
"2022-04-01","10","3880"
"2022-04-04","1","4290"
"2022-04-04","2","9715"
"2022-04-04","3","6143"
"2022-04-04","4","7995"
"2022-04-04","5","3932"
"2022-04-04","6","6287"
"2022-04-04","7","7942"
"2022-04-04","8","4611"
"2022-04-04","9","9551"
"2022-04-04","10","5482"
"2022-04-05","1","4290"
"2022-04-05","2","9715"
"2022-04-05","3","6143"
"2022-04-05","4","3932"
"2022-04-05","5","7995"
"2022-04-05","6","6287"
"2022-04-05","7","9551"
"2022-04-05","8","4958"
"2022-04-05","9","5482"
"2022-04-05","10","4611"
"2022-04-06","1","4290"
"2022-04-06","2","9715"
"2022-04-06","3","6143"
"2022-04-06","4","3932"
"2022-04-06","5","7995"
"2022-04-06","6","6287"
"2022-04-06","7","9551"
"2022-04-06","8","4958"
"2022-04-06","9","5482"
"2022-04-06","10","3880"
"2022-04-07","1","9715"
"2022-04-07","2","6143"
"2022-04-07","3","3932"
"2022-04-07","4","7995"
"2022-04-07","5","6287"
"2022-04-07","6","5482"
"2022-04-07","7","9551"
"2022-04-07","8","1375"
"2022-04-07","9","4958"
"2022-04-07","10","7942"
"2022-04-08","1","9715"
"2022-04-08","2","6143"
"2022-04-08","3","6287"
"2022-04-08","4","3932"
"2022-04-08","5","7995"
"2022-04-08","6","4958"
"2022-04-08","7","5482"
"2022-04-08","8","9551"
"2022-04-08","9","1375"
"2022-04-08","10","7942"
"2022-04-11","1","6143"
"2022-04-11","2","9715"
"2022-04-11","3","6287"
"2022-04-11","4","7995"
"2022-04-11","5","3932"
"2022-04-11","6","4958"
"2022-04-11","7","5482"
"2022-04-11","8","9551"
"2022-04-11","9","1375"
"2022-04-11","10","7942"
"2022-04-12","1","6143"
"2022-04-12","2","9715"
"2022-04-12","3","6287"
"2022-04-12","4","7995"
"2022-04-12","5","4958"
"2022-04-12","6","9551"
"2022-04-12","7","1375"
"2022-04-12","8","5482"
"2022-04-12","9","7942"
"2022-04-12","10","4182"
"2022-04-13","1","6143"
"2022-04-13","2","9715"
"2022-04-13","3","6287"
"2022-04-13","4","7995"
"2022-04-13","5","4958"
"2022-04-13","6","9551"
"2022-04-13","7","1375"
"2022-04-13","8","5482"
"2022-04-13","9","7942"
"2022-04-13","10","3880"
"2022-04-14","1","9715"
"2022-04-14","2","6143"
"2022-04-14","3","6287"
"2022-04-14","4","7995"
"2022-04-14","5","9551"
"2022-04-14","6","4958"
"2022-04-14","7","1375"
"2022-04-14","8","5482"
"2022-04-14","9","7942"
"2022-04-14","10","3880"
"2022-04-15","1","9715"
"2022-04-15","2","6143"
"2022-04-15","3","6287"
"2022-04-15","4","7995"
"2022-04-15","5","4958"
"2022-04-15","6","9551"
"2022-04-15","7","5482"
"2022-04-15","8","3932"
"2022-04-15","9","8281"
"2022-04-15","10","7942"
"2022-04-18","1","9715"
"2022-04-18","2","6143"
"2022-04-18","3","6287"
"2022-04-18","4","9551"
"2022-04-18","5","7995"
"2022-04-18","6","4958"
"2022-04-18","7","5482"
"2022-04-18","8","3932"
"2022-04-18","9","7942"
"2022-04-18","10","8923"
"2022-04-19","1","9715"
"2022-04-19","2","6287"
"2022-04-19","3","6143"
"2022-04-19","4","9551"
"2022-04-19","5","7995"
"2022-04-19","6","4958"
"2022-04-19","7","3932"
"2022-04-19","8","5482"
"2022-04-19","9","8923"
"2022-04-19","10","7942"
"2022-04-20","1","9715"
"2022-04-20","2","6143"
"2022-04-20","3","6287"
"2022-04-20","4","9551"
"2022-04-20","5","5482"
"2022-04-20","6","4958"
"2022-04-20","7","7995"
"2022-04-20","8","3932"
"2022-04-20","9","8923"
"2022-04-20","10","7942"
"2022-04-21","1","9715"
"2022-04-21","2","6143"
"2022-04-21","3","6287"
"2022-04-21","4","9551"
"2022-04-21","5","3932"
"2022-04-21","6","7995"
"2022-04-21","7","8923"
"2022-04-21","8","4958"
"2022-04-21","9","7942"
"2022-04-21","10","7414"
"2022-04-22","1","9715"
"2022-04-22","2","6143"
"2022-04-22","3","6287"
"2022-04-22","4","9551"
"2022-04-22","5","3932"
"2022-04-22","6","8923"
"2022-04-22","7","7995"
"2022-04-22","8","4958"
"2022-04-22","9","9672"
"2022-04-22","10","7942"
"2022-04-25","1","9715"
"2022-04-25","2","6143"
"2022-04-25","3","6287"
"2022-04-25","4","9551"
"2022-04-25","5","3932"
"2022-04-25","6","7995"
"2022-04-25","7","8923"
"2022-04-25","8","4958"
"2022-04-25","9","7942"
"2022-04-25","10","6622"
"2022-04-26","1","9715"
"2022-04-26","2","6143"
"2022-04-26","3","6287"
"2022-04-26","4","9551"
"2022-04-26","5","8923"
"2022-04-26","6","3932"
"2022-04-26","7","7995"
"2022-04-26","8","4958"
"2022-04-26","9","6622"
"2022-04-26","10","7942"
"2022-04-27","1","9715"
"2022-04-27","2","6143"
"2022-04-27","3","6287"
"2022-04-27","4","9551"
"2022-04-27","5","8923"
"2022-04-27","6","7995"
"2022-04-27","7","4958"
"2022-04-27","8","3932"
"2022-04-27","9","6622"
"2022-04-27","10","3880"
"2022-04-28","1","4290"
"2022-04-28","2","9715"
"2022-04-28","3","6287"
"2022-04-28","4","6143"
"2022-04-28","5","6617"
"2022-04-28","6","9551"
"2022-04-28","7","8923"
"2022-04-28","8","5482"
"2022-04-28","9","3932"
"2022-04-28","10","7995"
"2022-05-02","1","4290"
"2022-05-02","2","9715"
"2022-05-02","3","6287"
"2022-05-02","4","6143"
"2022-05-02","5","9551"
"2022-05-02","6","6617"
"2022-05-02","7","5482"
"2022-05-02","8","8923"
"2022-05-02","9","7995"
"2022-05-02","10","4958"
"2022-05-06","1","4290"
"2022-05-06","2","9715"
"2022-05-06","3","6287"
"2022-05-06","4","6143"
"2022-05-06","5","9551"
"2022-05-06","6","5482"
"2022-05-06","7","8923"
"2022-05-06","8","7995"
"2022-05-06","9","4958"
"2022-05-06","10","6617"
"2022-05-09","1","4290"
"2022-05-09","2","1375"
"2022-05-09","3","9715"
"2022-05-09","4","6143"
"2022-05-09","5","9551"
"2022-05-09","6","6287"
"2022-05-09","7","5482"
"2022-05-09","8","7995"
"2022-05-09","9","8923"
"2022-05-09","10","6617"
"2022-05-10","1","4290"
"2022-05-10","2","1375"
"2022-05-10","3","9715"
"2022-05-10","4","6143"
"2022-05-10","5","9551"
"2022-05-10","6","6287"
"2022-05-10","7","5482"
"2022-05-10","8","8923"
"2022-05-10","9","6617"
"2022-05-10","10","6273"
"2022-05-11","1","4290"
"2022-05-11","2","1375"
"2022-05-11","3","9715"
"2022-05-11","4","6287"
"2022-05-11","5","6143"
"2022-05-11","6","5482"
"2022-05-11","7","8923"
"2022-05-11","8","6617"
"2022-05-11","9","9551"
"2022-05-11","10","6622"
"2022-05-12","1","4290"
"2022-05-12","2","6809"
"2022-05-12","3","1375"
"2022-05-12","4","9715"
"2022-05-12","5","6143"
"2022-05-12","6","6287"
"2022-05-12","7","9551"
"2022-05-12","8","8923"
"2022-05-12","9","5482"
"2022-05-12","10","6617"
"2022-05-13","1","4290"
"2022-05-13","2","1375"
"2022-05-13","3","6809"
"2022-05-13","4","9715"
"2022-05-13","5","6143"
"2022-05-13","6","9551"
"2022-05-13","7","8923"
"2022-05-13","8","6287"
"2022-05-13","9","5482"
"2022-05-13","10","6617"
"2022-05-16","1","1375"
"2022-05-16","2","9715"
"2022-05-16","3","6809"
"2022-05-16","4","6143"
"2022-05-16","5","8923"
"2022-05-16","6","6287"
"2022-05-16","7","9551"
"2022-05-16","8","5482"
"2022-05-16","9","6617"
"2022-05-16","10","7995"
"2022-05-17","1","1375"
"2022-05-17","2","9715"
"2022-05-17","3","6809"
"2022-05-17","4","6143"
"2022-05-17","5","8923"
"2022-05-17","6","6287"
"2022-05-17","7","5482"
"2022-05-17","8","9551"
"2022-05-17","9","6617"
"2022-05-17","10","4958"
"2022-05-18","1","1375"
"2022-05-18","2","6809"
"2022-05-18","3","9715"
"2022-05-18","4","6143"
"2022-05-18","5","6287"
"2022-05-18","6","8923"
"2022-05-18","7","5482"
"2022-05-18","8","9551"
"2022-05-18","9","6617"
"2022-05-18","10","2124"
"2022-05-19","1","1375"
"2022-05-19","2","6809"
"2022-05-19","3","9715"
"2022-05-19","4","6287"
"2022-05-19","5","6143"
"2022-05-19","6","5482"
"2022-05-19","7","8923"
"2022-05-19","8","9551"
"2022-05-19","9","2124"
"2022-05-19","10","6617"
"2022-05-20","1","1375"
"2022-05-20","2","9715"
"2022-05-20","3","6809"
"2022-05-20","4","6143"
"2022-05-20","5","5482"
"2022-05-20","6","8923"
"2022-05-20","7","6287"
"2022-05-20","8","9551"
"2022-05-20","9","4958"
"2022-05-20","10","2124"
"2022-05-23","1","1375"
"2022-05-23","2","6809"
"2022-05-23","3","9715"
"2022-05-23","4","6143"
"2022-05-23","5","5482"
"2022-05-23","6","8923"
"2022-05-23","7","2124"
"2022-05-23","8","6287"
"2022-05-23","9","9551"
"2022-05-23","10","6617"
"2022-05-24","1","1375"
"2022-05-24","2","6809"
"2022-05-24","3","9715"
"2022-05-24","4","6143"
"2022-05-24","5","5482"
"2022-05-24","6","8923"
"2022-05-24","7","9551"
"2022-05-24","8","2124"
"2022-05-24","9","6617"
"2022-05-24","10","6287"
"2022-05-25","1","1375"
"2022-05-25","2","9715"
"2022-05-25","3","6809"
"2022-05-25","4","9551"
"2022-05-25","5","6143"
"2022-05-25","6","5482"
"2022-05-25","7","8923"
"2022-05-25","8","6617"
"2022-05-25","9","6287"
"2022-05-25","10","4958"
"2022-05-26","1","1375"
"2022-05-26","2","9715"
"2022-05-26","3","6809"
"2022-05-26","4","9551"
"2022-05-26","5","6143"
"2022-05-26","6","5482"
"2022-05-26","7","8923"
"2022-05-26","8","6287"
"2022-05-26","9","4958"
"2022-05-26","10","6617"
"2022-05-27","1","1375"
"2022-05-27","2","9551"
"2022-05-27","3","6809"
"2022-05-27","4","6143"
"2022-05-27","5","5482"
"2022-05-27","6","8923"
"2022-05-27","7","4958"
"2022-05-27","8","6287"
"2022-05-27","9","4519"
"2022-05-27","10","7995"
"2022-05-30","1","1375"
"2022-05-30","2","9551"
"2022-05-30","3","6809"
"2022-05-30","4","6143"
"2022-05-30","5","5482"
"2022-05-30","6","8923"
"2022-05-30","7","4519"
"2022-05-30","8","6617"
"2022-05-30","9","4958"
"2022-05-30","10","7995"
"2022-05-31","1","1375"
"2022-05-31","2","9551"
"2022-05-31","3","6809"
"2022-05-31","4","6143"
"2022-05-31","5","8923"
"2022-05-31","6","5482"
"2022-05-31","7","4519"
"2022-05-31","8","6617"
"2022-05-31","9","7942"
"2022-05-31","10","7995"
"2022-06-01","1","1375"
"2022-06-01","2","9551"
"2022-06-01","3","2384"
"2022-06-01","4","6809"
"2022-06-01","5","8923"
"2022-06-01","6","6143"
"2022-06-01","7","5482"
"2022-06-01","8","4519"
"2022-06-01","9","7995"
"2022-06-01","10","7942"
"2022-06-02","1","1375"
"2022-06-02","2","9551"
"2022-06-02","3","2384"
"2022-06-02","4","8923"
"2022-06-02","5","6809"
"2022-06-02","6","6273"
"2022-06-02","7","4519"
"2022-06-02","8","6143"
"2022-06-02","9","5482"
"2022-06-02","10","7995"
"2022-06-03","1","1375"
"2022-06-03","2","9551"
"2022-06-03","3","2384"
"2022-06-03","4","6143"
"2022-06-03","5","6273"
"2022-06-03","6","4519"
"2022-06-03","7","8923"
"2022-06-03","8","7995"
"2022-06-03","9","7942"
"2022-06-03","10","5482"
"2022-06-06","1","1375"
"2022-06-06","2","9551"
"2022-06-06","3","9715"
"2022-06-06","4","2384"
"2022-06-06","5","4519"
"2022-06-06","6","6273"
"2022-06-06","7","7995"
"2022-06-06","8","6143"
"2022-06-06","9","8923"
"2022-06-06","10","7942"
"2022-06-07","1","1375"
"2022-06-07","2","9551"
"2022-06-07","3","9715"
"2022-06-07","4","2384"
"2022-06-07","5","4519"
"2022-06-07","6","7995"
"2022-06-07","7","6273"
"2022-06-07","8","7942"
"2022-06-07","9","8923"
"2022-06-07","10","6143"
"2022-06-08","1","1375"
"2022-06-08","2","9551"
"2022-06-08","3","9715"
"2022-06-08","4","2384"
"2022-06-08","5","4519"
"2022-06-08","6","6273"
"2022-06-08","7","7995"
"2022-06-08","8","8923"
"2022-06-08","9","7942"
"2022-06-08","10","6143"
"2022-06-09","1","1375"
"2022-06-09","2","9551"
"2022-06-09","3","9715"
"2022-06-09","4","2384"
"2022-06-09","5","7995"
"2022-06-09","6","6273"
"2022-06-09","7","4519"
"2022-06-09","8","8923"
"2022-06-09","9","7942"
"2022-06-09","10","6143"
"2022-06-10","1","1375"
"2022-06-10","2","9551"
"2022-06-10","3","9715"
"2022-06-10","4","2384"
"2022-06-10","5","8923"
"2022-06-10","6","7995"
"2022-06-10","7","6273"
"2022-06-10","8","4519"
"2022-06-10","9","7942"
"2022-06-10","10","6143"
"2022-06-13","1","1375"
"2022-06-13","2","9551"
"2022-06-13","3","2384"
"2022-06-13","4","9715"
"2022-06-13","5","8923"
"2022-06-13","6","7995"
"2022-06-13","7","4519"
"2022-06-13","8","7942"
"2022-06-13","9","2124"
"2022-06-13","10","6143"
"2022-06-14","1","1375"
"2022-06-14","2","9551"
"2022-06-14","3","9715"
"2022-06-14","4","8923"
"2022-06-14","5","7995"
"2022-06-14","6","4519"
"2022-06-14","7","7942"
"2022-06-14","8","6143"
"2022-06-14","9","2124"
"2022-06-14","10","4958"
"2022-06-15","1","1375"
"2022-06-15","2","9551"
"2022-06-15","3","2384"
"2022-06-15","4","9715"
"2022-06-15","5","7995"
"2022-06-15","6","8923"
"2022-06-15","7","4519"
"2022-06-15","8","6143"
"2022-06-15","9","7942"
"2022-06-15","10","8059"
"2022-06-16","1","1375"
"2022-06-16","2","2384"
"2022-06-16","3","9551"
"2022-06-16","4","9715"
"2022-06-16","5","4519"
"2022-06-16","6","8923"
"2022-06-16","7","6143"
"2022-06-16","8","7942"
"2022-06-16","9","7995"
"2022-06-16","10","2124"
"2022-06-17","1","1375"
"2022-06-17","2","9551"
"2022-06-17","3","2384"
"2022-06-17","4","9715"
"2022-06-17","5","8923"
"2022-06-17","6","4519"
"2022-06-17","7","7942"
"2022-06-17","8","6143"
"2022-06-17","9","8059"
"2022-06-17","10","8281"
"2022-06-20","1","1375"
"2022-06-20","2","2384"
"2022-06-20","3","9551"
"2022-06-20","4","9715"
"2022-06-20","5","6143"
"2022-06-20","6","8923"
"2022-06-20","7","4519"
"2022-06-20","8","7942"
"2022-06-20","9","7995"
"2022-06-20","10","3880"
"2022-06-21","1","1375"
"2022-06-21","2","2384"
"2022-06-21","3","9551"
"2022-06-21","4","9715"
"2022-06-21","5","4519"
"2022-06-21","6","6143"
"2022-06-21","7","7942"
"2022-06-21","8","8923"
"2022-06-21","9","3880"
"2022-06-21","10","7995"
"2022-06-22","1","1375"
"2022-06-22","2","9551"
"2022-06-22","3","2384"
"2022-06-22","4","9715"
"2022-06-22","5","6143"
"2022-06-22","6","4519"
"2022-06-22","7","8923"
"2022-06-22","8","6622"
"2022-06-22","9","3880"
"2022-06-22","10","2124"
"2022-06-23","1","1375"
"2022-06-23","2","9551"
"2022-06-23","3","2384"
"2022-06-23","4","4519"
"2022-06-23","5","6143"
"2022-06-23","6","9715"
"2022-06-23","7","2124"
"2022-06-23","8","8923"
"2022-06-23","9","3880"
"2022-06-23","10","6622"
"2022-06-24","1","1375"
"2022-06-24","2","9551"
"2022-06-24","3","6143"
"2022-06-24","4","4519"
"2022-06-24","5","9715"
"2022-06-24","6","6622"
"2022-06-24","7","3880"
"2022-06-24","8","2124"
"2022-06-24","9","8923"
"2022-06-24","10","7995"
"2022-06-27","1","1375"
"2022-06-27","2","9551"
"2022-06-27","3","2384"
"2022-06-27","4","6143"
"2022-06-27","5","4461"
"2022-06-27","6","4519"
"2022-06-27","7","9715"
"2022-06-27","8","2124"
"2022-06-27","9","6622"
"2022-06-27","10","3880"
"2022-06-28","1","1375"
"2022-06-28","2","9551"
"2022-06-28","3","2384"
"2022-06-28","4","6143"
"2022-06-28","5","4461"
"2022-06-28","6","9715"
"2022-06-28","7","4519"
"2022-06-28","8","2124"
"2022-06-28","9","7995"
"2022-06-28","10","3880"
"2022-06-29","1","1375"
"2022-06-29","2","9551"
"2022-06-29","3","2384"
"2022-06-29","4","6143"
"2022-06-29","5","4461"
"2022-06-29","6","9715"
"2022-06-29","7","4519"
"2022-06-29","8","7995"
"2022-06-29","9","9025"
"2022-06-29","10","3880"
"2022-06-30","1","1375"
"2022-06-30","2","9551"
"2022-06-30","3","6143"
"2022-06-30","4","9715"
"2022-06-30","5","4461"
"2022-06-30","6","4519"
"2022-06-30","7","7995"
"2022-06-30","8","9025"
"2022-06-30","9","3880"
"2022-06-30","10","2124"
"2022-07-01","1","1375"
"2022-07-01","2","9551"
"2022-07-01","3","6143"
"2022-07-01","4","9715"
"2022-07-01","5","4519"
"2022-07-01","6","4461"
"2022-07-01","7","7995"
"2022-07-01","8","9025"
"2022-07-01","9","6622"
"2022-07-01","10","2124"
"2022-07-04","1","1375"
"2022-07-04","2","9551"
"2022-07-04","3","6143"
"2022-07-04","4","4519"
"2022-07-04","5","9715"
"2022-07-04","6","4461"
"2022-07-04","7","9025"
"2022-07-04","8","7995"
"2022-07-04","9","6622"
"2022-07-04","10","4958"
"2022-07-05","1","1375"
"2022-07-05","2","9551"
"2022-07-05","3","4519"
"2022-07-05","4","9715"
"2022-07-05","5","6143"
"2022-07-05","6","4461"
"2022-07-05","7","9025"
"2022-07-05","8","6622"
"2022-07-05","9","7995"
"2022-07-05","10","4958"
"2022-07-06","1","1375"
"2022-07-06","2","9551"
"2022-07-06","3","6143"
"2022-07-06","4","9715"
"2022-07-06","5","4461"
"2022-07-06","6","9025"
"2022-07-06","7","7995"
"2022-07-06","8","4519"
"2022-07-06","9","6622"
"2022-07-06","10","8923"
"2022-07-07","1","1375"
"2022-07-07","2","9551"
"2022-07-07","3","9715"
"2022-07-07","4","6143"
"2022-07-07","5","9025"
"2022-07-07","6","4461"
"2022-07-07","7","8923"
"2022-07-07","8","7995"
"2022-07-07","9","6622"
"2022-07-07","10","4519"
"2022-07-08","1","1375"
"2022-07-08","2","9551"
"2022-07-08","3","9715"
"2022-07-08","4","6143"
"2022-07-08","5","9025"
"2022-07-08","6","4461"
"2022-07-08","7","7995"
"2022-07-08","8","8923"
"2022-07-08","9","6622"
"2022-07-08","10","4958"
"2022-07-11","1","1375"
"2022-07-11","2","9551"
"2022-07-11","3","9715"
"2022-07-11","4","6143"
"2022-07-11","5","9025"
"2022-07-11","6","7995"
"2022-07-11","7","4461"
"2022-07-11","8","6622"
"2022-07-11","9","8923"
"2022-07-11","10","4063"
"2022-07-12","1","1375"
"2022-07-12","2","9551"
"2022-07-12","3","9715"
"2022-07-12","4","6143"
"2022-07-12","5","4461"
"2022-07-12","6","7995"
"2022-07-12","7","6622"
"2022-07-12","8","9025"
"2022-07-12","9","4063"
"2022-07-12","10","3880"
"2022-07-13","1","1375"
"2022-07-13","2","9551"
"2022-07-13","3","9715"
"2022-07-13","4","6143"
"2022-07-13","5","7995"
"2022-07-13","6","4461"
"2022-07-13","7","6622"
"2022-07-13","8","4063"
"2022-07-13","9","9025"
"2022-07-13","10","3880"
"2022-07-14","1","9551"
"2022-07-14","2","9715"
"2022-07-14","3","6143"
"2022-07-14","4","7995"
"2022-07-14","5","4461"
"2022-07-14","6","6622"
"2022-07-14","7","4958"
"2022-07-14","8","4063"
"2022-07-14","9","9025"
"2022-07-14","10","3880"
"2022-07-15","1","9551"
"2022-07-15","2","9715"
"2022-07-15","3","6143"
"2022-07-15","4","7995"
"2022-07-15","5","6622"
"2022-07-15","6","4461"
"2022-07-15","7","3880"
"2022-07-15","8","9025"
"2022-07-15","9","4958"
"2022-07-15","10","4063"
"2022-07-19","1","9551"
"2022-07-19","2","9715"
"2022-07-19","3","6143"
"2022-07-19","4","7995"
"2022-07-19","5","6622"
"2022-07-19","6","3880"
"2022-07-19","7","9025"
"2022-07-19","8","4461"
"2022-07-19","9","4958"
"2022-07-19","10","6498"
"2022-07-20","1","9551"
"2022-07-20","2","6143"
"2022-07-20","3","9715"
"2022-07-20","4","7995"
"2022-07-20","5","6622"
"2022-07-20","6","3880"
"2022-07-20","7","9025"
"2022-07-20","8","4461"
"2022-07-20","9","4958"
"2022-07-20","10","4063"
"2022-07-21","1","9551"
"2022-07-21","2","6143"
"2022-07-21","3","9715"
"2022-07-21","4","7995"
"2022-07-21","5","6622"
"2022-07-21","6","9025"
"2022-07-21","7","3880"
"2022-07-21","8","6498"
"2022-07-21","9","4461"
"2022-07-21","10","4063"
"2022-07-22","1","9551"
"2022-07-22","2","6143"
"2022-07-22","3","9715"
"2022-07-22","4","7995"
"2022-07-22","5","6622"
"2022-07-22","6","3880"
"2022-07-22","7","9025"
"2022-07-22","8","6498"
"2022-07-22","9","4063"
"2022-07-22","10","4461"
"2022-07-25","1","9551"
"2022-07-25","2","6143"
"2022-07-25","3","9715"
"2022-07-25","4","7995"
"2022-07-25","5","6622"
"2022-07-25","6","3880"
"2022-07-25","7","9025"
"2022-07-25","8","6498"
"2022-07-25","9","4063"
"2022-07-25","10","4958"
"2022-07-26","1","6143"
"2022-07-26","2","9551"
"2022-07-26","3","9715"
"2022-07-26","4","7995"
"2022-07-26","5","6622"
"2022-07-26","6","3880"
"2022-07-26","7","9025"
"2022-07-26","8","4063"
"2022-07-26","9","6498"
"2022-07-26","10","4461"
"2022-07-27","1","6143"
"2022-07-27","2","9551"
"2022-07-27","3","9715"
"2022-07-27","4","7995"
"2022-07-27","5","3880"
"2022-07-27","6","6622"
"2022-07-27","7","9025"
"2022-07-27","8","9069"
"2022-07-27","9","4063"
"2022-07-27","10","4958"
"2022-07-28","1","6143"
"2022-07-28","2","9551"
"2022-07-28","3","7995"
"2022-07-28","4","9715"
"2022-07-28","5","4063"
"2022-07-28","6","6622"
"2022-07-28","7","3880"
"2022-07-28","8","9025"
"2022-07-28","9","9069"
"2022-07-28","10","6498"
"2022-07-29","1","6143"
"2022-07-29","2","9551"
"2022-07-29","3","9715"
"2022-07-29","4","7995"
"2022-07-29","5","4063"
"2022-07-29","6","6622"
"2022-07-29","7","3880"
"2022-07-29","8","9069"
"2022-07-29","9","6498"
"2022-07-29","10","4958"
"2022-08-01","1","9551"
"2022-08-01","2","6143"
"2022-08-01","3","9715"
"2022-08-01","4","3880"
"2022-08-01","5","6622"
"2022-08-01","6","7995"
"2022-08-01","7","9069"
"2022-08-01","8","6498"
"2022-08-01","9","6617"
"2022-08-01","10","5943"
"2022-08-02","1","9551"
"2022-08-02","2","6143"
"2022-08-02","3","9715"
"2022-08-02","4","3880"
"2022-08-02","5","7995"
"2022-08-02","6","6622"
"2022-08-02","7","4063"
"2022-08-02","8","9069"
"2022-08-02","9","6617"
"2022-08-02","10","4958"
"2022-08-03","1","9551"
"2022-08-03","2","6143"
"2022-08-03","3","3880"
"2022-08-03","4","9715"
"2022-08-03","5","7995"
"2022-08-03","6","9069"
"2022-08-03","7","6617"
"2022-08-03","8","6622"
"2022-08-03","9","4958"
"2022-08-03","10","7821"
"2022-08-04","1","9551"
"2022-08-04","2","6143"
"2022-08-04","3","3880"
"2022-08-04","4","9715"
"2022-08-04","5","7995"
"2022-08-04","6","6622"
"2022-08-04","7","4063"
"2022-08-04","8","7821"
"2022-08-04","9","9069"
"2022-08-04","10","4958"
"2022-08-05","1","9551"
"2022-08-05","2","6143"
"2022-08-05","3","3880"
"2022-08-05","4","9715"
"2022-08-05","5","7995"
"2022-08-05","6","6622"
"2022-08-05","7","4063"
"2022-08-05","8","7821"
"2022-08-05","9","5943"
"2022-08-05","10","4958"
"2022-08-08","1","9551"
"2022-08-08","2","3880"
"2022-08-08","3","6143"
"2022-08-08","4","9715"
"2022-08-08","5","7995"
"2022-08-08","6","6622"
"2022-08-08","7","7821"
"2022-08-08","8","4958"
"2022-08-08","9","4063"
"2022-08-08","10","9069"
"2022-08-09","1","9551"
"2022-08-09","2","3880"
"2022-08-09","3","6143"
"2022-08-09","4","7995"
"2022-08-09","5","6622"
"2022-08-09","6","4958"
"2022-08-09","7","7821"
"2022-08-09","8","4063"
"2022-08-09","9","6498"
"2022-08-09","10","9715"
"2022-08-10","1","9551"
"2022-08-10","2","3880"
"2022-08-10","3","7995"
"2022-08-10","4","6143"
"2022-08-10","5","6622"
"2022-08-10","6","4063"
"2022-08-10","7","9715"
"2022-08-10","8","7821"
"2022-08-10","9","6498"
"2022-08-10","10","5943"
"2022-08-12","1","9551"
"2022-08-12","2","3880"
"2022-08-12","3","6622"
"2022-08-12","4","7995"
"2022-08-12","5","6143"
"2022-08-12","6","4694"
"2022-08-12","7","4063"
"2022-08-12","8","9715"
"2022-08-12","9","6498"
"2022-08-12","10","5943"
"2022-08-15","1","9551"
"2022-08-15","2","3880"
"2022-08-15","3","6143"
"2022-08-15","4","6622"
"2022-08-15","5","7995"
"2022-08-15","6","4694"
"2022-08-15","7","4063"
"2022-08-15","8","9715"
"2022-08-15","9","9069"
"2022-08-15","10","5943"
"2022-08-16","1","9551"
"2022-08-16","2","2384"
"2022-08-16","3","3880"
"2022-08-16","4","6143"
"2022-08-16","5","6622"
"2022-08-16","6","7995"
"2022-08-16","7","4694"
"2022-08-16","8","4063"
"2022-08-16","9","9715"
"2022-08-16","10","8281"
"2022-08-17","1","3880"
"2022-08-17","2","9551"
"2022-08-17","3","2384"
"2022-08-17","4","7995"
"2022-08-17","5","4694"
"2022-08-17","6","6143"
"2022-08-17","7","6622"
"2022-08-17","8","4063"
"2022-08-17","9","9715"
"2022-08-17","10","4958"
"2022-08-18","1","9551"
"2022-08-18","2","3880"
"2022-08-18","3","2384"
"2022-08-18","4","4694"
"2022-08-18","5","6143"
"2022-08-18","6","7995"
"2022-08-18","7","4958"
"2022-08-18","8","4063"
"2022-08-18","9","6622"
"2022-08-18","10","9715"
"2022-08-19","1","9551"
"2022-08-19","2","2384"
"2022-08-19","3","3880"
"2022-08-19","4","4694"
"2022-08-19","5","6143"
"2022-08-19","6","7995"
"2022-08-19","7","4958"
"2022-08-19","8","4063"
"2022-08-19","9","6622"
"2022-08-19","10","9715"
"2022-08-22","1","9551"
"2022-08-22","2","2384"
"2022-08-22","3","4694"
"2022-08-22","4","3880"
"2022-08-22","5","4958"
"2022-08-22","6","6143"
"2022-08-22","7","7995"
"2022-08-22","8","7821"
"2022-08-22","9","4063"
"2022-08-22","10","9715"
"2022-08-23","1","9551"
"2022-08-23","2","2384"
"2022-08-23","3","3880"
"2022-08-23","4","4694"
"2022-08-23","5","6143"
"2022-08-23","6","4958"
"2022-08-23","7","7995"
"2022-08-23","8","4063"
"2022-08-23","9","7821"
"2022-08-23","10","9715"
"2022-08-24","1","2384"
"2022-08-24","2","9551"
"2022-08-24","3","4694"
"2022-08-24","4","3880"
"2022-08-24","5","4958"
"2022-08-24","6","7995"
"2022-08-24","7","6143"
"2022-08-24","8","4063"
"2022-08-24","9","7821"
"2022-08-24","10","9715"
"2022-08-25","1","2384"
"2022-08-25","2","9551"
"2022-08-25","3","4694"
"2022-08-25","4","3880"
"2022-08-25","5","4958"
"2022-08-25","6","7995"
"2022-08-25","7","6143"
"2022-08-25","8","4063"
"2022-08-25","9","8281"
"2022-08-25","10","9715"
"2022-08-26","1","2384"
"2022-08-26","2","9551"
"2022-08-26","3","4694"
"2022-08-26","4","3880"
"2022-08-26","5","4958"
"2022-08-26","6","7995"
"2022-08-26","7","6143"
"2022-08-26","8","4063"
"2022-08-26","9","9715"
"2022-08-26","10","8281"
"2022-08-29","1","4694"
"2022-08-29","2","9551"
"2022-08-29","3","2384"
"2022-08-29","4","4958"
"2022-08-29","5","3880"
"2022-08-29","6","7995"
"2022-08-29","7","6143"
"2022-08-29","8","4063"
"2022-08-29","9","9715"
"2022-08-29","10","8281"
"2022-08-30","1","9551"
"2022-08-30","2","4694"
"2022-08-30","3","2384"
"2022-08-30","4","4958"
"2022-08-30","5","3880"
"2022-08-30","6","7995"
"2022-08-30","7","4063"
"2022-08-30","8","9715"
"2022-08-30","9","6143"
"2022-08-30","10","8281"
"2022-08-31","1","9551"
"2022-08-31","2","4694"
"2022-08-31","3","2384"
"2022-08-31","4","4958"
"2022-08-31","5","3880"
"2022-08-31","6","7995"
"2022-08-31","7","6143"
"2022-08-31","8","9715"
"2022-08-31","9","4063"
"2022-08-31","10","8075"
"2022-09-01","1","9551"
"2022-09-01","2","4694"
"2022-09-01","3","2384"
"2022-09-01","4","4958"
"2022-09-01","5","3880"
"2022-09-01","6","9715"
"2022-09-01","7","7995"
"2022-09-01","8","4063"
"2022-09-01","9","8281"
"2022-09-01","10","6143"
"2022-09-02","1","4694"
"2022-09-02","2","9551"
"2022-09-02","3","2384"
"2022-09-02","4","3865"
"2022-09-02","5","4958"
"2022-09-02","6","3880"
"2022-09-02","7","6744"
"2022-09-02","8","9715"
"2022-09-02","9","7995"
"2022-09-02","10","8281"
"2022-09-05","1","9551"
"2022-09-05","2","4694"
"2022-09-05","3","3865"
"2022-09-05","4","2384"
"2022-09-05","5","4958"
"2022-09-05","6","3880"
"2022-09-05","7","6744"
"2022-09-05","8","7995"
"2022-09-05","9","9715"
"2022-09-05","10","8281"
"2022-09-06","1","4694"
"2022-09-06","2","9551"
"2022-09-06","3","3865"
"2022-09-06","4","2384"
"2022-09-06","5","4958"
"2022-09-06","6","3880"
"2022-09-06","7","6744"
"2022-09-06","8","7995"
"2022-09-06","9","9715"
"2022-09-06","10","4063"
"2022-09-07","1","4694"
"2022-09-07","2","9551"
"2022-09-07","3","2384"
"2022-09-07","4","3865"
"2022-09-07","5","4958"
"2022-09-07","6","3880"
"2022-09-07","7","9715"
"2022-09-07","8","7995"
"2022-09-07","9","4063"
"2022-09-07","10","8281"
"2022-09-08","1","4694"
"2022-09-08","2","9551"
"2022-09-08","3","2384"
"2022-09-08","4","3880"
"2022-09-08","5","4958"
"2022-09-08","6","9715"
"2022-09-08","7","4063"
"2022-09-08","8","7995"
"2022-09-08","9","8281"
"2022-09-08","10","7595"
"2022-09-09","1","4694"
"2022-09-09","2","9551"
"2022-09-09","3","2384"
"2022-09-09","4","4958"
"2022-09-09","5","3880"
"2022-09-09","6","4063"
"2022-09-09","7","9715"
"2022-09-09","8","7995"
"2022-09-09","9","8281"
"2022-09-09","10","7595"
"2022-09-12","1","4694"
"2022-09-12","2","9551"
"2022-09-12","3","4958"
"2022-09-12","4","2384"
"2022-09-12","5","3880"
"2022-09-12","6","4063"
"2022-09-12","7","9715"
"2022-09-12","8","7995"
"2022-09-12","9","8281"
"2022-09-12","10","9672"
"2022-09-13","1","4694"
"2022-09-13","2","9551"
"2022-09-13","3","4958"
"2022-09-13","4","2384"
"2022-09-13","5","3880"
"2022-09-13","6","9715"
"2022-09-13","7","4063"
"2022-09-13","8","7995"
"2022-09-13","9","9672"
"2022-09-13","10","7595"
"2022-09-14","1","4694"
"2022-09-14","2","9551"
"2022-09-14","3","4958"
"2022-09-14","4","2384"
"2022-09-14","5","3880"
"2022-09-14","6","4063"
"2022-09-14","7","9715"
"2022-09-14","8","7995"
"2022-09-14","9","7595"
"2022-09-14","10","8281"
"2022-09-15","1","4694"
"2022-09-15","2","9551"
"2022-09-15","3","4958"
"2022-09-15","4","2384"
"2022-09-15","5","3880"
"2022-09-15","6","4063"
"2022-09-15","7","9715"
"2022-09-15","8","7995"
"2022-09-15","9","7595"
"2022-09-15","10","8281"
"2022-09-16","1","4958"
"2022-09-16","2","9551"
"2022-09-16","3","4694"
"2022-09-16","4","2384"
"2022-09-16","5","3865"
"2022-09-16","6","3880"
"2022-09-16","7","7995"
"2022-09-16","8","9715"
"2022-09-16","9","8173"
"2022-09-16","10","7595"
"2022-09-20","1","4958"
"2022-09-20","2","9551"
"2022-09-20","3","4694"
"2022-09-20","4","2384"
"2022-09-20","5","3880"
"2022-09-20","6","4063"
"2022-09-20","7","7995"
"2022-09-20","8","8173"
"2022-09-20","9","9715"
"2022-09-20","10","7595"
"2022-09-21","1","4958"
"2022-09-21","2","9551"
"2022-09-21","3","4694"
"2022-09-21","4","9025"
"2022-09-21","5","2384"
"2022-09-21","6","3880"
"2022-09-21","7","7995"
"2022-09-21","8","4063"
"2022-09-21","9","8173"
"2022-09-21","10","9715"
"2022-09-22","1","4958"
"2022-09-22","2","9551"
"2022-09-22","3","4694"
"2022-09-22","4","9025"
"2022-09-22","5","2384"
"2022-09-22","6","3880"
"2022-09-22","7","7995"
"2022-09-22","8","8173"
"2022-09-22","9","4063"
"2022-09-22","10","9715"
"2022-09-26","1","4958"
"2022-09-26","2","4694"
"2022-09-26","3","9551"
"2022-09-26","4","2384"
"2022-09-26","5","3865"
"2022-09-26","6","9025"
"2022-09-26","7","7995"
"2022-09-26","8","3880"
"2022-09-26","9","8173"
"2022-09-26","10","9715"
"2022-09-27","1","4694"
"2022-09-27","2","4958"
"2022-09-27","3","9551"
"2022-09-27","4","2384"
"2022-09-27","5","9025"
"2022-09-27","6","3865"
"2022-09-27","7","7995"
"2022-09-27","8","3880"
"2022-09-27","9","9715"
"2022-09-27","10","8173"
"2022-09-28","1","9551"
"2022-09-28","2","4958"
"2022-09-28","3","4694"
"2022-09-28","4","2384"
"2022-09-28","5","3865"
"2022-09-28","6","9025"
"2022-09-28","7","7995"
"2022-09-28","8","3880"
"2022-09-28","9","9715"
"2022-09-28","10","8173"
"2022-09-29","1","9551"
"2022-09-29","2","2384"
"2022-09-29","3","4958"
"2022-09-29","4","4694"
"2022-09-29","5","7995"
"2022-09-29","6","9025"
"2022-09-29","7","3865"
"2022-09-29","8","9715"
"2022-09-29","9","3880"
"2022-09-29","10","8173"
"2022-09-30","1","9551"
"2022-09-30","2","2384"
"2022-09-30","3","4958"
"2022-09-30","4","4694"
"2022-09-30","5","7995"
"2022-09-30","6","3865"
"2022-09-30","7","9025"
"2022-09-30","8","3880"
"2022-09-30","9","9715"
"2022-09-30","10","8173"
"2022-10-03","1","9551"
"2022-10-03","2","2384"
"2022-10-03","3","4958"
"2022-10-03","4","4694"
"2022-10-03","5","7995"
"2022-10-03","6","3865"
"2022-10-03","7","9025"
"2022-10-03","8","3880"
"2022-10-03","9","9715"
"2022-10-03","10","8173"
"2022-10-04","1","9551"
"2022-10-04","2","2384"
"2022-10-04","3","4958"
"2022-10-04","4","7995"
"2022-10-04","5","4694"
"2022-10-04","6","3865"
"2022-10-04","7","9025"
"2022-10-04","8","3880"
"2022-10-04","9","9715"
"2022-10-04","10","8173"
"2022-10-05","1","9551"
"2022-10-05","2","2384"
"2022-10-05","3","4958"
"2022-10-05","4","4694"
"2022-10-05","5","3865"
"2022-10-05","6","7995"
"2022-10-05","7","9715"
"2022-10-05","8","9025"
"2022-10-05","9","3880"
"2022-10-05","10","6143"
"2022-10-06","1","9551"
"2022-10-06","2","2384"
"2022-10-06","3","4958"
"2022-10-06","4","3865"
"2022-10-06","5","7995"
"2022-10-06","6","4694"
"2022-10-06","7","9715"
"2022-10-06","8","9025"
"2022-10-06","9","6143"
"2022-10-06","10","3880"
"2022-10-07","1","9551"
"2022-10-07","2","2384"
"2022-10-07","3","4958"
"2022-10-07","4","3865"
"2022-10-07","5","4694"
"2022-10-07","6","7995"
"2022-10-07","7","9715"
"2022-10-07","8","9025"
"2022-10-07","9","6143"
"2022-10-07","10","3880"
"2022-10-11","1","9551"
"2022-10-11","2","2384"
"2022-10-11","3","4958"
"2022-10-11","4","3865"
"2022-10-11","5","4694"
"2022-10-11","6","7995"
"2022-10-11","7","9715"
"2022-10-11","8","6143"
"2022-10-11","9","9025"
"2022-10-11","10","8173"
"2022-10-12","1","9551"
"2022-10-12","2","4958"
"2022-10-12","3","2384"
"2022-10-12","4","3865"
"2022-10-12","5","4694"
"2022-10-12","6","9715"
"2022-10-12","7","7995"
"2022-10-12","8","3880"
"2022-10-12","9","6143"
"2022-10-12","10","9025"
"2022-10-13","1","9551"
"2022-10-13","2","2384"
"2022-10-13","3","4958"
"2022-10-13","4","3865"
"2022-10-13","5","9715"
"2022-10-13","6","4694"
"2022-10-13","7","7995"
"2022-10-13","8","3880"
"2022-10-13","9","8281"
"2022-10-13","10","9025"
"2022-10-14","1","9551"
"2022-10-14","2","2384"
"2022-10-14","3","3865"
"2022-10-14","4","9715"
"2022-10-14","5","4694"
"2022-10-14","6","7995"
"2022-10-14","7","3880"
"2022-10-14","8","8173"
"2022-10-14","9","6143"
"2022-10-14","10","9025"
"2022-10-17","1","2384"
"2022-10-17","2","9551"
"2022-10-17","3","3865"
"2022-10-17","4","9715"
"2022-10-17","5","4694"
"2022-10-17","6","7995"
"2022-10-17","7","8173"
"2022-10-17","8","9025"
"2022-10-17","9","3880"
"2022-10-17","10","8281"
"2022-10-18","1","2384"
"2022-10-18","2","9551"
"2022-10-18","3","3865"
"2022-10-18","4","9715"
"2022-10-18","5","4694"
"2022-10-18","6","7995"
"2022-10-18","7","8173"
"2022-10-18","8","9025"
"2022-10-18","9","1663"
"2022-10-18","10","3880"
"2022-10-19","1","2384"
"2022-10-19","2","9551"
"2022-10-19","3","3865"
"2022-10-19","4","9715"
"2022-10-19","5","4694"
"2022-10-19","6","9536"
"2022-10-19","7","7995"
"2022-10-19","8","8173"
"2022-10-19","9","9025"
"2022-10-19","10","1663"
"2022-10-20","1","2384"
"2022-10-20","2","9551"
"2022-10-20","3","3865"
"2022-10-20","4","9715"
"2022-10-20","5","4694"
"2022-10-20","6","9536"
"2022-10-20","7","7995"
"2022-10-20","8","9025"
"2022-10-20","9","8173"
"2022-10-20","10","6289"
"2022-10-21","1","2384"
"2022-10-21","2","3865"
"2022-10-21","3","9551"
"2022-10-21","4","9715"
"2022-10-21","5","4694"
"2022-10-21","6","9536"
"2022-10-21","7","7995"
"2022-10-21","8","9025"
"2022-10-21","9","8173"
"2022-10-21","10","8584"
"2022-10-24","1","2384"
"2022-10-24","2","3865"
"2022-10-24","3","9715"
"2022-10-24","4","9551"
"2022-10-24","5","4694"
"2022-10-24","6","9536"
"2022-10-24","7","7995"
"2022-10-24","8","8173"
"2022-10-24","9","9025"
"2022-10-24","10","6289"
"2022-10-25","1","2384"
"2022-10-25","2","3865"
"2022-10-25","3","9715"
"2022-10-25","4","9551"
"2022-10-25","5","4694"
"2022-10-25","6","9025"
"2022-10-25","7","7995"
"2022-10-25","8","9536"
"2022-10-25","9","8173"
"2022-10-25","10","6289"
"2022-10-26","1","2384"
"2022-10-26","2","3865"
"2022-10-26","3","9715"
"2022-10-26","4","9551"
"2022-10-26","5","4694"
"2022-10-26","6","9025"
"2022-10-26","7","7995"
"2022-10-26","8","8173"
"2022-10-26","9","6289"
"2022-10-26","10","9536"
"2022-10-27","1","2384"
"2022-10-27","2","3865"
"2022-10-27","3","9715"
"2022-10-27","4","9551"
"2022-10-27","5","9025"
"2022-10-27","6","4694"
"2022-10-27","7","6289"
"2022-10-27","8","9536"
"2022-10-27","9","7995"
"2022-10-27","10","5208"
"2022-10-28","1","2384"
"2022-10-28","2","3865"
"2022-10-28","3","9715"
"2022-10-28","4","9551"
"2022-10-28","5","9025"
"2022-10-28","6","4694"
"2022-10-28","7","8173"
"2022-10-28","8","9536"
"2022-10-28","9","7995"
"2022-10-28","10","6289"
"2022-10-31","1","2384"
"2022-10-31","2","3865"
"2022-10-31","3","9715"
"2022-10-31","4","9551"
"2022-10-31","5","9025"
"2022-10-31","6","8173"
"2022-10-31","7","4694"
"2022-10-31","8","9536"
"2022-10-31","9","6289"
"2022-10-31","10","6419"
"2022-11-01","1","2384"
"2022-11-01","2","3865"
"2022-11-01","3","9551"
"2022-11-01","4","9536"
"2022-11-01","5","9025"
"2022-11-01","6","8173"
"2022-11-01","7","6289"
"2022-11-01","8","4694"
"2022-11-01","9","5208"
"2022-11-01","10","7995"
"2022-11-02","1","2384"
"2022-11-02","2","3865"
"2022-11-02","3","9551"
"2022-11-02","4","9536"
"2022-11-02","5","6289"
"2022-11-02","6","9025"
"2022-11-02","7","8173"
"2022-11-02","8","4694"
"2022-11-02","9","5208"
"2022-11-02","10","7995"
"2022-11-04","1","3865"
"2022-11-04","2","2384"
"2022-11-04","3","9551"
"2022-11-04","4","9536"
"2022-11-04","5","6289"
"2022-11-04","6","8173"
"2022-11-04","7","9025"
"2022-11-04","8","4694"
"2022-11-04","9","5208"
"2022-11-04","10","7995"
"2022-11-07","1","2384"
"2022-11-07","2","3865"
"2022-11-07","3","9551"
"2022-11-07","4","5970"
"2022-11-07","5","9536"
"2022-11-07","6","6289"
"2022-11-07","7","4694"
"2022-11-07","8","9025"
"2022-11-07","9","8173"
"2022-11-07","10","7995"
"2022-11-08","1","2384"
"2022-11-08","2","3865"
"2022-11-08","3","5970"
"2022-11-08","4","9551"
"2022-11-08","5","9536"
"2022-11-08","6","4694"
"2022-11-08","7","9025"
"2022-11-08","8","6289"
"2022-11-08","9","8173"
"2022-11-08","10","6419"
"2022-11-09","1","3865"
"2022-11-09","2","2384"
"2022-11-09","3","9551"
"2022-11-09","4","6744"
"2022-11-09","5","5970"
"2022-11-09","6","9536"
"2022-11-09","7","4694"
"2022-11-09","8","6289"
"2022-11-09","9","6622"
"2022-11-09","10","8584"
"2022-11-10","1","4958"
"2022-11-10","2","2384"
"2022-11-10","3","3865"
"2022-11-10","4","9551"
"2022-11-10","5","9715"
"2022-11-10","6","5970"
"2022-11-10","7","6744"
"2022-11-10","8","9025"
"2022-11-10","9","9536"
"2022-11-10","10","4078"
"2022-11-11","1","4958"
"2022-11-11","2","2384"
"2022-11-11","3","3865"
"2022-11-11","4","9715"
"2022-11-11","5","9551"
"2022-11-11","6","8075"
"2022-11-11","7","5970"
"2022-11-11","8","6744"
"2022-11-11","9","9536"
"2022-11-11","10","9025"
"2022-11-14","1","2384"
"2022-11-14","2","8075"
"2022-11-14","3","9551"
"2022-11-14","4","9025"
"2022-11-14","5","9715"
"2022-11-14","6","5970"
"2022-11-14","7","6289"
"2022-11-14","8","6744"
"2022-11-14","9","4694"
"2022-11-14","10","4078"
"2022-11-15","1","2384"
"2022-11-15","2","9551"
"2022-11-15","3","8075"
"2022-11-15","4","9025"
"2022-11-15","5","9715"
"2022-11-15","6","5970"
"2022-11-15","7","4694"
"2022-11-15","8","6289"
"2022-11-15","9","6744"
"2022-11-15","10","6419"
"2022-11-16","1","2384"
"2022-11-16","2","9551"
"2022-11-16","3","8075"
"2022-11-16","4","9715"
"2022-11-16","5","5970"
"2022-11-16","6","9025"
"2022-11-16","7","4694"
"2022-11-16","8","4078"
"2022-11-16","9","6744"
"2022-11-16","10","9543"
"2022-11-17","1","2384"
"2022-11-17","2","9551"
"2022-11-17","3","8075"
"2022-11-17","4","9715"
"2022-11-17","5","9025"
"2022-11-17","6","5970"
"2022-11-17","7","4694"
"2022-11-17","8","6744"
"2022-11-17","9","6289"
"2022-11-17","10","9543"
"2022-11-18","1","9551"
"2022-11-18","2","2384"
"2022-11-18","3","9715"
"2022-11-18","4","9025"
"2022-11-18","5","8075"
"2022-11-18","6","4694"
"2022-11-18","7","5970"
"2022-11-18","8","6289"
"2022-11-18","9","6744"
"2022-11-18","10","4078"
"2022-11-21","1","9551"
"2022-11-21","2","2384"
"2022-11-21","3","9715"
"2022-11-21","4","8075"
"2022-11-21","5","5970"
"2022-11-21","6","4078"
"2022-11-21","7","9543"
"2022-11-21","8","6289"
"2022-11-21","9","6744"
"2022-11-21","10","4694"
"2022-11-22","1","9551"
"2022-11-22","2","2384"
"2022-11-22","3","9715"
"2022-11-22","4","8075"
"2022-11-22","5","5970"
"2022-11-22","6","6289"
"2022-11-22","7","4078"
"2022-11-22","8","6744"
"2022-11-22","9","9536"
"2022-11-22","10","4694"
"2022-11-24","1","3865"
"2022-11-24","2","9551"
"2022-11-24","3","2384"
"2022-11-24","4","9715"
"2022-11-24","5","8075"
"2022-11-24","6","5970"
"2022-11-24","7","6289"
"2022-11-24","8","4078"
"2022-11-24","9","6419"
"2022-11-24","10","6744"
"2022-11-25","1","9551"
"2022-11-25","2","3865"
"2022-11-25","3","9715"
"2022-11-25","4","2384"
"2022-11-25","5","8075"
"2022-11-25","6","5970"
"2022-11-25","7","6289"
"2022-11-25","8","4078"
"2022-11-25","9","6744"
"2022-11-25","10","6419"
"2022-11-28","1","3865"
"2022-11-28","2","9551"
"2022-11-28","3","2384"
"2022-11-28","4","9715"
"2022-11-28","5","8075"
"2022-11-28","6","6289"
"2022-11-28","7","4078"
"2022-11-28","8","5970"
"2022-11-28","9","6419"
"2022-11-28","10","6744"
"2022-11-29","1","3865"
"2022-11-29","2","9551"
"2022-11-29","3","2384"
"2022-11-29","4","8075"
"2022-11-29","5","9715"
"2022-11-29","6","6289"
"2022-11-29","7","4078"
"2022-11-29","8","5970"
"2022-11-29","9","2153"
"2022-11-29","10","9536"
"2022-11-30","1","3865"
"2022-11-30","2","9551"
"2022-11-30","3","2384"
"2022-11-30","4","8075"
"2022-11-30","5","9715"
"2022-11-30","6","6289"
"2022-11-30","7","4078"
"2022-11-30","8","5970"
"2022-11-30","9","4694"
"2022-11-30","10","2153"
"2022-12-01","1","9551"
"2022-12-01","2","3865"
"2022-12-01","3","2384"
"2022-12-01","4","9715"
"2022-12-01","5","8075"
"2022-12-01","6","6289"
"2022-12-01","7","4078"
"2022-12-01","8","4694"
"2022-12-01","9","7970"
"2022-12-01","10","5970"
"2022-12-02","1","9551"
"2022-12-02","2","3865"
"2022-12-02","3","2384"
"2022-12-02","4","9715"
"2022-12-02","5","6289"
"2022-12-02","6","4078"
"2022-12-02","7","4694"
"2022-12-02","8","7972"
"2022-12-02","9","5970"
"2022-12-02","10","2153"
"2022-12-05","1","9551"
"2022-12-05","2","3865"
"2022-12-05","3","2384"
"2022-12-05","4","4078"
"2022-12-05","5","6289"
"2022-12-05","6","9715"
"2022-12-05","7","4694"
"2022-12-05","8","5970"
"2022-12-05","9","7970"
"2022-12-05","10","7972"
"2022-12-06","1","3865"
"2022-12-06","2","9551"
"2022-12-06","3","2384"
"2022-12-06","4","6289"
"2022-12-06","5","9715"
"2022-12-06","6","4078"
"2022-12-06","7","4694"
"2022-12-06","8","9536"
"2022-12-06","9","7239"
"2022-12-06","10","7972"
"2022-12-07","1","9551"
"2022-12-07","2","3865"
"2022-12-07","3","2384"
"2022-12-07","4","6289"
"2022-12-07","5","9715"
"2022-12-07","6","4078"
"2022-12-07","7","9536"
"2022-12-07","8","6419"
"2022-12-07","9","4694"
"2022-12-07","10","7239"
"2022-12-08","1","9551"
"2022-12-08","2","3865"
"2022-12-08","3","6289"
"2022-12-08","4","2384"
"2022-12-08","5","9715"
"2022-12-08","6","9536"
"2022-12-08","7","4694"
"2022-12-08","8","4078"
"2022-12-08","9","7239"
"2022-12-08","10","6419"
"2022-12-09","1","9551"
"2022-12-09","2","3865"
"2022-12-09","3","6289"
"2022-12-09","4","2384"
"2022-12-09","5","9715"
"2022-12-09","6","4078"
"2022-12-09","7","7239"
"2022-12-09","8","4694"
"2022-12-09","9","6419"
"2022-12-09","10","7972"
"2022-12-12","1","9551"
"2022-12-12","2","3865"
"2022-12-12","3","6289"
"2022-12-12","4","2384"
"2022-12-12","5","9715"
"2022-12-12","6","7239"
"2022-12-12","7","4078"
"2022-12-12","8","4694"
"2022-12-12","9","5970"
"2022-12-12","10","7970"
"2022-12-13","1","9551"
"2022-12-13","2","6289"
"2022-12-13","3","3865"
"2022-12-13","4","2384"
"2022-12-13","5","9715"
"2022-12-13","6","7239"
"2022-12-13","7","4078"
"2022-12-13","8","4694"
"2022-12-13","9","7970"
"2022-12-13","10","1663"
"2022-12-14","1","9551"
"2022-12-14","2","6289"
"2022-12-14","3","9715"
"2022-12-14","4","2384"
"2022-12-14","5","3865"
"2022-12-14","6","7239"
"2022-12-14","7","4078"
"2022-12-14","8","4694"
"2022-12-14","9","7970"
"2022-12-14","10","6143"
"2022-12-15","1","9551"
"2022-12-15","2","6289"
"2022-12-15","3","9715"
"2022-12-15","4","3865"
"2022-12-15","5","2384"
"2022-12-15","6","7239"
"2022-12-15","7","4078"
"2022-12-15","8","4694"
"2022-12-15","9","7970"
"2022-12-15","10","6419"
"2022-12-16","1","9551"
"2022-12-16","2","6289"
"2022-12-16","3","9715"
"2022-12-16","4","3865"
"2022-12-16","5","7239"
"2022-12-16","6","2384"
"2022-12-16","7","4078"
"2022-12-16","8","4694"
"2022-12-16","9","7970"
"2022-12-16","10","6143"
"2022-12-19","1","9551"
"2022-12-19","2","6289"
"2022-12-19","3","3865"
"2022-12-19","4","9715"
"2022-12-19","5","7239"
"2022-12-19","6","4078"
"2022-12-19","7","2384"
"2022-12-19","8","6419"
"2022-12-19","9","4694"
"2022-12-19","10","6143"
"2022-12-20","1","9551"
"2022-12-20","2","6289"
"2022-12-20","3","3865"
"2022-12-20","4","9715"
"2022-12-20","5","2384"
"2022-12-20","6","7239"
"2022-12-20","7","4078"
"2022-12-20","8","7970"
"2022-12-20","9","6143"
"2022-12-20","10","6419"
"2022-12-21","1","9551"
"2022-12-21","2","6289"
"2022-12-21","3","3865"
"2022-12-21","4","9715"
"2022-12-21","5","2384"
"2022-12-21","6","7239"
"2022-12-21","7","4078"
"2022-12-21","8","7970"
"2022-12-21","9","6143"
"2022-12-21","10","4021"
"2022-12-22","1","9551"
"2022-12-22","2","6289"
"2022-12-22","3","3865"
"2022-12-22","4","7239"
"2022-12-22","5","4078"
"2022-12-22","6","9715"
"2022-12-22","7","2384"
"2022-12-22","8","7970"
"2022-12-22","9","4021"
"2022-12-22","10","6143"
"2022-12-23","1","9551"
"2022-12-23","2","6289"
"2022-12-23","3","3865"
"2022-12-23","4","4078"
"2022-12-23","5","2384"
"2022-12-23","6","7239"
"2022-12-23","7","9715"
"2022-12-23","8","6419"
"2022-12-23","9","7970"
"2022-12-23","10","4021"
"2022-12-26","1","9551"
"2022-12-26","2","6289"
"2022-12-26","3","3865"
"2022-12-26","4","4078"
"2022-12-26","5","8075"
"2022-12-26","6","7239"
"2022-12-26","7","2384"
"2022-12-26","8","4694"
"2022-12-26","9","6419"
"2022-12-26","10","6143"
"2022-12-27","1","9551"
"2022-12-27","2","6289"
"2022-12-27","3","3865"
"2022-12-27","4","4078"
"2022-12-27","5","8075"
"2022-12-27","6","7239"
"2022-12-27","7","2384"
"2022-12-27","8","6419"
"2022-12-27","9","4021"
"2022-12-27","10","6143"
"2022-12-28","1","9551"
"2022-12-28","2","6289"
"2022-12-28","3","3865"
"2022-12-28","4","4078"
"2022-12-28","5","8075"
"2022-12-28","6","4021"
"2022-12-28","7","2384"
"2022-12-28","8","6419"
"2022-12-28","9","7970"
"2022-12-28","10","6143"
"2022-12-29","1","9551"
"2022-12-29","2","6289"
"2022-12-29","3","3865"
"2022-12-29","4","4078"
"2022-12-29","5","2384"
"2022-12-29","6","4021"
"2022-12-29","7","6143"
"2022-12-29","8","6419"
"2022-12-29","9","8075"
"2022-12-29","10","7970"
"2022-12-30","1","9551"
"2022-12-30","2","6289"
"2022-12-30","3","3865"
"2022-12-30","4","4021"
"2022-12-30","5","4078"
"2022-12-30","6","2384"
"2022-12-30","7","6143"
"2022-12-30","8","6419"
"2022-12-30","9","4694"
"2022-12-30","10","7970"
"2023-01-04","1","9551"
"2023-01-04","2","6289"
"2023-01-04","3","3865"
"2023-01-04","4","4021"
"2023-01-04","5","4078"
"2023-01-04","6","6419"
"2023-01-04","7","2384"
"2023-01-04","8","6143"
"2023-01-04","9","7970"
"2023-01-04","10","4694"
"2023-01-05","1","9551"
"2023-01-05","2","6289"
"2023-01-05","3","3865"
"2023-01-05","4","6419"
"2023-01-05","5","4021"
"2023-01-05","6","4078"
"2023-01-05","7","6143"
"2023-01-05","8","2384"
"2023-01-05","9","7970"
"2023-01-05","10","2602"
"2023-01-06","1","9551"
"2023-01-06","2","6289"
"2023-01-06","3","3865"
"2023-01-06","4","4021"
"2023-01-06","5","6419"
"2023-01-06","6","4078"
"2023-01-06","7","2384"
"2023-01-06","8","2602"
"2023-01-06","9","6143"
"2023-01-06","10","7552"
"2023-01-10","1","9551"
"2023-01-10","2","6289"
"2023-01-10","3","3865"
"2023-01-10","4","6419"
"2023-01-10","5","4078"
"2023-01-10","6","4021"
"2023-01-10","7","2602"
"2023-01-10","8","7970"
"2023-01-10","9","2384"
"2023-01-10","10","8075"
"2023-01-11","1","9551"
"2023-01-11","2","6289"
"2023-01-11","3","3865"
"2023-01-11","4","6419"
"2023-01-11","5","4078"
"2023-01-11","6","4021"
"2023-01-11","7","4694"
"2023-01-11","8","2602"
"2023-01-11","9","7970"
"2023-01-11","10","2384"
"2023-01-12","1","9551"
"2023-01-12","2","6289"
"2023-01-12","3","6419"
"2023-01-12","4","3865"
"2023-01-12","5","4078"
"2023-01-12","6","4021"
"2023-01-12","7","4694"
"2023-01-12","8","2602"
"2023-01-12","9","8075"
"2023-01-12","10","7970"
"2023-01-13","1","9551"
"2023-01-13","2","6289"
"2023-01-13","3","6419"
"2023-01-13","4","3865"
"2023-01-13","5","4021"
"2023-01-13","6","4078"
"2023-01-13","7","2602"
"2023-01-13","8","4694"
"2023-01-13","9","7970"
"2023-01-13","10","8075"
"2023-01-16","1","9551"
"2023-01-16","2","6289"
"2023-01-16","3","6419"
"2023-01-16","4","3865"
"2023-01-16","5","4078"
"2023-01-16","6","4021"
"2023-01-16","7","4694"
"2023-01-16","8","7970"
"2023-01-16","9","2602"
"2023-01-16","10","6143"
"2023-01-17","1","9551"
"2023-01-17","2","6289"
"2023-01-17","3","3865"
"2023-01-17","4","6419"
"2023-01-17","5","4078"
"2023-01-17","6","4021"
"2023-01-17","7","8075"
"2023-01-17","8","2602"
"2023-01-17","9","6143"
"2023-01-17","10","2384"
"2023-01-18","1","9551"
"2023-01-18","2","6289"
"2023-01-18","3","3865"
"2023-01-18","4","6419"
"2023-01-18","5","4078"
"2023-01-18","6","2602"
"2023-01-18","7","2384"
"2023-01-18","8","4694"
"2023-01-18","9","2593"
"2023-01-18","10","7552"
"2023-01-19","1","9551"
"2023-01-19","2","6289"
"2023-01-19","3","3865"
"2023-01-19","4","6419"
"2023-01-19","5","4078"
"2023-01-19","6","2602"
"2023-01-19","7","2384"
"2023-01-19","8","2593"
"2023-01-19","9","4021"
"2023-01-19","10","7552"
"2023-01-20","1","9551"
"2023-01-20","2","6289"
"2023-01-20","3","3865"
"2023-01-20","4","6419"
"2023-01-20","5","2602"
"2023-01-20","6","4021"
"2023-01-20","7","4694"
"2023-01-20","8","2384"
"2023-01-20","9","6143"
"2023-01-20","10","7552"
"2023-01-23","1","9551"
"2023-01-23","2","6289"
"2023-01-23","3","3865"
"2023-01-23","4","6419"
"2023-01-23","5","4021"
"2023-01-23","6","2602"
"2023-01-23","7","8075"
"2023-01-23","8","6143"
"2023-01-23","9","4694"
"2023-01-23","10","7552"
"2023-01-24","1","9551"
"2023-01-24","2","6289"
"2023-01-24","3","6419"
"2023-01-24","4","3865"
"2023-01-24","5","4021"
"2023-01-24","6","2602"
"2023-01-24","7","8075"
"2023-01-24","8","6143"
"2023-01-24","9","4694"
"2023-01-24","10","2593"
"2023-01-25","1","9551"
"2023-01-25","2","6289"
"2023-01-25","3","3865"
"2023-01-25","4","6419"
"2023-01-25","5","2602"
"2023-01-25","6","4021"
"2023-01-25","7","8075"
"2023-01-25","8","2593"
"2023-01-25","9","4694"
"2023-01-25","10","7552"
"2023-01-26","1","9551"
"2023-01-26","2","6419"
"2023-01-26","3","6289"
"2023-01-26","4","3865"
"2023-01-26","5","7970"
"2023-01-26","6","4021"
"2023-01-26","7","2602"
"2023-01-26","8","8075"
"2023-01-26","9","4694"
"2023-01-26","10","7552"
"2023-01-27","1","9551"
"2023-01-27","2","3865"
"2023-01-27","3","6419"
"2023-01-27","4","6289"
"2023-01-27","5","4021"
"2023-01-27","6","7970"
"2023-01-27","7","4694"
"2023-01-27","8","2602"
"2023-01-27","9","2593"
"2023-01-27","10","2384"
"2023-01-30","1","6419"
"2023-01-30","2","9551"
"2023-01-30","3","3865"
"2023-01-30","4","6289"
"2023-01-30","5","4021"
"2023-01-30","6","4694"
"2023-01-30","7","7970"
"2023-01-30","8","4078"
"2023-01-30","9","5288"
"2023-01-30","10","2593"
"2023-01-31","1","6419"
"2023-01-31","2","9551"
"2023-01-31","3","4021"
"2023-01-31","4","3865"
"2023-01-31","5","6289"
"2023-01-31","6","4694"
"2023-01-31","7","7970"
"2023-01-31","8","4078"
"2023-01-31","9","2593"
"2023-01-31","10","5288"
"2023-02-01","1","4021"
"2023-02-01","2","9551"
"2023-02-01","3","3865"
"2023-02-01","4","6419"
"2023-02-01","5","4694"
"2023-02-01","6","6289"
"2023-02-01","7","7970"
"2023-02-01","8","4078"
"2023-02-01","9","2593"
"2023-02-01","10","5288"
"2023-02-02","1","4021"
"2023-02-02","2","9551"
"2023-02-02","3","3865"
"2023-02-02","4","7970"
"2023-02-02","5","6419"
"2023-02-02","6","6289"
"2023-02-02","7","4694"
"2023-02-02","8","4078"
"2023-02-02","9","2593"
"2023-02-02","10","2602"
"2023-02-03","1","4021"
"2023-02-03","2","9551"
"2023-02-03","3","3865"
"2023-02-03","4","4694"
"2023-02-03","5","6289"
"2023-02-03","6","6419"
"2023-02-03","7","4078"
"2023-02-03","8","2593"
"2023-02-03","9","7970"
"2023-02-03","10","5288"
"2023-02-06","1","4021"
"2023-02-06","2","9551"
"2023-02-06","3","3865"
"2023-02-06","4","6419"
"2023-02-06","5","6289"
"2023-02-06","6","4694"
"2023-02-06","7","7970"
"2023-02-06","8","4078"
"2023-02-06","9","5288"
"2023-02-06","10","2593"
"2023-02-07","1","4021"
"2023-02-07","2","3865"
"2023-02-07","3","6289"
"2023-02-07","4","9551"
"2023-02-07","5","6419"
"2023-02-07","6","4694"
"2023-02-07","7","7970"
"2023-02-07","8","4078"
"2023-02-07","9","2593"
"2023-02-07","10","2602"
"2023-02-08","1","4021"
"2023-02-08","2","3865"
"2023-02-08","3","9551"
"2023-02-08","4","6289"
"2023-02-08","5","4694"
"2023-02-08","6","4078"
"2023-02-08","7","2593"
"2023-02-08","8","6419"
"2023-02-08","9","7970"
"2023-02-08","10","5288"
"2023-02-09","1","4021"
"2023-02-09","2","3865"
"2023-02-09","3","6419"
"2023-02-09","4","9551"
"2023-02-09","5","4694"
"2023-02-09","6","4078"
"2023-02-09","7","6289"
"2023-02-09","8","2593"
"2023-02-09","9","5288"
"2023-02-09","10","2602"
"2023-02-10","1","4021"
"2023-02-10","2","6419"
"2023-02-10","3","3865"
"2023-02-10","4","4694"
"2023-02-10","5","2602"
"2023-02-10","6","4078"
"2023-02-10","7","9551"
"2023-02-10","8","6289"
"2023-02-10","9","5288"
"2023-02-10","10","2593"
"2023-02-13","1","4021"
"2023-02-13","2","3865"
"2023-02-13","3","6419"
"2023-02-13","4","9551"
"2023-02-13","5","2602"
"2023-02-13","6","4078"
"2023-02-13","7","4694"
"2023-02-13","8","6289"
"2023-02-13","9","5288"
"2023-02-13","10","2593"
"2023-02-14","1","4021"
"2023-02-14","2","9551"
"2023-02-14","3","3865"
"2023-02-14","4","7239"
"2023-02-14","5","4694"
"2023-02-14","6","2602"
"2023-02-14","7","6419"
"2023-02-14","8","4078"
"2023-02-14","9","4047"
"2023-02-14","10","5288"
"2023-02-15","1","4021"
"2023-02-15","2","3865"
"2023-02-15","3","9551"
"2023-02-15","4","7239"
"2023-02-15","5","2602"
"2023-02-15","6","4694"
"2023-02-15","7","5288"
"2023-02-15","8","4078"
"2023-02-15","9","6419"
"2023-02-15","10","7970"
"2023-02-16","1","4021"
"2023-02-16","2","3865"
"2023-02-16","3","9551"
"2023-02-16","4","7239"
"2023-02-16","5","2602"
"2023-02-16","6","4694"
"2023-02-16","7","7970"
"2023-02-16","8","6289"
"2023-02-16","9","5288"
"2023-02-16","10","2593"
"2023-02-17","1","4021"
"2023-02-17","2","9551"
"2023-02-17","3","3865"
"2023-02-17","4","4694"
"2023-02-17","5","7239"
"2023-02-17","6","2602"
"2023-02-17","7","6289"
"2023-02-17","8","7970"
"2023-02-17","9","4078"
"2023-02-17","10","5288"
"2023-02-20","1","4021"
"2023-02-20","2","9551"
"2023-02-20","3","4694"
"2023-02-20","4","2602"
"2023-02-20","5","3865"
"2023-02-20","6","7239"
"2023-02-20","7","7970"
"2023-02-20","8","6289"
"2023-02-20","9","5288"
"2023-02-20","10","2593"
"2023-02-21","1","4021"
"2023-02-21","2","9551"
"2023-02-21","3","4694"
"2023-02-21","4","2602"
"2023-02-21","5","7239"
"2023-02-21","6","7970"
"2023-02-21","7","3865"
"2023-02-21","8","5288"
"2023-02-21","9","6289"
"2023-02-21","10","6419"
"2023-02-22","1","4021"
"2023-02-22","2","9551"
"2023-02-22","3","4694"
"2023-02-22","4","2602"
"2023-02-22","5","1969"
"2023-02-22","6","7239"
"2023-02-22","7","5288"
"2023-02-22","8","7970"
"2023-02-22","9","8584"
"2023-02-22","10","6289"
"2023-02-24","1","4021"
"2023-02-24","2","2602"
"2023-02-24","3","4694"
"2023-02-24","4","9551"
"2023-02-24","5","1969"
"2023-02-24","6","7239"
"2023-02-24","7","7970"
"2023-02-24","8","5288"
"2023-02-24","9","3865"
"2023-02-24","10","8584"
"2023-02-27","1","4021"
"2023-02-27","2","3864"
"2023-02-27","3","5288"
"2023-02-27","4","2602"
"2023-02-27","5","4694"
"2023-02-27","6","9551"
"2023-02-27","7","1969"
"2023-02-27","8","7239"
"2023-02-27","9","7970"
"2023-02-27","10","6419"
"2023-02-28","1","4021"
"2023-02-28","2","3864"
"2023-02-28","3","8158"
"2023-02-28","4","5288"
"2023-02-28","5","4694"
"2023-02-28","6","2602"
"2023-02-28","7","7239"
"2023-02-28","8","9551"
"2023-02-28","9","1969"
"2023-02-28","10","7970"
"2023-03-01","1","4021"
"2023-03-01","2","8158"
"2023-03-01","3","5288"
"2023-03-01","4","3864"
"2023-03-01","5","4694"
"2023-03-01","6","9551"
"2023-03-01","7","2602"
"2023-03-01","8","7239"
"2023-03-01","9","5970"
"2023-03-01","10","7970"
"2023-03-02","1","4021"
"2023-03-02","2","8158"
"2023-03-02","3","3864"
"2023-03-02","4","5288"
"2023-03-02","5","9551"
"2023-03-02","6","7239"
"2023-03-02","7","2602"
"2023-03-02","8","4694"
"2023-03-02","9","2871"
"2023-03-02","10","7970"
"2023-03-03","1","4021"
"2023-03-03","2","8158"
"2023-03-03","3","3864"
"2023-03-03","4","5288"
"2023-03-03","5","2602"
"2023-03-03","6","9551"
"2023-03-03","7","7239"
"2023-03-03","8","2871"
"2023-03-03","9","8098"
"2023-03-03","10","4047"
"2023-03-06","1","4021"
"2023-03-06","2","5288"
"2023-03-06","3","8158"
"2023-03-06","4","3864"
"2023-03-06","5","7239"
"2023-03-06","6","2602"
"2023-03-06","7","9551"
"2023-03-06","8","2871"
"2023-03-06","9","4047"
"2023-03-06","10","4694"
"2023-03-07","1","4021"
"2023-03-07","2","8158"
"2023-03-07","3","7239"
"2023-03-07","4","9551"
"2023-03-07","5","2602"
"2023-03-07","6","5288"
"2023-03-07","7","3864"
"2023-03-07","8","2871"
"2023-03-07","9","4047"
"2023-03-07","10","4694"
"2023-03-08","1","4021"
"2023-03-08","2","8158"
"2023-03-08","3","9551"
"2023-03-08","4","2602"
"2023-03-08","5","7239"
"2023-03-08","6","3864"
"2023-03-08","7","5288"
"2023-03-08","8","2871"
"2023-03-08","9","4109"
"2023-03-08","10","4047"
"2023-03-09","1","4021"
"2023-03-09","2","8158"
"2023-03-09","3","4109"
"2023-03-09","4","5288"
"2023-03-09","5","9551"
"2023-03-09","6","2602"
"2023-03-09","7","2871"
"2023-03-09","8","7239"
"2023-03-09","9","4047"
"2023-03-09","10","3864"
"2023-03-10","1","4021"
"2023-03-10","2","8158"
"2023-03-10","3","5288"
"2023-03-10","4","2602"
"2023-03-10","5","2871"
"2023-03-10","6","4109"
"2023-03-10","7","3864"
"2023-03-10","8","9551"
"2023-03-10","9","7239"
"2023-03-10","10","4047"
"2023-03-13","1","4021"
"2023-03-13","2","8158"
"2023-03-13","3","2602"
"2023-03-13","4","4109"
"2023-03-13","5","5288"
"2023-03-13","6","2871"
"2023-03-13","7","3864"
"2023-03-13","8","7239"
"2023-03-13","9","9551"
"2023-03-13","10","8001"
"2023-03-14","1","4021"
"2023-03-14","2","4220"
"2023-03-14","3","8158"
"2023-03-14","4","2602"
"2023-03-14","5","3864"
"2023-03-14","6","4109"
"2023-03-14","7","2871"
"2023-03-14","8","5288"
"2023-03-14","9","4694"
"2023-03-14","10","9551"
"2023-03-15","1","4021"
"2023-03-15","2","4220"
"2023-03-15","3","8158"
"2023-03-15","4","5288"
"2023-03-15","5","4694"
"2023-03-15","6","4109"
"2023-03-15","7","2602"
"2023-03-15","8","2871"
"2023-03-15","9","7239"
"2023-03-15","10","9551"
"2023-03-16","1","4021"
"2023-03-16","2","8158"
"2023-03-16","3","4694"
"2023-03-16","4","2602"
"2023-03-16","5","5288"
"2023-03-16","6","2871"
"2023-03-16","7","4109"
"2023-03-16","8","4220"
"2023-03-16","9","8217"
"2023-03-16","10","7239"
"2023-03-17","1","4021"
"2023-03-17","2","4220"
"2023-03-17","3","8158"
"2023-03-17","4","5288"
"2023-03-17","5","2602"
"2023-03-17","6","4109"
"2023-03-17","7","8217"
"2023-03-17","8","4694"
"2023-03-17","9","2871"
"2023-03-17","10","7239"
"2023-03-20","1","4021"
"2023-03-20","2","4220"
"2023-03-20","3","5288"
"2023-03-20","4","2602"
"2023-03-20","5","4109"
"2023-03-20","6","1976"
"2023-03-20","7","8158"
"2023-03-20","8","2871"
"2023-03-20","9","4694"
"2023-03-20","10","1944"
"2023-03-22","1","4021"
"2023-03-22","2","5288"
"2023-03-22","3","2602"
"2023-03-22","4","8158"
"2023-03-22","5","1976"
"2023-03-22","6","4109"
"2023-03-22","7","4694"
"2023-03-22","8","2871"
"2023-03-22","9","7239"
"2023-03-22","10","1944"
"2023-03-23","1","4021"
"2023-03-23","2","1976"
"2023-03-23","3","2602"
"2023-03-23","4","8158"
"2023-03-23","5","5288"
"2023-03-23","6","4694"
"2023-03-23","7","2871"
"2023-03-23","8","4109"
"2023-03-23","9","7239"
"2023-03-23","10","3864"
"2023-03-24","1","4021"
"2023-03-24","2","1976"
"2023-03-24","3","2602"
"2023-03-24","4","8158"
"2023-03-24","5","5288"
"2023-03-24","6","2871"
"2023-03-24","7","4694"
"2023-03-24","8","4109"
"2023-03-24","9","7239"
"2023-03-24","10","3864"
"2023-03-27","1","4021"
"2023-03-27","2","8158"
"2023-03-27","3","2602"
"2023-03-27","4","1976"
"2023-03-27","5","5288"
"2023-03-27","6","4694"
"2023-03-27","7","2871"
"2023-03-27","8","4109"
"2023-03-27","9","7239"
"2023-03-27","10","1944"
"2023-03-28","1","4021"
"2023-03-28","2","8158"
"2023-03-28","3","1976"
"2023-03-28","4","2602"
"2023-03-28","5","4109"
"2023-03-28","6","5288"
"2023-03-28","7","4694"
"2023-03-28","8","2871"
"2023-03-28","9","7239"
"2023-03-28","10","3864"
"2023-03-29","1","4021"
"2023-03-29","2","8158"
"2023-03-29","3","1976"
"2023-03-29","4","2602"
"2023-03-29","5","5288"
"2023-03-29","6","4694"
"2023-03-29","7","4109"
"2023-03-29","8","2871"
"2023-03-29","9","7239"
"2023-03-29","10","3864"
"2023-03-30","1","8158"
"2023-03-30","2","1976"
"2023-03-30","3","4021"
"2023-03-30","4","2602"
"2023-03-30","5","5288"
"2023-03-30","6","4694"
"2023-03-30","7","4109"
"2023-03-30","8","7239"
"2023-03-30","9","8613"
"2023-03-30","10","2871"
"2023-03-31","1","8158"
"2023-03-31","2","1976"
"2023-03-31","3","4021"
"2023-03-31","4","2602"
"2023-03-31","5","5288"
"2023-03-31","6","4694"
"2023-03-31","7","7239"
"2023-03-31","8","4109"
"2023-03-31","9","2871"
"2023-03-31","10","1944"
"2023-04-03","1","8158"
"2023-04-03","2","1976"
"2023-04-03","3","4021"
"2023-04-03","4","5288"
"2023-04-03","5","2602"
"2023-04-03","6","7239"
"2023-04-03","7","4694"
"2023-04-03","8","4109"
"2023-04-03","9","2871"
"2023-04-03","10","1944"
"2023-04-04","1","8158"
"2023-04-04","2","1976"
"2023-04-04","3","4021"
"2023-04-04","4","5288"
"2023-04-04","5","2602"
"2023-04-04","6","4694"
"2023-04-04","7","7239"
"2023-04-04","8","4109"
"2023-04-04","9","2871"
"2023-04-04","10","8001"
"2023-04-05","1","8158"
"2023-04-05","2","4021"
"2023-04-05","3","1976"
"2023-04-05","4","5288"
"2023-04-05","5","2602"
"2023-04-05","6","4694"
"2023-04-05","7","4109"
"2023-04-05","8","7239"
"2023-04-05","9","2871"
"2023-04-05","10","8001"
"2023-04-06","1","8158"
"2023-04-06","2","1976"
"2023-04-06","3","4021"
"2023-04-06","4","5288"
"2023-04-06","5","2602"
"2023-04-06","6","4694"
"2023-04-06","7","7239"
"2023-04-06","8","4109"
"2023-04-06","9","2871"
"2023-04-06","10","8001"
"2023-04-07","1","8158"
"2023-04-07","2","4021"
"2023-04-07","3","1976"
"2023-04-07","4","4694"
"2023-04-07","5","5288"
"2023-04-07","6","2602"
"2023-04-07","7","7239"
"2023-04-07","8","2871"
"2023-04-07","9","4109"
"2023-04-07","10","8001"
"2023-04-10","1","8158"
"2023-04-10","2","1976"
"2023-04-10","3","4021"
"2023-04-10","4","4694"
"2023-04-10","5","2602"
"2023-04-10","6","5288"
"2023-04-10","7","7239"
"2023-04-10","8","2871"
"2023-04-10","9","4109"
"2023-04-10","10","8584"
"2023-04-11","1","1976"
"2023-04-11","2","8158"
"2023-04-11","3","4694"
"2023-04-11","4","4021"
"2023-04-11","5","2602"
"2023-04-11","6","7239"
"2023-04-11","7","2871"
"2023-04-11","8","8584"
"2023-04-11","9","7970"
"2023-04-11","10","4109"
"2023-04-12","1","1976"
"2023-04-12","2","8158"
"2023-04-12","3","4694"
"2023-04-12","4","2602"
"2023-04-12","5","4021"
"2023-04-12","6","7239"
"2023-04-12","7","2871"
"2023-04-12","8","8584"
"2023-04-12","9","7970"
"2023-04-12","10","4109"
"2023-04-13","1","1976"
"2023-04-13","2","8158"
"2023-04-13","3","4694"
"2023-04-13","4","2602"
"2023-04-13","5","4021"
"2023-04-13","6","7239"
"2023-04-13","7","2871"
"2023-04-13","8","8584"
"2023-04-13","9","4109"
"2023-04-13","10","7970"
"2023-04-14","1","1976"
"2023-04-14","2","4694"
"2023-04-14","3","8158"
"2023-04-14","4","2602"
"2023-04-14","5","4021"
"2023-04-14","6","7239"
"2023-04-14","7","8584"
"2023-04-14","8","2871"
"2023-04-14","9","7970"
"2023-04-14","10","7269"
"2023-04-17","1","1976"
"2023-04-17","2","8158"
"2023-04-17","3","4694"
"2023-04-17","4","2602"
"2023-04-17","5","4021"
"2023-04-17","6","8584"
"2023-04-17","7","7239"
"2023-04-17","8","2871"
"2023-04-17","9","7970"
"2023-04-17","10","9551"
"2023-04-18","1","1976"
"2023-04-18","2","8158"
"2023-04-18","3","4021"
"2023-04-18","4","4694"
"2023-04-18","5","2602"
"2023-04-18","6","8584"
"2023-04-18","7","7239"
"2023-04-18","8","7970"
"2023-04-18","9","2871"
"2023-04-18","10","9551"
"2023-04-19","1","1976"
"2023-04-19","2","8158"
"2023-04-19","3","4694"
"2023-04-19","4","2602"
"2023-04-19","5","4021"
"2023-04-19","6","8584"
"2023-04-19","7","7239"
"2023-04-19","8","7970"
"2023-04-19","9","2871"
"2023-04-19","10","9551"
"2023-04-20","1","1976"
"2023-04-20","2","8158"
"2023-04-20","3","4694"
"2023-04-20","4","4021"
"2023-04-20","5","2602"
"2023-04-20","6","2871"
"2023-04-20","7","8584"
"2023-04-20","8","7239"
"2023-04-20","9","7970"
"2023-04-20","10","9551"
"2023-04-21","1","1976"
"2023-04-21","2","8158"
"2023-04-21","3","4694"
"2023-04-21","4","4021"
"2023-04-21","5","2602"
"2023-04-21","6","2871"
"2023-04-21","7","7239"
"2023-04-21","8","8584"
"2023-04-21","9","7970"
"2023-04-21","10","9551"
"2023-04-24","1","8158"
"2023-04-24","2","4694"
"2023-04-24","3","2602"
"2023-04-24","4","4021"
"2023-04-24","5","2871"
"2023-04-24","6","7239"
"2023-04-24","7","7970"
"2023-04-24","8","8584"
"2023-04-24","9","9551"
"2023-04-24","10","7269"
"2023-04-25","1","4694"
"2023-04-25","2","4021"
"2023-04-25","3","2602"
"2023-04-25","4","1976"
"2023-04-25","5","2871"
"2023-04-25","6","7239"
"2023-04-25","7","8584"
"2023-04-25","8","7970"
"2023-04-25","9","8001"
"2023-04-25","10","7269"
"2023-04-26","1","4694"
"2023-04-26","2","2602"
"2023-04-26","3","4021"
"2023-04-26","4","1976"
"2023-04-26","5","7239"
"2023-04-26","6","2871"
"2023-04-26","7","8584"
"2023-04-26","8","7970"
"2023-04-26","9","9007"
"2023-04-26","10","4401"
"2023-04-27","1","4694"
"2023-04-27","2","2602"
"2023-04-27","3","1976"
"2023-04-27","4","4021"
"2023-04-27","5","2871"
"2023-04-27","6","7239"
"2023-04-27","7","8584"
"2023-04-27","8","9551"
"2023-04-27","9","9007"
"2023-04-27","10","1852"
"2023-04-28","1","2602"
"2023-04-28","2","4694"
"2023-04-28","3","1976"
"2023-04-28","4","4021"
"2023-04-28","5","2871"
"2023-04-28","6","7239"
"2023-04-28","7","9551"
"2023-04-28","8","8584"
"2023-04-28","9","9007"
"2023-04-28","10","4212"
"2023-05-01","1","2602"
"2023-05-01","2","4694"
"2023-05-01","3","4021"
"2023-05-01","4","1976"
"2023-05-01","5","2871"
"2023-05-01","6","7239"
"2023-05-01","7","8584"
"2023-05-01","8","9551"
"2023-05-01","9","4212"
"2023-05-01","10","4401"
"2023-05-02","1","4694"
"2023-05-02","2","2602"
"2023-05-02","3","1976"
"2023-05-02","4","4021"
"2023-05-02","5","2871"
"2023-05-02","6","7239"
"2023-05-02","7","8584"
"2023-05-02","8","9551"
"2023-05-02","9","7269"
"2023-05-02","10","4912"
"2023-05-08","1","4694"
"2023-05-08","2","2602"
"2023-05-08","3","1976"
"2023-05-08","4","4021"
"2023-05-08","5","2871"
"2023-05-08","6","7239"
"2023-05-08","7","7269"
"2023-05-08","8","8584"
"2023-05-08","9","4912"
"2023-05-08","10","9551"
"2023-05-09","1","4694"
"2023-05-09","2","2602"
"2023-05-09","3","1976"
"2023-05-09","4","4021"
"2023-05-09","5","7970"
"2023-05-09","6","7269"
"2023-05-09","7","2871"
"2023-05-09","8","7239"
"2023-05-09","9","4912"
"2023-05-09","10","9551"
"2023-05-10","1","4694"
"2023-05-10","2","7269"
"2023-05-10","3","2602"
"2023-05-10","4","1976"
"2023-05-10","5","2871"
"2023-05-10","6","4021"
"2023-05-10","7","7970"
"2023-05-10","8","7239"
"2023-05-10","9","8584"
"2023-05-10","10","9551"
"2023-05-11","1","4694"
"2023-05-11","2","7269"
"2023-05-11","3","2602"
"2023-05-11","4","2871"
"2023-05-11","5","1976"
"2023-05-11","6","1515"
"2023-05-11","7","4021"
"2023-05-11","8","7970"
"2023-05-11","9","7239"
"2023-05-11","10","8584"
"2023-05-12","1","7269"
"2023-05-12","2","2602"
"2023-05-12","3","4694"
"2023-05-12","4","1976"
"2023-05-12","5","2871"
"2023-05-12","6","4021"
"2023-05-12","7","7970"
"2023-05-12","8","7239"
"2023-05-12","9","8075"
"2023-05-12","10","8584"
"2023-05-15","1","7269"
"2023-05-15","2","1976"
"2023-05-15","3","2602"
"2023-05-15","4","2871"
"2023-05-15","5","4694"
"2023-05-15","6","4021"
"2023-05-15","7","7970"
"2023-05-15","8","5991"
"2023-05-15","9","1515"
"2023-05-15","10","7239"
"2023-05-16","1","7269"
"2023-05-16","2","1976"
"2023-05-16","3","2602"
"2023-05-16","4","4694"
"2023-05-16","5","2871"
"2023-05-16","6","4021"
"2023-05-16","7","7970"
"2023-05-16","8","5991"
"2023-05-16","9","7239"
"2023-05-16","10","1515"
"2023-05-17","1","7269"
"2023-05-17","2","1976"
"2023-05-17","3","2602"
"2023-05-17","4","4694"
"2023-05-17","5","4021"
"2023-05-17","6","5991"
"2023-05-17","7","7970"
"2023-05-17","8","2871"
"2023-05-17","9","7239"
"2023-05-17","10","8584"
"2023-05-18","1","7269"
"2023-05-18","2","2602"
"2023-05-18","3","1976"
"2023-05-18","4","4021"
"2023-05-18","5","2871"
"2023-05-18","6","4694"
"2023-05-18","7","7970"
"2023-05-18","8","7239"
"2023-05-18","9","8584"
"2023-05-18","10","8056"
"2023-05-19","1","7269"
"2023-05-19","2","1976"
"2023-05-19","3","2602"
"2023-05-19","4","8252"
"2023-05-19","5","2871"
"2023-05-19","6","7239"
"2023-05-19","7","4694"
"2023-05-19","8","7970"
"2023-05-19","9","4021"
"2023-05-19","10","8584"
"2023-05-22","1","7269"
"2023-05-22","2","1976"
"2023-05-22","3","4694"
"2023-05-22","4","2602"
"2023-05-22","5","2871"
"2023-05-22","6","7970"
"2023-05-22","7","4021"
"2023-05-22","8","7239"
"2023-05-22","9","5707"
"2023-05-22","10","8584"
"2023-05-23","1","7269"
"2023-05-23","2","1976"
"2023-05-23","3","4694"
"2023-05-23","4","2602"
"2023-05-23","5","2871"
"2023-05-23","6","4021"
"2023-05-23","7","7239"
"2023-05-23","8","7970"
"2023-05-23","9","2737"
"2023-05-23","10","7995"
"2023-05-24","1","7269"
"2023-05-24","2","4694"
"2023-05-24","3","2602"
"2023-05-24","4","1976"
"2023-05-24","5","2871"
"2023-05-24","6","4021"
"2023-05-24","7","7239"
"2023-05-24","8","5707"
"2023-05-24","9","3289"
"2023-05-24","10","7970"
"2023-05-25","1","7269"
"2023-05-25","2","4694"
"2023-05-25","3","1976"
"2023-05-25","4","2602"
"2023-05-25","5","2871"
"2023-05-25","6","5707"
"2023-05-25","7","4021"
"2023-05-25","8","7239"
"2023-05-25","9","7970"
"2023-05-25","10","3289"
"2023-05-26","1","7269"
"2023-05-26","2","4694"
"2023-05-26","3","8252"
"2023-05-26","4","1976"
"2023-05-26","5","2602"
"2023-05-26","6","2871"
"2023-05-26","7","4021"
"2023-05-26","8","5707"
"2023-05-26","9","3289"
"2023-05-26","10","7970"
"2023-05-29","1","7269"
"2023-05-29","2","4694"
"2023-05-29","3","1976"
"2023-05-29","4","8252"
"2023-05-29","5","2602"
"2023-05-29","6","2871"
"2023-05-29","7","4021"
"2023-05-29","8","7970"
"2023-05-29","9","5707"
"2023-05-29","10","3289"
"2023-05-30","1","3284"
"2023-05-30","2","7269"
"2023-05-30","3","4694"
"2023-05-30","4","1976"
"2023-05-30","5","2871"
"2023-05-30","6","2602"
"2023-05-30","7","4021"
"2023-05-30","8","7970"
"2023-05-30","9","5707"
"2023-05-30","10","7239"
"2023-05-31","1","3284"
"2023-05-31","2","7269"
"2023-05-31","3","1976"
"2023-05-31","4","4694"
"2023-05-31","5","2602"
"2023-05-31","6","2871"
"2023-05-31","7","7970"
"2023-05-31","8","4912"
"2023-05-31","9","3289"
"2023-05-31","10","4021"
"2023-06-01","1","3284"
"2023-06-01","2","7269"
"2023-06-01","3","1976"
"2023-06-01","4","4694"
"2023-06-01","5","2602"
"2023-06-01","6","2871"
"2023-06-01","7","7239"
"2023-06-01","8","4912"
"2023-06-01","9","7970"
"2023-06-01","10","3289"
"2023-06-02","1","3284"
"2023-06-02","2","7269"
"2023-06-02","3","1976"
"2023-06-02","4","4694"
"2023-06-02","5","2602"
"2023-06-02","6","2871"
"2023-06-02","7","4912"
"2023-06-02","8","7239"
"2023-06-02","9","3289"
"2023-06-02","10","7970"
"2023-06-05","1","3284"
"2023-06-05","2","7269"
"2023-06-05","3","1976"
"2023-06-05","4","4694"
"2023-06-05","5","2602"
"2023-06-05","6","2871"
"2023-06-05","7","4912"
"2023-06-05","8","4506"
"2023-06-05","9","7239"
"2023-06-05","10","4985"
"2023-06-06","1","3284"
"2023-06-06","2","7269"
"2023-06-06","3","1976"
"2023-06-06","4","4694"
"2023-06-06","5","2602"
"2023-06-06","6","4912"
"2023-06-06","7","4506"
"2023-06-06","8","2871"
"2023-06-06","9","7239"
"2023-06-06","10","7970"
"2023-06-07","1","3284"
"2023-06-07","2","7269"
"2023-06-07","3","1976"
"2023-06-07","4","4694"
"2023-06-07","5","4912"
"2023-06-07","6","2602"
"2023-06-07","7","2871"
"2023-06-07","8","4506"
"2023-06-07","9","7970"
"2023-06-07","10","7239"
"2023-06-08","1","3284"
"2023-06-08","2","7269"
"2023-06-08","3","4912"
"2023-06-08","4","4694"
"2023-06-08","5","2602"
"2023-06-08","6","1375"
"2023-06-08","7","4506"
"2023-06-08","8","2871"
"2023-06-08","9","7239"
"2023-06-08","10","7246"
"2023-06-09","1","3284"
"2023-06-09","2","7269"
"2023-06-09","3","4912"
"2023-06-09","4","4694"
"2023-06-09","5","2602"
"2023-06-09","6","4506"
"2023-06-09","7","2871"
"2023-06-09","8","7970"
"2023-06-09","9","7246"
"2023-06-09","10","7483"
"2023-06-12","1","3284"
"2023-06-12","2","7269"
"2023-06-12","3","1976"
"2023-06-12","4","4694"
"2023-06-12","5","4912"
"2023-06-12","6","2602"
"2023-06-12","7","2871"
"2023-06-12","8","4506"
"2023-06-12","9","7970"
"2023-06-12","10","7246"
"2023-06-13","1","3284"
"2023-06-13","2","7269"
"2023-06-13","3","1976"
"2023-06-13","4","4694"
"2023-06-13","5","2602"
"2023-06-13","6","4912"
"2023-06-13","7","4506"
"2023-06-13","8","2871"
"2023-06-13","9","7970"
"2023-06-13","10","7246"
"2023-06-14","1","3284"
"2023-06-14","2","7269"
"2023-06-14","3","1976"
"2023-06-14","4","4694"
"2023-06-14","5","4912"
"2023-06-14","6","2602"
"2023-06-14","7","4506"
"2023-06-14","8","7970"
"2023-06-14","9","2871"
"2023-06-14","10","7483"
"2023-06-15","1","3284"
"2023-06-15","2","7269"
"2023-06-15","3","1976"
"2023-06-15","4","4694"
"2023-06-15","5","4912"
"2023-06-15","6","4506"
"2023-06-15","7","2602"
"2023-06-15","8","7970"
"2023-06-15","9","7246"
"2023-06-15","10","2871"
"2023-06-16","1","3284"
"2023-06-16","2","7269"
"2023-06-16","3","1976"
"2023-06-16","4","4694"
"2023-06-16","5","4912"
"2023-06-16","6","2602"
"2023-06-16","7","4506"
"2023-06-16","8","7246"
"2023-06-16","9","7239"
"2023-06-16","10","7970"
"2023-06-19","1","3284"
"2023-06-19","2","7269"
"2023-06-19","3","1976"
"2023-06-19","4","4694"
"2023-06-19","5","4912"
"2023-06-19","6","2602"
"2023-06-19","7","7239"
"2023-06-19","8","7246"
"2023-06-19","9","4506"
"2023-06-19","10","7970"
"2023-06-20","1","3284"
"2023-06-20","2","7269"
"2023-06-20","3","1976"
"2023-06-20","4","4694"
"2023-06-20","5","4912"
"2023-06-20","6","7239"
"2023-06-20","7","2602"
"2023-06-20","8","7246"
"2023-06-20","9","5707"
"2023-06-20","10","4506"
"2023-06-21","1","3284"
"2023-06-21","2","7269"
"2023-06-21","3","1375"
"2023-06-21","4","1976"
"2023-06-21","5","4694"
"2023-06-21","6","4912"
"2023-06-21","7","4506"
"2023-06-21","8","2602"
"2023-06-21","9","7970"
"2023-06-21","10","4047"
"2023-06-22","1","3284"
"2023-06-22","2","7269"
"2023-06-22","3","1375"
"2023-06-22","4","1976"
"2023-06-22","5","4694"
"2023-06-22","6","4912"
"2023-06-22","7","2602"
"2023-06-22","8","4506"
"2023-06-22","9","7246"
"2023-06-22","10","5707"
"2023-06-23","1","3284"
"2023-06-23","2","7269"
"2023-06-23","3","1976"
"2023-06-23","4","1375"
"2023-06-23","5","4694"
"2023-06-23","6","4912"
"2023-06-23","7","4506"
"2023-06-23","8","2602"
"2023-06-23","9","5707"
"2023-06-23","10","7246"
"2023-06-26","1","3284"
"2023-06-26","2","1976"
"2023-06-26","3","4694"
"2023-06-26","4","1375"
"2023-06-26","5","4912"
"2023-06-26","6","4506"
"2023-06-26","7","2602"
"2023-06-26","8","7246"
"2023-06-26","9","5707"
"2023-06-26","10","2871"
"2023-06-27","1","3284"
"2023-06-27","2","4694"
"2023-06-27","3","1375"
"2023-06-27","4","4506"
"2023-06-27","5","4912"
"2023-06-27","6","2602"
"2023-06-27","7","5707"
"2023-06-27","8","4004"
"2023-06-27","9","7246"
"2023-06-27","10","2871"
"2023-06-28","1","3284"
"2023-06-28","2","4694"
"2023-06-28","3","1375"
"2023-06-28","4","4912"
"2023-06-28","5","4506"
"2023-06-28","6","2602"
"2023-06-28","7","2871"
"2023-06-28","8","4004"
"2023-06-28","9","7246"
"2023-06-28","10","5707"
"2023-06-29","1","3284"
"2023-06-29","2","4694"
"2023-06-29","3","1375"
"2023-06-29","4","4912"
"2023-06-29","5","4506"
"2023-06-29","6","2602"
"2023-06-29","7","2871"
"2023-06-29","8","7246"
"2023-06-29","9","5707"
"2023-06-29","10","8566"
"2023-06-30","1","3284"
"2023-06-30","2","4694"
"2023-06-30","3","4912"
"2023-06-30","4","1375"
"2023-06-30","5","4506"
"2023-06-30","6","2871"
"2023-06-30","7","2602"
"2023-06-30","8","5707"
"2023-06-30","9","4004"
"2023-06-30","10","8566"
"2023-07-03","1","3284"
"2023-07-03","2","4694"
"2023-07-03","3","4912"
"2023-07-03","4","1375"
"2023-07-03","5","4506"
"2023-07-03","6","2871"
"2023-07-03","7","2602"
"2023-07-03","8","8566"
"2023-07-03","9","7483"
"2023-07-03","10","5707"
"2023-07-04","1","3284"
"2023-07-04","2","4694"
"2023-07-04","3","4912"
"2023-07-04","4","1375"
"2023-07-04","5","4506"
"2023-07-04","6","2871"
"2023-07-04","7","2602"
"2023-07-04","8","5991"
"2023-07-04","9","7483"
"2023-07-04","10","5707"
"2023-07-05","1","4912"
"2023-07-05","2","4694"
"2023-07-05","3","1375"
"2023-07-05","4","4506"
"2023-07-05","5","2871"
"2023-07-05","6","2602"
"2023-07-05","7","5707"
"2023-07-05","8","4985"
"2023-07-05","9","7483"
"2023-07-05","10","4812"
"2023-07-06","1","4694"
"2023-07-06","2","4912"
"2023-07-06","3","1375"
"2023-07-06","4","4506"
"2023-07-06","5","2871"
"2023-07-06","6","5707"
"2023-07-06","7","2602"
"2023-07-06","8","4985"
"2023-07-06","9","4004"
"2023-07-06","10","2593"
"2023-07-07","1","4912"
"2023-07-07","2","1375"
"2023-07-07","3","4694"
"2023-07-07","4","4506"
"2023-07-07","5","2871"
"2023-07-07","6","2602"
"2023-07-07","7","5707"
"2023-07-07","8","7246"
"2023-07-07","9","4985"
"2023-07-07","10","2593"
"2023-07-10","1","4912"
"2023-07-10","2","4694"
"2023-07-10","3","1375"
"2023-07-10","4","4506"
"2023-07-10","5","2871"
"2023-07-10","6","2602"
"2023-07-10","7","5707"
"2023-07-10","8","5991"
"2023-07-10","9","4985"
"2023-07-10","10","7246"
"2023-07-11","1","1375"
"2023-07-11","2","4912"
"2023-07-11","3","4694"
"2023-07-11","4","4506"
"2023-07-11","5","5707"
"2023-07-11","6","2871"
"2023-07-11","7","2602"
"2023-07-11","8","5991"
"2023-07-11","9","7246"
"2023-07-11","10","7245"
"2023-07-12","1","4912"
"2023-07-12","2","1375"
"2023-07-12","3","4694"
"2023-07-12","4","4516"
"2023-07-12","5","5707"
"2023-07-12","6","2602"
"2023-07-12","7","2871"
"2023-07-12","8","4004"
"2023-07-12","9","5991"
"2023-07-12","10","7246"
"2023-07-13","1","1375"
"2023-07-13","2","4912"
"2023-07-13","3","4694"
"2023-07-13","4","4516"
"2023-07-13","5","4506"
"2023-07-13","6","5707"
"2023-07-13","7","2871"
"2023-07-13","8","2602"
"2023-07-13","9","4004"
"2023-07-13","10","5991"
"2023-07-14","1","1375"
"2023-07-14","2","4912"
"2023-07-14","3","4694"
"2023-07-14","4","5707"
"2023-07-14","5","4516"
"2023-07-14","6","2602"
"2023-07-14","7","4004"
"2023-07-14","8","2871"
"2023-07-14","9","4985"
"2023-07-14","10","7245"
"2023-07-18","1","1375"
"2023-07-18","2","4912"
"2023-07-18","3","4694"
"2023-07-18","4","4516"
"2023-07-18","5","5707"
"2023-07-18","6","4985"
"2023-07-18","7","2602"
"2023-07-18","8","4004"
"2023-07-18","9","2871"
"2023-07-18","10","8566"
"2023-07-19","1","1375"
"2023-07-19","2","4912"
"2023-07-19","3","5707"
"2023-07-19","4","4694"
"2023-07-19","5","4516"
"2023-07-19","6","4004"
"2023-07-19","7","2602"
"2023-07-19","8","2871"
"2023-07-19","9","4985"
"2023-07-19","10","8566"
"2023-07-20","1","1375"
"2023-07-20","2","4912"
"2023-07-20","3","5707"
"2023-07-20","4","4694"
"2023-07-20","5","4516"
"2023-07-20","6","4004"
"2023-07-20","7","4985"
"2023-07-20","8","2602"
"2023-07-20","9","2871"
"2023-07-20","10","4812"
"2023-07-21","1","1375"
"2023-07-21","2","4912"
"2023-07-21","3","5707"
"2023-07-21","4","4694"
"2023-07-21","5","4004"
"2023-07-21","6","4516"
"2023-07-21","7","4985"
"2023-07-21","8","4812"
"2023-07-21","9","2602"
"2023-07-21","10","2871"
"2023-07-24","1","1375"
"2023-07-24","2","4912"
"2023-07-24","3","4004"
"2023-07-24","4","5707"
"2023-07-24","5","4985"
"2023-07-24","6","4694"
"2023-07-24","7","4516"
"2023-07-24","8","2602"
"2023-07-24","9","2871"
"2023-07-24","10","4023"
"2023-07-25","1","1375"
"2023-07-25","2","4912"
"2023-07-25","3","5707"
"2023-07-25","4","4985"
"2023-07-25","5","4694"
"2023-07-25","6","4004"
"2023-07-25","7","2602"
"2023-07-25","8","2871"
"2023-07-25","9","5991"
"2023-07-25","10","7246"
"2023-07-26","1","1375"
"2023-07-26","2","4912"
"2023-07-26","3","5707"
"2023-07-26","4","4985"
"2023-07-26","5","4004"
"2023-07-26","6","4694"
"2023-07-26","7","2602"
"2023-07-26","8","2871"
"2023-07-26","9","7246"
"2023-07-26","10","7970"
"2023-07-27","1","1375"
"2023-07-27","2","4912"
"2023-07-27","3","5707"
"2023-07-27","4","4985"
"2023-07-27","5","4694"
"2023-07-27","6","2602"
"2023-07-27","7","4004"
"2023-07-27","8","2871"
"2023-07-27","9","7246"
"2023-07-27","10","5991"
"2023-07-28","1","1375"
"2023-07-28","2","4912"
"2023-07-28","3","4985"
"2023-07-28","4","5707"
"2023-07-28","5","2602"
"2023-07-28","6","4004"
"2023-07-28","7","4694"
"2023-07-28","8","1377"
"2023-07-28","9","7246"
"2023-07-28","10","2871"
"2023-07-31","1","1375"
"2023-07-31","2","4912"
"2023-07-31","3","2602"
"2023-07-31","4","5707"
"2023-07-31","5","4004"
"2023-07-31","6","4985"
"2023-07-31","7","4694"
"2023-07-31","8","4516"
"2023-07-31","9","1377"
"2023-07-31","10","7246"
"2023-08-01","1","1375"
"2023-08-01","2","4912"
"2023-08-01","3","2602"
"2023-08-01","4","4694"
"2023-08-01","5","4985"
"2023-08-01","6","5707"
"2023-08-01","7","4004"
"2023-08-01","8","4516"
"2023-08-01","9","7483"
"2023-08-01","10","7246"
"2023-08-02","1","1375"
"2023-08-02","2","4912"
"2023-08-02","3","5707"
"2023-08-02","4","2602"
"2023-08-02","5","4985"
"2023-08-02","6","4004"
"2023-08-02","7","4694"
"2023-08-02","8","7483"
"2023-08-02","9","4516"
"2023-08-02","10","7246"
"2023-08-03","1","1375"
"2023-08-03","2","4912"
"2023-08-03","3","4985"
"2023-08-03","4","5707"
"2023-08-03","5","2602"
"2023-08-03","6","4004"
"2023-08-03","7","4694"
"2023-08-03","8","4768"
"2023-08-03","9","1377"
"2023-08-03","10","9412"
"2023-08-04","1","1375"
"2023-08-04","2","4912"
"2023-08-04","3","4985"
"2023-08-04","4","5707"
"2023-08-04","5","2602"
"2023-08-04","6","4004"
"2023-08-04","7","4768"
"2023-08-04","8","1377"
"2023-08-04","9","4694"
"2023-08-04","10","4516"
"2023-08-07","1","4912"
"2023-08-07","2","2602"
"2023-08-07","3","4985"
"2023-08-07","4","5707"
"2023-08-07","5","4004"
"2023-08-07","6","4768"
"2023-08-07","7","1377"
"2023-08-07","8","4694"
"2023-08-07","9","8584"
"2023-08-07","10","4516"
"2023-08-08","1","4912"
"2023-08-08","2","2602"
"2023-08-08","3","5707"
"2023-08-08","4","4004"
"2023-08-08","5","4985"
"2023-08-08","6","4694"
"2023-08-08","7","8584"
"2023-08-08","8","1377"
"2023-08-08","9","5991"
"2023-08-08","10","4768"
"2023-08-09","1","4912"
"2023-08-09","2","4004"
"2023-08-09","3","5707"
"2023-08-09","4","2602"
"2023-08-09","5","4694"
"2023-08-09","6","4768"
"2023-08-09","7","4985"
"2023-08-09","8","8584"
"2023-08-09","9","1377"
"2023-08-09","10","9412"
"2023-08-10","1","4912"
"2023-08-10","2","5707"
"2023-08-10","3","2602"
"2023-08-10","4","4004"
"2023-08-10","5","4694"
"2023-08-10","6","4768"
"2023-08-10","7","4985"
"2023-08-10","8","1377"
"2023-08-10","9","7483"
"2023-08-10","10","7246"
"2023-08-14","1","2602"
"2023-08-14","2","4912"
"2023-08-14","3","4004"
"2023-08-14","4","5707"
"2023-08-14","5","7246"
"2023-08-14","6","4694"
"2023-08-14","7","9412"
"2023-08-14","8","1377"
"2023-08-14","9","4985"
"2023-08-14","10","7483"
"2023-08-15","1","7269"
"2023-08-15","2","4912"
"2023-08-15","3","4004"
"2023-08-15","4","5707"
"2023-08-15","5","2602"
"2023-08-15","6","7246"
"2023-08-15","7","1377"
"2023-08-15","8","5991"
"2023-08-15","9","9412"
"2023-08-15","10","4694"
"2023-08-16","1","7269"
"2023-08-16","2","4004"
"2023-08-16","3","4985"
"2023-08-16","4","5707"
"2023-08-16","5","2602"
"2023-08-16","6","9412"
"2023-08-16","7","4912"
"2023-08-16","8","7246"
"2023-08-16","9","5991"
"2023-08-16","10","1377"
"2023-08-17","1","7269"
"2023-08-17","2","4912"
"2023-08-17","3","4985"
"2023-08-17","4","4004"
"2023-08-17","5","5707"
"2023-08-17","6","5991"
"2023-08-17","7","9412"
"2023-08-17","8","7246"
"2023-08-17","9","2602"
"2023-08-17","10","1377"
"2023-08-18","1","1375"
"2023-08-18","2","7269"
"2023-08-18","3","4912"
"2023-08-18","4","4985"
"2023-08-18","5","2602"
"2023-08-18","6","5991"
"2023-08-18","7","7246"
"2023-08-18","8","4004"
"2023-08-18","9","5707"
"2023-08-18","10","9412"
"2023-08-21","1","7269"
"2023-08-21","2","1375"
"2023-08-21","3","4912"
"2023-08-21","4","4985"
"2023-08-21","5","7246"
"2023-08-21","6","9412"
"2023-08-21","7","5991"
"2023-08-21","8","2602"
"2023-08-21","9","4004"
"2023-08-21","10","5707"
"2023-08-22","1","2931"
"2023-08-22","2","7269"
"2023-08-22","3","1375"
"2023-08-22","4","4985"
"2023-08-22","5","7246"
"2023-08-22","6","4912"
"2023-08-22","7","5991"
"2023-08-22","8","2602"
"2023-08-22","9","4004"
"2023-08-22","10","9412"
"2023-08-23","1","7269"
"2023-08-23","2","4985"
"2023-08-23","3","4912"
"2023-08-23","4","7246"
"2023-08-23","5","2602"
"2023-08-23","6","4471"
"2023-08-23","7","5991"
"2023-08-23","8","9412"
"2023-08-23","9","4004"
"2023-08-23","10","4768"
"2023-08-24","1","7269"
"2023-08-24","2","7246"
"2023-08-24","3","4985"
"2023-08-24","4","4912"
"2023-08-24","5","2602"
"2023-08-24","6","5991"
"2023-08-24","7","5707"
"2023-08-24","8","4471"
"2023-08-24","9","9412"
"2023-08-24","10","1766"
"2023-08-25","1","7269"
"2023-08-25","2","4985"
"2023-08-25","3","4912"
"2023-08-25","4","7246"
"2023-08-25","5","2602"
"2023-08-25","6","5991"
"2023-08-25","7","1766"
"2023-08-25","8","9412"
"2023-08-25","9","4471"
"2023-08-25","10","5707"
"2023-08-28","1","2931"
"2023-08-28","2","7269"
"2023-08-28","3","4985"
"2023-08-28","4","7246"
"2023-08-28","5","4912"
"2023-08-28","6","5991"
"2023-08-28","7","2602"
"2023-08-28","8","5707"
"2023-08-28","9","4471"
"2023-08-28","10","4004"
"2023-08-29","1","2931"
"2023-08-29","2","7269"
"2023-08-29","3","4985"
"2023-08-29","4","7246"
"2023-08-29","5","4004"
"2023-08-29","6","5707"
"2023-08-29","7","5991"
"2023-08-29","8","4912"
"2023-08-29","9","4471"
"2023-08-29","10","2602"
"2023-08-30","1","2931"
"2023-08-30","2","7269"
"2023-08-30","3","5707"
"2023-08-30","4","4985"
"2023-08-30","5","7246"
"2023-08-30","6","4004"
"2023-08-30","7","4471"
"2023-08-30","8","5991"
"2023-08-30","9","5805"
"2023-08-30","10","4912"
"2023-08-31","1","2931"
"2023-08-31","2","7269"
"2023-08-31","3","5707"
"2023-08-31","4","7246"
"2023-08-31","5","4985"
"2023-08-31","6","4471"
"2023-08-31","7","4004"
"2023-08-31","8","5991"
"2023-08-31","9","2602"
"2023-08-31","10","4768"
"2023-09-01","1","1939"
"2023-09-01","2","2931"
"2023-09-01","3","7269"
"2023-09-01","4","7246"
"2023-09-01","5","4985"
"2023-09-01","6","5707"
"2023-09-01","7","4471"
"2023-09-01","8","2602"
"2023-09-01","9","4004"
"2023-09-01","10","5991"
"2023-09-04","1","1939"
"2023-09-04","2","7269"
"2023-09-04","3","4985"
"2023-09-04","4","7246"
"2023-09-04","5","5707"
"2023-09-04","6","2602"
"2023-09-04","7","4471"
"2023-09-04","8","5991"
"2023-09-04","9","4189"
"2023-09-04","10","4004"
"2023-09-05","1","1939"
"2023-09-05","2","2931"
"2023-09-05","3","7269"
"2023-09-05","4","4985"
"2023-09-05","5","7246"
"2023-09-05","6","5707"
"2023-09-05","7","9381"
"2023-09-05","8","4471"
"2023-09-05","9","2602"
"2023-09-05","10","4189"
"2023-09-06","1","1939"
"2023-09-06","2","7269"
"2023-09-06","3","7246"
"2023-09-06","4","4985"
"2023-09-06","5","4189"
"2023-09-06","6","9381"
"2023-09-06","7","5707"
"2023-09-06","8","4471"
"2023-09-06","9","5991"
"2023-09-06","10","2602"
"2023-09-07","1","1939"
"2023-09-07","2","2931"
"2023-09-07","3","7269"
"2023-09-07","4","7246"
"2023-09-07","5","5707"
"2023-09-07","6","4985"
"2023-09-07","7","4471"
"2023-09-07","8","9381"
"2023-09-07","9","4189"
"2023-09-07","10","9412"
"2023-09-08","1","1939"
"2023-09-08","2","2931"
"2023-09-08","3","7269"
"2023-09-08","4","5707"
"2023-09-08","5","7246"
"2023-09-08","6","4985"
"2023-09-08","7","4471"
"2023-09-08","8","5991"
"2023-09-08","9","4189"
"2023-09-08","10","4004"
"2023-09-11","1","1939"
"2023-09-11","2","2931"
"2023-09-11","3","7269"
"2023-09-11","4","5707"
"2023-09-11","5","7246"
"2023-09-11","6","4985"
"2023-09-11","7","4471"
"2023-09-11","8","5991"
"2023-09-11","9","4189"
"2023-09-11","10","4004"
"2023-09-12","1","1939"
"2023-09-12","2","2931"
"2023-09-12","3","7269"
"2023-09-12","4","5707"
"2023-09-12","5","7246"
"2023-09-12","6","4985"
"2023-09-12","7","4471"
"2023-09-12","8","5991"
"2023-09-12","9","4189"
"2023-09-12","10","8595"
"2023-09-13","1","1939"
"2023-09-13","2","7269"
"2023-09-13","3","2931"
"2023-09-13","4","7246"
"2023-09-13","5","5707"
"2023-09-13","6","5991"
"2023-09-13","7","4985"
"2023-09-13","8","4471"
"2023-09-13","9","4004"
"2023-09-13","10","1766"
"2023-09-14","1","1939"
"2023-09-14","2","7269"
"2023-09-14","3","2931"
"2023-09-14","4","7246"
"2023-09-14","5","5707"
"2023-09-14","6","5991"
"2023-09-14","7","4471"
"2023-09-14","8","4985"
"2023-09-14","9","1766"
"2023-09-14","10","4004"
"2023-09-15","1","1939"
"2023-09-15","2","2931"
"2023-09-15","3","7269"
"2023-09-15","4","7246"
"2023-09-15","5","5707"
"2023-09-15","6","4985"
"2023-09-15","7","4471"
"2023-09-15","8","5991"
"2023-09-15","9","4004"
"2023-09-15","10","1766"
"2023-09-19","1","1939"
"2023-09-19","2","2931"
"2023-09-19","3","7269"
"2023-09-19","4","7246"
"2023-09-19","5","5707"
"2023-09-19","6","4985"
"2023-09-19","7","4471"
"2023-09-19","8","4004"
"2023-09-19","9","5991"
"2023-09-19","10","1766"
"2023-09-20","1","1939"
"2023-09-20","2","2931"
"2023-09-20","3","7246"
"2023-09-20","4","7269"
"2023-09-20","5","5707"
"2023-09-20","6","4471"
"2023-09-20","7","4985"
"2023-09-20","8","4004"
"2023-09-20","9","5991"
"2023-09-20","10","9412"
"2023-09-21","1","1939"
"2023-09-21","2","2931"
"2023-09-21","3","7246"
"2023-09-21","4","5707"
"2023-09-21","5","7269"
"2023-09-21","6","4004"
"2023-09-21","7","4471"
"2023-09-21","8","4985"
"2023-09-21","9","5991"
"2023-09-21","10","9412"
"2023-09-22","1","1939"
"2023-09-22","2","7246"
"2023-09-22","3","2931"
"2023-09-22","4","7269"
"2023-09-22","5","5707"
"2023-09-22","6","4004"
"2023-09-22","7","4471"
"2023-09-22","8","4985"
"2023-09-22","9","4912"
"2023-09-22","10","5991"
"2023-09-25","1","1939"
"2023-09-25","2","7246"
"2023-09-25","3","2931"
"2023-09-25","4","7269"
"2023-09-25","5","5707"
"2023-09-25","6","4004"
"2023-09-25","7","4471"
"2023-09-25","8","5991"
"2023-09-25","9","4985"
"2023-09-25","10","9412"
"2023-09-26","1","1939"
"2023-09-26","2","7269"
"2023-09-26","3","5707"
"2023-09-26","4","7246"
"2023-09-26","5","2931"
"2023-09-26","6","4004"
"2023-09-26","7","4471"
"2023-09-26","8","4985"
"2023-09-26","9","5991"
"2023-09-26","10","4912"
"2023-09-27","1","1939"
"2023-09-27","2","5707"
"2023-09-27","3","4004"
"2023-09-27","4","7246"
"2023-09-27","5","2931"
"2023-09-27","6","7269"
"2023-09-27","7","4471"
"2023-09-27","8","4985"
"2023-09-27","9","7466"
"2023-09-27","10","5991"
"2023-09-28","1","1939"
"2023-09-28","2","5707"
"2023-09-28","3","7269"
"2023-09-28","4","4004"
"2023-09-28","5","7246"
"2023-09-28","6","2931"
"2023-09-28","7","4471"
"2023-09-28","8","4985"
"2023-09-28","9","7466"
"2023-09-28","10","5991"
"2023-09-29","1","1939"
"2023-09-29","2","5707"
"2023-09-29","3","7269"
"2023-09-29","4","7246"
"2023-09-29","5","4004"
"2023-09-29","6","5805"
"2023-09-29","7","2931"
"2023-09-29","8","4985"
"2023-09-29","9","4471"
"2023-09-29","10","5991"
"2023-10-02","1","1939"
"2023-10-02","2","5707"
"2023-10-02","3","7269"
"2023-10-02","4","7246"
"2023-10-02","5","2931"
"2023-10-02","6","4004"
"2023-10-02","7","5805"
"2023-10-02","8","6454"
"2023-10-02","9","4985"
"2023-10-02","10","4471"
"2023-10-03","1","1939"
"2023-10-03","2","7269"
"2023-10-03","3","7246"
"2023-10-03","4","5707"
"2023-10-03","5","4004"
"2023-10-03","6","6454"
"2023-10-03","7","4189"
"2023-10-03","8","4471"
"2023-10-03","9","4985"
"2023-10-03","10","5991"
"2023-10-04","1","1939"
"2023-10-04","2","7269"
"2023-10-04","3","7246"
"2023-10-04","4","2593"
"2023-10-04","5","5707"
"2023-10-04","6","4004"
"2023-10-04","7","4471"
"2023-10-04","8","4189"
"2023-10-04","9","6454"
"2023-10-04","10","4985"
"2023-10-05","1","1939"
"2023-10-05","2","7269"
"2023-10-05","3","7246"
"2023-10-05","4","2593"
"2023-10-05","5","6454"
"2023-10-05","6","4189"
"2023-10-05","7","4471"
"2023-10-05","8","3036"
"2023-10-05","9","4004"
"2023-10-05","10","4985"
"2023-10-06","1","1939"
"2023-10-06","2","7269"
"2023-10-06","3","7246"
"2023-10-06","4","4189"
"2023-10-06","5","6454"
"2023-10-06","6","2931"
"2023-10-06","7","2593"
"2023-10-06","8","5707"
"2023-10-06","9","4471"
"2023-10-06","10","4004"
"2023-10-10","1","1939"
"2023-10-10","2","7269"
"2023-10-10","3","7246"
"2023-10-10","4","6454"
"2023-10-10","5","2593"
"2023-10-10","6","4189"
"2023-10-10","7","3036"
"2023-10-10","8","8098"
"2023-10-10","9","4004"
"2023-10-10","10","4985"
"2023-10-11","1","1939"
"2023-10-11","2","7269"
"2023-10-11","3","6454"
"2023-10-11","4","7246"
"2023-10-11","5","4189"
"2023-10-11","6","8098"
"2023-10-11","7","2593"
"2023-10-11","8","3036"
"2023-10-11","9","4004"
"2023-10-11","10","4471"
"2023-10-12","1","1939"
"2023-10-12","2","7269"
"2023-10-12","3","6454"
"2023-10-12","4","7246"
"2023-10-12","5","4189"
"2023-10-12","6","8098"
"2023-10-12","7","2593"
"2023-10-12","8","3036"
"2023-10-12","9","4004"
"2023-10-12","10","7701"
"2023-10-13","1","1939"
"2023-10-13","2","7269"
"2023-10-13","3","4189"
"2023-10-13","4","6454"
"2023-10-13","5","7246"
"2023-10-13","6","3036"
"2023-10-13","7","8098"
"2023-10-13","8","2593"
"2023-10-13","9","4004"
"2023-10-13","10","2931"
"2023-10-16","1","1939"
"2023-10-16","2","7269"
"2023-10-16","3","4189"
"2023-10-16","4","6454"
"2023-10-16","5","2593"
"2023-10-16","6","7246"
"2023-10-16","7","3036"
"2023-10-16","8","7701"
"2023-10-16","9","8098"
"2023-10-16","10","9031"
"2023-10-17","1","7269"
"2023-10-17","2","4189"
"2023-10-17","3","6454"
"2023-10-17","4","7246"
"2023-10-17","5","3036"
"2023-10-17","6","2593"
"2023-10-17","7","7701"
"2023-10-17","8","8098"
"2023-10-17","9","9031"
"2023-10-17","10","4661"
"2023-10-18","1","7269"
"2023-10-18","2","6454"
"2023-10-18","3","4189"
"2023-10-18","4","7246"
"2023-10-18","5","3036"
"2023-10-18","6","2931"
"2023-10-18","7","7701"
"2023-10-18","8","8098"
"2023-10-18","9","2593"
"2023-10-18","10","4004"
"2023-10-19","1","7269"
"2023-10-19","2","6454"
"2023-10-19","3","7246"
"2023-10-19","4","4189"
"2023-10-19","5","3036"
"2023-10-19","6","2931"
"2023-10-19","7","8098"
"2023-10-19","8","2153"
"2023-10-19","9","7701"
"2023-10-19","10","9663"
"2023-10-20","1","7269"
"2023-10-20","2","6454"
"2023-10-20","3","7246"
"2023-10-20","4","4189"
"2023-10-20","5","7701"
"2023-10-20","6","2153"
"2023-10-20","7","2931"
"2023-10-20","8","8098"
"2023-10-20","9","6841"
"2023-10-20","10","4004"
"2023-10-23","1","7269"
"2023-10-23","2","6454"
"2023-10-23","3","7246"
"2023-10-23","4","4189"
"2023-10-23","5","2931"
"2023-10-23","6","2153"
"2023-10-23","7","8098"
"2023-10-23","8","7701"
"2023-10-23","9","6841"
"2023-10-23","10","4471"
"2023-10-24","1","7269"
"2023-10-24","2","6454"
"2023-10-24","3","7246"
"2023-10-24","4","4189"
"2023-10-24","5","3036"
"2023-10-24","6","2153"
"2023-10-24","7","6841"
"2023-10-24","8","7701"
"2023-10-24","9","2931"
"2023-10-24","10","8098"
"2023-10-25","1","7269"
"2023-10-25","2","6454"
"2023-10-25","3","7246"
"2023-10-25","4","4189"
"2023-10-25","5","2153"
"2023-10-25","6","3036"
"2023-10-25","7","8098"
"2023-10-25","8","7701"
"2023-10-25","9","6841"
"2023-10-25","10","2931"
"2023-10-26","1","7269"
"2023-10-26","2","6454"
"2023-10-26","3","7246"
"2023-10-26","4","4189"
"2023-10-26","5","2153"
"2023-10-26","6","9716"
"2023-10-26","7","8098"
"2023-10-26","8","4471"
"2023-10-26","9","7701"
"2023-10-26","10","4004"
"2023-10-27","1","7269"
"2023-10-27","2","6454"
"2023-10-27","3","7246"
"2023-10-27","4","9716"
"2023-10-27","5","2153"
"2023-10-27","6","4189"
"2023-10-27","7","8098"
"2023-10-27","8","7701"
"2023-10-27","9","2931"
"2023-10-27","10","4004"
"2023-10-30","1","7269"
"2023-10-30","2","6454"
"2023-10-30","3","9663"
"2023-10-30","4","7246"
"2023-10-30","5","9716"
"2023-10-30","6","2153"
"2023-10-30","7","8098"
"2023-10-30","8","4189"
"2023-10-30","9","2931"
"2023-10-30","10","7701"
"2023-10-31","1","7269"
"2023-10-31","2","6454"
"2023-10-31","3","9663"
"2023-10-31","4","7246"
"2023-10-31","5","2153"
"2023-10-31","6","8098"
"2023-10-31","7","4189"
"2023-10-31","8","9716"
"2023-10-31","9","7701"
"2023-10-31","10","4471"
"2023-11-01","1","7269"
"2023-11-01","2","9663"
"2023-11-01","3","6454"
"2023-11-01","4","7246"
"2023-11-01","5","7701"
"2023-11-01","6","2153"
"2023-11-01","7","8098"
"2023-11-01","8","4189"
"2023-11-01","9","9716"
"2023-11-01","10","4004"
"2023-11-02","1","7269"
"2023-11-02","2","9663"
"2023-11-02","3","7246"
"2023-11-02","4","6454"
"2023-11-02","5","7701"
"2023-11-02","6","4189"
"2023-11-02","7","2153"
"2023-11-02","8","8098"
"2023-11-02","9","9716"
"2023-11-02","10","6841"
"2023-11-06","1","7269"
"2023-11-06","2","8595"
"2023-11-06","3","9663"
"2023-11-06","4","7246"
"2023-11-06","5","7701"
"2023-11-06","6","7296"
"2023-11-06","7","6454"
"2023-11-06","8","2153"
"2023-11-06","9","4189"
"2023-11-06","10","8098"
"2023-11-07","1","7269"
"2023-11-07","2","8595"
"2023-11-07","3","7246"
"2023-11-07","4","9663"
"2023-11-07","5","7701"
"2023-11-07","6","2153"
"2023-11-07","7","7296"
"2023-11-07","8","8098"
"2023-11-07","9","6841"
"2023-11-07","10","9716"
"2023-11-08","1","7269"
"2023-11-08","2","8595"
"2023-11-08","3","7701"
"2023-11-08","4","7246"
"2023-11-08","5","9663"
"2023-11-08","6","7296"
"2023-11-08","7","2153"
"2023-11-08","8","8098"
"2023-11-08","9","9716"
"2023-11-08","10","6440"
"2023-11-09","1","7269"
"2023-11-09","2","8595"
"2023-11-09","3","7701"
"2023-11-09","4","7246"
"2023-11-09","5","7296"
"2023-11-09","6","9663"
"2023-11-09","7","2153"
"2023-11-09","8","9716"
"2023-11-09","9","8098"
"2023-11-09","10","3036"
"2023-11-10","1","7269"
"2023-11-10","2","8595"
"2023-11-10","3","7701"
"2023-11-10","4","7246"
"2023-11-10","5","9663"
"2023-11-10","6","2153"
"2023-11-10","7","9716"
"2023-11-10","8","7296"
"2023-11-10","9","3036"
"2023-11-10","10","8081"
"2023-11-13","1","7269"
"2023-11-13","2","8595"
"2023-11-13","3","7004"
"2023-11-13","4","7701"
"2023-11-13","5","7246"
"2023-11-13","6","9663"
"2023-11-13","7","2153"
"2023-11-13","8","9716"
"2023-11-13","9","3569"
"2023-11-13","10","8081"
"2023-11-14","1","7269"
"2023-11-14","2","8595"
"2023-11-14","3","7004"
"2023-11-14","4","7701"
"2023-11-14","5","7246"
"2023-11-14","6","9663"
"2023-11-14","7","3569"
"2023-11-14","8","7296"
"2023-11-14","9","9716"
"2023-11-14","10","2153"
"2023-11-15","1","7269"
"2023-11-15","2","8595"
"2023-11-15","3","7004"
"2023-11-15","4","3569"
"2023-11-15","5","7246"
"2023-11-15","6","7701"
"2023-11-15","7","9663"
"2023-11-15","8","7296"
"2023-11-15","9","9716"
"2023-11-15","10","2153"
"2023-11-16","1","7269"
"2023-11-16","2","8595"
"2023-11-16","3","7004"
"2023-11-16","4","9663"
"2023-11-16","5","7701"
"2023-11-16","6","7246"
"2023-11-16","7","3569"
"2023-11-16","8","9716"
"2023-11-16","9","7296"
"2023-11-16","10","8098"
"2023-11-17","1","7269"
"2023-11-17","2","8595"
"2023-11-17","3","9663"
"2023-11-17","4","7004"
"2023-11-17","5","7701"
"2023-11-17","6","3569"
"2023-11-17","7","7246"
"2023-11-17","8","9716"
"2023-11-17","9","8098"
"2023-11-17","10","4684"
"2023-11-20","1","7269"
"2023-11-20","2","7701"
"2023-11-20","3","7004"
"2023-11-20","4","3569"
"2023-11-20","5","9663"
"2023-11-20","6","7246"
"2023-11-20","7","9716"
"2023-11-20","8","7296"
"2023-11-20","9","8098"
"2023-11-20","10","6674"
"2023-11-21","1","7269"
"2023-11-21","2","3569"
"2023-11-21","3","9663"
"2023-11-21","4","7004"
"2023-11-21","5","7246"
"2023-11-21","6","6480"
"2023-11-21","7","7701"
"2023-11-21","8","9716"
"2023-11-21","9","8098"
"2023-11-21","10","7296"
"2023-11-22","1","7269"
"2023-11-22","2","9663"
"2023-11-22","3","3569"
"2023-11-22","4","7004"
"2023-11-22","5","7246"
"2023-11-22","6","7701"
"2023-11-22","7","9716"
"2023-11-22","8","8098"
"2023-11-22","9","7296"
"2023-11-22","10","6480"
"2023-11-24","1","7269"
"2023-11-24","2","9663"
"2023-11-24","3","3569"
"2023-11-24","4","7246"
"2023-11-24","5","7701"
"2023-11-24","6","7004"
"2023-11-24","7","9716"
"2023-11-24","8","8098"
"2023-11-24","9","7296"
"2023-11-24","10","6465"
"2023-11-27","1","7269"
"2023-11-27","2","9663"
"2023-11-27","3","3569"
"2023-11-27","4","9716"
"2023-11-27","5","7246"
"2023-11-27","6","7004"
"2023-11-27","7","7701"
"2023-11-27","8","8098"
"2023-11-27","9","7296"
"2023-11-27","10","4684"
"2023-11-28","1","8595"
"2023-11-28","2","7269"
"2023-11-28","3","7004"
"2023-11-28","4","9663"
"2023-11-28","5","7246"
"2023-11-28","6","9716"
"2023-11-28","7","3569"
"2023-11-28","8","7701"
"2023-11-28","9","2153"
"2023-11-28","10","8098"
"2023-11-29","1","8595"
"2023-11-29","2","7269"
"2023-11-29","3","7246"
"2023-11-29","4","7004"
"2023-11-29","5","2153"
"2023-11-29","6","3569"
"2023-11-29","7","7701"
"2023-11-29","8","8098"
"2023-11-29","9","9716"
"2023-11-29","10","7296"
"2023-11-30","1","8595"
"2023-11-30","2","7269"
"2023-11-30","3","7246"
"2023-11-30","4","3569"
"2023-11-30","5","7004"
"2023-11-30","6","2153"
"2023-11-30","7","7701"
"2023-11-30","8","9716"
"2023-11-30","9","8098"
"2023-11-30","10","7296"
"2023-12-01","1","7269"
"2023-12-01","2","8595"
"2023-12-01","3","3569"
"2023-12-01","4","7246"
"2023-12-01","5","7004"
"2023-12-01","6","2153"
"2023-12-01","7","7701"
"2023-12-01","8","9716"
"2023-12-01","9","8098"
"2023-12-01","10","2931"
"2023-12-04","1","7269"
"2023-12-04","2","8595"
"2023-12-04","3","7246"
"2023-12-04","4","3569"
"2023-12-04","5","7004"
"2023-12-04","6","7701"
"2023-12-04","7","2153"
"2023-12-04","8","9716"
"2023-12-04","9","6440"
"2023-12-04","10","7296"
"2023-12-05","1","7269"
"2023-12-05","2","8595"
"2023-12-05","3","7246"
"2023-12-05","4","3569"
"2023-12-05","5","7701"
"2023-12-05","6","7004"
"2023-12-05","7","2153"
"2023-12-05","8","9716"
"2023-12-05","9","7296"
"2023-12-05","10","2931"
"2023-12-06","1","7269"
"2023-12-06","2","8595"
"2023-12-06","3","7246"
"2023-12-06","4","3569"
"2023-12-06","5","7701"
"2023-12-06","6","7004"
"2023-12-06","7","2153"
"2023-12-06","8","7296"
"2023-12-06","9","6440"
"2023-12-06","10","8098"
"2023-12-07","1","7269"
"2023-12-07","2","8595"
"2023-12-07","3","7246"
"2023-12-07","4","7701"
"2023-12-07","5","7004"
"2023-12-07","6","3569"
"2023-12-07","7","2153"
"2023-12-07","8","6440"
"2023-12-07","9","7296"
"2023-12-07","10","9716"
"2023-12-08","1","8595"
"2023-12-08","2","7269"
"2023-12-08","3","3569"
"2023-12-08","4","7246"
"2023-12-08","5","7004"
"2023-12-08","6","7701"
"2023-12-08","7","2153"
"2023-12-08","8","8098"
"2023-12-08","9","7296"
"2023-12-08","10","6440"
"2023-12-11","1","8595"
"2023-12-11","2","7269"
"2023-12-11","3","3569"
"2023-12-11","4","7246"
"2023-12-11","5","7004"
"2023-12-11","6","7701"
"2023-12-11","7","8098"
"2023-12-11","8","2153"
"2023-12-11","9","6440"
"2023-12-11","10","7296"
"2023-12-12","1","7269"
"2023-12-12","2","8595"
"2023-12-12","3","3569"
"2023-12-12","4","7246"
"2023-12-12","5","7004"
"2023-12-12","6","7701"
"2023-12-12","7","8098"
"2023-12-12","8","2153"
"2023-12-12","9","2931"
"2023-12-12","10","6440"
"2023-12-13","1","8595"
"2023-12-13","2","7269"
"2023-12-13","3","3569"
"2023-12-13","4","7246"
"2023-12-13","5","7701"
"2023-12-13","6","8098"
"2023-12-13","7","2931"
"2023-12-13","8","7004"
"2023-12-13","9","6440"
"2023-12-13","10","2153"
"2023-12-14","1","8595"
"2023-12-14","2","7269"
"2023-12-14","3","3569"
"2023-12-14","4","7246"
"2023-12-14","5","7701"
"2023-12-14","6","8098"
"2023-12-14","7","7004"
"2023-12-14","8","2931"
"2023-12-14","9","6440"
"2023-12-14","10","2153"
"2023-12-15","1","8595"
"2023-12-15","2","7269"
"2023-12-15","3","3569"
"2023-12-15","4","7246"
"2023-12-15","5","7701"
"2023-12-15","6","7004"
"2023-12-15","7","6440"
"2023-12-15","8","8098"
"2023-12-15","9","2931"
"2023-12-15","10","2153"
"2023-12-18","1","8595"
"2023-12-18","2","7269"
"2023-12-18","3","7701"
"2023-12-18","4","3569"
"2023-12-18","5","7246"
"2023-12-18","6","8771"
"2023-12-18","7","2153"
"2023-12-18","8","8098"
"2023-12-18","9","6440"
"2023-12-18","10","2931"
"2023-12-19","1","8595"
"2023-12-19","2","7269"
"2023-12-19","3","3569"
"2023-12-19","4","7246"
"2023-12-19","5","7701"
"2023-12-19","6","2153"
"2023-12-19","7","8098"
"2023-12-19","8","8771"
"2023-12-19","9","3076"
"2023-12-19","10","6440"
"2023-12-20","1","8595"
"2023-12-20","2","7269"
"2023-12-20","3","3569"
"2023-12-20","4","7246"
"2023-12-20","5","8771"
"2023-12-20","6","2153"
"2023-12-20","7","2931"
"2023-12-20","8","7701"
"2023-12-20","9","3076"
"2023-12-20","10","6440"
"2023-12-21","1","8595"
"2023-12-21","2","7269"
"2023-12-21","3","6768"
"2023-12-21","4","3569"
"2023-12-21","5","6440"
"2023-12-21","6","2153"
"2023-12-21","7","8771"
"2023-12-21","8","7246"
"2023-12-21","9","7701"
"2023-12-21","10","8098"
"2023-12-22","1","8595"
"2023-12-22","2","7269"
"2023-12-22","3","6768"
"2023-12-22","4","3569"
"2023-12-22","5","6440"
"2023-12-22","6","7246"
"2023-12-22","7","7701"
"2023-12-22","8","2931"
"2023-12-22","9","8098"
"2023-12-22","10","5332"
"2023-12-25","1","8595"
"2023-12-25","2","7269"
"2023-12-25","3","3569"
"2023-12-25","4","6768"
"2023-12-25","5","7246"
"2023-12-25","6","6440"
"2023-12-25","7","2931"
"2023-12-25","8","8098"
"2023-12-25","9","7701"
"2023-12-25","10","5332"
"2023-12-26","1","8595"
"2023-12-26","2","7269"
"2023-12-26","3","4044"
"2023-12-26","4","2931"
"2023-12-26","5","6768"
"2023-12-26","6","3569"
"2023-12-26","7","6440"
"2023-12-26","8","7246"
"2023-12-26","9","8098"
"2023-12-26","10","7701"
"2023-12-27","1","8595"
"2023-12-27","2","7269"
"2023-12-27","3","3569"
"2023-12-27","4","6768"
"2023-12-27","5","7246"
"2023-12-27","6","2931"
"2023-12-27","7","4044"
"2023-12-27","8","8098"
"2023-12-27","9","7701"
"2023-12-27","10","6440"
"2023-12-28","1","7269"
"2023-12-28","2","8595"
"2023-12-28","3","3569"
"2023-12-28","4","7701"
"2023-12-28","5","7246"
"2023-12-28","6","8098"
"2023-12-28","7","4044"
"2023-12-28","8","2931"
"2023-12-28","9","5332"
"2023-12-28","10","6440"
"2023-12-29","1","8595"
"2023-12-29","2","7269"
"2023-12-29","3","7701"
"2023-12-29","4","3569"
"2023-12-29","5","8098"
"2023-12-29","6","7246"
"2023-12-29","7","2931"
"2023-12-29","8","5332"
"2023-12-29","9","6440"
"2023-12-29","10","7004"
"2024-01-04","1","8595"
"2024-01-04","2","7269"
"2024-01-04","3","1939"
"2024-01-04","4","8098"
"2024-01-04","5","2931"
"2024-01-04","6","7701"
"2024-01-04","7","7246"
"2024-01-04","8","3569"
"2024-01-04","9","6440"
"2024-01-04","10","3076"
"2024-01-05","1","8595"
"2024-01-05","2","1939"
"2024-01-05","3","7269"
"2024-01-05","4","2931"
"2024-01-05","5","7701"
"2024-01-05","6","7246"
"2024-01-05","7","8098"
"2024-01-05","8","3569"
"2024-01-05","9","5332"
"2024-01-05","10","6440"
"2024-01-09","1","8595"
"2024-01-09","2","7269"
"2024-01-09","3","1939"
"2024-01-09","4","2931"
"2024-01-09","5","7246"
"2024-01-09","6","7701"
"2024-01-09","7","3569"
"2024-01-09","8","7238"
"2024-01-09","9","7856"
"2024-01-09","10","6440"
"2024-01-10","1","1939"
"2024-01-10","2","8595"
"2024-01-10","3","7269"
"2024-01-10","4","2931"
"2024-01-10","5","4246"
"2024-01-10","6","8125"
"2024-01-10","7","7246"
"2024-01-10","8","7701"
"2024-01-10","9","7856"
"2024-01-10","10","7004"
"2024-01-11","1","7269"
"2024-01-11","2","1939"
"2024-01-11","3","8595"
"2024-01-11","4","2931"
"2024-01-11","5","8125"
"2024-01-11","6","7246"
"2024-01-11","7","7701"
"2024-01-11","8","7856"
"2024-01-11","9","9663"
"2024-01-11","10","7004"
"2024-01-12","1","8595"
"2024-01-12","2","7269"
"2024-01-12","3","2931"
"2024-01-12","4","7246"
"2024-01-12","5","8125"
"2024-01-12","6","7701"
"2024-01-12","7","8771"
"2024-01-12","8","5332"
"2024-01-12","9","7004"
"2024-01-12","10","7856"
"2024-01-15","1","7269"
"2024-01-15","2","8595"
"2024-01-15","3","2931"
"2024-01-15","4","7246"
"2024-01-15","5","7701"
"2024-01-15","6","5332"
"2024-01-15","7","8125"
"2024-01-15","8","8771"
"2024-01-15","9","9663"
"2024-01-15","10","7004"
"2024-01-16","1","8595"
"2024-01-16","2","7269"
"2024-01-16","3","2931"
"2024-01-16","4","7246"
"2024-01-16","5","7701"
"2024-01-16","6","8771"
"2024-01-16","7","5332"
"2024-01-16","8","8125"
"2024-01-16","9","7004"
"2024-01-16","10","9663"
"2024-01-17","1","7269"
"2024-01-17","2","8595"
"2024-01-17","3","2931"
"2024-01-17","4","7701"
"2024-01-17","5","5332"
"2024-01-17","6","8771"
"2024-01-17","7","7246"
"2024-01-17","8","8125"
"2024-01-17","9","7004"
"2024-01-17","10","6440"
"2024-01-18","1","7269"
"2024-01-18","2","8595"
"2024-01-18","3","2931"
"2024-01-18","4","7701"
"2024-01-18","5","5332"
"2024-01-18","6","9663"
"2024-01-18","7","8125"
"2024-01-18","8","6440"
"2024-01-18","9","8771"
"2024-01-18","10","7246"
"2024-01-19","1","8595"
"2024-01-19","2","7269"
"2024-01-19","3","2931"
"2024-01-19","4","4246"
"2024-01-19","5","7701"
"2024-01-19","6","6440"
"2024-01-19","7","8125"
"2024-01-19","8","5332"
"2024-01-19","9","9663"
"2024-01-19","10","8771"
"2024-01-22","1","7269"
"2024-01-22","2","8595"
"2024-01-22","3","4246"
"2024-01-22","4","2931"
"2024-01-22","5","7701"
"2024-01-22","6","6440"
"2024-01-22","7","8125"
"2024-01-22","8","5332"
"2024-01-22","9","9663"
"2024-01-22","10","7246"
"2024-01-23","1","8595"
"2024-01-23","2","7269"
"2024-01-23","3","7701"
"2024-01-23","4","4246"
"2024-01-23","5","2931"
"2024-01-23","6","6440"
"2024-01-23","7","8125"
"2024-01-23","8","9663"
"2024-01-23","9","8771"
"2024-01-23","10","3569"
"2024-01-24","1","7269"
"2024-01-24","2","8595"
"2024-01-24","3","7701"
"2024-01-24","4","4246"
"2024-01-24","5","2931"
"2024-01-24","6","6440"
"2024-01-24","7","7246"
"2024-01-24","8","5332"
"2024-01-24","9","8125"
"2024-01-24","10","8771"
"2024-01-25","1","7269"
"2024-01-25","2","8595"
"2024-01-25","3","7701"
"2024-01-25","4","2931"
"2024-01-25","5","4246"
"2024-01-25","6","9663"
"2024-01-25","7","6440"
"2024-01-25","8","7246"
"2024-01-25","9","8771"
"2024-01-25","10","5332"
"2024-01-26","1","7269"
"2024-01-26","2","8595"
"2024-01-26","3","7701"
"2024-01-26","4","4246"
"2024-01-26","5","9663"
"2024-01-26","6","6440"
"2024-01-26","7","5332"
"2024-01-26","8","8771"
"2024-01-26","9","7246"
"2024-01-26","10","8125"
"2024-01-29","1","7269"
"2024-01-29","2","8595"
"2024-01-29","3","7701"
"2024-01-29","4","4246"
"2024-01-29","5","9663"
"2024-01-29","6","8125"
"2024-01-29","7","8771"
"2024-01-29","8","6440"
"2024-01-29","9","5332"
"2024-01-29","10","2931"
"2024-01-30","1","7269"
"2024-01-30","2","8595"
"2024-01-30","3","7701"
"2024-01-30","4","9663"
"2024-01-30","5","4246"
"2024-01-30","6","8125"
"2024-01-30","7","8771"
"2024-01-30","8","2931"
"2024-01-30","9","7246"
"2024-01-30","10","5332"
"2024-01-31","1","8595"
"2024-01-31","2","7269"
"2024-01-31","3","8771"
"2024-01-31","4","4246"
"2024-01-31","5","8125"
"2024-01-31","6","7701"
"2024-01-31","7","9663"
"2024-01-31","8","7246"
"2024-01-31","9","2931"
"2024-01-31","10","5332"
"2024-02-01","1","8595"
"2024-02-01","2","7269"
"2024-02-01","3","1939"
"2024-02-01","4","8771"
"2024-02-01","5","4246"
"2024-02-01","6","8125"
"2024-02-01","7","6440"
"2024-02-01","8","7701"
"2024-02-01","9","9663"
"2024-02-01","10","3569"
"2024-02-02","1","8595"
"2024-02-02","2","7269"
"2024-02-02","3","1939"
"2024-02-02","4","8125"
"2024-02-02","5","4246"
"2024-02-02","6","7701"
"2024-02-02","7","6440"
"2024-02-02","8","9663"
"2024-02-02","9","3569"
"2024-02-02","10","2931"
"2024-02-05","1","8595"
"2024-02-05","2","7269"
"2024-02-05","3","1939"
"2024-02-05","4","7701"
"2024-02-05","5","8125"
"2024-02-05","6","4246"
"2024-02-05","7","3569"
"2024-02-05","8","6440"
"2024-02-05","9","5332"
"2024-02-05","10","2931"
"2024-02-06","1","8595"
"2024-02-06","2","7269"
"2024-02-06","3","1939"
"2024-02-06","4","8125"
"2024-02-06","5","7701"
"2024-02-06","6","2931"
"2024-02-06","7","4246"
"2024-02-06","8","3569"
"2024-02-06","9","5332"
"2024-02-06","10","6440"
"2024-02-07","1","8595"
"2024-02-07","2","7269"
"2024-02-07","3","1939"
"2024-02-07","4","2931"
"2024-02-07","5","8125"
"2024-02-07","6","5332"
"2024-02-07","7","4246"
"2024-02-07","8","6440"
"2024-02-07","9","7701"
"2024-02-07","10","3569"
"2024-02-08","1","8595"
"2024-02-08","2","1939"
"2024-02-08","3","7269"
"2024-02-08","4","2931"
"2024-02-08","5","5332"
"2024-02-08","6","8125"
"2024-02-08","7","4246"
"2024-02-08","8","6440"
"2024-02-08","9","7701"
"2024-02-08","10","3569"
"2024-02-09","1","8595"
"2024-02-09","2","1939"
"2024-02-09","3","7269"
"2024-02-09","4","8771"
"2024-02-09","5","5332"
"2024-02-09","6","8125"
"2024-02-09","7","2931"
"2024-02-09","8","4246"
"2024-02-09","9","4536"
"2024-02-09","10","7701"
"2024-02-13","1","8595"
"2024-02-13","2","1939"
"2024-02-13","3","7269"
"2024-02-13","4","2931"
"2024-02-13","5","5332"
"2024-02-13","6","4246"
"2024-02-13","7","8125"
"2024-02-13","8","6284"
"2024-02-13","9","4536"
"2024-02-13","10","7701"
"2024-02-14","1","8595"
"2024-02-14","2","1939"
"2024-02-14","3","6996"
"2024-02-14","4","7269"
"2024-02-14","5","4246"
"2024-02-14","6","5332"
"2024-02-14","7","8125"
"2024-02-14","8","2931"
"2024-02-14","9","4064"
"2024-02-14","10","4536"
"2024-02-15","1","8595"
"2024-02-15","2","1939"
"2024-02-15","3","2931"
"2024-02-15","4","6996"
"2024-02-15","5","4246"
"2024-02-15","6","5332"
"2024-02-15","7","8125"
"2024-02-15","8","4536"
"2024-02-15","9","8771"
"2024-02-15","10","3076"
"2024-02-16","1","1939"
"2024-02-16","2","8595"
"2024-02-16","3","4246"
"2024-02-16","4","6996"
"2024-02-16","5","5332"
"2024-02-16","6","3076"
"2024-02-16","7","2931"
"2024-02-16","8","4536"
"2024-02-16","9","8125"
"2024-02-16","10","8771"
"2024-02-19","1","8595"
"2024-02-19","2","1939"
"2024-02-19","3","4246"
"2024-02-19","4","4536"
"2024-02-19","5","6996"
"2024-02-19","6","3076"
"2024-02-19","7","5332"
"2024-02-19","8","8125"
"2024-02-19","9","2931"
"2024-02-19","10","5444"
"2024-02-20","1","8595"
"2024-02-20","2","1939"
"2024-02-20","3","6284"
"2024-02-20","4","4536"
"2024-02-20","5","4246"
"2024-02-20","6","6996"
"2024-02-20","7","3076"
"2024-02-20","8","8125"
"2024-02-20","9","2931"
"2024-02-20","10","4641"
"2024-02-21","1","8595"
"2024-02-21","2","1939"
"2024-02-21","3","4536"
"2024-02-21","4","6284"
"2024-02-21","5","6996"
"2024-02-21","6","4246"
"2024-02-21","7","3076"
"2024-02-21","8","2931"
"2024-02-21","9","4641"
"2024-02-21","10","8125"
"2024-02-22","1","8595"
"2024-02-22","2","1939"
"2024-02-22","3","4641"
"2024-02-22","4","6996"
"2024-02-22","5","2931"
"2024-02-22","6","3076"
"2024-02-22","7","6284"
"2024-02-22","8","4536"
"2024-02-22","9","4246"
"2024-02-22","10","8125"
"2024-02-26","1","8595"
"2024-02-26","2","4641"
"2024-02-26","3","1939"
"2024-02-26","4","6996"
"2024-02-26","5","3076"
"2024-02-26","6","6284"
"2024-02-26","7","4536"
"2024-02-26","8","4246"
"2024-02-26","9","2931"
"2024-02-26","10","8125"
"2024-02-27","1","8595"
"2024-02-27","2","6996"
"2024-02-27","3","4641"
"2024-02-27","4","4246"
"2024-02-27","5","3076"
"2024-02-27","6","1939"
"2024-02-27","7","8125"
"2024-02-27","8","2931"
"2024-02-27","9","6841"
"2024-02-27","10","4536"
"2024-02-28","1","4641"
"2024-02-28","2","4246"
"2024-02-28","3","6996"
"2024-02-28","4","3076"
"2024-02-28","5","8595"
"2024-02-28","6","8771"
"2024-02-28","7","1939"
"2024-02-28","8","2931"
"2024-02-28","9","4536"
"2024-02-28","10","6841"
"2024-02-29","1","4641"
"2024-02-29","2","4246"
"2024-02-29","3","3302"
"2024-02-29","4","8595"
"2024-02-29","5","3076"
"2024-02-29","6","6996"
"2024-02-29","7","1939"
"2024-02-29","8","4536"
"2024-02-29","9","6440"
"2024-02-29","10","6284"
"2024-03-01","1","4641"
"2024-03-01","2","3076"
"2024-03-01","3","4246"
"2024-03-01","4","8595"
"2024-03-01","5","1939"
"2024-03-01","6","3302"
"2024-03-01","7","6996"
"2024-03-01","8","8771"
"2024-03-01","9","4536"
"2024-03-01","10","6440"
"2024-03-04","1","4641"
"2024-03-04","2","3076"
"2024-03-04","3","8595"
"2024-03-04","4","4246"
"2024-03-04","5","3302"
"2024-03-04","6","1939"
"2024-03-04","7","6996"
"2024-03-04","8","4536"
"2024-03-04","9","7864"
"2024-03-04","10","6284"
"2024-03-05","1","4641"
"2024-03-05","2","3076"
"2024-03-05","3","8595"
"2024-03-05","4","8771"
"2024-03-05","5","1939"
"2024-03-05","6","4246"
"2024-03-05","7","6996"
"2024-03-05","8","3302"
"2024-03-05","9","7864"
"2024-03-05","10","4536"
"2024-03-06","1","4641"
"2024-03-06","2","8771"
"2024-03-06","3","8595"
"2024-03-06","4","3076"
"2024-03-06","5","1939"
"2024-03-06","6","7864"
"2024-03-06","7","3302"
"2024-03-06","8","4246"
"2024-03-06","9","6996"
"2024-03-06","10","8130"
"2024-03-07","1","4641"
"2024-03-07","2","3076"
"2024-03-07","3","6820"
"2024-03-07","4","8771"
"2024-03-07","5","8595"
"2024-03-07","6","4246"
"2024-03-07","7","1939"
"2024-03-07","8","7864"
"2024-03-07","9","6996"
"2024-03-07","10","3302"
"2024-03-08","1","4641"
"2024-03-08","2","8771"
"2024-03-08","3","6820"
"2024-03-08","4","1939"
"2024-03-08","5","8595"
"2024-03-08","6","3076"
"2024-03-08","7","4246"
"2024-03-08","8","3302"
"2024-03-08","9","6996"
"2024-03-08","10","7864"
"2024-03-11","1","4641"
"2024-03-11","2","6820"
"2024-03-11","3","1939"
"2024-03-11","4","8595"
"2024-03-11","5","3076"
"2024-03-11","6","8771"
"2024-03-11","7","4246"
"2024-03-11","8","3302"
"2024-03-11","9","7864"
"2024-03-11","10","6996"
"2024-03-12","1","4641"
"2024-03-12","2","6820"
"2024-03-12","3","3076"
"2024-03-12","4","8595"
"2024-03-12","5","1939"
"2024-03-12","6","8771"
"2024-03-12","7","4246"
"2024-03-12","8","3302"
"2024-03-12","9","6996"
"2024-03-12","10","7864"
"2024-03-13","1","4641"
"2024-03-13","2","6820"
"2024-03-13","3","1939"
"2024-03-13","4","8771"
"2024-03-13","5","3076"
"2024-03-13","6","8595"
"2024-03-13","7","3302"
"2024-03-13","8","4246"
"2024-03-13","9","6996"
"2024-03-13","10","7864"
"2024-03-14","1","6820"
"2024-03-14","2","1939"
"2024-03-14","3","8771"
"2024-03-14","4","3076"
"2024-03-14","5","8595"
"2024-03-14","6","6996"
"2024-03-14","7","3302"
"2024-03-14","8","4246"
"2024-03-14","9","6859"
"2024-03-14","10","7864"
"2024-03-15","1","6820"
"2024-03-15","2","8771"
"2024-03-15","3","1939"
"2024-03-15","4","8595"
"2024-03-15","5","3076"
"2024-03-15","6","3302"
"2024-03-15","7","6996"
"2024-03-15","8","5401"
"2024-03-15","9","4246"
"2024-03-15","10","7864"
"2024-03-18","1","6820"
"2024-03-18","2","8771"
"2024-03-18","3","6996"
"2024-03-18","4","1939"
"2024-03-18","5","3076"
"2024-03-18","6","8595"
"2024-03-18","7","5401"
"2024-03-18","8","4246"
"2024-03-18","9","3302"
"2024-03-18","10","7864"
"2024-03-19","1","6820"
"2024-03-19","2","8771"
"2024-03-19","3","1939"
"2024-03-19","4","6996"
"2024-03-19","5","3076"
"2024-03-19","6","8595"
"2024-03-19","7","3302"
"2024-03-19","8","7864"
"2024-03-19","9","4246"
"2024-03-19","10","6859"
"2024-03-21","1","6820"
"2024-03-21","2","8771"
"2024-03-21","3","6996"
"2024-03-21","4","6859"
"2024-03-21","5","3076"
"2024-03-21","6","1939"
"2024-03-21","7","8595"
"2024-03-21","8","7864"
"2024-03-21","9","3302"
"2024-03-21","10","4246"
"2024-03-22","1","6820"
"2024-03-22","2","8771"
"2024-03-22","3","6859"
"2024-03-22","4","1939"
"2024-03-22","5","6996"
"2024-03-22","6","3076"
"2024-03-22","7","7864"
"2024-03-22","8","3302"
"2024-03-22","9","4246"
"2024-03-22","10","8595"
"2024-03-25","1","8771"
"2024-03-25","2","6820"
"2024-03-25","3","6859"
"2024-03-25","4","3076"
"2024-03-25","5","1939"
"2024-03-25","6","6996"
"2024-03-25","7","7864"
"2024-03-25","8","5401"
"2024-03-25","9","3302"
"2024-03-25","10","4246"
"2024-03-26","1","8771"
"2024-03-26","2","6859"
"2024-03-26","3","6820"
"2024-03-26","4","1939"
"2024-03-26","5","3076"
"2024-03-26","6","6996"
"2024-03-26","7","5401"
"2024-03-26","8","7864"
"2024-03-26","9","3302"
"2024-03-26","10","4536"
"2024-03-27","1","6810"
"2024-03-27","2","8771"
"2024-03-27","3","6859"
"2024-03-27","4","6820"
"2024-03-27","5","7864"
"2024-03-27","6","3076"
"2024-03-27","7","6996"
"2024-03-27","8","5401"
"2024-03-27","9","1939"
"2024-03-27","10","4246"
"2024-03-28","1","6810"
"2024-03-28","2","6820"
"2024-03-28","3","6859"
"2024-03-28","4","8771"
"2024-03-28","5","7864"
"2024-03-28","6","6996"
"2024-03-28","7","1939"
"2024-03-28","8","5401"
"2024-03-28","9","3076"
"2024-03-28","10","4246"
"2024-03-29","1","6810"
"2024-03-29","2","6820"
"2024-03-29","3","6996"
"2024-03-29","4","6859"
"2024-03-29","5","7864"
"2024-03-29","6","8771"
"2024-03-29","7","3076"
"2024-03-29","8","5401"
"2024-03-29","9","1939"
"2024-03-29","10","4246"
"2024-04-01","1","6810"
"2024-04-01","2","6820"
"2024-04-01","3","6859"
"2024-04-01","4","6996"
"2024-04-01","5","3076"
"2024-04-01","6","8771"
"2024-04-01","7","7864"
"2024-04-01","8","1939"
"2024-04-01","9","4246"
"2024-04-01","10","5401"
"2024-04-02","1","6810"
"2024-04-02","2","6820"
"2024-04-02","3","6996"
"2024-04-02","4","7864"
"2024-04-02","5","6859"
"2024-04-02","6","3076"
"2024-04-02","7","8771"
"2024-04-02","8","6140"
"2024-04-02","9","1939"
"2024-04-02","10","4246"
"2024-04-03","1","6810"
"2024-04-03","2","6820"
"2024-04-03","3","6140"
"2024-04-03","4","6996"
"2024-04-03","5","7864"
"2024-04-03","6","8771"
"2024-04-03","7","6859"
"2024-04-03","8","3076"
"2024-04-03","9","4246"
"2024-04-03","10","5401"
"2024-04-04","1","6810"
"2024-04-04","2","6820"
"2024-04-04","3","6140"
"2024-04-04","4","6996"
"2024-04-04","5","7864"
"2024-04-04","6","8771"
"2024-04-04","7","3076"
"2024-04-04","8","6859"
"2024-04-04","9","4246"
"2024-04-04","10","5401"
"2024-04-05","1","6820"
"2024-04-05","2","6140"
"2024-04-05","3","6810"
"2024-04-05","4","6996"
"2024-04-05","5","7864"
"2024-04-05","6","1939"
"2024-04-05","7","8771"
"2024-04-05","8","3076"
"2024-04-05","9","4246"
"2024-04-05","10","6859"
"2024-04-08","1","6820"
"2024-04-08","2","6810"
"2024-04-08","3","6140"
"2024-04-08","4","6996"
"2024-04-08","5","7864"
"2024-04-08","6","6859"
"2024-04-08","7","1939"
"2024-04-08","8","8771"
"2024-04-08","9","4246"
"2024-04-08","10","3076"
"2024-04-09","1","6820"
"2024-04-09","2","6810"
"2024-04-09","3","6140"
"2024-04-09","4","6996"
"2024-04-09","5","7864"
"2024-04-09","6","1939"
"2024-04-09","7","4246"
"2024-04-09","8","6859"
"2024-04-09","9","8771"
"2024-04-09","10","8125"
"2024-04-10","1","6820"
"2024-04-10","2","6810"
"2024-04-10","3","6140"
"2024-04-10","4","6996"
"2024-04-10","5","7864"
"2024-04-10","6","6859"
"2024-04-10","7","1939"
"2024-04-10","8","4246"
"2024-04-10","9","8771"
"2024-04-10","10","8362"
"2024-04-11","1","6820"
"2024-04-11","2","6810"
"2024-04-11","3","6140"
"2024-04-11","4","6996"
"2024-04-11","5","7864"
"2024-04-11","6","6859"
"2024-04-11","7","8362"
"2024-04-11","8","5401"
"2024-04-11","9","8771"
"2024-04-11","10","8125"
"2024-04-12","1","6810"
"2024-04-12","2","6140"
"2024-04-12","3","6996"
"2024-04-12","4","6859"
"2024-04-12","5","7864"
"2024-04-12","6","8771"
"2024-04-12","7","8362"
"2024-04-12","8","8125"
"2024-04-12","9","5401"
"2024-04-12","10","3076"
"2024-04-15","1","6810"
"2024-04-15","2","6140"
"2024-04-15","3","6996"
"2024-04-15","4","6859"
"2024-04-15","5","8125"
"2024-04-15","6","7864"
"2024-04-15","7","8771"
"2024-04-15","8","8362"
"2024-04-15","9","5401"
"2024-04-15","10","3076"
"2024-04-16","1","6810"
"2024-04-16","2","6140"
"2024-04-16","3","6996"
"2024-04-16","4","7864"
"2024-04-16","5","8362"
"2024-04-16","6","6859"
"2024-04-16","7","8771"
"2024-04-16","8","5401"
"2024-04-16","9","8125"
"2024-04-16","10","3076"
"2024-04-17","1","6810"
"2024-04-17","2","6140"
"2024-04-17","3","6996"
"2024-04-17","4","7864"
"2024-04-17","5","6859"
"2024-04-17","6","8362"
"2024-04-17","7","8771"
"2024-04-17","8","5401"
"2024-04-17","9","1939"
"2024-04-17","10","8125"
"2024-04-18","1","6810"
"2024-04-18","2","6140"
"2024-04-18","3","7864"
"2024-04-18","4","6996"
"2024-04-18","5","6859"
"2024-04-18","6","5401"
"2024-04-18","7","8125"
"2024-04-18","8","1939"
"2024-04-18","9","8771"
"2024-04-18","10","3076"
"2024-04-19","1","6810"
"2024-04-19","2","6140"
"2024-04-19","3","6996"
"2024-04-19","4","8771"
"2024-04-19","5","7864"
"2024-04-19","6","8125"
"2024-04-19","7","1939"
"2024-04-19","8","6859"
"2024-04-19","9","5401"
"2024-04-19","10","3076"
"2024-04-22","1","6810"
"2024-04-22","2","6140"
"2024-04-22","3","6996"
"2024-04-22","4","7864"
"2024-04-22","5","8125"
"2024-04-22","6","8771"
"2024-04-22","7","1939"
"2024-04-22","8","5401"
"2024-04-22","9","6859"
"2024-04-22","10","3076"
"2024-04-23","1","6810"
"2024-04-23","2","8125"
"2024-04-23","3","6140"
"2024-04-23","4","7864"
"2024-04-23","5","6996"
"2024-04-23","6","1939"
"2024-04-23","7","8771"
"2024-04-23","8","5401"
"2024-04-23","9","6859"
"2024-04-23","10","3076"
"2024-04-24","1","6810"
"2024-04-24","2","7864"
"2024-04-24","3","8125"
"2024-04-24","4","6140"
"2024-04-24","5","6996"
"2024-04-24","6","8771"
"2024-04-24","7","1939"
"2024-04-24","8","5401"
"2024-04-24","9","6859"
"2024-04-24","10","3076"
"2024-04-25","1","6810"
"2024-04-25","2","7864"
"2024-04-25","3","8125"
"2024-04-25","4","1939"
"2024-04-25","5","6996"
"2024-04-25","6","5401"
"2024-04-25","7","8771"
"2024-04-25","8","6859"
"2024-04-25","9","3076"
"2024-04-25","10","8130"
"2024-04-26","1","6810"
"2024-04-26","2","7864"
"2024-04-26","3","1939"
"2024-04-26","4","5401"
"2024-04-26","5","6996"
"2024-04-26","6","8125"
"2024-04-26","7","6859"
"2024-04-26","8","8771"
"2024-04-26","9","4008"
"2024-04-26","10","3076"
"2024-04-30","1","6810"
"2024-04-30","2","7864"
"2024-04-30","3","8125"
"2024-04-30","4","5408"
"2024-04-30","5","6859"
"2024-04-30","6","6996"
"2024-04-30","7","5401"
"2024-04-30","8","8771"
"2024-04-30","9","1939"
"2024-04-30","10","3076"
"2024-05-01","1","6810"
"2024-05-01","2","7864"
"2024-05-01","3","5408"
"2024-05-01","4","8125"
"2024-05-01","5","6859"
"2024-05-01","6","5401"
"2024-05-01","7","8771"
"2024-05-01","8","6996"
"2024-05-01","9","1939"
"2024-05-01","10","3076"
"2024-05-02","1","6810"
"2024-05-02","2","7864"
"2024-05-02","3","8125"
"2024-05-02","4","6859"
"2024-05-02","5","8771"
"2024-05-02","6","5408"
"2024-05-02","7","6996"
"2024-05-02","8","5401"
"2024-05-02","9","1939"
"2024-05-02","10","3076"
"2024-05-07","1","7864"
"2024-05-07","2","6810"
"2024-05-07","3","8125"
"2024-05-07","4","6859"
"2024-05-07","5","5408"
"2024-05-07","6","8771"
"2024-05-07","7","5401"
"2024-05-07","8","6996"
"2024-05-07","9","1939"
"2024-05-07","10","3076"
"2024-05-08","1","7864"
"2024-05-08","2","5408"
"2024-05-08","3","8125"
"2024-05-08","4","6810"
"2024-05-08","5","6859"
"2024-05-08","6","5401"
"2024-05-08","7","8771"
"2024-05-08","8","6996"
"2024-05-08","9","1939"
"2024-05-08","10","6395"
"2024-05-09","1","6810"
"2024-05-09","2","7864"
"2024-05-09","3","8125"
"2024-05-09","4","5408"
"2024-05-09","5","6859"
"2024-05-09","6","5401"
"2024-05-09","7","8771"
"2024-05-09","8","6996"
"2024-05-09","9","3076"
"2024-05-09","10","6395"
"2024-05-10","1","6810"
"2024-05-10","2","7864"
"2024-05-10","3","6140"
"2024-05-10","4","8125"
"2024-05-10","5","6859"
"2024-05-10","6","5408"
"2024-05-10","7","8130"
"2024-05-10","8","5401"
"2024-05-10","9","8771"
"2024-05-10","10","3076"
"2024-05-13","1","6810"
"2024-05-13","2","7864"
"2024-05-13","3","6140"
"2024-05-13","4","8125"
"2024-05-13","5","3880"
"2024-05-13","6","6859"
"2024-05-13","7","5408"
"2024-05-13","8","8130"
"2024-05-13","9","5401"
"2024-05-13","10","8771"
"2024-05-14","1","7864"
"2024-05-14","2","6140"
"2024-05-14","3","6810"
"2024-05-14","4","8125"
"2024-05-14","5","6859"
"2024-05-14","6","3880"
"2024-05-14","7","5408"
"2024-05-14","8","5401"
"2024-05-14","9","4182"
"2024-05-14","10","7267"
"2024-05-15","1","7864"
"2024-05-15","2","6140"
"2024-05-15","3","6859"
"2024-05-15","4","8125"
"2024-05-15","5","6810"
"2024-05-15","6","5401"
"2024-05-15","7","7267"
"2024-05-15","8","4008"
"2024-05-15","9","8130"
"2024-05-15","10","4182"
"2024-05-16","1","7864"
"2024-05-16","2","6140"
"2024-05-16","3","6859"
"2024-05-16","4","6810"
"2024-05-16","5","6996"
"2024-05-16","6","7267"
"2024-05-16","7","4008"
"2024-05-16","8","8130"
"2024-05-16","9","4182"
"2024-05-16","10","9605"
"2024-05-17","1","7864"
"2024-05-17","2","6140"
"2024-05-17","3","6859"
"2024-05-17","4","6810"
"2024-05-17","5","6996"
"2024-05-17","6","4008"
"2024-05-17","7","4182"
"2024-05-17","8","8130"
"2024-05-17","9","7267"
"2024-05-17","10","9605"
"2024-05-20","1","7864"
"2024-05-20","2","6140"
"2024-05-20","3","6859"
"2024-05-20","4","6810"
"2024-05-20","5","8130"
"2024-05-20","6","4182"
"2024-05-20","7","4008"
"2024-05-20","8","6996"
"2024-05-20","9","9605"
"2024-05-20","10","3076"
"2024-05-21","1","7864"
"2024-05-21","2","6140"
"2024-05-21","3","6810"
"2024-05-21","4","6859"
"2024-05-21","5","8130"
"2024-05-21","6","4008"
"2024-05-21","7","6996"
"2024-05-21","8","9605"
"2024-05-21","9","4182"
"2024-05-21","10","9790"
"2024-05-22","1","7864"
"2024-05-22","2","6140"
"2024-05-22","3","6810"
"2024-05-22","4","8281"
"2024-05-22","5","6859"
"2024-05-22","6","8130"
"2024-05-22","7","6996"
"2024-05-22","8","4182"
"2024-05-22","9","9790"
"2024-05-22","10","9605"
"2024-05-23","1","7864"
"2024-05-23","2","6810"
"2024-05-23","3","6140"
"2024-05-23","4","6859"
"2024-05-23","5","8130"
"2024-05-23","6","8281"
"2024-05-23","7","6996"
"2024-05-23","8","4182"
"2024-05-23","9","9790"
"2024-05-23","10","9605"
"2024-05-24","1","7864"
"2024-05-24","2","6810"
"2024-05-24","3","6140"
"2024-05-24","4","6859"
"2024-05-24","5","8130"
"2024-05-24","6","6996"
"2024-05-24","7","8281"
"2024-05-24","8","4182"
"2024-05-24","9","9790"
"2024-05-24","10","6905"
"2024-05-27","1","7864"
"2024-05-27","2","6140"
"2024-05-27","3","6810"
"2024-05-27","4","6859"
"2024-05-27","5","8130"
"2024-05-27","6","4182"
"2024-05-27","7","6996"
"2024-05-27","8","8281"
"2024-05-27","9","9790"
"2024-05-27","10","6905"
"2024-05-28","1","7864"
"2024-05-28","2","6140"
"2024-05-28","3","8130"
"2024-05-28","4","6810"
"2024-05-28","5","6859"
"2024-05-28","6","8281"
"2024-05-28","7","9790"
"2024-05-28","8","4182"
"2024-05-28","9","6996"
"2024-05-28","10","6905"
"2024-05-29","1","7864"
"2024-05-29","2","6140"
"2024-05-29","3","6810"
"2024-05-29","4","8130"
"2024-05-29","5","6859"
"2024-05-29","6","8281"
"2024-05-29","7","4182"
"2024-05-29","8","6996"
"2024-05-29","9","9790"
"2024-05-29","10","6905"
"2024-05-30","1","7864"
"2024-05-30","2","6140"
"2024-05-30","3","8130"
"2024-05-30","4","6859"
"2024-05-30","5","6810"
"2024-05-30","6","8281"
"2024-05-30","7","6996"
"2024-05-30","8","9790"
"2024-05-30","9","4182"
"2024-05-30","10","4613"
"2024-05-31","1","7864"
"2024-05-31","2","6140"
"2024-05-31","3","6810"
"2024-05-31","4","8130"
"2024-05-31","5","6859"
"2024-05-31","6","6996"
"2024-05-31","7","8281"
"2024-05-31","8","4182"
"2024-05-31","9","9790"
"2024-05-31","10","6905"
"2024-06-03","1","7864"
"2024-06-03","2","6140"
"2024-06-03","3","6810"
"2024-06-03","4","6859"
"2024-06-03","5","8130"
"2024-06-03","6","6996"
"2024-06-03","7","8281"
"2024-06-03","8","4182"
"2024-06-03","9","6905"
"2024-06-03","10","3076"
"2024-06-04","1","7864"
"2024-06-04","2","6859"
"2024-06-04","3","8130"
"2024-06-04","4","6140"
"2024-06-04","5","6810"
"2024-06-04","6","8281"
"2024-06-04","7","6996"
"2024-06-04","8","4182"
"2024-06-04","9","6905"
"2024-06-04","10","3139"
"2024-06-05","1","7864"
"2024-06-05","2","6859"
"2024-06-05","3","6140"
"2024-06-05","4","8130"
"2024-06-05","5","8281"
"2024-06-05","6","6810"
"2024-06-05","7","6996"
"2024-06-05","8","4182"
"2024-06-05","9","3139"
"2024-06-05","10","5408"
"2024-06-06","1","7864"
"2024-06-06","2","6859"
"2024-06-06","3","6140"
"2024-06-06","4","8130"
"2024-06-06","5","4182"
"2024-06-06","6","6996"
"2024-06-06","7","8281"
"2024-06-06","8","6810"
"2024-06-06","9","5408"
"2024-06-06","10","3139"
"2024-06-07","1","7864"
"2024-06-07","2","4246"
"2024-06-07","3","6859"
"2024-06-07","4","6140"
"2024-06-07","5","8130"
"2024-06-07","6","4182"
"2024-06-07","7","6996"
"2024-06-07","8","8281"
"2024-06-07","9","5408"
"2024-06-07","10","6810"
"2024-06-10","1","7864"
"2024-06-10","2","6859"
"2024-06-10","3","6140"
"2024-06-10","4","8130"
"2024-06-10","5","4182"
"2024-06-10","6","6996"
"2024-06-10","7","5408"
"2024-06-10","8","8281"
"2024-06-10","9","6810"
"2024-06-10","10","3139"
"2024-06-11","1","7864"
"2024-06-11","2","6859"
"2024-06-11","3","6140"
"2024-06-11","4","8130"
"2024-06-11","5","4182"
"2024-06-11","6","6996"
"2024-06-11","7","6810"
"2024-06-11","8","5408"
"2024-06-11","9","3139"
"2024-06-11","10","8281"
"2024-06-12","1","7864"
"2024-06-12","2","6859"
"2024-06-12","3","6140"
"2024-06-12","4","4182"
"2024-06-12","5","8130"
"2024-06-12","6","5408"
"2024-06-12","7","6810"
"2024-06-12","8","3139"
"2024-06-12","9","6996"
"2024-06-12","10","8281"
"2024-06-13","1","7864"
"2024-06-13","2","6859"
"2024-06-13","3","6140"
"2024-06-13","4","4182"
"2024-06-13","5","8130"
"2024-06-13","6","5408"
"2024-06-13","7","3139"
"2024-06-13","8","6810"
"2024-06-13","9","6996"
"2024-06-13","10","5444"
"2024-06-14","1","7864"
"2024-06-14","2","6859"
"2024-06-14","3","6140"
"2024-06-14","4","4182"
"2024-06-14","5","8130"
"2024-06-14","6","3139"
"2024-06-14","7","6810"
"2024-06-14","8","6996"
"2024-06-14","9","5408"
"2024-06-14","10","8125"
"2024-06-17","1","7864"
"2024-06-17","2","6859"
"2024-06-17","3","4182"
"2024-06-17","4","6140"
"2024-06-17","5","8130"
"2024-06-17","6","3139"
"2024-06-17","7","6810"
"2024-06-17","8","5408"
"2024-06-17","9","6905"
"2024-06-17","10","6996"
"2024-06-18","1","7864"
"2024-06-18","2","6859"
"2024-06-18","3","4182"
"2024-06-18","4","6140"
"2024-06-18","5","8130"
"2024-06-18","6","3139"
"2024-06-18","7","6905"
"2024-06-18","8","5408"
"2024-06-18","9","6810"
"2024-06-18","10","6996"
"2024-06-19","1","7864"
"2024-06-19","2","6859"
"2024-06-19","3","4182"
"2024-06-19","4","3139"
"2024-06-19","5","8130"
"2024-06-19","6","6140"
"2024-06-19","7","6905"
"2024-06-19","8","6996"
"2024-06-19","9","5408"
"2024-06-19","10","6810"
"2024-06-20","1","7864"
"2024-06-20","2","6859"
"2024-06-20","3","4182"
"2024-06-20","4","3139"
"2024-06-20","5","8130"
"2024-06-20","6","6996"
"2024-06-20","7","6140"
"2024-06-20","8","5408"
"2024-06-20","9","5332"
"2024-06-20","10","6810"
"2024-06-21","1","7864"
"2024-06-21","2","6859"
"2024-06-21","3","4182"
"2024-06-21","4","3139"
"2024-06-21","5","8130"
"2024-06-21","6","6140"
"2024-06-21","7","6996"
"2024-06-21","8","5408"
"2024-06-21","9","7267"
"2024-06-21","10","5332"
"2024-06-24","1","7864"
"2024-06-24","2","6859"
"2024-06-24","3","4182"
"2024-06-24","4","3139"
"2024-06-24","5","8130"
"2024-06-24","6","6140"
"2024-06-24","7","6996"
"2024-06-24","8","7267"
"2024-06-24","9","5408"
"2024-06-24","10","5970"
"2024-06-25","1","7864"
"2024-06-25","2","6859"
"2024-06-25","3","4182"
"2024-06-25","4","6905"
"2024-06-25","5","8130"
"2024-06-25","6","3139"
"2024-06-25","7","6140"
"2024-06-25","8","6996"
"2024-06-25","9","7267"
"2024-06-25","10","8088"
"2024-06-26","1","7864"
"2024-06-26","2","6859"
"2024-06-26","3","4182"
"2024-06-26","4","8130"
"2024-06-26","5","3139"
"2024-06-26","6","6905"
"2024-06-26","7","6140"
"2024-06-26","8","6996"
"2024-06-26","9","7267"
"2024-06-26","10","8088"
"2024-06-27","1","7864"
"2024-06-27","2","6859"
"2024-06-27","3","4182"
"2024-06-27","4","8130"
"2024-06-27","5","3139"
"2024-06-27","6","6905"
"2024-06-27","7","7267"
"2024-06-27","8","6140"
"2024-06-27","9","6996"
"2024-06-27","10","8088"
"2024-06-28","1","7864"
"2024-06-28","2","6859"
"2024-06-28","3","4182"
"2024-06-28","4","3139"
"2024-06-28","5","8130"
"2024-06-28","6","6905"
"2024-06-28","7","6140"
"2024-06-28","8","7267"
"2024-06-28","9","6996"
"2024-06-28","10","5408"
"2024-07-01","1","7864"
"2024-07-01","2","6859"
"2024-07-01","3","4182"
"2024-07-01","4","3139"
"2024-07-01","5","8130"
"2024-07-01","6","6905"
"2024-07-01","7","6140"
"2024-07-01","8","7267"
"2024-07-01","9","6996"
"2024-07-01","10","5408"
"2024-07-02","1","7864"
"2024-07-02","2","6859"
"2024-07-02","3","4182"
"2024-07-02","4","3139"
"2024-07-02","5","8130"
"2024-07-02","6","7267"
"2024-07-02","7","6140"
"2024-07-02","8","6905"
"2024-07-02","9","6996"
"2024-07-02","10","5408"
"2024-07-03","1","7864"
"2024-07-03","2","6859"
"2024-07-03","3","4641"
"2024-07-03","4","4182"
"2024-07-03","5","8130"
"2024-07-03","6","6140"
"2024-07-03","7","6905"
"2024-07-03","8","7267"
"2024-07-03","9","6996"
"2024-07-03","10","5408"
"2024-07-04","1","7864"
"2024-07-04","2","6859"
"2024-07-04","3","4641"
"2024-07-04","4","4182"
"2024-07-04","5","8130"
"2024-07-04","6","4008"
"2024-07-04","7","6905"
"2024-07-04","8","6140"
"2024-07-04","9","7267"
"2024-07-04","10","6996"
"2024-07-05","1","7864"
"2024-07-05","2","6859"
"2024-07-05","3","4641"
"2024-07-05","4","4182"
"2024-07-05","5","8130"
"2024-07-05","6","4008"
"2024-07-05","7","6996"
"2024-07-05","8","6140"
"2024-07-05","9","6905"
"2024-07-05","10","7267"
"2024-07-08","1","7864"
"2024-07-08","2","6859"
"2024-07-08","3","4641"
"2024-07-08","4","8130"
"2024-07-08","5","4182"
"2024-07-08","6","6905"
"2024-07-08","7","6996"
"2024-07-08","8","6140"
"2024-07-08","9","4008"
"2024-07-08","10","5408"
"2024-07-09","1","7864"
"2024-07-09","2","6859"
"2024-07-09","3","4641"
"2024-07-09","4","8130"
"2024-07-09","5","4182"
"2024-07-09","6","5408"
"2024-07-09","7","6905"
"2024-07-09","8","6140"
"2024-07-09","9","6996"
"2024-07-09","10","4008"
"2024-07-10","1","7864"
"2024-07-10","2","6859"
"2024-07-10","3","3139"
"2024-07-10","4","4641"
"2024-07-10","5","8130"
"2024-07-10","6","6905"
"2024-07-10","7","4182"
"2024-07-10","8","5408"
"2024-07-10","9","6996"
"2024-07-10","10","6140"
"2024-07-11","1","7864"
"2024-07-11","2","6859"
"2024-07-11","3","3139"
"2024-07-11","4","4641"
"2024-07-11","5","8130"
"2024-07-11","6","4182"
"2024-07-11","7","6905"
"2024-07-11","8","6140"
"2024-07-11","9","5408"
"2024-07-11","10","4008"
"2024-07-12","1","7864"
"2024-07-12","2","3139"
"2024-07-12","3","6859"
"2024-07-12","4","8070"
"2024-07-12","5","4641"
"2024-07-12","6","8130"
"2024-07-12","7","4182"
"2024-07-12","8","6905"
"2024-07-12","9","6140"
"2024-07-12","10","4008"
"2024-07-16","1","7864"
"2024-07-16","2","3139"
"2024-07-16","3","6859"
"2024-07-16","4","8070"
"2024-07-16","5","4641"
"2024-07-16","6","8130"
"2024-07-16","7","4182"
"2024-07-16","8","6140"
"2024-07-16","9","6905"
"2024-07-16","10","5408"
"2024-07-17","1","3139"
"2024-07-17","2","7864"
"2024-07-17","3","6859"
"2024-07-17","4","4641"
"2024-07-17","5","8130"
"2024-07-17","6","4182"
"2024-07-17","7","6140"
"2024-07-17","8","6905"
"2024-07-17","9","4008"
"2024-07-17","10","7839"
"2024-07-18","1","3139"
"2024-07-18","2","7864"
"2024-07-18","3","6859"
"2024-07-18","4","4641"
"2024-07-18","5","6140"
"2024-07-18","6","6905"
"2024-07-18","7","8130"
"2024-07-18","8","4182"
"2024-07-18","9","7839"
"2024-07-18","10","5408"
"2024-07-19","1","3139"
"2024-07-19","2","7864"
"2024-07-19","3","167A"
"2024-07-19","4","6859"
"2024-07-19","5","4641"
"2024-07-19","6","6140"
"2024-07-19","7","8130"
"2024-07-19","8","6905"
"2024-07-19","9","6440"
"2024-07-19","10","4182"
"2024-07-22","1","3139"
"2024-07-22","2","7864"
"2024-07-22","3","6859"
"2024-07-22","4","4641"
"2024-07-22","5","6140"
"2024-07-22","6","6905"
"2024-07-22","7","8130"
"2024-07-22","8","6440"
"2024-07-22","9","7839"
"2024-07-22","10","4182"
"2024-07-23","1","3139"
"2024-07-23","2","7864"
"2024-07-23","3","6859"
"2024-07-23","4","4641"
"2024-07-23","5","4613"
"2024-07-23","6","8130"
"2024-07-23","7","6140"
"2024-07-23","8","6905"
"2024-07-23","9","5444"
"2024-07-23","10","7839"
"2024-07-24","1","3139"
"2024-07-24","2","7864"
"2024-07-24","3","167A"
"2024-07-24","4","6859"
"2024-07-24","5","4641"
"2024-07-24","6","4613"
"2024-07-24","7","8130"
"2024-07-24","8","6905"
"2024-07-24","9","6140"
"2024-07-24","10","5444"
"2024-07-25","1","3139"
"2024-07-25","2","7864"
"2024-07-25","3","167A"
"2024-07-25","4","6859"
"2024-07-25","5","4641"
"2024-07-25","6","4613"
"2024-07-25","7","8130"
"2024-07-25","8","5444"
"2024-07-25","9","6140"
"2024-07-25","10","6905"
"2024-07-26","1","3139"
"2024-07-26","2","167A"
"2024-07-26","3","7864"
"2024-07-26","4","6859"
"2024-07-26","5","4641"
"2024-07-26","6","4613"
"2024-07-26","7","8130"
"2024-07-26","8","5444"
"2024-07-26","9","8137"
"2024-07-26","10","6905"
"2024-07-29","1","3139"
"2024-07-29","2","3880"
"2024-07-29","3","167A"
"2024-07-29","4","7864"
"2024-07-29","5","6859"
"2024-07-29","6","4613"
"2024-07-29","7","8137"
"2024-07-29","8","8130"
"2024-07-29","9","5444"
"2024-07-29","10","6905"
"2024-07-30","1","3139"
"2024-07-30","2","3880"
"2024-07-30","3","167A"
"2024-07-30","4","7864"
"2024-07-30","5","6859"
"2024-07-30","6","4613"
"2024-07-30","7","4641"
"2024-07-30","8","8137"
"2024-07-30","9","8130"
"2024-07-30","10","5444"
"2024-07-31","1","3139"
"2024-07-31","2","3880"
"2024-07-31","3","167A"
"2024-07-31","4","7864"
"2024-07-31","5","4613"
"2024-07-31","6","6859"
"2024-07-31","7","8137"
"2024-07-31","8","4641"
"2024-07-31","9","8130"
"2024-07-31","10","6905"
"2024-08-01","1","3139"
"2024-08-01","2","3880"
"2024-08-01","3","167A"
"2024-08-01","4","7864"
"2024-08-01","5","6859"
"2024-08-01","6","4613"
"2024-08-01","7","8137"
"2024-08-01","8","3612"
"2024-08-01","9","4641"
"2024-08-01","10","8130"
"2024-08-02","1","3139"
"2024-08-02","2","3880"
"2024-08-02","3","167A"
"2024-08-02","4","7864"
"2024-08-02","5","6859"
"2024-08-02","6","4641"
"2024-08-02","7","4613"
"2024-08-02","8","8137"
"2024-08-02","9","3612"
"2024-08-02","10","8130"
"2024-08-05","1","3139"
"2024-08-05","2","3880"
"2024-08-05","3","167A"
"2024-08-05","4","7864"
"2024-08-05","5","6859"
"2024-08-05","6","8137"
"2024-08-05","7","3612"
"2024-08-05","8","4613"
"2024-08-05","9","4641"
"2024-08-05","10","8130"
"2024-08-06","1","3139"
"2024-08-06","2","3880"
"2024-08-06","3","4246"
"2024-08-06","4","167A"
"2024-08-06","5","4008"
"2024-08-06","6","4641"
"2024-08-06","7","5970"
"2024-08-06","8","6859"
"2024-08-06","9","7864"
"2024-08-06","10","8137"
"2024-08-07","1","3139"
"2024-08-07","2","3880"
"2024-08-07","3","4246"
"2024-08-07","4","4008"
"2024-08-07","5","167A"
"2024-08-07","6","6859"
"2024-08-07","7","5970"
"2024-08-07","8","4641"
"2024-08-07","9","7864"
"2024-08-07","10","6440"
"2024-08-08","1","3139"
"2024-08-08","2","4246"
"2024-08-08","3","3880"
"2024-08-08","4","5970"
"2024-08-08","5","4008"
"2024-08-08","6","167A"
"2024-08-08","7","4641"
"2024-08-08","8","8130"
"2024-08-08","9","6859"
"2024-08-08","10","6440"
"2024-08-09","1","3139"
"2024-08-09","2","4246"
"2024-08-09","3","3880"
"2024-08-09","4","5970"
"2024-08-09","5","4008"
"2024-08-09","6","6859"
"2024-08-09","7","4641"
"2024-08-09","8","7864"
"2024-08-09","9","167A"
"2024-08-09","10","8130"
"2024-08-13","1","3139"
"2024-08-13","2","4246"
"2024-08-13","3","3880"
"2024-08-13","4","5970"
"2024-08-13","5","4008"
"2024-08-13","6","6859"
"2024-08-13","7","167A"
"2024-08-13","8","8130"
"2024-08-13","9","7864"
"2024-08-13","10","4641"
"2024-08-14","1","3139"
"2024-08-14","2","4246"
"2024-08-14","3","5970"
"2024-08-14","4","3880"
"2024-08-14","5","6859"
"2024-08-14","6","4008"
"2024-08-14","7","167A"
"2024-08-14","8","8130"
"2024-08-14","9","7864"
"2024-08-14","10","4641"
"2024-08-15","1","3139"
"2024-08-15","2","4246"
"2024-08-15","3","3880"
"2024-08-15","4","5970"
"2024-08-15","5","4008"
"2024-08-15","6","167A"
"2024-08-15","7","6859"
"2024-08-15","8","8130"
"2024-08-15","9","7864"
"2024-08-15","10","9304"
"2024-08-16","1","3139"
"2024-08-16","2","4246"
"2024-08-16","3","3880"
"2024-08-16","4","4008"
"2024-08-16","5","5970"
"2024-08-16","6","167A"
"2024-08-16","7","6859"
"2024-08-16","8","7864"
"2024-08-16","9","4641"
"2024-08-16","10","8130"
"2024-08-19","1","3139"
"2024-08-19","2","3880"
"2024-08-19","3","5970"
"2024-08-19","4","4246"
"2024-08-19","5","4008"
"2024-08-19","6","167A"
"2024-08-19","7","7864"
"2024-08-19","8","9304"
"2024-08-19","9","4641"
"2024-08-19","10","8130"
"2024-08-20","1","3139"
"2024-08-20","2","5970"
"2024-08-20","3","4246"
"2024-08-20","4","167A"
"2024-08-20","5","4008"
"2024-08-20","6","3880"
"2024-08-20","7","7864"
"2024-08-20","8","8130"
"2024-08-20","9","9304"
"2024-08-20","10","6440"
"2024-08-21","1","3139"
"2024-08-21","2","5970"
"2024-08-21","3","4246"
"2024-08-21","4","7864"
"2024-08-21","5","3880"
"2024-08-21","6","4008"
"2024-08-21","7","167A"
"2024-08-21","8","8130"
"2024-08-21","9","6440"
"2024-08-21","10","3612"
"2024-08-22","1","3139"
"2024-08-22","2","5970"
"2024-08-22","3","3880"
"2024-08-22","4","7864"
"2024-08-22","5","4246"
"2024-08-22","6","167A"
"2024-08-22","7","4008"
"2024-08-22","8","3612"
"2024-08-22","9","8130"
"2024-08-22","10","9304"
"2024-08-23","1","3139"
"2024-08-23","2","5970"
"2024-08-23","3","4246"
"2024-08-23","4","7864"
"2024-08-23","5","4008"
"2024-08-23","6","167A"
"2024-08-23","7","3880"
"2024-08-23","8","3612"
"2024-08-23","9","8130"
"2024-08-23","10","9304"
"2024-08-26","1","3139"
"2024-08-26","2","5970"
"2024-08-26","3","4246"
"2024-08-26","4","167A"
"2024-08-26","5","4008"
"2024-08-26","6","7864"
"2024-08-26","7","3880"
"2024-08-26","8","3612"
"2024-08-26","9","9304"
"2024-08-26","10","8130"
"2024-08-27","1","3139"
"2024-08-27","2","5970"
"2024-08-27","3","7864"
"2024-08-27","4","4246"
"2024-08-27","5","167A"
"2024-08-27","6","4008"
"2024-08-27","7","3880"
"2024-08-27","8","3612"
"2024-08-27","9","9304"
"2024-08-27","10","8130"
"2024-08-28","1","3139"
"2024-08-28","2","5970"
"2024-08-28","3","4008"
"2024-08-28","4","7864"
"2024-08-28","5","4246"
"2024-08-28","6","167A"
"2024-08-28","7","3880"
"2024-08-28","8","9304"
"2024-08-28","9","3612"
"2024-08-28","10","8130"
"2024-08-29","1","3139"
"2024-08-29","2","5970"
"2024-08-29","3","7864"
"2024-08-29","4","3880"
"2024-08-29","5","4246"
"2024-08-29","6","4008"
"2024-08-29","7","167A"
"2024-08-29","8","9304"
"2024-08-29","9","3612"
"2024-08-29","10","6440"
"2024-08-30","1","3139"
"2024-08-30","2","5970"
"2024-08-30","3","4246"
"2024-08-30","4","7864"
"2024-08-30","5","3880"
"2024-08-30","6","4008"
"2024-08-30","7","6440"
"2024-08-30","8","3612"
"2024-08-30","9","8130"
"2024-08-30","10","7607"
"2024-09-02","1","3139"
"2024-09-02","2","5970"
"2024-09-02","3","4246"
"2024-09-02","4","7864"
"2024-09-02","5","3880"
"2024-09-02","6","6440"
"2024-09-02","7","3612"
"2024-09-02","8","167A"
"2024-09-02","9","8130"
"2024-09-02","10","8137"
"2024-09-03","1","3139"
"2024-09-03","2","5970"
"2024-09-03","3","4246"
"2024-09-03","4","7864"
"2024-09-03","5","3880"
"2024-09-03","6","6440"
"2024-09-03","7","3612"
"2024-09-03","8","8130"
"2024-09-03","9","8137"
"2024-09-03","10","167A"
"2024-09-04","1","3139"
"2024-09-04","2","4246"
"2024-09-04","3","5970"
"2024-09-04","4","7864"
"2024-09-04","5","3880"
"2024-09-04","6","3612"
"2024-09-04","7","5408"
"2024-09-04","8","8137"
"2024-09-04","9","8130"
"2024-09-04","10","7607"
"2024-09-05","1","3139"
"2024-09-05","2","5970"
"2024-09-05","3","7864"
"2024-09-05","4","3612"
"2024-09-05","5","3880"
"2024-09-05","6","7607"
"2024-09-05","7","5408"
"2024-09-05","8","8130"
"2024-09-05","9","8137"
"2024-09-05","10","167A"
"2024-09-06","1","3139"
"2024-09-06","2","8101"
"2024-09-06","3","5970"
"2024-09-06","4","7864"
"2024-09-06","5","3612"
"2024-09-06","6","7607"
"2024-09-06","7","3880"
"2024-09-06","8","5408"
"2024-09-06","9","8130"
"2024-09-06","10","167A"
"2024-09-09","1","3139"
"2024-09-09","2","8101"
"2024-09-09","3","5970"
"2024-09-09","4","7864"
"2024-09-09","5","7607"
"2024-09-09","6","3880"
"2024-09-09","7","5408"
"2024-09-09","8","3612"
"2024-09-09","9","8130"
"2024-09-09","10","6859"
"2024-09-10","1","3139"
"2024-09-10","2","8101"
"2024-09-10","3","5970"
"2024-09-10","4","5408"
"2024-09-10","5","7607"
"2024-09-10","6","3612"
"2024-09-10","7","3880"
"2024-09-10","8","7864"
"2024-09-10","9","8130"
"2024-09-10","10","167A"
"2024-09-11","1","3139"
"2024-09-11","2","8101"
"2024-09-11","3","5970"
"2024-09-11","4","3612"
"2024-09-11","5","5408"
"2024-09-11","6","7607"
"2024-09-11","7","3880"
"2024-09-11","8","7864"
"2024-09-11","9","167A"
"2024-09-11","10","8130"
"2024-09-12","1","3139"
"2024-09-12","2","8101"
"2024-09-12","3","5970"
"2024-09-12","4","3612"
"2024-09-12","5","5408"
"2024-09-12","6","7607"
"2024-09-12","7","167A"
"2024-09-12","8","3880"
"2024-09-12","9","7864"
"2024-09-12","10","8130"
"2024-09-13","1","3139"
"2024-09-13","2","8101"
"2024-09-13","3","5970"
"2024-09-13","4","7607"
"2024-09-13","5","5408"
"2024-09-13","6","3612"
"2024-09-13","7","3880"
"2024-09-13","8","7864"
"2024-09-13","9","167A"
"2024-09-13","10","8130"
"2024-09-17","1","3139"
"2024-09-17","2","8101"
"2024-09-17","3","5970"
"2024-09-17","4","5408"
"2024-09-17","5","3612"
"2024-09-17","6","167A"
"2024-09-17","7","3880"
"2024-09-17","8","7864"
"2024-09-17","9","8130"
"2024-09-17","10","1720"
"2024-09-18","1","3139"
"2024-09-18","2","8101"
"2024-09-18","3","5970"
"2024-09-18","4","5408"
"2024-09-18","5","167A"
"2024-09-18","6","3612"
"2024-09-18","7","7864"
"2024-09-18","8","3880"
"2024-09-18","9","1720"
"2024-09-18","10","8130"
"2024-09-19","1","3139"
"2024-09-19","2","8101"
"2024-09-19","3","5970"
"2024-09-19","4","5408"
"2024-09-19","5","3612"
"2024-09-19","6","167A"
"2024-09-19","7","7864"
"2024-09-19","8","3880"
"2024-09-19","9","8130"
"2024-09-19","10","3116"
"2024-09-20","1","3139"
"2024-09-20","2","8101"
"2024-09-20","3","5970"
"2024-09-20","4","5408"
"2024-09-20","5","3612"
"2024-09-20","6","167A"
"2024-09-20","7","7864"
"2024-09-20","8","3880"
"2024-09-20","9","8214"
"2024-09-20","10","3116"
"2024-09-24","1","3139"
"2024-09-24","2","8101"
"2024-09-24","3","5970"
"2024-09-24","4","5408"
"2024-09-24","5","3612"
"2024-09-24","6","167A"
"2024-09-24","7","7864"
"2024-09-24","8","3880"
"2024-09-24","9","1720"
"2024-09-24","10","8214"
"2024-09-25","1","3139"
"2024-09-25","2","8101"
"2024-09-25","3","5970"
"2024-09-25","4","5408"
"2024-09-25","5","3612"
"2024-09-25","6","167A"
"2024-09-25","7","8081"
"2024-09-25","8","7864"
"2024-09-25","9","3880"
"2024-09-25","10","1720"
"2024-09-26","1","3139"
"2024-09-26","2","8101"
"2024-09-26","3","5970"
"2024-09-26","4","5408"
"2024-09-26","5","3612"
"2024-09-26","6","167A"
"2024-09-26","7","7864"
"2024-09-26","8","8081"
"2024-09-26","9","3880"
"2024-09-26","10","1720"
"2024-09-27","1","3139"
"2024-09-27","2","8101"
"2024-09-27","3","5970"
"2024-09-27","4","4008"
"2024-09-27","5","4246"
"2024-09-27","6","167A"
"2024-09-27","7","5408"
"2024-09-27","8","3612"
"2024-09-27","9","7864"
"2024-09-27","10","8081"
"2024-09-30","1","3139"
"2024-09-30","2","8101"
"2024-09-30","3","5970"
"2024-09-30","4","4246"
"2024-09-30","5","4008"
"2024-09-30","6","167A"
"2024-09-30","7","3612"
"2024-09-30","8","5408"
"2024-09-30","9","7864"
"2024-09-30","10","3880"
"2024-10-01","1","8101"
"2024-10-01","2","5970"
"2024-10-01","3","4246"
"2024-10-01","4","3612"
"2024-10-01","5","167A"
"2024-10-01","6","5408"
"2024-10-01","7","7864"
"2024-10-01","8","8125"
"2024-10-01","9","1720"
"2024-10-01","10","3880"
"2024-10-02","1","8101"
"2024-10-02","2","5970"
"2024-10-02","3","4246"
"2024-10-02","4","3612"
"2024-10-02","5","4008"
"2024-10-02","6","167A"
"2024-10-02","7","5408"
"2024-10-02","8","7864"
"2024-10-02","9","8125"
"2024-10-02","10","8214"
"2024-10-03","1","8101"
"2024-10-03","2","5970"
"2024-10-03","3","4246"
"2024-10-03","4","3612"
"2024-10-03","5","4008"
"2024-10-03","6","7864"
"2024-10-03","7","5408"
"2024-10-03","8","167A"
"2024-10-03","9","3880"
"2024-10-03","10","8125"
"2024-10-04","1","8101"
"2024-10-04","2","5970"
"2024-10-04","3","3612"
"2024-10-04","4","4008"
"2024-10-04","5","7864"
"2024-10-04","6","5408"
"2024-10-04","7","167A"
"2024-10-04","8","9793"
"2024-10-04","9","3880"
"2024-10-04","10","8125"
"2024-10-07","1","8101"
"2024-10-07","2","5970"
"2024-10-07","3","3612"
"2024-10-07","4","167A"
"2024-10-07","5","7864"
"2024-10-07","6","5408"
"2024-10-07","7","8125"
"2024-10-07","8","9793"
"2024-10-07","9","8157"
"2024-10-07","10","3116"
"2024-10-08","1","8101"
"2024-10-08","2","5970"
"2024-10-08","3","3612"
"2024-10-08","4","167A"
"2024-10-08","5","7864"
"2024-10-08","6","5408"
"2024-10-08","7","8125"
"2024-10-08","8","3880"
"2024-10-08","9","8157"
"2024-10-08","10","9793"
"2024-10-09","1","8101"
"2024-10-09","2","5970"
"2024-10-09","3","3612"
"2024-10-09","4","167A"
"2024-10-09","5","7864"
"2024-10-09","6","5408"
"2024-10-09","7","8125"
"2024-10-09","8","8157"
"2024-10-09","9","3880"
"2024-10-09","10","8214"
"2024-10-10","1","3139"
"2024-10-10","2","8101"
"2024-10-10","3","5970"
"2024-10-10","4","3612"
"2024-10-10","5","167A"
"2024-10-10","6","9793"
"2024-10-10","7","7864"
"2024-10-10","8","5408"
"2024-10-10","9","8125"
"2024-10-10","10","3880"
"2024-10-11","1","3139"
"2024-10-11","2","8101"
"2024-10-11","3","5970"
"2024-10-11","4","9793"
"2024-10-11","5","3612"
"2024-10-11","6","167A"
"2024-10-11","7","5408"
"2024-10-11","8","8125"
"2024-10-11","9","7864"
"2024-10-11","10","8157"
"2024-10-15","1","3139"
"2024-10-15","2","8101"
"2024-10-15","3","5970"
"2024-10-15","4","3612"
"2024-10-15","5","9793"
"2024-10-15","6","167A"
"2024-10-15","7","8125"
"2024-10-15","8","7864"
"2024-10-15","9","5408"
"2024-10-15","10","3880"
"2024-10-16","1","3139"
"2024-10-16","2","8101"
"2024-10-16","3","5970"
"2024-10-16","4","3612"
"2024-10-16","5","9793"
"2024-10-16","6","8125"
"2024-10-16","7","167A"
"2024-10-16","8","7864"
"2024-10-16","9","3880"
"2024-10-16","10","8157"
"2024-10-17","1","3139"
"2024-10-17","2","8101"
"2024-10-17","3","3612"
"2024-10-17","4","5970"
"2024-10-17","5","9793"
"2024-10-17","6","167A"
"2024-10-17","7","7864"
"2024-10-17","8","3880"
"2024-10-17","9","5408"
"2024-10-17","10","6859"
"2024-10-18","1","3139"
"2024-10-18","2","8101"
"2024-10-18","3","3612"
"2024-10-18","4","5970"
"2024-10-18","5","9793"
"2024-10-18","6","167A"
"2024-10-18","7","7864"
"2024-10-18","8","3880"
"2024-10-18","9","5408"
"2024-10-18","10","3116"
"2024-10-21","1","3139"
"2024-10-21","2","3612"
"2024-10-21","3","5970"
"2024-10-21","4","9793"
"2024-10-21","5","3880"
"2024-10-21","6","167A"
"2024-10-21","7","7864"
"2024-10-21","8","5408"
"2024-10-21","9","6859"
"2024-10-21","10","3116"
"2024-10-22","1","3139"
"2024-10-22","2","3612"
"2024-10-22","3","5970"
"2024-10-22","4","9793"
"2024-10-22","5","167A"
"2024-10-22","6","3880"
"2024-10-22","7","7864"
"2024-10-22","8","5408"
"2024-10-22","9","3116"
"2024-10-22","10","8214"
"2024-10-23","1","3139"
"2024-10-23","2","3612"
"2024-10-23","3","5970"
"2024-10-23","4","9793"
"2024-10-23","5","167A"
"2024-10-23","6","3880"
"2024-10-23","7","7864"
"2024-10-23","8","5408"
"2024-10-23","9","8214"
"2024-10-23","10","6859"
"2024-10-24","1","3139"
"2024-10-24","2","5970"
"2024-10-24","3","3612"
"2024-10-24","4","9793"
"2024-10-24","5","3880"
"2024-10-24","6","167A"
"2024-10-24","7","7864"
"2024-10-24","8","5408"
"2024-10-24","9","6859"
"2024-10-24","10","3116"
"2024-10-25","1","3139"
"2024-10-25","2","5970"
"2024-10-25","3","3612"
"2024-10-25","4","9793"
"2024-10-25","5","167A"
"2024-10-25","6","3880"
"2024-10-25","7","7864"
"2024-10-25","8","5408"
"2024-10-25","9","8214"
"2024-10-25","10","6859"
"2024-10-28","1","3139"
"2024-10-28","2","5970"
"2024-10-28","3","9793"
"2024-10-28","4","3612"
"2024-10-28","5","3880"
"2024-10-28","6","167A"
"2024-10-28","7","7864"
"2024-10-28","8","8214"
"2024-10-28","9","5408"
"2024-10-28","10","6859"
"2024-10-29","1","3139"
"2024-10-29","2","5970"
"2024-10-29","3","9793"
"2024-10-29","4","3880"
"2024-10-29","5","3612"
"2024-10-29","6","167A"
"2024-10-29","7","7864"
"2024-10-29","8","5408"
"2024-10-29","9","3231"
"2024-10-29","10","3116"
"2024-10-30","1","3139"
"2024-10-30","2","5970"
"2024-10-30","3","9793"
"2024-10-30","4","3612"
"2024-10-30","5","3880"
"2024-10-30","6","167A"
"2024-10-30","7","7864"
"2024-10-30","8","6859"
"2024-10-30","9","8130"
"2024-10-30","10","8214"
"2024-10-31","1","3139"
"2024-10-31","2","8137"
"2024-10-31","3","9793"
"2024-10-31","4","5970"
"2024-10-31","5","3880"
"2024-10-31","6","3612"
"2024-10-31","7","167A"
"2024-10-31","8","7864"
"2024-10-31","9","3231"
"2024-10-31","10","8130"
"2024-11-01","1","3139"
"2024-11-01","2","8137"
"2024-11-01","3","5970"
"2024-11-01","4","9793"
"2024-11-01","5","3612"
"2024-11-01","6","3880"
"2024-11-01","7","167A"
"2024-11-01","8","3231"
"2024-11-01","9","7864"
"2024-11-01","10","7994"
"2024-11-05","1","3139"
"2024-11-05","2","8137"
"2024-11-05","3","5970"
"2024-11-05","4","9793"
"2024-11-05","5","3880"
"2024-11-05","6","3612"
"2024-11-05","7","167A"
"2024-11-05","8","3231"
"2024-11-05","9","7864"
"2024-11-05","10","8130"
"2024-11-06","1","3139"
"2024-11-06","2","5970"
"2024-11-06","3","3880"
"2024-11-06","4","8137"
"2024-11-06","5","9793"
"2024-11-06","6","3612"
"2024-11-06","7","167A"
"2024-11-06","8","3231"
"2024-11-06","9","7864"
"2024-11-06","10","4689"
"2024-11-07","1","3139"
"2024-11-07","2","9793"
"2024-11-07","3","3880"
"2024-11-07","4","3612"
"2024-11-07","5","5970"
"2024-11-07","6","8137"
"2024-11-07","7","167A"
"2024-11-07","8","3231"
"2024-11-07","9","4246"
"2024-11-07","10","7864"
"2024-11-08","1","3139"
"2024-11-08","2","8137"
"2024-11-08","3","3880"
"2024-11-08","4","5970"
"2024-11-08","5","3612"
"2024-11-08","6","9793"
"2024-11-08","7","3231"
"2024-11-08","8","167A"
"2024-11-08","9","7864"
"2024-11-08","10","4246"
"2024-11-11","1","3139"
"2024-11-11","2","8137"
"2024-11-11","3","5970"
"2024-11-11","4","3880"
"2024-11-11","5","3612"
"2024-11-11","6","167A"
"2024-11-11","7","9793"
"2024-11-11","8","3231"
"2024-11-11","9","8214"
"2024-11-11","10","7864"
"2024-11-12","1","3139"
"2024-11-12","2","5970"
"2024-11-12","3","8137"
"2024-11-12","4","3880"
"2024-11-12","5","3612"
"2024-11-12","6","9793"
"2024-11-12","7","167A"
"2024-11-12","8","8214"
"2024-11-12","9","3231"
"2024-11-12","10","1813"
"2024-11-13","1","3139"
"2024-11-13","2","5970"
"2024-11-13","3","8137"
"2024-11-13","4","9793"
"2024-11-13","5","3880"
"2024-11-13","6","3612"
"2024-11-13","7","167A"
"2024-11-13","8","3231"
"2024-11-13","9","8214"
"2024-11-13","10","1813"
"2024-11-14","1","3139"
"2024-11-14","2","3612"
"2024-11-14","3","5970"
"2024-11-14","4","8137"
"2024-11-14","5","3880"
"2024-11-14","6","9793"
"2024-11-14","7","167A"
"2024-11-14","8","3231"
"2024-11-14","9","8214"
"2024-11-14","10","1813"
"2024-11-15","1","3139"
"2024-11-15","2","3612"
"2024-11-15","3","4008"
"2024-11-15","4","8137"
"2024-11-15","5","3880"
"2024-11-15","6","9793"
"2024-11-15","7","167A"
"2024-11-15","8","5970"
"2024-11-15","9","8214"
"2024-11-15","10","3231"
"2024-11-18","1","3139"
"2024-11-18","2","4008"
"2024-11-18","3","3612"
"2024-11-18","4","3880"
"2024-11-18","5","5970"
"2024-11-18","6","8137"
"2024-11-18","7","167A"
"2024-11-18","8","9793"
"2024-11-18","9","8214"
"2024-11-18","10","1813"
"2024-11-19","1","3139"
"2024-11-19","2","4008"
"2024-11-19","3","3612"
"2024-11-19","4","8137"
"2024-11-19","5","5970"
"2024-11-19","6","3880"
"2024-11-19","7","167A"
"2024-11-19","8","9793"
"2024-11-19","9","4182"
"2024-11-19","10","3231"
"2024-11-20","1","3139"
"2024-11-20","2","4008"
"2024-11-20","3","3612"
"2024-11-20","4","5970"
"2024-11-20","5","8137"
"2024-11-20","6","167A"
"2024-11-20","7","9793"
"2024-11-20","8","3880"
"2024-11-20","9","1662"
"2024-11-20","10","4208"
"2024-11-21","1","3139"
"2024-11-21","2","4008"
"2024-11-21","3","3612"
"2024-11-21","4","5970"
"2024-11-21","5","167A"
"2024-11-21","6","8137"
"2024-11-21","7","3880"
"2024-11-21","8","1662"
"2024-11-21","9","9793"
"2024-11-21","10","4182"
"2024-11-22","1","3139"
"2024-11-22","2","4008"
"2024-11-22","3","3612"
"2024-11-22","4","167A"
"2024-11-22","5","5970"
"2024-11-22","6","8137"
"2024-11-22","7","1662"
"2024-11-22","8","9793"
"2024-11-22","9","3880"
"2024-11-22","10","4182"
"2024-11-25","1","3139"
"2024-11-25","2","4008"
"2024-11-25","3","3612"
"2024-11-25","4","167A"
"2024-11-25","5","5970"
"2024-11-25","6","8137"
"2024-11-25","7","1662"
"2024-11-25","8","4182"
"2024-11-25","9","9793"
"2024-11-25","10","1813"
"2024-11-26","1","3139"
"2024-11-26","2","4008"
"2024-11-26","3","3612"
"2024-11-26","4","167A"
"2024-11-26","5","5970"
"2024-11-26","6","8137"
"2024-11-26","7","1662"
"2024-11-26","8","1813"
"2024-11-26","9","9793"
"2024-11-26","10","4182"
"2024-11-27","1","3139"
"2024-11-27","2","4008"
"2024-11-27","3","3612"
"2024-11-27","4","167A"
"2024-11-27","5","5970"
"2024-11-27","6","8137"
"2024-11-27","7","1662"
"2024-11-27","8","9793"
"2024-11-27","9","1814"
"2024-11-27","10","1813"
"2024-11-28","1","3139"
"2024-11-28","2","4008"
"2024-11-28","3","3612"
"2024-11-28","4","5970"
"2024-11-28","5","167A"
"2024-11-28","6","1662"
"2024-11-28","7","1814"
"2024-11-28","8","1813"
"2024-11-28","9","4182"
"2024-11-28","10","9793"
"2024-11-29","1","3139"
"2024-11-29","2","4008"
"2024-11-29","3","167A"
"2024-11-29","4","5970"
"2024-11-29","5","1662"
"2024-11-29","6","1814"
"2024-11-29","7","1813"
"2024-11-29","8","9793"
"2024-11-29","9","4208"
"2024-11-29","10","4182"
"2024-12-02","1","3139"
"2024-12-02","2","4008"
"2024-12-02","3","167A"
"2024-12-02","4","1662"
"2024-12-02","5","5970"
"2024-12-02","6","1814"
"2024-12-02","7","1813"
"2024-12-02","8","4208"
"2024-12-02","9","4182"
"2024-12-02","10","9793"
"2024-12-03","1","3139"
"2024-12-03","2","4008"
"2024-12-03","3","167A"
"2024-12-03","4","1662"
"2024-12-03","5","5970"
"2024-12-03","6","1814"
"2024-12-03","7","1813"
"2024-12-03","8","4208"
"2024-12-03","9","8214"
"2024-12-03","10","4182"
"2024-12-04","1","3139"
"2024-12-04","2","4008"
"2024-12-04","3","167A"
"2024-12-04","4","1662"
"2024-12-04","5","5970"
"2024-12-04","6","1814"
"2024-12-04","7","1813"
"2024-12-04","8","4208"
"2024-12-04","9","4182"
"2024-12-04","10","8214"
"2024-12-05","1","3139"
"2024-12-05","2","4008"
"2024-12-05","3","167A"
"2024-12-05","4","1814"
"2024-12-05","5","5970"
"2024-12-05","6","4208"
"2024-12-05","7","1662"
"2024-12-05","8","4182"
"2024-12-05","9","8214"
"2024-12-05","10","9793"
"2024-12-06","1","3139"
"2024-12-06","2","4008"
"2024-12-06","3","167A"
"2024-12-06","4","4182"
"2024-12-06","5","1814"
"2024-12-06","6","5970"
"2024-12-06","7","4208"
"2024-12-06","8","1662"
"2024-12-06","9","9793"
"2024-12-06","10","8214"
"2024-12-09","1","3139"
"2024-12-09","2","4008"
"2024-12-09","3","167A"
"2024-12-09","4","4182"
"2024-12-09","5","1814"
"2024-12-09","6","5970"
"2024-12-09","7","1662"
"2024-12-09","8","9793"
"2024-12-09","9","4208"
"2024-12-09","10","8214"
"2024-12-10","1","3139"
"2024-12-10","2","4008"
"2024-12-10","3","167A"
"2024-12-10","4","4182"
"2024-12-10","5","1814"
"2024-12-10","6","5970"
"2024-12-10","7","1662"
"2024-12-10","8","4208"
"2024-12-10","9","9793"
"2024-12-10","10","8214"
"2024-12-11","1","3139"
"2024-12-11","2","4008"
"2024-12-11","3","167A"
"2024-12-11","4","4182"
"2024-12-11","5","1662"
"2024-12-11","6","5970"
"2024-12-11","7","1814"
"2024-12-11","8","4208"
"2024-12-11","9","9793"
"2024-12-11","10","3391"
"2024-12-12","1","3139"
"2024-12-12","2","4008"
"2024-12-12","3","167A"
"2024-12-12","4","4182"
"2024-12-12","5","1662"
"2024-12-12","6","5970"
"2024-12-12","7","4208"
"2024-12-12","8","1814"
"2024-12-12","9","9793"
"2024-12-12","10","3391"
"2024-12-13","1","3139"
"2024-12-13","2","4008"
"2024-12-13","3","167A"
"2024-12-13","4","4182"
"2024-12-13","5","1662"
"2024-12-13","6","9793"
"2024-12-13","7","4208"
"2024-12-13","8","5970"
"2024-12-13","9","1814"
"2024-12-13","10","7994"
"2024-12-16","1","3139"
"2024-12-16","2","4008"
"2024-12-16","3","167A"
"2024-12-16","4","1662"
"2024-12-16","5","4182"
"2024-12-16","6","9793"
"2024-12-16","7","4208"
"2024-12-16","8","1814"
"2024-12-16","9","5970"
"2024-12-16","10","7994"
"2024-12-17","1","3139"
"2024-12-17","2","4008"
"2024-12-17","3","167A"
"2024-12-17","4","9793"
"2024-12-17","5","4208"
"2024-12-17","6","1814"
"2024-12-17","7","4182"
"2024-12-17","8","1662"
"2024-12-17","9","5970"
"2024-12-17","10","7994"
"2024-12-18","1","3139"
"2024-12-18","2","4008"
"2024-12-18","3","167A"
"2024-12-18","4","9793"
"2024-12-18","5","1814"
"2024-12-18","6","1662"
"2024-12-18","7","4208"
"2024-12-18","8","4182"
"2024-12-18","9","5970"
"2024-12-18","10","7994"
"2024-12-19","1","3139"
"2024-12-19","2","4008"
"2024-12-19","3","167A"
"2024-12-19","4","1662"
"2024-12-19","5","4208"
"2024-12-19","6","1814"
"2024-12-19","7","9793"
"2024-12-19","8","4182"
"2024-12-19","9","5970"
"2024-12-19","10","7994"
"2024-12-20","1","3139"
"2024-12-20","2","4008"
"2024-12-20","3","167A"
"2024-12-20","4","1662"
"2024-12-20","5","1814"
"2024-12-20","6","4208"
"2024-12-20","7","9793"
"2024-12-20","8","4182"
"2024-12-20","9","7994"
"2024-12-20","10","3391"
"2024-12-23","1","3139"
"2024-12-23","2","4008"
"2024-12-23","3","167A"
"2024-12-23","4","1662"
"2024-12-23","5","4208"
"2024-12-23","6","9793"
"2024-12-23","7","1814"
"2024-12-23","8","4182"
"2024-12-23","9","7994"
"2024-12-23","10","3391"
"2024-12-24","1","3139"
"2024-12-24","2","4008"
"2024-12-24","3","167A"
"2024-12-24","4","9793"
"2024-12-24","5","4208"
"2024-12-24","6","1662"
"2024-12-24","7","1814"
"2024-12-24","8","4182"
"2024-12-24","9","7994"
"2024-12-24","10","3391"
"2024-12-25","1","3139"
"2024-12-25","2","4008"
"2024-12-25","3","167A"
"2024-12-25","4","6309"
"2024-12-25","5","9793"
"2024-12-25","6","4208"
"2024-12-25","7","1662"
"2024-12-25","8","4182"
"2024-12-25","9","7994"
"2024-12-25","10","3391"
"2024-12-26","1","3139"
"2024-12-26","2","4008"
"2024-12-26","3","167A"
"2024-12-26","4","4208"
"2024-12-26","5","9793"
"2024-12-26","6","6309"
"2024-12-26","7","1813"
"2024-12-26","8","1662"
"2024-12-26","9","4182"
"2024-12-26","10","7994"
"2024-12-27","1","3139"
"2024-12-27","2","4008"
"2024-12-27","3","167A"
"2024-12-27","4","6309"
"2024-12-27","5","4208"
"2024-12-27","6","9793"
"2024-12-27","7","7994"
"2024-12-27","8","1662"
"2024-12-27","9","1813"
"2024-12-27","10","4182"
"2024-12-30","1","3139"
"2024-12-30","2","4008"
"2024-12-30","3","167A"
"2024-12-30","4","9793"
"2024-12-30","5","4208"
"2024-12-30","6","6309"
"2024-12-30","7","1662"
"2024-12-30","8","7994"
"2024-12-30","9","1813"
"2024-12-30","10","4182"
"2025-01-06","1","3139"
"2025-01-06","2","4008"
"2025-01-06","3","6309"
"2025-01-06","4","167A"
"2025-01-06","5","4208"
"2025-01-06","6","7994"
"2025-01-06","7","9793"
"2025-01-06","8","1813"
"2025-01-06","9","1662"
"2025-01-06","10","4182"
"2025-01-07","1","3139"
"2025-01-07","2","4008"
"2025-01-07","3","6309"
"2025-01-07","4","9793"
"2025-01-07","5","167A"
"2025-01-07","6","7994"
"2025-01-07","7","1813"
"2025-01-07","8","4208"
"2025-01-07","9","1662"
"2025-01-07","10","4182"
"2025-01-08","1","3139"
"2025-01-08","2","4008"
"2025-01-08","3","6309"
"2025-01-08","4","167A"
"2025-01-08","5","7994"
"2025-01-08","6","9793"
"2025-01-08","7","1813"
"2025-01-08","8","4208"
"2025-01-08","9","1662"
"2025-01-08","10","4182"
"2025-01-09","1","3139"
"2025-01-09","2","4008"
"2025-01-09","3","6309"
"2025-01-09","4","7994"
"2025-01-09","5","167A"
"2025-01-09","6","9793"
"2025-01-09","7","4208"
"2025-01-09","8","1813"
"2025-01-09","9","1662"
"2025-01-09","10","4182"
"2025-01-10","1","3139"
"2025-01-10","2","4008"
"2025-01-10","3","6309"
"2025-01-10","4","7994"
"2025-01-10","5","167A"
"2025-01-10","6","9793"
"2025-01-10","7","1813"
"2025-01-10","8","4208"
"2025-01-10","9","1662"
"2025-01-10","10","5970"
"2025-01-14","1","3139"
"2025-01-14","2","4008"
"2025-01-14","3","6309"
"2025-01-14","4","167A"
"2025-01-14","5","7994"
"2025-01-14","6","1662"
"2025-01-14","7","9793"
"2025-01-14","8","4208"
"2025-01-14","9","1899"
"2025-01-14","10","5970"
"2025-01-15","1","3139"
"2025-01-15","2","4008"
"2025-01-15","3","167A"
"2025-01-15","4","6309"
"2025-01-15","5","7994"
"2025-01-15","6","1662"
"2025-01-15","7","4208"
"2025-01-15","8","9793"
"2025-01-15","9","1899"
"2025-01-15","10","4182"
"2025-01-16","1","3139"
"2025-01-16","2","4008"
"2025-01-16","3","167A"
"2025-01-16","4","1662"
"2025-01-16","5","6309"
"2025-01-16","6","7994"
"2025-01-16","7","4208"
"2025-01-16","8","2163"
"2025-01-16","9","9793"
"2025-01-16","10","1899"
"2025-01-17","1","3139"
"2025-01-17","2","4008"
"2025-01-17","3","167A"
"2025-01-17","4","6309"
"2025-01-17","5","7994"
"2025-01-17","6","1662"
"2025-01-17","7","4208"
"2025-01-17","8","1899"
"2025-01-17","9","9793"
"2025-01-17","10","2163"
"2025-01-20","1","3139"
"2025-01-20","2","4008"
"2025-01-20","3","167A"
"2025-01-20","4","1662"
"2025-01-20","5","7994"
"2025-01-20","6","4208"
"2025-01-20","7","1899"
"2025-01-20","8","4182"
"2025-01-20","9","5970"
"2025-01-20","10","2163"
"2025-01-21","1","3139"
"2025-01-21","2","4008"
"2025-01-21","3","1662"
"2025-01-21","4","167A"
"2025-01-21","5","7994"
"2025-01-21","6","4208"
"2025-01-21","7","1899"
"2025-01-21","8","9793"
"2025-01-21","9","4182"
"2025-01-21","10","2163"
"2025-01-22","1","3139"
"2025-01-22","2","4008"
"2025-01-22","3","1662"
"2025-01-22","4","167A"
"2025-01-22","5","7994"
"2025-01-22","6","4208"
"2025-01-22","7","1899"
"2025-01-22","8","2163"
"2025-01-22","9","4182"
"2025-01-22","10","9793"
"2025-01-23","1","3139"
"2025-01-23","2","4008"
"2025-01-23","3","7994"
"2025-01-23","4","1662"
"2025-01-23","5","167A"
"2025-01-23","6","4208"
"2025-01-23","7","1899"
"2025-01-23","8","2163"
"2025-01-23","9","6369"
"2025-01-23","10","5970"
"2025-01-24","1","3139"
"2025-01-24","2","4008"
"2025-01-24","3","7994"
"2025-01-24","4","1662"
"2025-01-24","5","167A"
"2025-01-24","6","4208"
"2025-01-24","7","1899"
"2025-01-24","8","5970"
"2025-01-24","9","2163"
"2025-01-24","10","6369"
"2025-01-27","1","3139"
"2025-01-27","2","4008"
"2025-01-27","3","7994"
"2025-01-27","4","167A"
"2025-01-27","5","1662"
"2025-01-27","6","4208"
"2025-01-27","7","1899"
"2025-01-27","8","5970"
"2025-01-27","9","2163"
"2025-01-27","10","4182"
"2025-01-28","1","3139"
"2025-01-28","2","4008"
"2025-01-28","3","7994"
"2025-01-28","4","167A"
"2025-01-28","5","1662"
"2025-01-28","6","4208"
"2025-01-28","7","1899"
"2025-01-28","8","5970"
"2025-01-28","9","2163"
"2025-01-28","10","6369"
"2025-01-29","1","3139"
"2025-01-29","2","4008"
"2025-01-29","3","167A"
"2025-01-29","4","7994"
"2025-01-29","5","1662"
"2025-01-29","6","4368"
"2025-01-29","7","4208"
"2025-01-29","8","1899"
"2025-01-29","9","5970"
"2025-01-29","10","2163"
"2025-01-30","1","3139"
"2025-01-30","2","4008"
"2025-01-30","3","7994"
"2025-01-30","4","167A"
"2025-01-30","5","1662"
"2025-01-30","6","4368"
"2025-01-30","7","4208"
"2025-01-30","8","5970"
"2025-01-30","9","4182"
"2025-01-30","10","3391"
"2025-01-31","1","3139"
"2025-01-31","2","4008"
"2025-01-31","3","7994"
"2025-01-31","4","167A"
"2025-01-31","5","4368"
"2025-01-31","6","1662"
"2025-01-31","7","4208"
"2025-01-31","8","5970"
"2025-01-31","9","2163"
"2025-01-31","10","3391"
"2025-02-03","1","3139"
"2025-02-03","2","4008"
"2025-02-03","3","7994"
"2025-02-03","4","4368"
"2025-02-03","5","167A"
"2025-02-03","6","1662"
"2025-02-03","7","4208"
"2025-02-03","8","5970"
"2025-02-03","9","9507"
"2025-02-03","10","2163"
"2025-02-04","1","3139"
"2025-02-04","2","4008"
"2025-02-04","3","7994"
"2025-02-04","4","4368"
"2025-02-04","5","167A"
"2025-02-04","6","4208"
"2025-02-04","7","1662"
"2025-02-04","8","9507"
"2025-02-04","9","5970"
"2025-02-04","10","2163"
"2025-02-05","1","3139"
"2025-02-05","2","4008"
"2025-02-05","3","4368"
"2025-02-05","4","7994"
"2025-02-05","5","4208"
"2025-02-05","6","167A"
"2025-02-05","7","1662"
"2025-02-05","8","9507"
"2025-02-05","9","5970"
"2025-02-05","10","4205"
"2025-02-06","1","3139"
"2025-02-06","2","4008"
"2025-02-06","3","4368"
"2025-02-06","4","7994"
"2025-02-06","5","4208"
"2025-02-06","6","167A"
"2025-02-06","7","1662"
"2025-02-06","8","9507"
"2025-02-06","9","4205"
"2025-02-06","10","5970"
"2025-02-07","1","3139"
"2025-02-07","2","4008"
"2025-02-07","3","4368"
"2025-02-07","4","7994"
"2025-02-07","5","4208"
"2025-02-07","6","167A"
"2025-02-07","7","1662"
"2025-02-07","8","4205"
"2025-02-07","9","9507"
"2025-02-07","10","5970"
"2025-02-10","1","3139"
"2025-02-10","2","4008"
"2025-02-10","3","4368"
"2025-02-10","4","7994"
"2025-02-10","5","4208"
"2025-02-10","6","167A"
"2025-02-10","7","1662"
"2025-02-10","8","9507"
"2025-02-10","9","4205"
"2025-02-10","10","5970"
"2025-02-12","1","3139"
"2025-02-12","2","4368"
"2025-02-12","3","4008"
"2025-02-12","4","7994"
"2025-02-12","5","4208"
"2025-02-12","6","167A"
"2025-02-12","7","5970"
"2025-02-12","8","2148"
"2025-02-12","9","1662"
"2025-02-12","10","9793"
"2025-02-13","1","3139"
"2025-02-13","2","4368"
"2025-02-13","3","4008"
"2025-02-13","4","7994"
"2025-02-13","5","4208"
"2025-02-13","6","167A"
"2025-02-13","7","5970"
"2025-02-13","8","9507"
"2025-02-13","9","9793"
"2025-02-13","10","1662"
"2025-02-14","1","3139"
"2025-02-14","2","4368"
"2025-02-14","3","4008"
"2025-02-14","4","3612"
"2025-02-14","5","7994"
"2025-02-14","6","167A"
"2025-02-14","7","4208"
"2025-02-14","8","5105"
"2025-02-14","9","5970"
"2025-02-14","10","9793"
"2025-02-17","1","3139"
"2025-02-17","2","4368"
"2025-02-17","3","4008"
"2025-02-17","4","7994"
"2025-02-17","5","3612"
"2025-02-17","6","167A"
"2025-02-17","7","5970"
"2025-02-17","8","9793"
"2025-02-17","9","4208"
"2025-02-17","10","5110"
"2025-02-18","1","3139"
"2025-02-18","2","4368"
"2025-02-18","3","4008"
"2025-02-18","4","3612"
"2025-02-18","5","7994"
"2025-02-18","6","167A"
"2025-02-18","7","9793"
"2025-02-18","8","5970"
"2025-02-18","9","6369"
"2025-02-18","10","9507"
"2025-02-19","1","3139"
"2025-02-19","2","4368"
"2025-02-19","3","4008"
"2025-02-19","4","3612"
"2025-02-19","5","167A"
"2025-02-19","6","9793"
"2025-02-19","7","7994"
"2025-02-19","8","5970"
"2025-02-19","9","6369"
"2025-02-19","10","9507"
"2025-02-20","1","3139"
"2025-02-20","2","4368"
"2025-02-20","3","3612"
"2025-02-20","4","4008"
"2025-02-20","5","167A"
"2025-02-20","6","9793"
"2025-02-20","7","5970"
"2025-02-20","8","6369"
"2025-02-20","9","9507"
"2025-02-20","10","5105"
"2025-02-21","1","3139"
"2025-02-21","2","4368"
"2025-02-21","3","4008"
"2025-02-21","4","3612"
"2025-02-21","5","2163"
"2025-02-21","6","167A"
"2025-02-21","7","9793"
"2025-02-21","8","6369"
"2025-02-21","9","9507"
"2025-02-21","10","5970"
"2025-02-25","1","3139"
"2025-02-25","2","4368"
"2025-02-25","3","4008"
"2025-02-25","4","3612"
"2025-02-25","5","167A"
"2025-02-25","6","9793"
"2025-02-25","7","2163"
"2025-02-25","8","5970"
"2025-02-25","9","6369"
"2025-02-25","10","9507"
"2025-02-26","1","3139"
"2025-02-26","2","4368"
"2025-02-26","3","8137"
"2025-02-26","4","4008"
"2025-02-26","5","3612"
"2025-02-26","6","167A"
"2025-02-26","7","9793"
"2025-02-26","8","5970"
"2025-02-26","9","2163"
"2025-02-26","10","7994"
"2025-02-27","1","3139"
"2025-02-27","2","4368"
"2025-02-27","3","8137"
"2025-02-27","4","4008"
"2025-02-27","5","3612"
"2025-02-27","6","167A"
"2025-02-27","7","9793"
"2025-02-27","8","2163"
"2025-02-27","9","9507"
"2025-02-27","10","5970"
"2025-02-28","1","3139"
"2025-02-28","2","4368"
"2025-02-28","3","8137"
"2025-02-28","4","4008"
"2025-02-28","5","3612"
"2025-02-28","6","167A"
"2025-02-28","7","4765"
"2025-02-28","8","9507"
"2025-02-28","9","5970"
"2025-02-28","10","9793"
"2025-03-03","1","3139"
"2025-03-03","2","4368"
"2025-03-03","3","8137"
"2025-03-03","4","4008"
"2025-03-03","5","167A"
"2025-03-03","6","4765"
"2025-03-03","7","3612"
"2025-03-03","8","5970"
"2025-03-03","9","6369"
"2025-03-03","10","9507"
"2025-03-04","1","3139"
"2025-03-04","2","8137"
"2025-03-04","3","4368"
"2025-03-04","4","4008"
"2025-03-04","5","167A"
"2025-03-04","6","3612"
"2025-03-04","7","9507"
"2025-03-04","8","4765"
"2025-03-04","9","5970"
"2025-03-04","10","6369"
"2025-03-05","1","3139"
"2025-03-05","2","8137"
"2025-03-05","3","4368"
"2025-03-05","4","167A"
"2025-03-05","5","3612"
"2025-03-05","6","9507"
"2025-03-05","7","4008"
"2025-03-05","8","4765"
"2025-03-05","9","6369"
"2025-03-05","10","5970"
"2025-03-06","1","8137"
"2025-03-06","2","4368"
"2025-03-06","3","167A"
"2025-03-06","4","9507"
"2025-03-06","5","4765"
"2025-03-06","6","4008"
"2025-03-06","7","9790"
"2025-03-06","8","9793"
"2025-03-06","9","6369"
"2025-03-06","10","5970"
"2025-03-07","1","8137"
"2025-03-07","2","4368"
"2025-03-07","3","8101"
"2025-03-07","4","9507"
"2025-03-07","5","4765"
"2025-03-07","6","167A"
"2025-03-07","7","9790"
"2025-03-07","8","4008"
"2025-03-07","9","6369"
"2025-03-07","10","9793"
"2025-03-10","1","8137"
"2025-03-10","2","4368"
"2025-03-10","3","4765"
"2025-03-10","4","167A"
"2025-03-10","5","9507"
"2025-03-10","6","9790"
"2025-03-10","7","4008"
"2025-03-10","8","9793"
"2025-03-10","9","6369"
"2025-03-10","10","1815"
"2025-03-11","1","8137"
"2025-03-11","2","4368"
"2025-03-11","3","8101"
"2025-03-11","4","9507"
"2025-03-11","5","4765"
"2025-03-11","6","167A"
"2025-03-11","7","4008"
"2025-03-11","8","9790"
"2025-03-11","9","6369"
"2025-03-11","10","9793"
"2025-03-12","1","8137"
"2025-03-12","2","8101"
"2025-03-12","3","4368"
"2025-03-12","4","9507"
"2025-03-12","5","4765"
"2025-03-12","6","167A"
"2025-03-12","7","9790"
"2025-03-12","8","4008"
"2025-03-12","9","1815"
"2025-03-12","10","6369"
"2025-03-13","1","8137"
"2025-03-13","2","4368"
"2025-03-13","3","8101"
"2025-03-13","4","4765"
"2025-03-13","5","9507"
"2025-03-13","6","167A"
"2025-03-13","7","9790"
"2025-03-13","8","1815"
"2025-03-13","9","4008"
"2025-03-13","10","6369"
"2025-03-14","1","8137"
"2025-03-14","2","4368"
"2025-03-14","3","8101"
"2025-03-14","4","4765"
"2025-03-14","5","9507"
"2025-03-14","6","167A"
"2025-03-14","7","9790"
"2025-03-14","8","4008"
"2025-03-14","9","9793"
"2025-03-14","10","6369"
"2025-03-17","1","8137"
"2025-03-17","2","8101"
"2025-03-17","3","4368"
"2025-03-17","4","4765"
"2025-03-17","5","9507"
"2025-03-17","6","6309"
"2025-03-17","7","167A"
"2025-03-17","8","2163"
"2025-03-17","9","9790"
"2025-03-17","10","3763"
"2025-03-18","1","8137"
"2025-03-18","2","8101"
"2025-03-18","3","4368"
"2025-03-18","4","6309"
"2025-03-18","5","4765"
"2025-03-18","6","9507"
"2025-03-18","7","167A"
"2025-03-18","8","3763"
"2025-03-18","9","9790"
"2025-03-18","10","2163"
"2025-03-19","1","8137"
"2025-03-19","2","8101"
"2025-03-19","3","4368"
"2025-03-19","4","6309"
"2025-03-19","5","4765"
"2025-03-19","6","9507"
"2025-03-19","7","3763"
"2025-03-19","8","167A"
"2025-03-19","9","2163"
"2025-03-19","10","9790"
"2025-03-21","1","8137"
"2025-03-21","2","4368"
"2025-03-21","3","8101"
"2025-03-21","4","6309"
"2025-03-21","5","4765"
"2025-03-21","6","9507"
"2025-03-21","7","2163"
"2025-03-21","8","9790"
"2025-03-21","9","167A"
"2025-03-21","10","3763"
"2025-03-24","1","8137"
"2025-03-24","2","4368"
"2025-03-24","3","8101"
"2025-03-24","4","6706"
"2025-03-24","5","6309"
"2025-03-24","6","4765"
"2025-03-24","7","9507"
"2025-03-24","8","9790"
"2025-03-24","9","2163"
"2025-03-24","10","167A"
"2025-03-25","1","8137"
"2025-03-25","2","8101"
"2025-03-25","3","4368"
"2025-03-25","4","6309"
"2025-03-25","5","4765"
"2025-03-25","6","9507"
"2025-03-25","7","9790"
"2025-03-25","8","3763"
"2025-03-25","9","167A"
"2025-03-25","10","2163"
"2025-03-26","1","8137"
"2025-03-26","2","8101"
"2025-03-26","3","4368"
"2025-03-26","4","6309"
"2025-03-26","5","6706"
"2025-03-26","6","4765"
"2025-03-26","7","9507"
"2025-03-26","8","3708"
"2025-03-26","9","9790"
"2025-03-26","10","167A"
"2025-03-27","1","7438"
"2025-03-27","2","8137"
"2025-03-27","3","4368"
"2025-03-27","4","8101"
"2025-03-27","5","6706"
"2025-03-27","6","4765"
"2025-03-27","7","6309"
"2025-03-27","8","3708"
"2025-03-27","9","9507"
"2025-03-27","10","6850"
"2025-03-28","1","7438"
"2025-03-28","2","8137"
"2025-03-28","3","4368"
"2025-03-28","4","8101"
"2025-03-28","5","6706"
"2025-03-28","6","3708"
"2025-03-28","7","9507"
"2025-03-28","8","4765"
"2025-03-28","9","6309"
"2025-03-28","10","6850"
"2025-03-31","1","7438"
"2025-03-31","2","8137"
"2025-03-31","3","4368"
"2025-03-31","4","8101"
"2025-03-31","5","6339"
"2025-03-31","6","6706"
"2025-03-31","7","3708"
"2025-03-31","8","6309"
"2025-03-31","9","6850"
"2025-03-31","10","9507"
"2025-04-01","1","7438"
"2025-04-01","2","8137"
"2025-04-01","3","4368"
"2025-04-01","4","8101"
"2025-04-01","5","6339"
"2025-04-01","6","3708"
"2025-04-01","7","6706"
"2025-04-01","8","6309"
"2025-04-01","9","6850"
"2025-04-01","10","9507"
"2025-04-02","1","7438"
"2025-04-02","2","8137"
"2025-04-02","3","4368"
"2025-04-02","4","8101"
"2025-04-02","5","6339"
"2025-04-02","6","3708"
"2025-04-02","7","6850"
"2025-04-02","8","9507"
"2025-04-02","9","6309"
"2025-04-02","10","9332"
"2025-04-03","1","7438"
"2025-04-03","2","8137"
"2025-04-03","3","8101"
"2025-04-03","4","4368"
"2025-04-03","5","3708"
"2025-04-03","6","6339"
"2025-04-03","7","6850"
"2025-04-03","8","9507"
"2025-04-03","9","6309"
"2025-04-03","10","6539"
"2025-04-04","1","7438"
"2025-04-04","2","8137"
"2025-04-04","3","8101"
"2025-04-04","4","4368"
"2025-04-04","5","6339"
"2025-04-04","6","3708"
"2025-04-04","7","6850"
"2025-04-04","8","6309"
"2025-04-04","9","9332"
"2025-04-04","10","9507"
"2025-04-07","1","7438"
"2025-04-07","2","8137"
"2025-04-07","3","4368"
"2025-04-07","4","8101"
"2025-04-07","5","6339"
"2025-04-07","6","3708"
"2025-04-07","7","6850"
"2025-04-07","8","6309"
"2025-04-07","9","9332"
"2025-04-07","10","6070"
"2025-04-08","1","7438"
"2025-04-08","2","8137"
"2025-04-08","3","8101"
"2025-04-08","4","4368"
"2025-04-08","5","6339"
"2025-04-08","6","3708"
"2025-04-08","7","6850"
"2025-04-08","8","6070"
"2025-04-08","9","6309"
"2025-04-08","10","4008"
"2025-04-09","1","7438"
"2025-04-09","2","8137"
"2025-04-09","3","8101"
"2025-04-09","4","4368"
"2025-04-09","5","6339"
"2025-04-09","6","3708"
"2025-04-09","7","6850"
"2025-04-09","8","6070"
"2025-04-09","9","6309"
"2025-04-09","10","4008"
"2025-04-10","1","7438"
"2025-04-10","2","8137"
"2025-04-10","3","4368"
"2025-04-10","4","8101"
"2025-04-10","5","6339"
"2025-04-10","6","6309"
"2025-04-10","7","6850"
"2025-04-10","8","3708"
"2025-04-10","9","4008"
"2025-04-10","10","6070"
"2025-04-11","1","7438"
"2025-04-11","2","8137"
"2025-04-11","3","4368"
"2025-04-11","4","8101"
"2025-04-11","5","6339"
"2025-04-11","6","6850"
"2025-04-11","7","6309"
"2025-04-11","8","3708"
"2025-04-11","9","4008"
"2025-04-11","10","6070"
"2025-04-14","1","7438"
"2025-04-14","2","8137"
"2025-04-14","3","4368"
"2025-04-14","4","8101"
"2025-04-14","5","6339"
"2025-04-14","6","6850"
"2025-04-14","7","6309"
"2025-04-14","8","4008"
"2025-04-14","9","6070"
"2025-04-14","10","3708"
"2025-04-15","1","7438"
"2025-04-15","2","2753"
"2025-04-15","3","8137"
"2025-04-15","4","8101"
"2025-04-15","5","6339"
"2025-04-15","6","4368"
"2025-04-15","7","3612"
"2025-04-15","8","6309"
"2025-04-15","9","6850"
"2025-04-15","10","4008"
"2025-04-16","1","7438"
"2025-04-16","2","2753"
"2025-04-16","3","8137"
"2025-04-16","4","6339"
"2025-04-16","5","8101"
"2025-04-16","6","4368"
"2025-04-16","7","6850"
"2025-04-16","8","3612"
"2025-04-16","9","6309"
"2025-04-16","10","4008"
"2025-04-17","1","7438"
"2025-04-17","2","8137"
"2025-04-17","3","8101"
"2025-04-17","4","6339"
"2025-04-17","5","4368"
"2025-04-17","6","6309"
"2025-04-17","7","6850"
"2025-04-17","8","3612"
"2025-04-17","9","9507"
"2025-04-17","10","4008"
"2025-04-18","1","7438"
"2025-04-18","2","2753"
"2025-04-18","3","8137"
"2025-04-18","4","8101"
"2025-04-18","5","6339"
"2025-04-18","6","4368"
"2025-04-18","7","6309"
"2025-04-18","8","6850"
"2025-04-18","9","3612"
"2025-04-18","10","9507"
"2025-04-21","1","7438"
"2025-04-21","2","8137"
"2025-04-21","3","2753"
"2025-04-21","4","8101"
"2025-04-21","5","6339"
"2025-04-21","6","4368"
"2025-04-21","7","9507"
"2025-04-21","8","6309"
"2025-04-21","9","3612"
"2025-04-21","10","4008"
"2025-04-22","1","7438"
"2025-04-22","2","2753"
"2025-04-22","3","8137"
"2025-04-22","4","6339"
"2025-04-22","5","4368"
"2025-04-22","6","6309"
"2025-04-22","7","3612"
"2025-04-22","8","9507"
"2025-04-22","9","4008"
"2025-04-22","10","6539"
"2025-04-23","1","3139"
"2025-04-23","2","2753"
"2025-04-23","3","8137"
"2025-04-23","4","4368"
"2025-04-23","5","5357"
"2025-04-23","6","6339"
"2025-04-23","7","9507"
"2025-04-23","8","3612"
"2025-04-23","9","6309"
"2025-04-23","10","4008"
"2025-04-24","1","3139"
"2025-04-24","2","2753"
"2025-04-24","3","4368"
"2025-04-24","4","8137"
"2025-04-24","5","5357"
"2025-04-24","6","6339"
"2025-04-24","7","3612"
"2025-04-24","8","9507"
"2025-04-24","9","6309"
"2025-04-24","10","4008"
"2025-04-25","1","3139"
"2025-04-25","2","2753"
"2025-04-25","3","4368"
"2025-04-25","4","8137"
"2025-04-25","5","5357"
"2025-04-25","6","6339"
"2025-04-25","7","3612"
"2025-04-25","8","6309"
"2025-04-25","9","9507"
"2025-04-25","10","4008"
"2025-04-28","1","3139"
"2025-04-28","2","2753"
"2025-04-28","3","4368"
"2025-04-28","4","8137"
"2025-04-28","5","5357"
"2025-04-28","6","6339"
"2025-04-28","7","3612"
"2025-04-28","8","9507"
"2025-04-28","9","4008"
"2025-04-28","10","6309"
"2025-04-30","1","3139"
"2025-04-30","2","2753"
"2025-04-30","3","4368"
"2025-04-30","4","8137"
"2025-04-30","5","5357"
"2025-04-30","6","6339"
"2025-04-30","7","3612"
"2025-04-30","8","9507"
"2025-04-30","9","4008"
"2025-04-30","10","3176"
"2025-05-01","1","3139"
"2025-05-01","2","2753"
"2025-05-01","3","4368"
"2025-05-01","4","5357"
"2025-05-01","5","6339"
"2025-05-01","6","3612"
"2025-05-01","7","9507"
"2025-05-01","8","4008"
"2025-05-01","9","3176"
"2025-05-01","10","6309"
"2025-05-02","1","3139"
"2025-05-02","2","2753"
"2025-05-02","3","4368"
"2025-05-02","4","3612"
"2025-05-02","5","5357"
"2025-05-02","6","9507"
"2025-05-02","7","4008"
"2025-05-02","8","6309"
"2025-05-02","9","4205"
"2025-05-02","10","6369"
"2025-05-07","1","3139"
"2025-05-07","2","2753"
"2025-05-07","3","4368"
"2025-05-07","4","5357"
"2025-05-07","5","3612"
"2025-05-07","6","9507"
"2025-05-07","7","4008"
"2025-05-07","8","6309"
"2025-05-07","9","7609"
"2025-05-07","10","4205"
"2025-05-08","1","3139"
"2025-05-08","2","4368"
"2025-05-08","3","3612"
"2025-05-08","4","5357"
"2025-05-08","5","4008"
"2025-05-08","6","9507"
"2025-05-08","7","6309"
"2025-05-08","8","7609"
"2025-05-08","9","4205"
"2025-05-08","10","6369"
"2025-05-09","1","3139"
"2025-05-09","2","4368"
"2025-05-09","3","5357"
"2025-05-09","4","9507"
"2025-05-09","5","4008"
"2025-05-09","6","7609"
"2025-05-09","7","6309"
"2025-05-09","8","6369"
"2025-05-09","9","8097"
"2025-05-09","10","2975"
"2025-05-12","1","3139"
"2025-05-12","2","4368"
"2025-05-12","3","3612"
"2025-05-12","4","5357"
"2025-05-12","5","4008"
"2025-05-12","6","9507"
"2025-05-12","7","6309"
"2025-05-12","8","7609"
"2025-05-12","9","5970"
"2025-05-12","10","8214"
"2025-05-13","1","3139"
"2025-05-13","2","4368"
"2025-05-13","3","5357"
"2025-05-13","4","3612"
"2025-05-13","5","4008"
"2025-05-13","6","9507"
"2025-05-13","7","7609"
"2025-05-13","8","5976"
"2025-05-13","9","6309"
"2025-05-13","10","4208"
"2025-05-14","1","3139"
"2025-05-14","2","4368"
"2025-05-14","3","5357"
"2025-05-14","4","3612"
"2025-05-14","5","4008"
"2025-05-14","6","9507"
"2025-05-14","7","5976"
"2025-05-14","8","7609"
"2025-05-14","9","6309"
"2025-05-14","10","4208"
"2025-05-15","1","3139"
"2025-05-15","2","7245"
"2025-05-15","3","4368"
"2025-05-15","4","5357"
"2025-05-15","5","3612"
"2025-05-15","6","4008"
"2025-05-15","7","9507"
"2025-05-15","8","5976"
"2025-05-15","9","5970"
"2025-05-15","10","7609"
"2025-05-16","1","3139"
"2025-05-16","2","7245"
"2025-05-16","3","4368"
"2025-05-16","4","4008"
"2025-05-16","5","5357"
"2025-05-16","6","3612"
"2025-05-16","7","9507"
"2025-05-16","8","7609"
"2025-05-16","9","5976"
"2025-05-16","10","5970"
"2025-05-19","1","3139"
"2025-05-19","2","4368"
"2025-05-19","3","7245"
"2025-05-19","4","5357"
"2025-05-19","5","4611"
"2025-05-19","6","4008"
"2025-05-19","7","3612"
"2025-05-19","8","9507"
"2025-05-19","9","7609"
"2025-05-19","10","5976"
"2025-05-20","1","3139"
"2025-05-20","2","4368"
"2025-05-20","3","7245"
"2025-05-20","4","5357"
"2025-05-20","5","4008"
"2025-05-20","6","3612"
"2025-05-20","7","9507"
"2025-05-20","8","4611"
"2025-05-20","9","7609"
"2025-05-20","10","5976"
"2025-05-21","1","3139"
"2025-05-21","2","4368"
"2025-05-21","3","7245"
"2025-05-21","4","4008"
"2025-05-21","5","3612"
"2025-05-21","6","9507"
"2025-05-21","7","7609"
"2025-05-21","8","5357"
"2025-05-21","9","4208"
"2025-05-21","10","8097"
"2025-05-22","1","3139"
"2025-05-22","2","4368"
"2025-05-22","3","7245"
"2025-05-22","4","4008"
"2025-05-22","5","9507"
"2025-05-22","6","3612"
"2025-05-22","7","7609"
"2025-05-22","8","5357"
"2025-05-22","9","7994"
"2025-05-22","10","6309"
"2025-05-23","1","3139"
"2025-05-23","2","4368"
"2025-05-23","3","4008"
"2025-05-23","4","7245"
"2025-05-23","5","9507"
"2025-05-23","6","4611"
"2025-05-23","7","7609"
"2025-05-23","8","5357"
"2025-05-23","9","7994"
"2025-05-23","10","6309"
"2025-05-26","1","3139"
"2025-05-26","2","4368"
"2025-05-26","3","4008"
"2025-05-26","4","7245"
"2025-05-26","5","3612"
"2025-05-26","6","9507"
"2025-05-26","7","6309"
"2025-05-26","8","7609"
"2025-05-26","9","7994"
"2025-05-26","10","4208"
"2025-05-27","1","3139"
"2025-05-27","2","4368"
"2025-05-27","3","4008"
"2025-05-27","4","7245"
"2025-05-27","5","3612"
"2025-05-27","6","9507"
"2025-05-27","7","6309"
"2025-05-27","8","4208"
"2025-05-27","9","7994"
"2025-05-27","10","5970"
"2025-05-28","1","3139"
"2025-05-28","2","4368"
"2025-05-28","3","4008"
"2025-05-28","4","7245"
"2025-05-28","5","9507"
"2025-05-28","6","3612"
"2025-05-28","7","6309"
"2025-05-28","8","4208"
"2025-05-28","9","5970"
"2025-05-28","10","5408"
"2025-05-29","1","3139"
"2025-05-29","2","4368"
"2025-05-29","3","4008"
"2025-05-29","4","7245"
"2025-05-29","5","9507"
"2025-05-29","6","3612"
"2025-05-29","7","5408"
"2025-05-29","8","4208"
"2025-05-29","9","5970"
"2025-05-29","10","6309"
"2025-05-30","1","3139"
"2025-05-30","2","4368"
"2025-05-30","3","4008"
"2025-05-30","4","7245"
"2025-05-30","5","9507"
"2025-05-30","6","3612"
"2025-05-30","7","5970"
"2025-05-30","8","5408"
"2025-05-30","9","5357"
"2025-05-30","10","4208"
"2025-06-02","1","3139"
"2025-06-02","2","4368"
"2025-06-02","3","4008"
"2025-06-02","4","7245"
"2025-06-02","5","9507"
"2025-06-02","6","5970"
"2025-06-02","7","5408"
"2025-06-02","8","4208"
"2025-06-02","9","5357"
"2025-06-02","10","7447"
"2025-06-03","1","3139"
"2025-06-03","2","4368"
"2025-06-03","3","7245"
"2025-06-03","4","9507"
"2025-06-03","5","4008"
"2025-06-03","6","3612"
"2025-06-03","7","5970"
"2025-06-03","8","5408"
"2025-06-03","9","9505"
"2025-06-03","10","7447"
"2025-06-04","1","3139"
"2025-06-04","2","4368"
"2025-06-04","3","7245"
"2025-06-04","4","9507"
"2025-06-04","5","4008"
"2025-06-04","6","3612"
"2025-06-04","7","5970"
"2025-06-04","8","9505"
"2025-06-04","9","5408"
"2025-06-04","10","7994"
"2025-06-05","1","3139"
"2025-06-05","2","7245"
"2025-06-05","3","4368"
"2025-06-05","4","4008"
"2025-06-05","5","9507"
"2025-06-05","6","3612"
"2025-06-05","7","5970"
"2025-06-05","8","9505"
"2025-06-05","9","5408"
"2025-06-05","10","9504"
"2025-06-06","1","3139"
"2025-06-06","2","7245"
"2025-06-06","3","4008"
"2025-06-06","4","4368"
"2025-06-06","5","9507"
"2025-06-06","6","3612"
"2025-06-06","7","5970"
"2025-06-06","8","9505"
"2025-06-06","9","7994"
"2025-06-06","10","5408"
"2025-06-09","1","3139"
"2025-06-09","2","4008"
"2025-06-09","3","4368"
"2025-06-09","4","9507"
"2025-06-09","5","7245"
"2025-06-09","6","3612"
"2025-06-09","7","5970"
"2025-06-09","8","9505"
"2025-06-09","9","4208"
"2025-06-09","10","5408"
"2025-06-10","1","3139"
"2025-06-10","2","7245"
"2025-06-10","3","4008"
"2025-06-10","4","4368"
"2025-06-10","5","9507"
"2025-06-10","6","3612"
"2025-06-10","7","5970"
"2025-06-10","8","6309"
"2025-06-10","9","4208"
"2025-06-10","10","4694"
"2025-06-11","1","7245"
"2025-06-11","2","3139"
"2025-06-11","3","4008"
"2025-06-11","4","9507"
"2025-06-11","5","4368"
"2025-06-11","6","3612"
"2025-06-11","7","5970"
"2025-06-11","8","6309"
"2025-06-11","9","4208"
"2025-06-11","10","5408"
"2025-06-12","1","7245"
"2025-06-12","2","3139"
"2025-06-12","3","4008"
"2025-06-12","4","9507"
"2025-06-12","5","4368"
"2025-06-12","6","2153"
"2025-06-12","7","3612"
"2025-06-12","8","5970"
"2025-06-12","9","6309"
"2025-06-12","10","4208"
"2025-06-13","1","7245"
"2025-06-13","2","3139"
"2025-06-13","3","4008"
"2025-06-13","4","4368"
"2025-06-13","5","9507"
"2025-06-13","6","2153"
"2025-06-13","7","3612"
"2025-06-13","8","6309"
"2025-06-13","9","5970"
"2025-06-13","10","4208"
"2025-06-16","1","3139"
"2025-06-16","2","4008"
"2025-06-16","3","7245"
"2025-06-16","4","9507"
"2025-06-16","5","4368"
"2025-06-16","6","2153"
"2025-06-16","7","3612"
"2025-06-16","8","6309"
"2025-06-16","9","4208"
"2025-06-16","10","5970"
"2025-06-17","1","3139"
"2025-06-17","2","7245"
"2025-06-17","3","4008"
"2025-06-17","4","4368"
"2025-06-17","5","9507"
"2025-06-17","6","2153"
"2025-06-17","7","3612"
"2025-06-17","8","6309"
"2025-06-17","9","4208"
"2025-06-17","10","5970"
"2025-06-18","1","6381"
"2025-06-18","2","3139"
"2025-06-18","3","7245"
"2025-06-18","4","4008"
"2025-06-18","5","4368"
"2025-06-18","6","9507"
"2025-06-18","7","2153"
"2025-06-18","8","3612"
"2025-06-18","9","6309"
"2025-06-18","10","4208"
"2025-06-19","1","6381"
"2025-06-19","2","3139"
"2025-06-19","3","4008"
"2025-06-19","4","4368"
"2025-06-19","5","9507"
"2025-06-19","6","2153"
"2025-06-19","7","3612"
"2025-06-19","8","6309"
"2025-06-19","9","4208"
"2025-06-19","10","5970"
"2025-06-20","1","6381"
"2025-06-20","2","3139"
"2025-06-20","3","4008"
"2025-06-20","4","4368"
"2025-06-20","5","9507"
"2025-06-20","6","2153"
"2025-06-20","7","3612"
"2025-06-20","8","6309"
"2025-06-20","9","5408"
"2025-06-20","10","6652"
"2025-06-23","1","6381"
"2025-06-23","2","3139"
"2025-06-23","3","4008"
"2025-06-23","4","4368"
"2025-06-23","5","9507"
"2025-06-23","6","2153"
"2025-06-23","7","3612"
"2025-06-23","8","6309"
"2025-06-23","9","5970"
"2025-06-23","10","5408"
"2025-06-24","1","6381"
"2025-06-24","2","3139"
"2025-06-24","3","4008"
"2025-06-24","4","4368"
"2025-06-24","5","9507"
"2025-06-24","6","2153"
"2025-06-24","7","3612"
"2025-06-24","8","6309"
"2025-06-24","9","5970"
"2025-06-24","10","5408"
"2025-06-25","1","6381"
"2025-06-25","2","7245"
"2025-06-25","3","3139"
"2025-06-25","4","4008"
"2025-06-25","5","4368"
"2025-06-25","6","9507"
"2025-06-25","7","2153"
"2025-06-25","8","3612"
"2025-06-25","9","6309"
"2025-06-25","10","5970"
"2025-06-26","1","7245"
"2025-06-26","2","4008"
"2025-06-26","3","3139"
"2025-06-26","4","4368"
"2025-06-26","5","2153"
"2025-06-26","6","9507"
"2025-06-26","7","3612"
"2025-06-26","8","6309"
"2025-06-26","9","5970"
"2025-06-26","10","5408"
"2025-06-27","1","7245"
"2025-06-27","2","4008"
"2025-06-27","3","4368"
"2025-06-27","4","3139"
"2025-06-27","5","2153"
"2025-06-27","6","9507"
"2025-06-27","7","3612"
"2025-06-27","8","6309"
"2025-06-27","9","5408"
"2025-06-27","10","4208"
"2025-06-30","1","6381"
"2025-06-30","2","4008"
"2025-06-30","3","3139"
"2025-06-30","4","4368"
"2025-06-30","5","2153"
"2025-06-30","6","9507"
"2025-06-30","7","3612"
"2025-06-30","8","6309"
"2025-06-30","9","5408"
"2025-06-30","10","6652"
"2025-07-01","1","4008"
"2025-07-01","2","4368"
"2025-07-01","3","3139"
"2025-07-01","4","2153"
"2025-07-01","5","9507"
"2025-07-01","6","3612"
"2025-07-01","7","6309"
"2025-07-01","8","6652"
"2025-07-01","9","5408"
"2025-07-01","10","4208"
"2025-07-02","1","6381"
"2025-07-02","2","4008"
"2025-07-02","3","4368"
"2025-07-02","4","3139"
"2025-07-02","5","2153"
"2025-07-02","6","9507"
"2025-07-02","7","3612"
"2025-07-02","8","6309"
"2025-07-02","9","6652"
"2025-07-02","10","5408"
"2025-07-03","1","6381"
"2025-07-03","2","4008"
"2025-07-03","3","4368"
"2025-07-03","4","3139"
"2025-07-03","5","2153"
"2025-07-03","6","9507"
"2025-07-03","7","3612"
"2025-07-03","8","6309"
"2025-07-03","9","5408"
"2025-07-03","10","6652"
"2025-07-04","1","6381"
"2025-07-04","2","4008"
"2025-07-04","3","3612"
"2025-07-04","4","4368"
"2025-07-04","5","3139"
"2025-07-04","6","2153"
"2025-07-04","7","9507"
"2025-07-04","8","6309"
"2025-07-04","9","5408"
"2025-07-04","10","7447"
"2025-07-07","1","6381"
"2025-07-07","2","4008"
"2025-07-07","3","3612"
"2025-07-07","4","4368"
"2025-07-07","5","3139"
"2025-07-07","6","2153"
"2025-07-07","7","9507"
"2025-07-07","8","6309"
"2025-07-07","9","5408"
"2025-07-07","10","6652"
"2025-07-08","1","6381"
"2025-07-08","2","4008"
"2025-07-08","3","3612"
"2025-07-08","4","4368"
"2025-07-08","5","2153"
"2025-07-08","6","3139"
"2025-07-08","7","9507"
"2025-07-08","8","6309"
"2025-07-08","9","5408"
"2025-07-08","10","6652"
"2025-07-09","1","6381"
"2025-07-09","2","4008"
"2025-07-09","3","3612"
"2025-07-09","4","4368"
"2025-07-09","5","2153"
"2025-07-09","6","3139"
"2025-07-09","7","9507"
"2025-07-09","8","6309"
"2025-07-09","9","7447"
"2025-07-09","10","5408"
"2025-07-10","1","6381"
"2025-07-10","2","4008"
"2025-07-10","3","3612"
"2025-07-10","4","4368"
"2025-07-10","5","2153"
"2025-07-10","6","1945"
"2025-07-10","7","9507"
"2025-07-10","8","6309"
"2025-07-10","9","5408"
"2025-07-10","10","7447"
"2025-07-11","1","6381"
"2025-07-11","2","4008"
"2025-07-11","3","4368"
"2025-07-11","4","3612"
"2025-07-11","5","1945"
"2025-07-11","6","2153"
"2025-07-11","7","9507"
"2025-07-11","8","7447"
"2025-07-11","9","6652"
"2025-07-11","10","5408"
"2025-07-14","1","6381"
"2025-07-14","2","4008"
"2025-07-14","3","4368"
"2025-07-14","4","1945"
"2025-07-14","5","2153"
"2025-07-14","6","9507"
"2025-07-14","7","3612"
"2025-07-14","8","7447"
"2025-07-14","9","6652"
"2025-07-14","10","4204"
"2025-07-15","1","6381"
"2025-07-15","2","4008"
"2025-07-15","3","4368"
"2025-07-15","4","2153"
"2025-07-15","5","1945"
"2025-07-15","6","9507"
"2025-07-15","7","3612"
"2025-07-15","8","4204"
"2025-07-15","9","7447"
"2025-07-15","10","6652"
"2025-07-16","1","6381"
"2025-07-16","2","4008"
"2025-07-16","3","4368"
"2025-07-16","4","1945"
"2025-07-16","5","2153"
"2025-07-16","6","9507"
"2025-07-16","7","3612"
"2025-07-16","8","7447"
"2025-07-16","9","4204"
"2025-07-16","10","7181"
"2025-07-17","1","4008"
"2025-07-17","2","4368"
"2025-07-17","3","1945"
"2025-07-17","4","2153"
"2025-07-17","5","9507"
"2025-07-17","6","3612"
"2025-07-17","7","7447"
"2025-07-17","8","4204"
"2025-07-17","9","5408"
"2025-07-17","10","7181"
"2025-07-18","1","6381"
"2025-07-18","2","4008"
"2025-07-18","3","4368"
"2025-07-18","4","1945"
"2025-07-18","5","2153"
"2025-07-18","6","9507"
"2025-07-18","7","3612"
"2025-07-18","8","4204"
"2025-07-18","9","7181"
"2025-07-18","10","4208"
"2025-07-22","1","4008"
"2025-07-22","2","4368"
"2025-07-22","3","1945"
"2025-07-22","4","9507"
"2025-07-22","5","2153"
"2025-07-22","6","3612"
"2025-07-22","7","4204"
"2025-07-22","8","7181"
"2025-07-22","9","4208"
"2025-07-22","10","6652"
"2025-07-23","1","4008"
"2025-07-23","2","4368"
"2025-07-23","3","1945"
"2025-07-23","4","2153"
"2025-07-23","5","9507"
"2025-07-23","6","4548"
"2025-07-23","7","3612"
"2025-07-23","8","7181"
"2025-07-23","9","4204"
"2025-07-23","10","4208"
"2025-07-24","1","6381"
"2025-07-24","2","4008"
"2025-07-24","3","1945"
"2025-07-24","4","4368"
"2025-07-24","5","3139"
"2025-07-24","6","2153"
"2025-07-24","7","9507"
"2025-07-24","8","4548"
"2025-07-24","9","7181"
"2025-07-24","10","3612"
"2025-07-25","1","4008"
"2025-07-25","2","4368"
"2025-07-25","3","3139"
"2025-07-25","4","2153"
"2025-07-25","5","1945"
"2025-07-25","6","9507"
"2025-07-25","7","4548"
"2025-07-25","8","7181"
"2025-07-25","9","3612"
"2025-07-25","10","4204"
"2025-07-28","1","4008"
"2025-07-28","2","4368"
"2025-07-28","3","2153"
"2025-07-28","4","1945"
"2025-07-28","5","3139"
"2025-07-28","6","9507"
"2025-07-28","7","4548"
"2025-07-28","8","7447"
"2025-07-28","9","4204"
"2025-07-28","10","3612"
"2025-07-29","1","6381"
"2025-07-29","2","4008"
"2025-07-29","3","4368"
"2025-07-29","4","3139"
"2025-07-29","5","1945"
"2025-07-29","6","2153"
"2025-07-29","7","9507"
"2025-07-29","8","7181"
"2025-07-29","9","4548"
"2025-07-29","10","3612"
"2025-07-30","1","6381"
"2025-07-30","2","4008"
"2025-07-30","3","4368"
"2025-07-30","4","3139"
"2025-07-30","5","1945"
"2025-07-30","6","2153"
"2025-07-30","7","9507"
"2025-07-30","8","7181"
"2025-07-30","9","4548"
"2025-07-30","10","3612"
"2025-07-31","1","4008"
"2025-07-31","2","4368"
"2025-07-31","3","3139"
"2025-07-31","4","1945"
"2025-07-31","5","2153"
"2025-07-31","6","4548"
"2025-07-31","7","9507"
"2025-07-31","8","7181"
"2025-07-31","9","3612"
"2025-07-31","10","4204"
"2025-08-01","1","4008"
"2025-08-01","2","4368"
"2025-08-01","3","3139"
"2025-08-01","4","1945"
"2025-08-01","5","2153"
"2025-08-01","6","4548"
"2025-08-01","7","9507"
"2025-08-01","8","3612"
"2025-08-01","9","7181"
"2025-08-01","10","4694"
"2025-08-04","1","6381"
"2025-08-04","2","4008"
"2025-08-04","3","3139"
"2025-08-04","4","4368"
"2025-08-04","5","4548"
"2025-08-04","6","2153"
"2025-08-04","7","1945"
"2025-08-04","8","9507"
"2025-08-04","9","3612"
"2025-08-04","10","2897"
"2025-08-05","1","6381"
"2025-08-05","2","4008"
"2025-08-05","3","4368"
"2025-08-05","4","3139"
"2025-08-05","5","4548"
"2025-08-05","6","2153"
"2025-08-05","7","1945"
"2025-08-05","8","3612"
"2025-08-05","9","9507"
"2025-08-05","10","4694"
"2025-08-06","1","4008"
"2025-08-06","2","7102"
"2025-08-06","3","4368"
"2025-08-06","4","3139"
"2025-08-06","5","2153"
"2025-08-06","6","4548"
"2025-08-06","7","3612"
"2025-08-06","8","9507"
"2025-08-06","9","1945"
"2025-08-06","10","7181"
"2025-08-07","1","4008"
"2025-08-07","2","6381"
"2025-08-07","3","7102"
"2025-08-07","4","4368"
"2025-08-07","5","7447"
"2025-08-07","6","4548"
"2025-08-07","7","3139"
"2025-08-07","8","2153"
"2025-08-07","9","3612"
"2025-08-07","10","9507"
"2025-08-08","1","4008"
"2025-08-08","2","6381"
"2025-08-08","3","7102"
"2025-08-08","4","4368"
"2025-08-08","5","7447"
"2025-08-08","6","2153"
"2025-08-08","7","4548"
"2025-08-08","8","3612"
"2025-08-08","9","3139"
"2025-08-08","10","1945"
"2025-08-12","1","6381"
"2025-08-12","2","4008"
"2025-08-12","3","4368"
"2025-08-12","4","7102"
"2025-08-12","5","7447"
"2025-08-12","6","2153"
"2025-08-12","7","4548"
"2025-08-12","8","3612"
"2025-08-12","9","3139"
"2025-08-12","10","1945"
"2025-08-13","1","6381"
"2025-08-13","2","4008"
"2025-08-13","3","4368"
"2025-08-13","4","7102"
"2025-08-13","5","3612"
"2025-08-13","6","2153"
"2025-08-13","7","7447"
"2025-08-13","8","4548"
"2025-08-13","9","3139"
"2025-08-13","10","1945"
"2025-08-14","1","4368"
"2025-08-14","2","4008"
"2025-08-14","3","6652"
"2025-08-14","4","7245"
"2025-08-14","5","2975"
"2025-08-14","6","4848"
"2025-08-14","7","7447"
"2025-08-14","8","7102"
"2025-08-14","9","2153"
"2025-08-14","10","3612"
"2025-08-15","1","4368"
"2025-08-15","2","2975"
"2025-08-15","3","4008"
"2025-08-15","4","7245"
"2025-08-15","5","2153"
"2025-08-15","6","4848"
"2025-08-15","7","7102"
"2025-08-15","8","6652"
"2025-08-15","9","1945"
"2025-08-15","10","3612"
"2025-08-18","1","4368"
"2025-08-18","2","4008"
"2025-08-18","3","2153"
"2025-08-18","4","7245"
"2025-08-18","5","4848"
"2025-08-18","6","9507"
"2025-08-18","7","6652"
"2025-08-18","8","7102"
"2025-08-18","9","1945"
"2025-08-18","10","3612"
"2025-08-19","1","4008"
"2025-08-19","2","2153"
"2025-08-19","3","4848"
"2025-08-19","4","7245"
"2025-08-19","5","9507"
"2025-08-19","6","6652"
"2025-08-19","7","7102"
"2025-08-19","8","3612"
"2025-08-19","9","9790"
"2025-08-19","10","7181"
"2025-08-20","1","4008"
"2025-08-20","2","2153"
"2025-08-20","3","4848"
"2025-08-20","4","7245"
"2025-08-20","5","6652"
"2025-08-20","6","3612"
"2025-08-20","7","7102"
"2025-08-20","8","9790"
"2025-08-20","9","9507"
"2025-08-20","10","7181"
"2025-08-21","1","6420"
"2025-08-21","2","4008"
"2025-08-21","3","2153"
"2025-08-21","4","6652"
"2025-08-21","5","7102"
"2025-08-21","6","4848"
"2025-08-21","7","7181"
"2025-08-21","8","7245"
"2025-08-21","9","4507"
"2025-08-21","10","9507"
"2025-08-22","1","4008"
"2025-08-22","2","6420"
"2025-08-22","3","2153"
"2025-08-22","4","6652"
"2025-08-22","5","4848"
"2025-08-22","6","4507"
"2025-08-22","7","9507"
"2025-08-22","8","9790"
"2025-08-22","9","6340"
"2025-08-22","10","7181"
"2025-08-25","1","4008"
"2025-08-25","2","6339"
"2025-08-25","3","2153"
"2025-08-25","4","6652"
"2025-08-25","5","6340"
"2025-08-25","6","9507"
"2025-08-25","7","4848"
"2025-08-25","8","9790"
"2025-08-25","9","7245"
"2025-08-25","10","4507"
"2025-08-26","1","4008"
"2025-08-26","2","2153"
"2025-08-26","3","6339"
"2025-08-26","4","4507"
"2025-08-26","5","7245"
"2025-08-26","6","9507"
"2025-08-26","7","4848"
"2025-08-26","8","6652"
"2025-08-26","9","9790"
"2025-08-26","10","7102"
"2025-08-27","1","6718"
"2025-08-27","2","4008"
"2025-08-27","3","2153"
"2025-08-27","4","6339"
"2025-08-27","5","4848"
"2025-08-27","6","4507"
"2025-08-27","7","6652"
"2025-08-27","8","7245"
"2025-08-27","9","6340"
"2025-08-27","10","9790"
"2025-08-28","1","6718"
"2025-08-28","2","4008"
"2025-08-28","3","2153"
"2025-08-28","4","4507"
"2025-08-28","5","6652"
"2025-08-28","6","9790"
"2025-08-28","7","6339"
"2025-08-28","8","4848"
"2025-08-28","9","6340"
"2025-08-28","10","7245"
"2025-08-29","1","6718"
"2025-08-29","2","4008"
"2025-08-29","3","2153"
"2025-08-29","4","4848"
"2025-08-29","5","4507"
"2025-08-29","6","6340"
"2025-08-29","7","6339"
"2025-08-29","8","6652"
"2025-08-29","9","9790"
"2025-08-29","10","9507"
"2025-09-01","1","6718"
"2025-09-01","2","4008"
"2025-09-01","3","4507"
"2025-09-01","4","2153"
"2025-09-01","5","6339"
"2025-09-01","6","4848"
"2025-09-01","7","3939"
"2025-09-01","8","6652"
"2025-09-01","9","9790"
"2025-09-01","10","6340"
"2025-09-02","1","6718"
"2025-09-02","2","4008"
"2025-09-02","3","4848"
"2025-09-02","4","4507"
"2025-09-02","5","6339"
"2025-09-02","6","2153"
"2025-09-02","7","6340"
"2025-09-02","8","9790"
"2025-09-02","9","3939"
"2025-09-02","10","6652"
"2025-09-03","1","4008"
"2025-09-03","2","4848"
"2025-09-03","3","4507"
"2025-09-03","4","2153"
"2025-09-03","5","6339"
"2025-09-03","6","3939"
"2025-09-03","7","6652"
"2025-09-03","8","9790"
"2025-09-03","9","6367"
"2025-09-03","10","6340"
"2025-09-04","1","5269"
"2025-09-04","2","4008"
"2025-09-04","3","4848"
"2025-09-04","4","4507"
"2025-09-04","5","6339"
"2025-09-04","6","2153"
"2025-09-04","7","6652"
"2025-09-04","8","3939"
"2025-09-04","9","9790"
"2025-09-04","10","6367"
"2025-09-05","1","5269"
"2025-09-05","2","4008"
"2025-09-05","3","4848"
"2025-09-05","4","6339"
"2025-09-05","5","4507"
"2025-09-05","6","2153"
"2025-09-05","7","6652"
"2025-09-05","8","3939"
"2025-09-05","9","9790"
"2025-09-05","10","6340"
"2025-09-08","1","4008"
"2025-09-08","2","4848"
"2025-09-08","3","6339"
"2025-09-08","4","4507"
"2025-09-08","5","6652"
"2025-09-08","6","2153"
"2025-09-08","7","3939"
"2025-09-08","8","6340"
"2025-09-08","9","6367"
"2025-09-08","10","3612"
"2025-09-09","1","4008"
"2025-09-09","2","4848"
"2025-09-09","3","6420"
"2025-09-09","4","6339"
"2025-09-09","5","4507"
"2025-09-09","6","2153"
"2025-09-09","7","3939"
"2025-09-09","8","6652"
"2025-09-09","9","6340"
"2025-09-09","10","6367"
"2025-09-10","1","4008"
"2025-09-10","2","4848"
"2025-09-10","3","6420"
"2025-09-10","4","6339"
"2025-09-10","5","2975"
"2025-09-10","6","4507"
"2025-09-10","7","3939"
"2025-09-10","8","6652"
"2025-09-10","9","6340"
"2025-09-10","10","6367"
"2025-09-11","1","4848"
"2025-09-11","2","4008"
"2025-09-11","3","6420"
"2025-09-11","4","6339"
"2025-09-11","5","3939"
"2025-09-11","6","4507"
"2025-09-11","7","6652"
"2025-09-11","8","9507"
"2025-09-11","9","6367"
"2025-09-11","10","3612"
"2025-09-12","1","5269"
"2025-09-12","2","4848"
"2025-09-12","3","4008"
"2025-09-12","4","3939"
"2025-09-12","5","6339"
"2025-09-12","6","4507"
"2025-09-12","7","6367"
"2025-09-12","8","6652"
"2025-09-12","9","3612"
"2025-09-12","10","1945"
"2025-09-16","1","4848"
"2025-09-16","2","4008"
"2025-09-16","3","3939"
"2025-09-16","4","4507"
"2025-09-16","5","6339"
"2025-09-16","6","6367"
"2025-09-16","7","6652"
"2025-09-16","8","8002"
"2025-09-16","9","7181"
"2025-09-16","10","4368"
"2025-09-17","1","5269"
"2025-09-17","2","4848"
"2025-09-17","3","4008"
"2025-09-17","4","4507"
"2025-09-17","5","3939"
"2025-09-17","6","6339"
"2025-09-17","7","6652"
"2025-09-17","8","8002"
"2025-09-17","9","6367"
"2025-09-17","10","7181"
"2025-09-18","1","4848"
"2025-09-18","2","4008"
"2025-09-18","3","3939"
"2025-09-18","4","4507"
"2025-09-18","5","6339"
"2025-09-18","6","8002"
"2025-09-18","7","6420"
"2025-09-18","8","6652"
"2025-09-18","9","7181"
"2025-09-18","10","6367"
"2025-09-19","1","4848"
"2025-09-19","2","4008"
"2025-09-19","3","3939"
"2025-09-19","4","4507"
"2025-09-19","5","6339"
"2025-09-19","6","6367"
"2025-09-19","7","7181"
"2025-09-19","8","6652"
"2025-09-19","9","6420"
"2025-09-19","10","4901"
"2025-09-22","1","4008"
"2025-09-22","2","4507"
"2025-09-22","3","3939"
"2025-09-22","4","6339"
"2025-09-22","5","8002"
"2025-09-22","6","6367"
"2025-09-22","7","6652"
"2025-09-22","8","7181"
"2025-09-22","9","9304"
"2025-09-22","10","7102"
"2025-09-24","1","4008"
"2025-09-24","2","4507"
"2025-09-24","3","3939"
"2025-09-24","4","8002"
"2025-09-24","5","6339"
"2025-09-24","6","6652"
"2025-09-24","7","9304"
"2025-09-24","8","7181"
"2025-09-24","9","6367"
"2025-09-24","10","6420"
"2025-09-25","1","7510"
"2025-09-25","2","4008"
"2025-09-25","3","4507"
"2025-09-25","4","3939"
"2025-09-25","5","6652"
"2025-09-25","6","6339"
"2025-09-25","7","8002"
"2025-09-25","8","7181"
"2025-09-25","9","6367"
"2025-09-25","10","9304"
"2025-09-26","1","6718"
"2025-09-26","2","7510"
"2025-09-26","3","4008"
"2025-09-26","4","4507"
"2025-09-26","5","6652"
"2025-09-26","6","3939"
"2025-09-26","7","8002"
"2025-09-26","8","6339"
"2025-09-26","9","9304"
"2025-09-26","10","7181"
"2025-09-29","1","6718"
"2025-09-29","2","4507"
"2025-09-29","3","4008"
"2025-09-29","4","7510"
"2025-09-29","5","3939"
"2025-09-29","6","6652"
"2025-09-29","7","9304"
"2025-09-29","8","6339"
"2025-09-29","9","6367"
"2025-09-29","10","7181"
"2025-09-30","1","6718"
"2025-09-30","2","4008"
"2025-09-30","3","4507"
"2025-09-30","4","7510"
"2025-09-30","5","6652"
"2025-09-30","6","6339"
"2025-09-30","7","9304"
"2025-09-30","8","7102"
"2025-09-30","9","6420"
"2025-09-30","10","4886"
"2025-10-01","1","6718"
"2025-10-01","2","4507"
"2025-10-01","3","7510"
"2025-10-01","4","4008"
"2025-10-01","5","6652"
"2025-10-01","6","6420"
"2025-10-01","7","9304"
"2025-10-01","8","6339"
"2025-10-01","9","1945"
"2025-10-01","10","6653"
"2025-10-02","1","4765"
"2025-10-02","2","6718"
"2025-10-02","3","4507"
"2025-10-02","4","4008"
"2025-10-02","5","7510"
"2025-10-02","6","6653"
"2025-10-02","7","6652"
"2025-10-02","8","6420"
"2025-10-02","9","1945"
"2025-10-02","10","9304"
"2025-10-03","1","4765"
"2025-10-03","2","6718"
"2025-10-03","3","4507"
"2025-10-03","4","4008"
"2025-10-03","5","6652"
"2025-10-03","6","6420"
"2025-10-03","7","6653"
"2025-10-03","8","9304"
"2025-10-03","9","1945"
"2025-10-03","10","6340"
"2025-10-06","1","4765"
"2025-10-06","2","6718"
"2025-10-06","3","4507"
"2025-10-06","4","4008"
"2025-10-06","5","6653"
"2025-10-06","6","6420"
"2025-10-06","7","6652"
"2025-10-06","8","9790"
"2025-10-06","9","6367"
"2025-10-06","10","3221"
"2025-10-07","1","4765"
"2025-10-07","2","6718"
"2025-10-07","3","6653"
"2025-10-07","4","4507"
"2025-10-07","5","4008"
"2025-10-07","6","6652"
"2025-10-07","7","6420"
"2025-10-07","8","9790"
"2025-10-07","9","3221"
"2025-10-07","10","6367"
"2025-10-08","1","4765"
"2025-10-08","2","6718"
"2025-10-08","3","4507"
"2025-10-08","4","6653"
"2025-10-08","5","4008"
"2025-10-08","6","6652"
"2025-10-08","7","6420"
"2025-10-08","8","8002"
"2025-10-08","9","4021"
"2025-10-08","10","3221"
"2025-10-09","1","4765"
"2025-10-09","2","4507"
"2025-10-09","3","6718"
"2025-10-09","4","6653"
"2025-10-09","5","4008"
"2025-10-09","6","3221"
"2025-10-09","7","8002"
"2025-10-09","8","6652"
"2025-10-09","9","6420"
"2025-10-09","10","4021"
"2025-10-10","1","4765"
"2025-10-10","2","6718"
"2025-10-10","3","4507"
"2025-10-10","4","6653"
"2025-10-10","5","4008"
"2025-10-10","6","8002"
"2025-10-10","7","6367"
"2025-10-10","8","4021"
"2025-10-10","9","3221"
"2025-10-10","10","6652"
"2025-10-14","1","4765"
"2025-10-14","2","6718"
"2025-10-14","3","4507"
"2025-10-14","4","6653"
"2025-10-14","5","4008"
"2025-10-14","6","3221"
"2025-10-14","7","6652"
"2025-10-14","8","6367"
"2025-10-14","9","4523"
"2025-10-14","10","6420"
"2025-10-15","1","4765"
"2025-10-15","2","6718"
"2025-10-15","3","4507"
"2025-10-15","4","6653"
"2025-10-15","5","4008"
"2025-10-15","6","3221"
"2025-10-15","7","6367"
"2025-10-15","8","6652"
"2025-10-15","9","4523"
"2025-10-15","10","4021"
"2025-10-16","1","4765"
"2025-10-16","2","4507"
"2025-10-16","3","6718"
"2025-10-16","4","6653"
"2025-10-16","5","3221"
"2025-10-16","6","2753"
"2025-10-16","7","4008"
"2025-10-16","8","6367"
"2025-10-16","9","4523"
"2025-10-16","10","6652"
"2025-10-17","1","4765"
"2025-10-17","2","4507"
"2025-10-17","3","6718"
"2025-10-17","4","6653"
"2025-10-17","5","3221"
"2025-10-17","6","2753"
"2025-10-17","7","4008"
"2025-10-17","8","6367"
"2025-10-17","9","6652"
"2025-10-17","10","4523"
"2025-10-20","1","4765"
"2025-10-20","2","4507"
"2025-10-20","3","6718"
"2025-10-20","4","3221"
"2025-10-20","5","6653"
"2025-10-20","6","4008"
"2025-10-20","7","2753"
"2025-10-20","8","6652"
"2025-10-20","9","4523"
"2025-10-20","10","4886"
"2025-10-21","1","4765"
"2025-10-21","2","4507"
"2025-10-21","3","6653"
"2025-10-21","4","4886"
"2025-10-21","5","3221"
"2025-10-21","6","4008"
"2025-10-21","7","2753"
"2025-10-21","8","4523"
"2025-10-21","9","6652"
"2025-10-21","10","6367"
"2025-10-22","1","4765"
"2025-10-22","2","4507"
"2025-10-22","3","4886"
"2025-10-22","4","4008"
"2025-10-22","5","2753"
"2025-10-22","6","3221"
"2025-10-22","7","4523"
"2025-10-22","8","6652"
"2025-10-22","9","6367"
"2025-10-22","10","2153"
"2025-10-23","1","4765"
"2025-10-23","2","4507"
"2025-10-23","3","4886"
"2025-10-23","4","2753"
"2025-10-23","5","3221"
"2025-10-23","6","4008"
"2025-10-23","7","6652"
"2025-10-23","8","4523"
"2025-10-23","9","4021"
"2025-10-23","10","2153"
"2025-10-24","1","4765"
"2025-10-24","2","4507"
"2025-10-24","3","4886"
"2025-10-24","4","2753"
"2025-10-24","5","3221"
"2025-10-24","6","4008"
"2025-10-24","7","4523"
"2025-10-24","8","6652"
"2025-10-24","9","2153"
"2025-10-24","10","4021"
"2025-10-27","1","4765"
"2025-10-27","2","4507"
"2025-10-27","3","4886"
"2025-10-27","4","2753"
"2025-10-27","5","4008"
"2025-10-27","6","4523"
"2025-10-27","7","6652"
"2025-10-27","8","2153"
"2025-10-27","9","6367"
"2025-10-27","10","4503"
"2025-10-28","1","4765"
"2025-10-28","2","4507"
"2025-10-28","3","4886"
"2025-10-28","4","2753"
"2025-10-28","5","4008"
"2025-10-28","6","6652"
"2025-10-28","7","4523"
"2025-10-28","8","4503"
"2025-10-28","9","6367"
"2025-10-28","10","4021"
"2025-10-29","1","4765"
"2025-10-29","2","4507"
"2025-10-29","3","4886"
"2025-10-29","4","2753"
"2025-10-29","5","4008"
"2025-10-29","6","4523"
"2025-10-29","7","6652"
"2025-10-29","8","4503"
"2025-10-29","9","6367"
"2025-10-29","10","4021"
"2025-10-30","1","4765"
"2025-10-30","2","4507"
"2025-10-30","3","4886"
"2025-10-30","4","2753"
"2025-10-30","5","4008"
"2025-10-30","6","4523"
"2025-10-30","7","6652"
"2025-10-30","8","4503"
"2025-10-30","9","6367"
"2025-10-30","10","4021"
"2025-10-31","1","4765"
"2025-10-31","2","4507"
"2025-10-31","3","4886"
"2025-10-31","4","2753"
"2025-10-31","5","4008"
"2025-10-31","6","4503"
"2025-10-31","7","4523"
"2025-10-31","8","6367"
"2025-10-31","9","4021"
"2025-10-31","10","6652"
"2025-11-04","1","4765"
"2025-11-04","2","4507"
"2025-11-04","3","4886"
"2025-11-04","4","6718"
"2025-11-04","5","2753"
"2025-11-04","6","4008"
"2025-11-04","7","4368"
"2025-11-04","8","4523"
"2025-11-04","9","4503"
"2025-11-04","10","8002"
"2025-11-05","1","4765"
"2025-11-05","2","4507"
"2025-11-05","3","4848"
"2025-11-05","4","7447"
"2025-11-05","5","4886"
"2025-11-05","6","6718"
"2025-11-05","7","4523"
"2025-11-05","8","4008"
"2025-11-05","9","4503"
"2025-11-05","10","6367"
"2025-11-06","1","4765"
"2025-11-06","2","4848"
"2025-11-06","3","4507"
"2025-11-06","4","4886"
"2025-11-06","5","6718"
"2025-11-06","6","4008"
"2025-11-06","7","4901"
"2025-11-06","8","4523"
"2025-11-06","9","6367"
"2025-11-06","10","4503"
"2025-11-07","1","4765"
"2025-11-07","2","4848"
"2025-11-07","3","4507"
"2025-11-07","4","7447"
"2025-11-07","5","4886"
"2025-11-07","6","6718"
"2025-11-07","7","4362"
"2025-11-07","8","4503"
"2025-11-07","9","4008"
"2025-11-07","10","4523"
"2025-11-10","1","4765"
"2025-11-10","2","4848"
"2025-11-10","3","4507"
"2025-11-10","4","4886"
"2025-11-10","5","6718"
"2025-11-10","6","4362"
"2025-11-10","7","4503"
"2025-11-10","8","4008"
"2025-11-10","9","4021"
"2025-11-10","10","6652"
"2025-11-11","1","4765"
"2025-11-11","2","4848"
"2025-11-11","3","4507"
"2025-11-11","4","4886"
"2025-11-11","5","6718"
"2025-11-11","6","4008"
"2025-11-11","7","4362"
"2025-11-11","8","4523"
"2025-11-11","9","4901"
"2025-11-11","10","6367"
"2025-11-12","1","4765"
"2025-11-12","2","4848"
"2025-11-12","3","4507"
"2025-11-12","4","4886"
"2025-11-12","5","6718"
"2025-11-12","6","6413"
"2025-11-12","7","4362"
"2025-11-12","8","4523"
"2025-11-12","9","4901"
"2025-11-12","10","8015"
"2025-11-13","1","4765"
"2025-11-13","2","4848"
"2025-11-13","3","4507"
"2025-11-13","4","4886"
"2025-11-13","5","6718"
"2025-11-13","6","4503"
"2025-11-13","7","4362"
"2025-11-13","8","4523"
"2025-11-13","9","4901"
"2025-11-13","10","8015"
"2025-11-14","1","4765"
"2025-11-14","2","4848"
"2025-11-14","3","4886"
"2025-11-14","4","4507"
"2025-11-14","5","6718"
"2025-11-14","6","4362"
"2025-11-14","7","4503"
"2025-11-14","8","4523"
"2025-11-14","9","4901"
"2025-11-14","10","8015"
"2025-11-17","1","4765"
"2025-11-17","2","4848"
"2025-11-17","3","4886"
"2025-11-17","4","4507"
"2025-11-17","5","6718"
"2025-11-17","6","4503"
"2025-11-17","7","4362"
"2025-11-17","8","8015"
"2025-11-17","9","6413"
"2025-11-17","10","8002"
"2025-11-18","1","4765"
"2025-11-18","2","4848"
"2025-11-18","3","4507"
"2025-11-18","4","4886"
"2025-11-18","5","6718"
"2025-11-18","6","4362"
"2025-11-18","7","4503"
"2025-11-18","8","8015"
"2025-11-18","9","6413"
"2025-11-18","10","8002"
"2025-11-19","1","4765"
"2025-11-19","2","4848"
"2025-11-19","3","4886"
"2025-11-19","4","4507"
"2025-11-19","5","6718"
"2025-11-19","6","4362"
"2025-11-19","7","4503"
"2025-11-19","8","8015"
"2025-11-19","9","6413"
"2025-11-19","10","8002"
"2025-11-20","1","4765"
"2025-11-20","2","4848"
"2025-11-20","3","4886"
"2025-11-20","4","4507"
"2025-11-20","5","8015"
"2025-11-20","6","6718"
"2025-11-20","7","4362"
"2025-11-20","8","4503"
"2025-11-20","9","8002"
"2025-11-20","10","4901"
"2025-11-21","1","4848"
"2025-11-21","2","4765"
"2025-11-21","3","4886"
"2025-11-21","4","4507"
"2025-11-21","5","6718"
"2025-11-21","6","8015"
"2025-11-21","7","4362"
"2025-11-21","8","4503"
"2025-11-21","9","6413"
"2025-11-21","10","8137"
"2025-11-25","1","4765"
"2025-11-25","2","4848"
"2025-11-25","3","4886"
"2025-11-25","4","4507"
"2025-11-25","5","8015"
"2025-11-25","6","6718"
"2025-11-25","7","4362"
"2025-11-25","8","4503"
"2025-11-25","9","8002"
"2025-11-25","10","8137"
"2025-11-26","1","4848"
"2025-11-26","2","4765"
"2025-11-26","3","4886"
"2025-11-26","4","4507"
"2025-11-26","5","6718"
"2025-11-26","6","4362"
"2025-11-26","7","4503"
"2025-11-26","8","4901"
"2025-11-26","9","8137"
"2025-11-26","10","4204"
"2025-11-27","1","4848"
"2025-11-27","2","4765"
"2025-11-27","3","4886"
"2025-11-27","4","4507"
"2025-11-27","5","6718"
"2025-11-27","6","9332"
"2025-11-27","7","4362"
"2025-11-27","8","4503"
"2025-11-27","9","4901"
"2025-11-27","10","8137"
"2025-11-28","1","4848"
"2025-11-28","2","4765"
"2025-11-28","3","4886"
"2025-11-28","4","4507"
"2025-11-28","5","9332"
"2025-11-28","6","6718"
"2025-11-28","7","4362"
"2025-11-28","8","4503"
"2025-11-28","9","8137"
"2025-11-28","10","4901"
"2025-12-01","1","4848"
"2025-12-01","2","4765"
"2025-12-01","3","4886"
"2025-12-01","4","4507"
"2025-12-01","5","4362"
"2025-12-01","6","9332"
"2025-12-01","7","8137"
"2025-12-01","8","4901"
"2025-12-01","9","4503"
"2025-12-01","10","8020"
"2025-12-02","1","4848"
"2025-12-02","2","4765"
"2025-12-02","3","4886"
"2025-12-02","4","4507"
"2025-12-02","5","9332"
"2025-12-02","6","4362"
"2025-12-02","7","8137"
"2025-12-02","8","4901"
"2025-12-02","9","4204"
"2025-12-02","10","8020"
"2025-12-03","1","4848"
"2025-12-03","2","4765"
"2025-12-03","3","4886"
"2025-12-03","4","4507"
"2025-12-03","5","9332"
"2025-12-03","6","4362"
"2025-12-03","7","4901"
"2025-12-03","8","6413"
"2025-12-03","9","8020"
"2025-12-03","10","6367"
"2025-12-04","1","4848"
"2025-12-04","2","4765"
"2025-12-04","3","4507"
"2025-12-04","4","9332"
"2025-12-04","5","4362"
"2025-12-04","6","4901"
"2025-12-04","7","6413"
"2025-12-04","8","8020"
"2025-12-04","9","9104"
"2025-12-04","10","4204"
"2025-12-05","1","4848"
"2025-12-05","2","4765"
"2025-12-05","3","4507"
"2025-12-05","4","9332"
"2025-12-05","5","4362"
"2025-12-05","6","8020"
"2025-12-05","7","4901"
"2025-12-05","8","6413"
"2025-12-05","9","6367"
"2025-12-05","10","8095"
"2025-12-08","1","4848"
"2025-12-08","2","4765"
"2025-12-08","3","4507"
"2025-12-08","4","9332"
"2025-12-08","5","4362"
"2025-12-08","6","8020"
"2025-12-08","7","8095"
"2025-12-08","8","4901"
"2025-12-08","9","6413"
"2025-12-08","10","4503"
"2025-12-09","1","4848"
"2025-12-09","2","4765"
"2025-12-09","3","4507"
"2025-12-09","4","9332"
"2025-12-09","5","4362"
"2025-12-09","6","8020"
"2025-12-09","7","8095"
"2025-12-09","8","2229"
"2025-12-09","9","4503"
"2025-12-09","10","6413"
"2025-12-10","1","4848"
"2025-12-10","2","4765"
"2025-12-10","3","4507"
"2025-12-10","4","4362"
"2025-12-10","5","8020"
"2025-12-10","6","8095"
"2025-12-10","7","4503"
"2025-12-10","8","2229"
"2025-12-10","9","6413"
"2025-12-10","10","4901"
"2025-12-11","1","4848"
"2025-12-11","2","4765"
"2025-12-11","3","8015"
"2025-12-11","4","4507"
"2025-12-11","5","4362"
"2025-12-11","6","8020"
"2025-12-11","7","8095"
"2025-12-11","8","4503"
"2025-12-11","9","6413"
"2025-12-11","10","2229"
"2025-12-12","1","4848"
"2025-12-12","2","4765"
"2025-12-12","3","4507"
"2025-12-12","4","4362"
"2025-12-12","5","8137"
"2025-12-12","6","8020"
"2025-12-12","7","6413"
"2025-12-12","8","8095"
"2025-12-12","9","4503"
"2025-12-12","10","8923"
"2025-12-15","1","4848"
"2025-12-15","2","4765"
"2025-12-15","3","4507"
"2025-12-15","4","4362"
"2025-12-15","5","8137"
"2025-12-15","6","8020"
"2025-12-15","7","4503"
"2025-12-15","8","2229"
"2025-12-15","9","6413"
"2025-12-15","10","8095"
"2025-12-16","1","4848"
"2025-12-16","2","4765"
"2025-12-16","3","4507"
"2025-12-16","4","4362"
"2025-12-16","5","8137"
"2025-12-16","6","8020"
"2025-12-16","7","4503"
"2025-12-16","8","2229"
"2025-12-16","9","6413"
"2025-12-16","10","8095"
"2025-12-17","1","4848"
"2025-12-17","2","4765"
"2025-12-17","3","4507"
"2025-12-17","4","4362"
"2025-12-17","5","8137"
"2025-12-17","6","8020"
"2025-12-17","7","4503"
"2025-12-17","8","6413"
"2025-12-17","9","2229"
"2025-12-17","10","6367"
"2025-12-18","1","4848"
"2025-12-18","2","4765"
"2025-12-18","3","4507"
"2025-12-18","4","4362"
"2025-12-18","5","8137"
"2025-12-18","6","4503"
"2025-12-18","7","8020"
"2025-12-18","8","2229"
"2025-12-18","9","6413"
"2025-12-18","10","3092"
"2025-12-19","1","4848"
"2025-12-19","2","4765"
"2025-12-19","3","4507"
"2025-12-19","4","4362"
"2025-12-19","5","8137"
"2025-12-19","6","4503"
"2025-12-19","7","8020"
"2025-12-19","8","9304"
"2025-12-19","9","2229"
"2025-12-19","10","3092"
"2025-12-22","1","4848"
"2025-12-22","2","4765"
"2025-12-22","3","4507"
"2025-12-22","4","4362"
"2025-12-22","5","8137"
"2025-12-22","6","4503"
"2025-12-22","7","9304"
"2025-12-22","8","8020"
"2025-12-22","9","2229"
"2025-12-22","10","3092"
"2025-12-23","1","4848"
"2025-12-23","2","4765"
"2025-12-23","3","4886"
"2025-12-23","4","4507"
"2025-12-23","5","4362"
"2025-12-23","6","8137"
"2025-12-23","7","4503"
"2025-12-23","8","8020"
"2025-12-23","9","2229"
"2025-12-23","10","9304"
"2025-12-24","1","4848"
"2025-12-24","2","4765"
"2025-12-24","3","4886"
"2025-12-24","4","4362"
"2025-12-24","5","4507"
"2025-12-24","6","4503"
"2025-12-24","7","8137"
"2025-12-24","8","2229"
"2025-12-24","9","8020"
"2025-12-24","10","3612"
"2025-12-25","1","4848"
"2025-12-25","2","4886"
"2025-12-25","3","4765"
"2025-12-25","4","4507"
"2025-12-25","5","4362"
"2025-12-25","6","4503"
"2025-12-25","7","2229"
"2025-12-25","8","8137"
"2025-12-25","9","8020"
"2025-12-25","10","3612"
"2025-12-26","1","4848"
"2025-12-26","2","4765"
"2025-12-26","3","4507"
"2025-12-26","4","4362"
"2025-12-26","5","4503"
"2025-12-26","6","8137"
"2025-12-26","7","2229"
"2025-12-26","8","8020"
"2025-12-26","9","3612"
"2025-12-26","10","9304"
"2025-12-29","1","4848"
"2025-12-29","2","4886"
"2025-12-29","3","4765"
"2025-12-29","4","4507"
"2025-12-29","5","4362"
"2025-12-29","6","4503"
"2025-12-29","7","6078"
"2025-12-29","8","8137"
"2025-12-29","9","3092"
"2025-12-29","10","2229"
"2025-12-30","1","4765"
"2025-12-30","2","4848"
"2025-12-30","3","4886"
"2025-12-30","4","4507"
"2025-12-30","5","4362"
"2025-12-30","6","4503"
"2025-12-30","7","6078"
"2025-12-30","8","8137"
"2025-12-30","9","2229"
"2025-12-30","10","3612"
"2026-01-05","1","4848"
"2026-01-05","2","4765"
"2026-01-05","3","4886"
"2026-01-05","4","4507"
"2026-01-05","5","4362"
"2026-01-05","6","4503"
"2026-01-05","7","6078"
"2026-01-05","8","8137"
"2026-01-05","9","3612"
"2026-01-05","10","4901"
"2026-01-06","1","4848"
"2026-01-06","2","4765"
"2026-01-06","3","4886"
"2026-01-06","4","4507"
"2026-01-06","5","6078"
"2026-01-06","6","4362"
"2026-01-06","7","4503"
"2026-01-06","8","8137"
"2026-01-06","9","6367"
"2026-01-06","10","3612"
"2026-01-07","1","4848"
"2026-01-07","2","4765"
"2026-01-07","3","4886"
"2026-01-07","4","6078"
"2026-01-07","5","4507"
"2026-01-07","6","4362"
"2026-01-07","7","4503"
"2026-01-07","8","8137"
"2026-01-07","9","6367"
"2026-01-07","10","3612"
"2026-01-08","1","4765"
"2026-01-08","2","4848"
"2026-01-08","3","4886"
"2026-01-08","4","4507"
"2026-01-08","5","4611"
"2026-01-08","6","6078"
"2026-01-08","7","4362"
"2026-01-08","8","8137"
"2026-01-08","9","4503"
"2026-01-08","10","6367"
"2026-01-09","1","4765"
"2026-01-09","2","4848"
"2026-01-09","3","4886"
"2026-01-09","4","4507"
"2026-01-09","5","4362"
"2026-01-09","6","4611"
"2026-01-09","7","8137"
"2026-01-09","8","6078"
"2026-01-09","9","6367"
"2026-01-09","10","3612"
"2026-01-13","1","4765"
"2026-01-13","2","4848"
"2026-01-13","3","4886"
"2026-01-13","4","4507"
"2026-01-13","5","4611"
"2026-01-13","6","8137"
"2026-01-13","7","3612"
"2026-01-13","8","6367"
"2026-01-13","9","6078"
"2026-01-13","10","4901"
"2026-01-14","1","4765"
"2026-01-14","2","4886"
"2026-01-14","3","4848"
"2026-01-14","4","4507"
"2026-01-14","5","6367"
"2026-01-14","6","4611"
"2026-01-14","7","3612"
"2026-01-14","8","8923"
"2026-01-14","9","6078"
"2026-01-14","10","4901"
"2026-01-15","1","4886"
"2026-01-15","2","4765"
"2026-01-15","3","4848"
"2026-01-15","4","4507"
"2026-01-15","5","6367"
"2026-01-15","6","8923"
"2026-01-15","7","3612"
"2026-01-15","8","4611"
"2026-01-15","9","4503"
"2026-01-15","10","4901"
"2026-01-16","1","4765"
"2026-01-16","2","4886"
"2026-01-16","3","4848"
"2026-01-16","4","4507"
"2026-01-16","5","8923"
"2026-01-16","6","6367"
"2026-01-16","7","4503"
"2026-01-16","8","3612"
"2026-01-16","9","4611"
"2026-01-16","10","4901"
"2026-01-19","1","4886"
"2026-01-19","2","4765"
"2026-01-19","3","4848"
"2026-01-19","4","4507"
"2026-01-19","5","8923"
"2026-01-19","6","6367"
"2026-01-19","7","4611"
"2026-01-19","8","3612"
"2026-01-19","9","4503"
"2026-01-19","10","4901"
"2026-01-20","1","4886"
"2026-01-20","2","4765"
"2026-01-20","3","4848"
"2026-01-20","4","4507"
"2026-01-20","5","8923"
"2026-01-20","6","4611"
"2026-01-20","7","6367"
"2026-01-20","8","4503"
"2026-01-20","9","4901"
"2026-01-20","10","6078"
"2026-01-21","1","4886"
"2026-01-21","2","4848"
"2026-01-21","3","4765"
"2026-01-21","4","8923"
"2026-01-21","5","4507"
"2026-01-21","6","4611"
"2026-01-21","7","6078"
"2026-01-21","8","4763"
"2026-01-21","9","4362"
"2026-01-21","10","4901"
"2026-01-22","1","4886"
"2026-01-22","2","4848"
"2026-01-22","3","4765"
"2026-01-22","4","4507"
"2026-01-22","5","8923"
"2026-01-22","6","6078"
"2026-01-22","7","2935"
"2026-01-22","8","6367"
"2026-01-22","9","4611"
"2026-01-22","10","4503"
"2026-01-23","1","4886"
"2026-01-23","2","4848"
"2026-01-23","3","4765"
"2026-01-23","4","8923"
"2026-01-23","5","6078"
"2026-01-23","6","4507"
"2026-01-23","7","2935"
"2026-01-23","8","6367"
"2026-01-23","9","4611"
"2026-01-23","10","4432"
"2026-01-26","1","4886"
"2026-01-26","2","4848"
"2026-01-26","3","4765"
"2026-01-26","4","8923"
"2026-01-26","5","2935"
"2026-01-26","6","6078"
"2026-01-26","7","8137"
"2026-01-26","8","4611"
"2026-01-26","9","3176"
"2026-01-26","10","6367"
"2026-01-27","1","4886"
"2026-01-27","2","4848"
"2026-01-27","3","4765"
"2026-01-27","4","8923"
"2026-01-27","5","2935"
"2026-01-27","6","8137"
"2026-01-27","7","3391"
"2026-01-27","8","4611"
"2026-01-27","9","3176"
"2026-01-27","10","4820"
"2026-01-28","1","4886"
"2026-01-28","2","4848"
"2026-01-28","3","4765"
"2026-01-28","4","8923"
"2026-01-28","5","6078"
"2026-01-28","6","2935"
"2026-01-28","7","8137"
"2026-01-28","8","3391"
"2026-01-28","9","6367"
"2026-01-28","10","4577"
"2026-01-29","1","4848"
"2026-01-29","2","4765"
"2026-01-29","3","4886"
"2026-01-29","4","7683"
"2026-01-29","5","8923"
"2026-01-29","6","8137"
"2026-01-29","7","3391"
"2026-01-29","8","2935"
"2026-01-29","9","4820"
"2026-01-29","10","6367"
"2026-01-30","1","4848"
"2026-01-30","2","4765"
"2026-01-30","3","7683"
"2026-01-30","4","8923"
"2026-01-30","5","8137"
"2026-01-30","6","4432"
"2026-01-30","7","3176"
"2026-01-30","8","3391"
"2026-01-30","9","4820"
"2026-01-30","10","6367"
"2026-02-02","1","4848"
"2026-02-02","2","3176"
"2026-02-02","3","4765"
"2026-02-02","4","7683"
"2026-02-02","5","8137"
"2026-02-02","6","8923"
"2026-02-02","7","3391"
"2026-02-02","8","4432"
"2026-02-02","9","4820"
"2026-02-02","10","4577"
"2026-02-03","1","3176"
"2026-02-03","2","4848"
"2026-02-03","3","4765"
"2026-02-03","4","8137"
"2026-02-03","5","8923"
"2026-02-03","6","3391"
"2026-02-03","7","4820"
"2026-02-03","8","4432"
"2026-02-03","9","4577"
"2026-02-03","10","4503"
"2026-02-04","1","3176"
"2026-02-04","2","4765"
"2026-02-04","3","4848"
"2026-02-04","4","8137"
"2026-02-04","5","3391"
"2026-02-04","6","4432"
"2026-02-04","7","8923"
"2026-02-04","8","4820"
"2026-02-04","9","4577"
"2026-02-04","10","4503"
"2026-02-05","1","3176"
"2026-02-05","2","4765"
"2026-02-05","3","4848"
"2026-02-05","4","8137"
"2026-02-05","5","3391"
"2026-02-05","6","4432"
"2026-02-05","7","4503"
"2026-02-05","8","4820"
"2026-02-05","9","8923"
"2026-02-05","10","4577"
"2026-02-06","1","3176"
"2026-02-06","2","4765"
"2026-02-06","3","4848"
"2026-02-06","4","4432"
"2026-02-06","5","3391"
"2026-02-06","6","8137"
"2026-02-06","7","4503"
"2026-02-06","8","4820"
"2026-02-06","9","4577"
"2026-02-06","10","8923"
"2026-02-09","1","4765"
"2026-02-09","2","3176"
"2026-02-09","3","4848"
"2026-02-09","4","4432"
"2026-02-09","5","8137"
"2026-02-09","6","4503"
"2026-02-09","7","3391"
"2026-02-09","8","4577"
"2026-02-09","9","4820"
"2026-02-09","10","6418"
"2026-02-10","1","3176"
"2026-02-10","2","4765"
"2026-02-10","3","4848"
"2026-02-10","4","4432"
"2026-02-10","5","8137"
"2026-02-10","6","4577"
"2026-02-10","7","4503"
"2026-02-10","8","3391"
"2026-02-10","9","4820"
"2026-02-10","10","7508"
"2026-02-12","1","4765"
"2026-02-12","2","3176"
"2026-02-12","3","4848"
"2026-02-12","4","4432"
"2026-02-12","5","4577"
"2026-02-12","6","4503"
"2026-02-12","7","8137"
"2026-02-12","8","4820"
"2026-02-12","9","7508"
"2026-02-12","10","3391"
"2026-02-13","1","3176"
"2026-02-13","2","4765"
"2026-02-13","3","4848"
"2026-02-13","4","4432"
"2026-02-13","5","4577"
"2026-02-13","6","4503"
"2026-02-13","7","7508"
"2026-02-13","8","3391"
"2026-02-13","9","4820"
"2026-02-13","10","7931"
"2026-02-16","1","3176"
"2026-02-16","2","4848"
"2026-02-16","3","4765"
"2026-02-16","4","4432"
"2026-02-16","5","4503"
"2026-02-16","6","4577"
"2026-02-16","7","4820"
"2026-02-16","8","3391"
"2026-02-16","9","7508"
"2026-02-16","10","7931"
"2026-02-17","1","3176"
"2026-02-17","2","4848"
"2026-02-17","3","4765"
"2026-02-17","4","4432"
"2026-02-17","5","3391"
"2026-02-17","6","4503"
"2026-02-17","7","4820"
"2026-02-17","8","4577"
"2026-02-17","9","7931"
"2026-02-17","10","7508"
"2026-02-18","1","3176"
"2026-02-18","2","4848"
"2026-02-18","3","4765"
"2026-02-18","4","4432"
"2026-02-18","5","4503"
"2026-02-18","6","4820"
"2026-02-18","7","3391"
"2026-02-18","8","4611"
"2026-02-18","9","4577"
"2026-02-18","10","2217"
"2026-02-19","1","7504"
"2026-02-19","2","3176"
"2026-02-19","3","4848"
"2026-02-19","4","4765"
"2026-02-19","5","4432"
"2026-02-19","6","4611"
"2026-02-19","7","4820"
"2026-02-19","8","3391"
"2026-02-19","9","4503"
"2026-02-19","10","4577"
"2026-02-20","1","7504"
"2026-02-20","2","3176"
"2026-02-20","3","4848"
"2026-02-20","4","4765"
"2026-02-20","5","6333"
"2026-02-20","6","4432"
"2026-02-20","7","3391"
"2026-02-20","8","4820"
"2026-02-20","9","4503"
"2026-02-20","10","4611"
"2026-02-24","1","7504"
"2026-02-24","2","3176"
"2026-02-24","3","4765"
"2026-02-24","4","4848"
"2026-02-24","5","6333"
"2026-02-24","6","4820"
"2026-02-24","7","3391"
"2026-02-24","8","4503"
"2026-02-24","9","4611"
"2026-02-24","10","4577"
"2026-02-25","1","7504"
"2026-02-25","2","3176"
"2026-02-25","3","4765"
"2026-02-25","4","4848"
"2026-02-25","5","6333"
"2026-02-25","6","3391"
"2026-02-25","7","4820"
"2026-02-25","8","4611"
"2026-02-25","9","4503"
"2026-02-25","10","4577"
"2026-02-26","1","7504"
"2026-02-26","2","4765"
"2026-02-26","3","3176"
"2026-02-26","4","4848"
"2026-02-26","5","6333"
"2026-02-26","6","3391"
"2026-02-26","7","4820"
"2026-02-26","8","4577"
"2026-02-26","9","4611"
"2026-02-26","10","2217"
"2026-02-27","1","7504"
"2026-02-27","2","4765"
"2026-02-27","3","3176"
"2026-02-27","4","4848"
"2026-02-27","5","6333"
"2026-02-27","6","3391"
"2026-02-27","7","4820"
"2026-02-27","8","2217"
"2026-02-27","9","4577"
"2026-02-27","10","4611"
"2026-03-02","1","7504"
"2026-03-02","2","4765"
"2026-03-02","3","3176"
"2026-03-02","4","4848"
"2026-03-02","5","6333"
"2026-03-02","6","4820"
"2026-03-02","7","3391"
"2026-03-02","8","5451"
"2026-03-02","9","4577"
"2026-03-02","10","4611"
"2026-03-03","1","7504"
"2026-03-03","2","4765"
"2026-03-03","3","4848"
"2026-03-03","4","3176"
"2026-03-03","5","6333"
"2026-03-03","6","4820"
"2026-03-03","7","3391"
"2026-03-03","8","5451"
"2026-03-03","9","9332"
"2026-03-03","10","4503"
"2026-03-04","1","7504"
"2026-03-04","2","4765"
"2026-03-04","3","4848"
"2026-03-04","4","3176"
"2026-03-04","5","6333"
"2026-03-04","6","4820"
"2026-03-04","7","3391"
"2026-03-04","8","5451"
"2026-03-04","9","9332"
"2026-03-04","10","3092"
"2026-03-05","1","7504"
"2026-03-05","2","4765"
"2026-03-05","3","4848"
"2026-03-05","4","3176"
"2026-03-05","5","6333"
"2026-03-05","6","3391"
"2026-03-05","7","4820"
"2026-03-05","8","5451"
"2026-03-05","9","9332"
"2026-03-05","10","4503"
"2026-03-06","1","7504"
"2026-03-06","2","4765"
"2026-03-06","3","4848"
"2026-03-06","4","3176"
"2026-03-06","5","6333"
"2026-03-06","6","3391"
"2026-03-06","7","4820"
"2026-03-06","8","5451"
"2026-03-06","9","9332"
"2026-03-06","10","3092"
"2026-03-09","1","7504"
"2026-03-09","2","4765"
"2026-03-09","3","4848"
"2026-03-09","4","3176"
"2026-03-09","5","6333"
"2026-03-09","6","4820"
"2026-03-09","7","3391"
"2026-03-09","8","5451"
"2026-03-09","9","3561"
"2026-03-09","10","7931"
"2026-03-10","1","7504"
"2026-03-10","2","4765"
"2026-03-10","3","3176"
"2026-03-10","4","4848"
"2026-03-10","5","6333"
"2026-03-10","6","4820"
"2026-03-10","7","3391"
"2026-03-10","8","5451"
"2026-03-10","9","3561"
"2026-03-10","10","7931"
"2026-03-11","1","7504"
"2026-03-11","2","4765"
"2026-03-11","3","3176"
"2026-03-11","4","4848"
"2026-03-11","5","6333"
"2026-03-11","6","4820"
"2026-03-11","7","3391"
"2026-03-11","8","5451"
"2026-03-11","9","3031"
"2026-03-11","10","7931"
"2026-03-12","1","7504"
"2026-03-12","2","4765"
"2026-03-12","3","3176"
"2026-03-12","4","4848"
"2026-03-12","5","6333"
"2026-03-12","6","4820"
"2026-03-12","7","3391"
"2026-03-12","8","5451"
"2026-03-12","9","3031"
"2026-03-12","10","7931"
"2026-03-13","1","7504"
"2026-03-13","2","4765"
"2026-03-13","3","3176"
"2026-03-13","4","4848"
"2026-03-13","5","6333"
"2026-03-13","6","3391"
"2026-03-13","7","4820"
"2026-03-13","8","5451"
"2026-03-13","9","5757"
"2026-03-13","10","3031"
"2026-03-16","1","7504"
"2026-03-16","2","3176"
"2026-03-16","3","4765"
"2026-03-16","4","4848"
"2026-03-16","5","6333"
"2026-03-16","6","4820"
"2026-03-16","7","3391"
"2026-03-16","8","5451"
"2026-03-16","9","3031"
"2026-03-16","10","5757"
"2026-03-17","1","7504"
"2026-03-17","2","3176"
"2026-03-17","3","4765"
"2026-03-17","4","4848"
"2026-03-17","5","6333"
"2026-03-17","6","4820"
"2026-03-17","7","5451"
"2026-03-17","8","3391"
"2026-03-17","9","5757"
"2026-03-17","10","3031"
"2026-03-18","1","7504"
"2026-03-18","2","3176"
"2026-03-18","3","4765"
"2026-03-18","4","4848"
"2026-03-18","5","6333"
"2026-03-18","6","4820"
"2026-03-18","7","5451"
"2026-03-18","8","5757"
"2026-03-18","9","3391"
"2026-03-18","10","3031"
"2026-03-19","1","7504"
"2026-03-19","2","3176"
"2026-03-19","3","4765"
"2026-03-19","4","4848"
"2026-03-19","5","4820"
"2026-03-19","6","6333"
"2026-03-19","7","5757"
"2026-03-19","8","5451"
"2026-03-19","9","3391"
"2026-03-19","10","9332"
"2026-03-23","1","7504"
"2026-03-23","2","3176"
"2026-03-23","3","4848"
"2026-03-23","4","4765"
"2026-03-23","5","2930"
"2026-03-23","6","4820"
"2026-03-23","7","5757"
"2026-03-23","8","5451"
"2026-03-23","9","6333"
"2026-03-23","10","3391"
"2026-03-24","1","7504"
"2026-03-24","2","3176"
"2026-03-24","3","4765"
"2026-03-24","4","4848"
"2026-03-24","5","4820"
"2026-03-24","6","5757"
"2026-03-24","7","5451"
"2026-03-24","8","6333"
"2026-03-24","9","3391"
"2026-03-24","10","3031"
"2026-03-25","1","7504"
"2026-03-25","2","3176"
"2026-03-25","3","4765"
"2026-03-25","4","4848"
"2026-03-25","5","4820"
"2026-03-25","6","5757"
"2026-03-25","7","5451"
"2026-03-25","8","6333"
"2026-03-25","9","3391"
"2026-03-25","10","3031"
"2026-03-26","1","3176"
"2026-03-26","2","7504"
"2026-03-26","3","4765"
"2026-03-26","4","4848"
"2026-03-26","5","4820"
"2026-03-26","6","5757"
"2026-03-26","7","5451"
"2026-03-26","8","6333"
"2026-03-26","9","3031"
"2026-03-26","10","3391"
"2026-03-27","1","3176"
"2026-03-27","2","7504"
"2026-03-27","3","4765"
"2026-03-27","4","4848"
"2026-03-27","5","4820"
"2026-03-27","6","5757"
"2026-03-27","7","5451"
"2026-03-27","8","6333"
"2026-03-27","9","3391"
"2026-03-27","10","9332"
"2026-03-30","1","3176"
"2026-03-30","2","7504"
"2026-03-30","3","4765"
"2026-03-30","4","4848"
"2026-03-30","5","4820"
"2026-03-30","6","5451"
"2026-03-30","7","5757"
"2026-03-30","8","3391"
"2026-03-30","9","6333"
"2026-03-30","10","3031"
"2026-03-31","1","3176"
"2026-03-31","2","7504"
"2026-03-31","3","4765"
"2026-03-31","4","4848"
"2026-03-31","5","4820"
"2026-03-31","6","5451"
"2026-03-31","7","5757"
"2026-03-31","8","9332"
"2026-03-31","9","3391"
"2026-03-31","10","3031"
"2026-04-01","1","3176"
"2026-04-01","2","7504"
"2026-04-01","3","4765"
"2026-04-01","4","4848"
"2026-04-01","5","5451"
"2026-04-01","6","4820"
"2026-04-01","7","5757"
"2026-04-01","8","9332"
"2026-04-01","9","3391"
"2026-04-01","10","3031"
"2026-04-02","1","3176"
"2026-04-02","2","7504"
"2026-04-02","3","4765"
"2026-04-02","4","4848"
"2026-04-02","5","5451"
"2026-04-02","6","3391"
"2026-04-02","7","3031"
"2026-04-02","8","9332"
"2026-04-02","9","3561"
"2026-04-02","10","6333"
"2026-04-03","1","3176"
"2026-04-03","2","7504"
"2026-04-03","3","4765"
"2026-04-03","4","4848"
"2026-04-03","5","3391"
"2026-04-03","6","5451"
"2026-04-03","7","3031"
"2026-04-03","8","9332"
"2026-04-03","9","6333"
"2026-04-03","10","4611"
"2026-04-06","1","3176"
"2026-04-06","2","7504"
"2026-04-06","3","4765"
"2026-04-06","4","4848"
"2026-04-06","5","3031"
"2026-04-06","6","5451"
"2026-04-06","7","9332"
"2026-04-06","8","3391"
"2026-04-06","9","6333"
"2026-04-06","10","4611"
"2026-04-07","1","3176"
"2026-04-07","2","4765"
"2026-04-07","3","7504"
"2026-04-07","4","4848"
"2026-04-07","5","3031"
"2026-04-07","6","9332"
"2026-04-07","7","5451"
"2026-04-07","8","3391"
"2026-04-07","9","6333"
"2026-04-07","10","3561"
"2026-04-08","1","3176"
"2026-04-08","2","4765"
"2026-04-08","3","7504"
"2026-04-08","4","4848"
"2026-04-08","5","3031"
"2026-04-08","6","9332"
"2026-04-08","7","3391"
"2026-04-08","8","5451"
"2026-04-08","9","6333"
"2026-04-08","10","3561"
"2026-04-09","1","3176"
"2026-04-09","2","4765"
"2026-04-09","3","7504"
"2026-04-09","4","3391"
"2026-04-09","5","3031"
"2026-04-09","6","4848"
"2026-04-09","7","9332"
"2026-04-09","8","5451"
"2026-04-09","9","6333"
"2026-04-09","10","3561"
"2026-04-10","1","3176"
"2026-04-10","2","4765"
"2026-04-10","3","3391"
"2026-04-10","4","7504"
"2026-04-10","5","3031"
"2026-04-10","6","4848"
"2026-04-10","7","5451"
"2026-04-10","8","9332"
"2026-04-10","9","6333"
"2026-04-10","10","4611"
"2026-04-13","1","3391"
"2026-04-13","2","4765"
"2026-04-13","3","3176"
"2026-04-13","4","4848"
"2026-04-13","5","7504"
"2026-04-13","6","3031"
"2026-04-13","7","9332"
"2026-04-13","8","5451"
"2026-04-13","9","4611"
"2026-04-13","10","6333"
"2026-04-14","1","3391"
"2026-04-14","2","4765"
"2026-04-14","3","3176"
"2026-04-14","4","4848"
"2026-04-14","5","7504"
"2026-04-14","6","3031"
"2026-04-14","7","5451"
"2026-04-14","8","9332"
"2026-04-14","9","4611"
"2026-04-14","10","3561"
"2026-04-15","1","3176"
"2026-04-15","2","4765"
"2026-04-15","3","4848"
"2026-04-15","4","3391"
"2026-04-15","5","3031"
"2026-04-15","6","7504"
"2026-04-15","7","5451"
"2026-04-15","8","4611"
"2026-04-15","9","9332"
"2026-04-15","10","8591"
"2026-04-16","1","3176"
"2026-04-16","2","4848"
"2026-04-16","3","4765"
"2026-04-16","4","3391"
"2026-04-16","5","3031"
"2026-04-16","6","7504"
"2026-04-16","7","5451"
"2026-04-16","8","4611"
"2026-04-16","9","9332"
"2026-04-16","10","6333"
"2026-04-17","1","3176"
"2026-04-17","2","4848"
"2026-04-17","3","4765"
"2026-04-17","4","3391"
"2026-04-17","5","3031"
"2026-04-17","6","7504"
"2026-04-17","7","5451"
"2026-04-17","8","4611"
"2026-04-17","9","9332"
"2026-04-17","10","6333"
"2026-04-20","1","4848"
"2026-04-20","2","4765"
"2026-04-20","3","3176"
"2026-04-20","4","3031"
"2026-04-20","5","5451"
"2026-04-20","6","4611"
"2026-04-20","7","7504"
"2026-04-20","8","2146"
"2026-04-20","9","6200"
"2026-04-20","10","8591"
"2026-04-21","1","3391"
"2026-04-21","2","4765"
"2026-04-21","3","3176"
"2026-04-21","4","4848"
"2026-04-21","5","3031"
"2026-04-21","6","4611"
"2026-04-21","7","5451"
"2026-04-21","8","7504"
"2026-04-21","9","2146"
"2026-04-21","10","6200"
"2026-04-22","1","4765"
"2026-04-22","2","3176"
"2026-04-22","3","3391"
"2026-04-22","4","4848"
"2026-04-22","5","4611"
"2026-04-22","6","3031"
"2026-04-22","7","5451"
"2026-04-22","8","7504"
"2026-04-22","9","8591"
"2026-04-22","10","6200"
"2026-04-23","1","3176"
"2026-04-23","2","3391"
"2026-04-23","3","4765"
"2026-04-23","4","4848"
"2026-04-23","5","4611"
"2026-04-23","6","3031"
"2026-04-23","7","5451"
"2026-04-23","8","7504"
"2026-04-23","9","7931"
"2026-04-23","10","8591"
"2026-04-24","1","3391"
"2026-04-24","2","4765"
"2026-04-24","3","3176"
"2026-04-24","4","4848"
"2026-04-24","5","4611"
"2026-04-24","6","7504"
"2026-04-24","7","5451"
"2026-04-24","8","3031"
"2026-04-24","9","8591"
"2026-04-24","10","7931"
"2026-04-27","1","4765"
"2026-04-27","2","3391"
"2026-04-27","3","3176"
"2026-04-27","4","4848"
"2026-04-27","5","4611"
"2026-04-27","6","7504"
"2026-04-27","7","5451"
"2026-04-27","8","3031"
"2026-04-27","9","8591"
"2026-04-27","10","2146"
"2026-04-28","1","4765"
"2026-04-28","2","3391"
"2026-04-28","3","3176"
"2026-04-28","4","4848"
"2026-04-28","5","3031"
"2026-04-28","6","4611"
"2026-04-28","7","8591"
"2026-04-28","8","7504"
"2026-04-28","9","5451"
"2026-04-28","10","2146"
"2026-04-30","1","3391"
"2026-04-30","2","4765"
"2026-04-30","3","3176"
"2026-04-30","4","4848"
"2026-04-30","5","3031"
"2026-04-30","6","4611"
"2026-04-30","7","7504"
"2026-04-30","8","5451"
"2026-04-30","9","8591"
"2026-04-30","10","7187"
"2026-05-01","1","3391"
"2026-05-01","2","4765"
"2026-05-01","3","3176"
"2026-05-01","4","4848"
"2026-05-01","5","3031"
"2026-05-01","6","4611"
"2026-05-01","7","7504"
"2026-05-01","8","5451"
"2026-05-01","9","8591"
"2026-05-01","10","7187"
"2026-05-07","1","3391"
"2026-05-07","2","4765"
"2026-05-07","3","3176"
"2026-05-07","4","4848"
"2026-05-07","5","4611"
"2026-05-07","6","3031"
"2026-05-07","7","5451"
"2026-05-07","8","7504"
"2026-05-07","9","8591"
"2026-05-07","10","4481"
"2026-05-08","1","3391"
"2026-05-08","2","4765"
"2026-05-08","3","3176"
"2026-05-08","4","4611"
"2026-05-08","5","4848"
"2026-05-08","6","3031"
"2026-05-08","7","5451"
"2026-05-08","8","7504"
"2026-05-08","9","4481"
"2026-05-08","10","8591"
"2026-05-11","1","3391"
"2026-05-11","2","4765"
"2026-05-11","3","3176"
"2026-05-11","4","7504"
"2026-05-11","5","4848"
"2026-05-11","6","3031"
"2026-05-11","7","5451"
"2026-05-11","8","4611"
"2026-05-11","9","4481"
"2026-05-11","10","8591"
"2026-05-12","1","3391"
"2026-05-12","2","3176"
"2026-05-12","3","7504"
"2026-05-12","4","4765"
"2026-05-12","5","5451"
"2026-05-12","6","3031"
"2026-05-12","7","4848"
"2026-05-12","8","4611"
"2026-05-12","9","8591"
"2026-05-12","10","4481"
"2026-05-13","1","3391"
"2026-05-13","2","7504"
"2026-05-13","3","3176"
"2026-05-13","4","5451"
"2026-05-13","5","4848"
"2026-05-13","6","4765"
"2026-05-13","7","4611"
"2026-05-13","8","3031"
"2026-05-13","9","4481"
"2026-05-13","10","8591"
"2026-05-14","1","3391"
"2026-05-14","2","3176"
"2026-05-14","3","7504"
"2026-05-14","4","4765"
"2026-05-14","5","4848"
"2026-05-14","6","5451"
"2026-05-14","7","4611"
"2026-05-14","8","3031"
"2026-05-14","9","4481"
"2026-05-14","10","8591"
"2026-05-15","1","3391"
"2026-05-15","2","7504"
"2026-05-15","3","3176"
"2026-05-15","4","4611"
"2026-05-15","5","4765"
"2026-05-15","6","4848"
"2026-05-15","7","5451"
"2026-05-15","8","3031"
"2026-05-15","9","4481"
"2026-05-15","10","6333"
"2026-05-18","1","3391"
"2026-05-18","2","3176"
"2026-05-18","3","7504"
"2026-05-18","4","4611"
"2026-05-18","5","4848"
"2026-05-18","6","4765"
"2026-05-18","7","5451"
"2026-05-18","8","4481"
"2026-05-18","9","3031"
"2026-05-18","10","6333"
"2026-05-19","1","3391"
"2026-05-19","2","3176"
"2026-05-19","3","7504"
"2026-05-19","4","4848"
"2026-05-19","5","4765"
"2026-05-19","6","5451"
"2026-05-19","7","4611"
"2026-05-19","8","4481"
"2026-05-19","9","3031"
"2026-05-19","10","6333"
"2026-05-20","1","3391"
"2026-05-20","2","3176"
"2026-05-20","3","7504"
"2026-05-20","4","4848"
"2026-05-20","5","4481"
"2026-05-20","6","4611"
"2026-05-20","7","3031"
"2026-05-20","8","4765"
"2026-05-20","9","5451"
"2026-05-20","10","8137"
"2026-05-21","1","3391"
"2026-05-21","2","3176"
"2026-05-21","3","4481"
"2026-05-21","4","4765"
"2026-05-21","5","3031"
"2026-05-21","6","4611"
"2026-05-21","7","5451"
"2026-05-21","8","6333"
"2026-05-21","9","7504"
"2026-05-21","10","2146"
"2026-05-22","1","3391"
"2026-05-22","2","3176"
"2026-05-22","3","4481"
"2026-05-22","4","3031"
"2026-05-22","5","4765"
"2026-05-22","6","4611"
"2026-05-22","7","5451"
"2026-05-22","8","7504"
"2026-05-22","9","8591"
"2026-05-22","10","2146"
"2026-05-25","1","3176"
"2026-05-25","2","4481"
"2026-05-25","3","3031"
"2026-05-25","4","4765"
"2026-05-25","5","4611"
"2026-05-25","6","5451"
"2026-05-25","7","6333"
"2026-05-25","8","7504"
"2026-05-25","9","8591"
"2026-05-25","10","8137"
"2026-05-26","1","3176"
"2026-05-26","2","4481"
"2026-05-26","3","3031"
"2026-05-26","4","4765"
"2026-05-26","5","5451"
"2026-05-26","6","6333"
"2026-05-26","7","4611"
"2026-05-26","8","3679"
"2026-05-26","9","7504"
"2026-05-26","10","8591"
"2026-05-27","1","3176"
"2026-05-27","2","3031"
"2026-05-27","3","4765"
"2026-05-27","4","4481"
"2026-05-27","5","6333"
"2026-05-27","6","8591"
"2026-05-27","7","5451"
"2026-05-27","8","3679"
"2026-05-27","9","8137"
"2026-05-27","10","6430"
"2026-05-28","1","3176"
"2026-05-28","2","4765"
"2026-05-28","3","3031"
"2026-05-28","4","6333"
"2026-05-28","5","3679"
"2026-05-28","6","8137"
"2026-05-28","7","8591"
"2026-05-28","8","5451"
"2026-05-28","9","4481"
"2026-05-28","10","4611"
"2026-05-29","1","3176"
"2026-05-29","2","4765"
"2026-05-29","3","6333"
"2026-05-29","4","8137"
"2026-05-29","5","4481"
"2026-05-29","6","4611"
"2026-05-29","7","6430"
"2026-05-29","8","3679"
"2026-05-29","9","7504"
"2026-05-29","10","5451"
"2026-06-01","1","3176"
"2026-06-01","2","4765"
"2026-06-01","3","6333"
"2026-06-01","4","6430"
"2026-06-01","5","8137"
"2026-06-01","6","7504"
"2026-06-01","7","4481"
"2026-06-01","8","5451"
"2026-06-01","9","4611"
"2026-06-01","10","3854"
"2026-06-02","1","3176"
"2026-06-02","2","4765"
"2026-06-02","3","6333"
"2026-06-02","4","6430"
"2026-06-02","5","4481"
"2026-06-02","6","3854"
"2026-06-02","7","7504"
"2026-06-02","8","3679"
"2026-06-02","9","8137"
"2026-06-02","10","4611"
"2026-06-03","1","3176"
"2026-06-03","2","4765"
"2026-06-03","3","6430"
"2026-06-03","4","6333"
"2026-06-03","5","4481"
"2026-06-03","6","7504"
"2026-06-03","7","3679"
"2026-06-03","8","4611"
"2026-06-03","9","8137"
"2026-06-03","10","3854"
"2026-06-04","1","3176"
"2026-06-04","2","4765"
"2026-06-04","3","4481"
"2026-06-04","4","6430"
"2026-06-04","5","6333"
"2026-06-04","6","3679"
"2026-06-04","7","8137"
"2026-06-04","8","3854"
"2026-06-04","9","4611"
"2026-06-04","10","7504"
"2026-06-05","1","3176"
"2026-06-05","2","4765"
"2026-06-05","3","6430"
"2026-06-05","4","4481"
"2026-06-05","5","3854"
"2026-06-05","6","3679"
"2026-06-05","7","6333"
"2026-06-05","8","8591"
"2026-06-05","9","5451"
"2026-06-05","10","7504"
"2026-06-08","1","3176"
"2026-06-08","2","4765"
"2026-06-08","3","4481"
"2026-06-08","4","6333"
"2026-06-08","5","6430"
"2026-06-08","6","3679"
"2026-06-08","7","8591"
"2026-06-08","8","3854"
"2026-06-08","9","5451"
"2026-06-08","10","4825"
"2026-06-09","1","3176"
"2026-06-09","2","4765"
"2026-06-09","3","4481"
"2026-06-09","4","6333"
"2026-06-09","5","6430"
"2026-06-09","6","3854"
"2026-06-09","7","3679"
"2026-06-09","8","8591"
"2026-06-09","9","5451"
"2026-06-09","10","8137"
"2026-06-10","1","3176"
"2026-06-10","2","4765"
"2026-06-10","3","4481"
"2026-06-10","4","6430"
"2026-06-10","5","3854"
"2026-06-10","6","8591"
"2026-06-10","7","8137"
"2026-06-10","8","5451"
"2026-06-10","9","3836"
"2026-06-10","10","3679"
"2026-06-11","1","3176"
"2026-06-11","2","4765"
"2026-06-11","3","4481"
"2026-06-11","4","6333"
"2026-06-11","5","3854"
"2026-06-11","6","6430"
"2026-06-11","7","5451"
"2026-06-11","8","3679"
"2026-06-11","9","8591"
"2026-06-11","10","3836"
"2026-06-12","1","3176"
"2026-06-12","2","4481"
"2026-06-12","3","4765"
"2026-06-12","4","6333"
"2026-06-12","5","3854"
"2026-06-12","6","6430"
"2026-06-12","7","8591"
"2026-06-12","8","5451"
"2026-06-12","9","3679"
"2026-06-12","10","8137"
"2026-06-15","1","3962"
"2026-06-15","2","3176"
"2026-06-15","3","4765"
"2026-06-15","4","4481"
"2026-06-15","5","6430"
"2026-06-15","6","3854"
"2026-06-15","7","8591"
"2026-06-15","8","5451"
"2026-06-15","9","8137"
"2026-06-15","10","8923"
"2026-06-16","1","3962"
"2026-06-16","2","3176"
"2026-06-16","3","4481"
"2026-06-16","4","4765"
"2026-06-16","5","3854"
"2026-06-16","6","6430"
"2026-06-16","7","8591"
"2026-06-16","8","5451"
"2026-06-16","9","8137"
"2026-06-16","10","8923"
"2026-06-17","1","3962"
"2026-06-17","2","3176"
"2026-06-17","3","4481"
"2026-06-17","4","4765"
"2026-06-17","5","8591"
"2026-06-17","6","8137"
"2026-06-17","7","3854"
"2026-06-17","8","5451"
"2026-06-17","9","6430"
"2026-06-17","10","3836"
"2026-06-18","1","3962"
"2026-06-18","2","3176"
"2026-06-18","3","4481"
"2026-06-18","4","4765"
"2026-06-18","5","8591"
"2026-06-18","6","3193"
"2026-06-18","7","6430"
"2026-06-18","8","5451"
"2026-06-18","9","3836"
"2026-06-18","10","3679"
"2026-06-19","1","3962"
"2026-06-19","2","3176"
"2026-06-19","3","4765"
"2026-06-19","4","4481"
"2026-06-19","5","8591"
"2026-06-19","6","3193"
"2026-06-19","7","5451"
"2026-06-19","8","6430"
"2026-06-19","9","3836"
"2026-06-19","10","3679"
"2026-06-22","1","3962"
"2026-06-22","2","3176"
"2026-06-22","3","4481"
"2026-06-22","4","4765"
"2026-06-22","5","8137"
"2026-06-22","6","3193"
"2026-06-22","7","8591"
"2026-06-22","8","6430"
"2026-06-22","9","3836"
"2026-06-22","10","5451"
"2026-06-23","1","3962"
"2026-06-23","2","3176"
"2026-06-23","3","4481"
"2026-06-23","4","4765"
"2026-06-23","5","8591"
"2026-06-23","6","6430"
"2026-06-23","7","3193"
"2026-06-23","8","5451"
"2026-06-23","9","3854"
"2026-06-23","10","3836"
"2026-06-24","1","3962"
"2026-06-24","2","3176"
"2026-06-24","3","4481"
"2026-06-24","4","4765"
"2026-06-24","5","8591"
"2026-06-24","6","6430"
"2026-06-24","7","3193"
"2026-06-24","8","4432"
"2026-06-24","9","3854"
"2026-06-24","10","3836"
"2026-06-25","1","3962"
"2026-06-25","2","3176"
"2026-06-25","3","4481"
"2026-06-25","4","4765"
"2026-06-25","5","8591"
"2026-06-25","6","3854"
"2026-06-25","7","4432"
"2026-06-25","8","6430"
"2026-06-25","9","3193"
"2026-06-25","10","3836"
"2026-06-26","1","3962"
"2026-06-26","2","4481"
"2026-06-26","3","4765"
"2026-06-26","4","8591"
"2026-06-26","5","3854"
"2026-06-26","6","4432"
"2026-06-26","7","6430"
"2026-06-26","8","3679"
"2026-06-26","9","3836"
"2026-06-26","10","5451"
"2026-06-29","1","3962"
"2026-06-29","2","4481"
"2026-06-29","3","4765"
"2026-06-29","4","8591"
"2026-06-29","5","4432"
"2026-06-29","6","6430"
"2026-06-29","7","3854"
"2026-06-29","8","3836"
"2026-06-29","9","3679"
"2026-06-29","10","5451"
"2026-06-30","1","3962"
"2026-06-30","2","3176"
"2026-06-30","3","4481"
"2026-06-30","4","8591"
"2026-06-30","5","4765"
"2026-06-30","6","4432"
"2026-06-30","7","3854"
"2026-06-30","8","6430"
"2026-06-30","9","5451"
"2026-06-30","10","3836"
"2026-07-01","1","3962"
"2026-07-01","2","3176"
"2026-07-01","3","4481"
"2026-07-01","4","4765"
"2026-07-01","5","8591"
"2026-07-01","6","4432"
"2026-07-01","7","3854"
"2026-07-01","8","6430"
"2026-07-01","9","5451"
"2026-07-01","10","3836"
"2026-07-02","1","3962"
"2026-07-02","2","4481"
"2026-07-02","3","4765"
"2026-07-02","4","8591"
"2026-07-02","5","3854"
"2026-07-02","6","6430"
"2026-07-02","7","5451"
"2026-07-02","8","8151"
"2026-07-02","9","3193"
"2026-07-02","10","3836"
"2026-07-03","1","3962"
"2026-07-03","2","4481"
"2026-07-03","3","4765"
"2026-07-03","4","8591"
"2026-07-03","5","3193"
"2026-07-03","6","6430"
"2026-07-03","7","3836"
"2026-07-03","8","3854"
"2026-07-03","9","5451"
"2026-07-03","10","8151"
"2026-07-06","1","3962"
"2026-07-06","2","4481"
"2026-07-06","3","4765"
"2026-07-06","4","8591"
"2026-07-06","5","3193"
"2026-07-06","6","6430"
"2026-07-06","7","5451"
"2026-07-06","8","9663"
"2026-07-06","9","3836"
"2026-07-06","10","4641"
"2026-07-07","1","3962"
"2026-07-07","2","4765"
"2026-07-07","3","8591"
"2026-07-07","4","4481"
"2026-07-07","5","3193"
"2026-07-07","6","6430"
"2026-07-07","7","5451"
"2026-07-07","8","9663"
"2026-07-07","9","8151"
"2026-07-07","10","8923"
"2026-07-08","1","3962"
"2026-07-08","2","4765"
"2026-07-08","3","8591"
"2026-07-08","4","6333"
"2026-07-08","5","4481"
"2026-07-08","6","6430"
"2026-07-08","7","3193"
"2026-07-08","8","9663"
"2026-07-08","9","8923"
"2026-07-08","10","8151"
"2026-07-09","1","3962"
"2026-07-09","2","4765"
"2026-07-09","3","4481"
"2026-07-09","4","8591"
"2026-07-09","5","6430"
"2026-07-09","6","9663"
"2026-07-09","7","3193"
"2026-07-09","8","8151"
"2026-07-09","9","3836"
"2026-07-09","10","8923"
"2026-07-10","1","3962"
"2026-07-10","2","8591"
"2026-07-10","3","4765"
"2026-07-10","4","4481"
"2026-07-10","5","9663"
"2026-07-10","6","8923"
"2026-07-10","7","6430"
"2026-07-10","8","3193"
"2026-07-10","9","8151"
"2026-07-10","10","547A"
"2026-07-13","1","3962"
"2026-07-13","2","6333"
"2026-07-13","3","8591"
"2026-07-13","4","4765"
"2026-07-13","5","4481"
"2026-07-13","6","7744"
"2026-07-13","7","8151"
"2026-07-13","8","8923"
"2026-07-13","9","9663"
"2026-07-13","10","6430"
"2026-07-14","1","3962"
"2026-07-14","2","6333"
"2026-07-14","3","8591"
"2026-07-14","4","4765"
"2026-07-14","5","4481"
"2026-07-14","6","7744"
"2026-07-14","7","8923"
"2026-07-14","8","9663"
"2026-07-14","9","7513"
"2026-07-14","10","8151"
"2026-07-15","1","3962"
"2026-07-15","2","6333"
"2026-07-15","3","8591"
"2026-07-15","4","4765"
"2026-07-15","5","4481"
"2026-07-15","6","7513"
"2026-07-15","7","9663"
"2026-07-15","8","7744"
"2026-07-15","9","8923"
"2026-07-15","10","8151"
"2026-07-16","1","3962"
"2026-07-16","2","6333"
"2026-07-16","3","8591"
"2026-07-16","4","4765"
"2026-07-16","5","4481"
"2026-07-16","6","7513"
"2026-07-16","7","8923"
"2026-07-16","8","8151"
"2026-07-16","9","9663"
"2026-07-16","10","7744"
"2026-07-17","1","3176"
"2026-07-17","2","3962"
"2026-07-17","3","6333"
"2026-07-17","4","8591"
"2026-07-17","5","4765"
"2026-07-17","6","4481"
"2026-07-17","7","7513"
"2026-07-17","8","8151"
"2026-07-17","9","7744"
"2026-07-17","10","9663"
"2026-07-21","1","3962"
"2026-07-21","2","6333"
"2026-07-21","3","8591"
"2026-07-21","4","4765"
"2026-07-21","5","4481"
"2026-07-21","6","7744"
"2026-07-21","7","7513"
"2026-07-21","8","547A"
"2026-07-21","9","8151"
"2026-07-21","10","9663"
"2026-07-22","1","3962"
"2026-07-22","2","6333"
"2026-07-22","3","8591"
"2026-07-22","4","4765"
"2026-07-22","5","4481"
"2026-07-22","6","7513"
"2026-07-22","7","7744"
"2026-07-22","8","8151"
"2026-07-22","9","4914"
"2026-07-22","10","9663"
"2026-07-23","1","3962"
"2026-07-23","2","6333"
"2026-07-23","3","8591"
"2026-07-23","4","4765"
"2026-07-23","5","4481"
"2026-07-23","6","7513"
"2026-07-23","7","7744"
"2026-07-23","8","8151"
"2026-07-23","9","4914"
"2026-07-23","10","547A"
"2026-07-24","1","3962"
"2026-07-24","2","6333"
"2026-07-24","3","8591"
"2026-07-24","4","4765"
"2026-07-24","5","4481"
"2026-07-24","6","7744"
"2026-07-24","7","7513"
"2026-07-24","8","9663"
"2026-07-24","9","4914"
"2026-07-24","10","8151"
"2026-07-27","1","3962"
"2026-07-27","2","6333"
"2026-07-27","3","8591"
"2026-07-27","4","4765"
"2026-07-27","5","4481"
"2026-07-27","6","3662"
"2026-07-27","7","7744"
"2026-07-27","8","8151"
"2026-07-27","9","547A"
"2026-07-27","10","4914"
"2026-07-28","1","3962"
"2026-07-28","2","6333"
"2026-07-28","3","8591"
"2026-07-28","4","4765"
"2026-07-28","5","4481"
"2026-07-28","6","3662"
"2026-07-28","7","547A"
"2026-07-28","8","8151"
"2026-07-28","9","7744"
"2026-07-28","10","8923"
"2026-07-29","1","6333"
"2026-07-29","2","3962"
"2026-07-29","3","8591"
"2026-07-29","4","3662"
"2026-07-29","5","4481"
"2026-07-29","6","8151"
"2026-07-29","7","4765"
"2026-07-29","8","547A"
"2026-07-29","9","7744"
"2026-07-29","10","8923"
"2026-07-30","1","3176"
"2026-07-30","2","6333"
"2026-07-30","3","3962"
"2026-07-30","4","8591"
"2026-07-30","5","4481"
"2026-07-30","6","547A"
"2026-07-30","7","8151"
"2026-07-30","8","4765"
"2026-07-30","9","7744"
"2026-07-30","10","3662"
"2026-07-31","1","3176"
"2026-07-31","2","6333"
"2026-07-31","3","3962"
"2026-07-31","4","8591"
"2026-07-31","5","4481"
"2026-07-31","6","8151"
"2026-07-31","7","547A"
"2026-07-31","8","3193"
"2026-07-31","9","7744"
"2026-07-31","10","4765"
"2026-08-03","1","3962"
"2026-08-03","2","3176"
"2026-08-03","3","6333"
"2026-08-03","4","8591"
"2026-08-03","5","4481"
"2026-08-03","6","547A"
"2026-08-03","7","7203"
"2026-08-03","8","3662"
"2026-08-03","9","8151"
"2026-08-03","10","4765"
"2026-08-04","1","3962"
"2026-08-04","2","3176"
"2026-08-04","3","6333"
"2026-08-04","4","4481"
"2026-08-04","5","8591"
"2026-08-04","6","547A"
"2026-08-04","7","4765"
"2026-08-04","8","7203"
"2026-08-04","9","9663"
"2026-08-04","10","7744"
"2026-08-05","1","3176"
"2026-08-05","2","3962"
"2026-08-05","3","6333"
"2026-08-05","4","547A"
"2026-08-05","5","4481"
"2026-08-05","6","8591"
"2026-08-05","7","4765"
"2026-08-05","8","3662"
"2026-08-05","9","7203"
"2026-08-05","10","9663"
"2026-08-06","1","3962"
"2026-08-06","2","3176"
"2026-08-06","3","6333"
"2026-08-06","4","547A"
"2026-08-06","5","4481"
"2026-08-06","6","8591"
"2026-08-06","7","4765"
"2026-08-06","8","9663"
"2026-08-06","9","7203"
"2026-08-06","10","8923"
"2026-08-07","1","3962"
"2026-08-07","2","3176"
"2026-08-07","3","4481"
"2026-08-07","4","547A"
"2026-08-07","5","6333"
"2026-08-07","6","9663"
"2026-08-07","7","8591"
"2026-08-07","8","4765"
"2026-08-07","9","7203"
"2026-08-07","10","8151"
"2026-08-10","1","3962"
"2026-08-10","2","4481"
"2026-08-10","3","6333"
"2026-08-10","4","9663"
"2026-08-10","5","3176"
"2026-08-10","6","8591"
"2026-08-10","7","4765"
"2026-08-10","8","547A"
"2026-08-10","9","8151"
"2026-08-10","10","7203"
"2026-08-12","1","3962"
"2026-08-12","2","4481"
"2026-08-12","3","3176"
"2026-08-12","4","6333"
"2026-08-12","5","9663"
"2026-08-12","6","8591"
"2026-08-12","7","547A"
"2026-08-12","8","4765"
"2026-08-12","9","8151"
"2026-08-12","10","8923"
"2026-08-13","1","3962"
"2026-08-13","2","6333"
"2026-08-13","3","4481"
"2026-08-13","4","8591"
"2026-08-13","5","547A"
"2026-08-13","6","3176"
"2026-08-13","7","9663"
"2026-08-13","8","4765"
"2026-08-13","9","8923"
"2026-08-13","10","7203"
"2026-08-14","1","3962"
"2026-08-14","2","8591"
"2026-08-14","3","547A"
"2026-08-14","4","4481"
"2026-08-14","5","6333"
"2026-08-14","6","9663"
"2026-08-14","7","3176"
"2026-08-14","8","7203"
"2026-08-14","9","8923"
"2026-08-14","10","4765"
"2026-08-17","1","8591"
"2026-08-17","2","3962"
"2026-08-17","3","547A"
"2026-08-17","4","4481"
"2026-08-17","5","7203"
"2026-08-17","6","6333"
"2026-08-17","7","3176"
"2026-08-17","8","9663"
"2026-08-17","9","8923"
"2026-08-17","10","8151"
"2026-08-18","1","8591"
"2026-08-18","2","547A"
"2026-08-18","3","3962"
"2026-08-18","4","6333"
"2026-08-18","5","9663"
"2026-08-18","6","7203"
"2026-08-18","7","4481"
"2026-08-18","8","8923"
"2026-08-18","9","7744"
"2026-08-18","10","3176"
"2026-08-19","1","8591"
"2026-08-19","2","547A"
"2026-08-19","3","3962"
"2026-08-19","4","7744"
"2026-08-19","5","4481"
"2026-08-19","6","7203"
"2026-08-19","7","6333"
"2026-08-19","8","9663"
"2026-08-19","9","8151"
"2026-08-19","10","3176"
"2026-08-20","1","547A"
"2026-08-20","2","8591"
"2026-08-20","3","3962"
"2026-08-20","4","7203"
"2026-08-20","5","6333"
"2026-08-20","6","7744"
"2026-08-20","7","9663"
"2026-08-20","8","3176"
"2026-08-20","9","8151"
"2026-08-20","10","8923"
"2026-08-21","1","547A"
"2026-08-21","2","8591"
"2026-08-21","3","3962"
"2026-08-21","4","6333"
"2026-08-21","5","7203"
"2026-08-21","6","7744"
"2026-08-21","7","8151"
"2026-08-21","8","9663"
"2026-08-21","9","5451"
"2026-08-21","10","4481"
"2026-08-24","1","547A"
"2026-08-24","2","5269"
"2026-08-24","3","8591"
"2026-08-24","4","3962"
"2026-08-24","5","6333"
"2026-08-24","6","7203"
"2026-08-24","7","7744"
"2026-08-24","8","8151"
"2026-08-24","9","9663"
"2026-08-24","10","5451"
"2026-08-25","1","547A"
"2026-08-25","2","5269"
"2026-08-25","3","6333"
"2026-08-25","4","8591"
"2026-08-25","5","3962"
"2026-08-25","6","3176"
"2026-08-25","7","9663"
"2026-08-25","8","8151"
"2026-08-25","9","7203"
"2026-08-25","10","4481"
"2026-08-26","1","547A"
"2026-08-26","2","5269"
"2026-08-26","3","8591"
"2026-08-26","4","6333"
"2026-08-26","5","3176"
"2026-08-26","6","8151"
"2026-08-26","7","9663"
"2026-08-26","8","7203"
"2026-08-26","9","5451"
"2026-08-26","10","7744"
"2026-08-27","1","547A"
"2026-08-27","2","5269"
"2026-08-27","3","8591"
"2026-08-27","4","6333"
"2026-08-27","5","7203"
"2026-08-27","6","3176"
"2026-08-27","7","8151"
"2026-08-27","8","7744"
"2026-08-27","9","8923"
"2026-08-27","10","9601"
"2026-08-28","1","547A"
"2026-08-28","2","5269"
"2026-08-28","3","8591"
"2026-08-28","4","6333"
"2026-08-28","5","8151"
"2026-08-28","6","7203"
"2026-08-28","7","7744"
"2026-08-28","8","6430"
"2026-08-28","9","8923"
"2026-08-28","10","4687"
"2026-08-31","1","547A"
"2026-08-31","2","5269"
"2026-08-31","3","8591"
"2026-08-31","4","8151"
"2026-08-31","5","6333"
"2026-08-31","6","7203"
"2026-08-31","7","5451"
"2026-08-31","8","6430"
"2026-08-31","9","9663"
"2026-08-31","10","8923"
"2026-09-01","1","547A"
"2026-09-01","2","5269"
"2026-09-01","3","8591"
"2026-09-01","4","6333"
"2026-09-01","5","8151"
"2026-09-01","6","9663"
"2026-09-01","7","6430"
"2026-09-01","8","7744"
"2026-09-01","9","5451"
"2026-09-01","10","4343"
"2026-09-02","1","547A"
"2026-09-02","2","5269"
"2026-09-02","3","8591"
"2026-09-02","4","6333"
"2026-09-02","5","8151"
"2026-09-02","6","9663"
"2026-09-02","7","6430"
"2026-09-02","8","7744"
"2026-09-02","9","4343"
"2026-09-02","10","5451"
"2026-09-03","1","547A"
"2026-09-03","2","5269"
"2026-09-03","3","8591"
"2026-09-03","4","8151"
"2026-09-03","5","6333"
"2026-09-03","6","9663"
"2026-09-03","7","6430"
"2026-09-03","8","7744"
"2026-09-03","9","4481"
"2026-09-03","10","3771"
"2026-09-04","1","547A"
"2026-09-04","2","5269"
"2026-09-04","3","8591"
"2026-09-04","4","8151"
"2026-09-04","5","6333"
"2026-09-04","6","3176"
"2026-09-04","7","9663"
"2026-09-04","8","6430"
"2026-09-04","9","4343"
"2026-09-04","10","4481"
"2026-09-07","1","547A"
"2026-09-07","2","8591"
"2026-09-07","3","5269"
"2026-09-07","4","8151"
"2026-09-07","5","6333"
"2026-09-07","6","4343"
"2026-09-07","7","9663"
"2026-09-07","8","3176"
"2026-09-07","9","6430"
"2026-09-07","10","8923"
"2026-09-08","1","547A"
"2026-09-08","2","5269"
"2026-09-08","3","8591"
"2026-09-08","4","8151"
"2026-09-08","5","3176"
"2026-09-08","6","6333"
"2026-09-08","7","8923"
"2026-09-08","8","7744"
"2026-09-08","9","4343"
"2026-09-08","10","5451"
"2026-09-09","1","547A"
"2026-09-09","2","5269"
"2026-09-09","3","8591"
"2026-09-09","4","8151"
"2026-09-09","5","4343"
"2026-09-09","6","8923"
"2026-09-09","7","4481"
"2026-09-09","8","7744"
"2026-09-09","9","3176"
"2026-09-09","10","9663"
"2026-09-10","1","547A"
"2026-09-10","2","8591"
"2026-09-10","3","8151"
"2026-09-10","4","4343"
"2026-09-10","5","6333"
"2026-09-10","6","3176"
"2026-09-10","7","9663"
"2026-09-10","8","4481"
"2026-09-10","9","7744"
"2026-09-10","10","8923"
"2026-09-11","1","547A"
"2026-09-11","2","8591"
"2026-09-11","3","8151"
"2026-09-11","4","4343"
"2026-09-11","5","9663"
"2026-09-11","6","8923"
"2026-09-11","7","3176"
"2026-09-11","8","5021"
"2026-09-11","9","4481"
"2026-09-11","10","7744"
"2026-09-14","1","547A"
"2026-09-14","2","8591"
"2026-09-14","3","8151"
"2026-09-14","4","4343"
"2026-09-14","5","8923"
"2026-09-14","6","9663"
"2026-09-14","7","3176"
"2026-09-14","8","5021"
"2026-09-14","9","4481"
"2026-09-14","10","7744"
"2026-09-15","1","547A"
"2026-09-15","2","8591"
"2026-09-15","3","8151"
"2026-09-15","4","8923"
"2026-09-15","5","4343"
"2026-09-15","6","9663"
"2026-09-15","7","7744"
"2026-09-15","8","3176"
"2026-09-15","9","5021"
"2026-09-15","10","4481"
"2026-09-16","1","547A"
"2026-09-16","2","8591"
"2026-09-16","3","2325"
"2026-09-16","4","8151"
"2026-09-16","5","8923"
"2026-09-16","6","4343"
"2026-09-16","7","5021"
"2026-09-16","8","9663"
"2026-09-16","9","7744"
"2026-09-16","10","3176"
