"date","utc_time","open","high","low","close","raw_open","raw_close","volume"
"2009-02-06","2009-02-06 00:00","6637.732421875","6637.732421875","6637.732421875","6637.732421875","8210","8210","0"
"2009-02-13","2009-02-13 00:00","6395.18359375","6395.18359375","6395.18359375","6395.18359375","7910","7910","0"
"2009-02-27","2009-02-27 00:00","6241.5693359375","6241.5693359375","6241.5693359375","6241.5693359375","7720","7720","0"
"2009-04-10","2009-04-10 00:00","7430.0556640625","7430.0556640625","7430.0556640625","7430.0556640625","9190","9190","0"
"2009-04-17","2009-04-17 00:00","7397.71533203125","7397.71533203125","7397.71533203125","7397.71533203125","9150","9150","0"
"2009-04-24","2009-04-24 00:00","7236.0166015625","7236.0166015625","7236.0166015625","7236.0166015625","8950","8950","0"
"2009-05-08","2009-05-08 00:00","7818.132812499999","7818.132812499999","7818.132812499999","7818.132812499999","9670","9670","0"
"2009-05-15","2009-05-15 00:00","7680.6875","7680.6875","7680.6875","7680.6875","9500","9500","0"
"2009-05-20","2009-05-20 00:00","7721.1123046875","7721.1123046875","7721.1123046875","7721.1123046875","9550","9550","0"
"2010-02-04","2010-02-04 00:00","8448.4326171875","8448.4326171875","8448.4326171875","8448.4326171875","10449.599609375","10449.599609375","0"
"2010-02-05","2010-02-05 00:00","8222.3779296875","8254.717665890794","8190.038193484205","8222.3779296875","10170","10170","1159247"
"2010-02-08","2010-02-08 00:00","8141.530248198311","8214.294669483103","8109.19050540507","8133.4453125","10070","10060","1017635"
"2010-02-09","2010-02-09 00:00","8084.935648032868","8125.360326273033","8052.595905440737","8117.275390625","10000","10040","498941"
"2010-02-10","2010-02-10 00:00","8190.03991311694","8198.124848865327","8125.360427129836","8149.615234375","10130","10080","290461"
"2010-02-12","2010-02-12 00:00","8222.380931181066","8246.6357421875","8173.871309168198","8246.6357421875","10170","10200","268464"
"2010-02-15","2010-02-15 00:00","8246.632048654084","8254.716982035117","8165.78271484375","8165.78271484375","10200","10100","137429"
"2010-02-16","2010-02-16 00:00","8206.209910807935","8214.294846680652","8173.870167317066","8190.040039062501","10150","10130","87360"
"2010-02-17","2010-02-17 00:00","8295.141982797475","8416.41598839393","8287.057049091045","8408.3310546875","10260","10400","428121"
"2010-02-18","2010-02-18 00:00","8424.502954967642","8440.672826282358","8384.078276680848","8432.587890625","10420","10430","232120"
"2010-02-19","2010-02-19 00:00","8448.756275177002","8448.756275177002","8262.802787780762","8278.97265625","10450","10240","541997"
"2010-02-22","2010-02-22 00:00","8424.50308064468","8529.607245758289","8424.50308064468","8473.0126953125","10420","10480","493813"
"2010-02-23","2010-02-23 00:00","8440.671927282505","8464.926731671248","8384.077383708773","8456.841796875","10440","10460","335294"
"2010-02-24","2010-02-24 00:00","8327.4833984375","8367.908075128944","8262.803915731189","8327.4833984375","10300","10300","483873"
"2010-02-25","2010-02-25 00:00","8367.905805323846","8384.075671614328","8238.546875","8238.546875","10350","10190","314828"
"2010-02-26","2010-02-26 00:00","8254.7177734375","8311.312312530607","8230.462970969025","8254.7177734375","10210","10210","332335"
"2010-03-01","2010-03-01 00:00","8278.973735408561","8343.653217716439","8254.718929543105","8311.3134765625","10240","10280","243504"
"2010-03-02","2010-03-02 00:00","8327.4834750121","8359.823216662633","8278.973862536302","8351.73828125","10300","10330","301454"
"2010-03-03","2010-03-03 00:00","8319.398539599468","8384.078022900532","8311.313604186835","8351.73828125","10290","10330","786984"
"2010-03-04","2010-03-04 00:00","8359.821998596191","8375.99186706543","8270.88772201538","8278.97265625","10340","10240","598602"
"2010-03-05","2010-03-05 00:00","8375.99346597686","8473.0126953125","8375.99346597686","8473.0126953125","10360","10480","530038"
"2010-03-08","2010-03-08 00:00","8602.371170630273","8642.795847183987","8578.116364698044","8626.6259765625","10640","10670","781260"
"2010-03-09","2010-03-09 00:00","8618.540989950117","8642.79579573797","8602.371119424883","8610.4560546875","10660","10650","349318"
"2010-03-10","2010-03-10 00:00","8626.625950911703","8642.795821485108","8602.371145051595","8618.541015625","10670","10660","309304"
"2010-03-11","2010-03-11 00:00","8650.881011849442","8707.475560525092","8634.711140799256","8699.390625","10700","10760","443705"
"2010-03-12","2010-03-12 00:00","8755.9853515625","8788.325094319887","8723.645608805113","8755.9853515625","10830","10830","509980"
"2010-03-15","2010-03-15 00:00","8804.494009996253","8820.663879619753","8731.729596690499","8764.0693359375","10890","10840","201762"
"2010-03-16","2010-03-16 00:00","8755.983371360906","8788.323106804528","8739.813503639094","8747.8984375","10830","10820","172517"
"2010-03-17","2010-03-17 00:00","8796.40933500914","8861.08881541362","8772.15452985746","8844.9189453125","10880","10940","510281"
"2010-03-18","2010-03-18 00:00","8844.918684055005","8853.003618866755","8755.98440112575","8764.0693359375","10940","10840","293522"
"2010-03-19","2010-03-19 00:00","8812.579153431205","8836.833958440648","8788.32434842176","8828.7490234375","10900","10920","235980"
"2010-03-23","2010-03-23 00:00","8804.496045236316","8828.75085527829","8780.241235194342","8788.326171875","10890","10870","202851"
"2010-03-24","2010-03-24 00:00","8844.918841384748","8877.258581206996","8780.239361740252","8812.5791015625","10940","10900","278338"
"2010-03-25","2010-03-25 00:00","8853.00388036306","8869.173750464179","8812.57920511026","8844.9189453125","10950","10940","248520"
"2010-03-26","2010-03-26 00:00","8885.344030651746","8974.2783203125","8877.25909522804","8974.2783203125","10990","11100","549044"
"2010-03-29","2010-03-29 00:00","8958.10961957737","9038.958984375","8941.939746617845","9038.958984375","11080","11180","327010"
"2010-03-30","2010-03-30 00:00","9055.126164596273","9127.890571276066","9030.871362369677","9111.720703125","11200","11270","396167"
"2010-03-31","2010-03-31 00:00","9111.722631098746","9144.062374243727","9087.46782374001","9103.6376953125","11270","11260","367400"
"2010-04-01","2010-04-01 00:00","9144.061754728618","9257.250848067435","9127.891884251645","9216.826171875","11310","11400","873475"
"2010-04-02","2010-04-02 00:00","9281.505808246073","9289.59074361911","9224.911260634817","9265.3359375","11480","11460","466762"
"2010-04-05","2010-04-05 00:00","9313.845703125","9338.100509643555","9281.50596110026","9313.845703125","11520","11520","383932"
"2010-04-06","2010-04-06 00:00","9321.930485111256","9321.930485111256","9208.741389888743","9265.3359375","11530","11460","338598"
"2010-04-07","2010-04-07 00:00","9273.4189453125","9321.928547467578","9241.079210542448","9273.4189453125","11470","11470","508707"
"2010-04-08","2010-04-08 00:00","9184.487229699911","9224.911909408098","9160.232421875","9160.232421875","11360","11330","434114"
"2010-04-09","2010-04-09 00:00","9200.655246811784","9200.655246811784","9152.145640941073","9192.5703125","11380","11370","576286"
"2010-04-12","2010-04-12 00:00","9265.335860605315","9321.930407746882","9224.911184075623","9241.0810546875","11460","11430","337626"
"2010-04-13","2010-04-13 00:00","9208.742037524822","9208.742037524822","9095.552934341902","9160.232421875","11390","11330","423746"
"2010-04-14","2010-04-14 00:00","9216.825115435357","9257.249786994284","9160.230575252857","9192.5703125","11400","11370","312596"
"2010-04-15","2010-04-15 00:00","9281.505756938373","9289.590692266716","9232.996144968312","9249.166015625","11480","11440","349129"
"2010-04-16","2010-04-16 00:00","9224.909780182454","9224.909780182454","9095.550834973936","9111.720703125","11410","11270","746883"
"2010-04-19","2010-04-19 00:00","8982.364159009428","8998.534031482892","8933.854541589035","8950.0244140625","11110","11070","592751"
"2010-04-20","2010-04-20 00:00","9006.617028852661","9038.95676683777","8941.937552882446","8958.107421875","11140","11080","530084"
"2010-04-21","2010-04-21 00:00","9055.126164596273","9111.720703125","9047.041230520741","9111.720703125","11200","11270","291137"
"2010-04-22","2010-04-22 00:00","9022.787003990557","9022.787003990557","8917.682854302497","8990.447265625","11160","11120","413553"
"2010-04-23","2010-04-23 00:00","8958.107527259443","9006.617134807779","8917.682854302497","8990.447265625","11080","11120","441164"
"2010-04-26","2010-04-26 00:00","9063.21031918265","9168.314453125","9063.21031918265","9168.314453125","11210","11340","983534"
"2010-04-27","2010-04-27 00:00","9119.80590369393","9208.74018112357","9119.80590369393","9192.5703125","11280","11370","375172"
"2010-04-28","2010-04-28 00:00","8950.023514041386","9014.702997431024","8933.853643193976","8974.2783203125","11070","11100","811986"
"2010-04-30","2010-04-30 00:00","9095.552683938113","9103.63761965717","9055.128005342833","9079.3828125","11250","11230","234937"
"2010-05-06","2010-05-06 00:00","8796.411059907834","8820.665869815668","8772.15625","8772.15625","10880","10850","840545"
"2010-05-07","2010-05-07 00:00","8424.502442786876","8578.1162109375","8367.90789662612","8578.1162109375","10420","10610","1480156"
"2010-05-10","2010-05-10 00:00","8553.862649035098","8675.136694153744","8521.522903670126","8667.0517578125","10580","10720","862686"
"2010-05-11","2010-05-11 00:00","8755.984731874114","8755.984731874114","8545.776418828198","8561.9462890625","10830","10590","976118"
"2010-05-12","2010-05-12 00:00","8594.284941498814","8634.709611966824","8497.265732375592","8529.60546875","10630","10550","514297"
"2010-05-13","2010-05-13 00:00","8683.220880189061","8747.900365330133","8658.966073261157","8739.8154296875","10740","10810","472969"
"2010-05-14","2010-05-14 00:00","8594.287134156191","8675.136495719278","8537.69258106203","8602.3720703125","10630","10640","509364"
"2010-05-17","2010-05-17 00:00","8473.011561300384","8497.266365388077","8351.737540861925","8424.501953125","10480","10420","833893"
"2010-05-18","2010-05-18 00:00","8473.012568911792","8505.352311541226","8392.163212338206","8432.587890625","10480","10430","335773"
"2010-05-19","2010-05-19 00:00","8303.227671541908","8375.992081516473","8254.718064892199","8343.65234375","10270","10320","686219"
"2010-05-20","2010-05-20 00:00","8311.314329026149","8359.823945732527","8230.464967848851","8270.8896484375","10280","10230","515089"
"2010-05-21","2010-05-21 00:00","8028.34133364641","8101.105756609973","7987.916654222208","8036.42626953125","9930","9940","1051459"
"2010-05-24","2010-05-24 00:00","8044.511180312972","8060.681052032194","7971.746757576473","8028.341308593751","9950","9930","441426"
"2010-05-25","2010-05-25 00:00","7931.322306695386","7947.492178880289","7761.538648753894","7785.79345703125","9810","9630","964242"
"2010-05-26","2010-05-26 00:00","7890.895234860249","7931.319903071623","7793.87603115295","7810.045898437501","9760","9660","688763"
"2010-05-27","2010-05-27 00:00","7753.4532199712","7947.491673859948","7729.198413235107","7939.40673828125","9590","9820","365799"
"2010-05-28","2010-05-28 00:00","8076.849556481946","8084.934490972919","7979.830342590271","8060.679687500001","9990","9970","649655"
"2010-05-31","2010-05-31 00:00","8020.256372734139","8093.020795470638","8004.086501014917","8028.341308593751","9920","9930","379934"
"2010-06-01","2010-06-01 00:00","7996.001489997632","8020.256297348485","7947.4918752959275","8004.08642578125","9890","9900","444840"
"2010-06-02","2010-06-02 00:00","7931.320694828717","8036.424842670484","7866.641219233784","7898.98095703125","9810","9770","312808"
"2010-06-03","2010-06-03 00:00","8052.593701750865","8181.95263671875","8044.5087683153715","8181.95263671875","9960","10120","684505"
"2010-06-04","2010-06-04 00:00","8149.615796550445","8198.125414387056","8125.360987632141","8173.87060546875","10080","10110","234561"
"2010-06-07","2010-06-07 00:00","7915.151598478618","7931.3214689555925","7818.132375616777","7834.30224609375","9790","9690","680434"
"2010-06-08","2010-06-08 00:00","7777.7067564030285","7890.895836018041","7761.5368878865975","7842.38623046875","9620","9700","410402"
"2010-06-09","2010-06-09 00:00","7818.132736522628","7818.132736522628","7721.113509182119","7793.877929687501","9670","9640","766525"
"2010-06-10","2010-06-10 00:00","7826.21636195232","7858.55609898518","7769.621822144813","7842.38623046875","9680","9700","419872"
"2010-06-11","2010-06-11 00:00","8004.0849075626265","8036.42464456288","7955.575302062247","7987.9150390625","9900","9880","417674"
"2010-06-14","2010-06-14 00:00","8076.850252157183","8133.444798468595","8076.850252157183","8125.35986328125","9990","10050","281748"
"2010-06-15","2010-06-15 00:00","8101.1050062702525","8157.69955222224","8084.935135998256","8109.189941406251","10020","10030","257181"
"2010-06-16","2010-06-16 00:00","8254.717880144817","8319.397354230183","8246.632945884146","8287.0576171875","10210","10250","530880"
"2010-06-17","2010-06-17 00:00","8238.549779745825","8270.889523729125","8214.29497175835","8230.46484375","10190","10180","178171"
"2010-06-18","2010-06-18 00:00","8262.804537555363","8262.804537555363","8198.125049981545","8214.294921875","10220","10160","208518"
"2010-06-21","2010-06-21 00:00","8311.312867382438","8432.586887820898","8311.312867382438","8424.501953125","10280","10420","345053"
"2010-06-22","2010-06-22 00:00","8335.568308126822","8375.992984693878","8303.228566873178","8319.3984375","10310","10290","516000"
"2010-06-23","2010-06-23 00:00","8190.03991311694","8198.124848865327","8149.615234375","8149.615234375","10130","10080","410504"
"2010-06-24","2010-06-24 00:00","8133.443927504026","8230.46313936292","8133.443927504026","8157.69873046875","10060","10090","147803"
"2010-06-25","2010-06-25 00:00","8044.511104699337","8052.596040482955","7971.74668264678","8004.08642578125","9950","9900","537580"
"2010-06-28","2010-06-28 00:00","8028.340174712672","8036.425109430408","7963.660696970776","7979.83056640625","9930","9870","146964"
"2010-06-29","2010-06-29 00:00","7996.000532487783","8036.425206565073","7858.556640625","7858.556640625","9890","9720","184655"
"2010-06-30","2010-06-30 00:00","7737.282688795273","7753.45255857332","7696.858014350157","7729.19775390625","9570","9560","491023"
"2010-07-01","2010-07-01 00:00","7656.434813671458","7656.434813671458","7535.160766992395","7575.585449218749","9470","9370","683191"
"2010-07-02","2010-07-02 00:00","7607.923313351895","7632.1781166888295","7543.243837786736","7599.83837890625","9410","9400","448807"
"2010-07-05","2010-07-05 00:00","7607.922985762421","7648.347656250001","7591.753117567389","7648.347656250001","9410","9460","321783"
"2010-07-06","2010-07-06 00:00","7462.394467289837","7591.753417968751","7373.460188698084","7591.753417968751","9230","9390","635835"
"2010-07-07","2010-07-07 00:00","7559.413957606069","7567.498892320085","7478.564610465896","7527.07421875","9350","9310","391786"
"2010-07-08","2010-07-08 00:00","7713.027884128203","7737.282688795273","7688.773079461133","7729.19775390625","9540","9560","478615"
"2010-07-09","2010-07-09 00:00","7745.36821492513","7793.877827962239","7713.028472900391","7761.5380859375","9580","9600","621189"
"2010-07-12","2010-07-12 00:00","7737.283228609408","7818.132583140332","7729.198293156315","7745.3681640625","9570","9580","177457"
"2010-07-13","2010-07-13 00:00","7777.706845140707","7810.046582542539","7696.857501636126","7721.1123046875","9620","9550","279531"
"2010-07-14","2010-07-14 00:00","7898.981600290883","7947.4912109375","7898.981600290883","7947.4912109375","9770","9830","384854"
"2010-07-15","2010-07-15 00:00","7866.6419870476975","7890.896792763158","7834.30224609375","7834.30224609375","9730","9690","209117"
"2010-07-16","2010-07-16 00:00","7785.791481147378","7810.046283269333","7607.922932253046","7632.177734375001","9630","9440","397734"
"2010-07-21","2010-07-21 00:00","7624.0934087281585","7624.0934087281585","7478.5645843834","7518.9892578125","9430","9300","287137"
"2010-07-22","2010-07-22 00:00","7486.648871880073","7502.818739853896","7438.139267958603","7470.47900390625","9260","9240","398419"
"2010-07-23","2010-07-23 00:00","7648.347656250001","7680.687392640064","7591.753117567389","7648.347656250001","9460","9460","394791"
"2010-07-26","2010-07-26 00:00","7721.113668897049","7753.453412012848","7688.77392578125","7688.77392578125","9550","9510","333065"
"2010-07-27","2010-07-27 00:00","7696.857421875","7729.197158941702","7688.772487608324","7696.857421875","9520","9520","361495"
"2010-07-28","2010-07-28 00:00","7801.96174363885","7915.1508259299835","7801.96174363885","7898.98095703125","9650","9770","401200"
"2010-07-29","2010-07-29 00:00","7826.21736209449","7890.89684442585","7818.13242680307","7850.47216796875","9680","9710","134642"
"2010-07-30","2010-07-30 00:00","7826.217492816092","7826.217492816092","7696.858525992685","7737.283203125","9680","9570","305826"
"2010-08-02","2010-08-02 00:00","7753.4521484375","7850.471361973736","7745.367213976147","7753.4521484375","9590","9590","304652"
"2010-08-03","2010-08-03 00:00","7882.811857524671","7907.066663240132","7801.9625051398025","7834.30224609375","9750","9690","375550"
"2010-08-04","2010-08-04 00:00","7793.878090907598","7793.878090907598","7680.688990002301","7688.77392578125","9640","9510","447270"
"2010-08-05","2010-08-05 00:00","7834.302633176813","7858.5574400906735","7761.538212435233","7801.962890625","9690","9650","271706"
"2010-08-06","2010-08-06 00:00","7753.4519007659155","7834.301242796843","7729.197098156637","7826.21630859375","9590","9680","133251"
"2010-08-09","2010-08-09 00:00","7713.027476130735","7761.5370828988525","7704.942541669382","7753.4521484375","9540","9590","161384"
"2010-08-10","2010-08-10 00:00","7801.96216790746","7834.301907463553","7704.94294923918","7729.19775390625","9650","9560","176099"
"2010-08-11","2010-08-11 00:00","7640.263826427542","7656.433696959663","7518.989797436629","7535.15966796875","9450","9320","821875"
"2010-08-12","2010-08-12 00:00","7389.630604389558","7470.479954546993","7341.120994295097","7462.39501953125","9140","9230","884675"
"2010-08-13","2010-08-13 00:00","7470.4796496975805","7518.9892578125","7421.970041582661","7518.9892578125","9240","9300","513397"
"2010-08-16","2010-08-16 00:00","7413.885843979031","7470.480392406353","7365.376231041328","7446.2255859375","9170","9210","326439"
"2010-08-17","2010-08-17 00:00","7365.377172851563","7446.226538085938","7357.292236328125","7438.1416015625","9110","9200","326306"
"2010-08-18","2010-08-18 00:00","7502.82026187905","7518.990133133099","7421.970905608801","7486.650390625","9280","9260","423923"
"2010-08-19","2010-08-19 00:00","7486.64929666722","7599.83837890625","7486.64929666722","7599.83837890625","9260","9400","486486"
"2010-08-20","2010-08-20 00:00","7470.480341233678","7527.074889273326","7421.970728628264","7430.0556640625","9240","9190","611573"
"2010-08-23","2010-08-23 00:00","7413.8846317759735","7438.139434279057","7365.375026769805","7373.4599609375","9170","9120","370852"
"2010-08-24","2010-08-24 00:00","7316.867529133933","7357.292211615336","7268.35791015625","7268.35791015625","9050","8990","907107"
"2010-08-25","2010-08-25 00:00","7211.763009798729","7252.187690346928","7130.913648702331","7155.16845703125","8920","8850","935101"
"2010-08-26","2010-08-26 00:00","7219.847116455352","7227.932051636153","7155.167635008944","7203.67724609375","8930","8910","877792"
"2010-08-27","2010-08-27 00:00","7138.997538542245","7316.866106886446","7138.997538542245","7284.5263671875","8830","9010","541380"
"2010-08-30","2010-08-30 00:00","7421.970136398566","7527.074288656933","7389.630397242145","7397.71533203125","9180","9150","652951"
"2010-08-31","2010-08-31 00:00","7292.611322595201","7300.696257542646","7130.912623646305","7138.99755859375","9020","8830","737957"
"2010-09-01","2010-09-01 00:00","7155.167279924665","7252.186497279576","7130.9124755859375","7244.1015625","8850","8960","448419"
"2010-09-02","2010-09-02 00:00","7365.37732014435","7381.547193514591","7260.27314323779","7324.95263671875","9110","9060","592903"
"2010-09-03","2010-09-03 00:00","7381.546875","7413.886620345016","7333.037256982475","7381.546875","9130","9130","376858"
"2010-09-06","2010-09-06 00:00","7462.394741037862","7551.329022892051","7438.139936895811","7527.07421875","9230","9310","630397"
"2010-09-07","2010-09-07 00:00","7486.650854096284","7551.330343116554","7462.396045713683","7478.56591796875","9260","9250","318667"
"2010-09-08","2010-09-08 00:00","7365.376312694234","7381.546183852728","7292.611892481008","7316.86669921875","9110","9050","502948"
"2010-09-09","2010-09-09 00:00","7397.715717403608","7413.885587824163","7349.206106141945","7365.3759765625","9150","9110","347686"
"2010-09-10","2010-09-10 00:00","7421.971365076013","7535.160470861487","7405.801492820946","7478.56591796875","9180","9250","477317"
"2010-09-13","2010-09-13 00:00","7575.58491080381","7624.09452602774","7543.24516732119","7559.4150390625","9370","9350","452816"
"2010-09-14","2010-09-14 00:00","7559.4150390625","7567.499974933155","7502.820487967914","7559.4150390625","9350","9350","466691"
"2010-09-16","2010-09-16 00:00","7810.046501608455","7810.046501608455","7688.772487608324","7696.857421875","9660","9520","464420"
"2010-09-17","2010-09-17 00:00","7785.793069738883","7826.217748190279","7745.368391287487","7818.132812499999","9630","9670","687721"
"2010-09-21","2010-09-21 00:00","7850.47292069338","7866.642792826631","7769.623560027125","7777.70849609375","9710","9620","277303"
"2010-09-22","2010-09-22 00:00","7745.36821492513","7801.962763468425","7737.283279418945","7761.5380859375","9580","9600","582167"
"2010-09-24","2010-09-24 00:00","7640.264261002536","7793.87803979518","7632.179325276607","7672.60400390625","9450","9490","1052797"
"2010-09-27","2010-09-27 00:00","7745.368751827248","7793.878368227001","7737.283815760623","7777.70849609375","9580","9620","370606"
"2010-09-28","2010-09-28 00:00","7761.5380094043885","7793.87775111024","7721.113332272074","7737.283203125","9600","9570","427574"
"2010-09-29","2010-09-29 00:00","7769.6212302261265","7842.3856330066","7753.451362941577","7810.045898437501","9610","9660","803764"
"2010-09-30","2010-09-30 00:00","7801.963919263958","7810.048855967859","7648.350121889849","7656.43505859375","9650","9470","402841"
"2010-10-01","2010-10-01 00:00","7729.199488928854","7729.199488928854","7640.265185185949","7656.43505859375","9560","9470","392806"
"2010-10-04","2010-10-04 00:00","7672.602921937004","7769.622136966766","7632.178249007937","7640.26318359375","9490","9450","376912"
"2010-10-05","2010-10-05 00:00","7607.924838694615","7785.793432160375","7607.924838694615","7777.70849609375","9410","9620","545413"
"2010-10-06","2010-10-06 00:00","7826.216546986951","7915.1508259299835","7810.046678088217","7898.98095703125","9680","9770","854386"
"2010-10-07","2010-10-07 00:00","7882.8115494524845","7931.321158987576","7874.726614529969","7890.896484375","9750","9760","463694"
"2010-10-08","2010-10-08 00:00","7866.640979609214","7890.895782218492","7810.046440187565","7826.21630859375","9730","9680","266563"
"2010-10-12","2010-10-12 00:00","7874.727397054466","7874.727397054466","7656.434132454393","7672.60400390625","9740","9490","557679"
"2010-10-13","2010-10-13 00:00","7729.197105263158","7761.536842105263","7664.517631578947","7680.6875","9560","9500","508667"
"2010-10-14","2010-10-14 00:00","7761.538262668045","7850.472555261116","7737.283455597208","7818.132812499999","9600","9670","697657"
"2010-10-15","2010-10-15 00:00","7785.791450047964","7793.8763840563215","7729.196911989464","7769.62158203125","9630","9610","287650"
"2010-10-18","2010-10-18 00:00","7777.707880257314","7801.962686536703","7729.198267698537","7737.283203125","9620","9570","250026"
"2010-10-19","2010-10-19 00:00","7745.3667800061785","7810.046252073035","7737.281845997821","7769.62158203125","9580","9610","250692"
"2010-10-20","2010-10-20 00:00","7680.687392640064","7680.687392640064","7599.838051664906","7648.347656250001","9500","9460","677785"
"2010-10-21","2010-10-21 00:00","7721.1120631276435","7745.366865420191","7607.922985762421","7648.347656250001","9550","9460","900355"
"2010-10-22","2010-10-22 00:00","7672.6026190749735","7713.02729040835","7664.517684808298","7696.857421875","9490","9520","190298"
"2010-10-25","2010-10-25 00:00","7696.857368421052","7713.027236842105","7656.432697368421","7680.6875","9520","9500","194802"
"2010-10-26","2010-10-26 00:00","7656.432590347516","7721.1120631276435","7640.2627221524845","7648.347656250001","9470","9460","553570"
"2010-10-27","2010-10-27 00:00","7704.943746809965","7713.0286825358935","7607.924518098821","7672.60400390625","9530","9490","587938"
"2010-10-28","2010-10-28 00:00","7640.26318359375","7688.772791108631","7632.178249007937","7640.26318359375","9450","9450","283318"
"2010-10-29","2010-10-29 00:00","7607.922990996262","7616.007925099339","7486.648979450094","7502.81884765625","9410","9280","1063599"
"2010-11-01","2010-11-01 00:00","7486.650854096284","7559.415279244088","7454.311109586149","7478.56591796875","9260","9250","568870"
"2010-11-02","2010-11-02 00:00","7462.396045713683","7486.650854096284","7446.2261734586145","7478.56591796875","9230","9250","342221"
"2010-11-04","2010-11-04 00:00","7583.6686414930555","7648.348118179564","7575.583706907242","7640.26318359375","9380","9450","544234"
"2010-11-05","2010-11-05 00:00","7761.536485097637","7898.980360354573","7761.536485097637","7866.640625","9600","9730","1102779"
"2010-11-08","2010-11-08 00:00","7915.151393096301","7947.491133211097","7898.981523038903","7923.236328125","9790","9800","492650"
"2010-11-09","2010-11-09 00:00","7890.896022581884","7931.320694828717","7874.72615368315","7898.98095703125","9760","9770","354332"
"2010-11-10","2010-11-10 00:00","7955.574896726791","8028.339301270024","7947.489962888654","8012.16943359375","9840","9910","883110"
"2010-11-11","2010-11-11 00:00","8060.681077185771","8068.766013070612","8020.256397761569","8036.42626953125","9970","9940","550837"
"2010-11-12","2010-11-12 00:00","8004.0862229108325","8036.425965225623","7931.321802702552","7939.40673828125","9900","9820","394109"
"2010-11-15","2010-11-15 00:00","8012.170924032888","8028.340794717112","7947.491441295993","8020.255859375","9910","9920","627232"
"2010-11-16","2010-11-16 00:00","8068.764821762487","8084.934691144777","7971.74560546875","7971.74560546875","9980","9860","512854"
"2010-11-17","2010-11-17 00:00","7931.321570611769","8020.255859375","7915.151699927545","8020.255859375","9810","9920","313743"
"2010-11-18","2010-11-18 00:00","8012.171277025348","8165.7850552932405","7987.916469930417","8133.4453125","9910","10060","674185"
"2010-11-19","2010-11-19 00:00","8254.718567977996","8270.888437846708","8165.784283700074","8198.1240234375","10210","10140","651933"
"2010-11-22","2010-11-22 00:00","8270.890553193934","8287.060427198223","8230.46586818321","8246.6357421875","10230","10200","617373"
"2010-11-24","2010-11-24 00:00","8101.104804225222","8214.293893306214","8084.934934356509","8198.1240234375","10020","10140","812805"
"2010-11-25","2010-11-25 00:00","8246.63273183997","8254.717665890794","8190.038193484205","8222.3779296875","10200","10170","489718"
"2010-11-26","2010-11-26 00:00","8230.464768703818","8262.804512392242","8190.040089093288","8206.2099609375","10180","10150","293280"
"2010-11-29","2010-11-29 00:00","8230.463970385887","8278.973581213308","8190.0392946963675","8262.8037109375","10180","10220","597940"
"2010-11-30","2010-11-30 00:00","8222.379554049427","8246.634360993525","8101.105519328934","8117.275390625","10170","10040","967778"
"2010-12-01","2010-12-01 00:00","8109.188181176516","8165.78271484375","8084.933381033416","8165.78271484375","10030","10100","397332"
"2010-12-02","2010-12-02 00:00","8303.227485708841","8311.312419969512","8270.887748666159","8287.0576171875","10270","10250","559465"
"2010-12-03","2010-12-03 00:00","8351.738153004924","8359.82308829341","8278.973735408561","8311.3134765625","10330","10280","316393"
"2010-12-06","2010-12-06 00:00","8295.14453125","8303.229467440302","8270.889722679094","8295.14453125","10260","10260","315045"
"2010-12-07","2010-12-07 00:00","8287.05759048462","8295.142524719238","8230.463050842285","8278.97265625","10250","10240","277438"
"2010-12-08","2010-12-08 00:00","8319.397540425145","8367.907147074855","8311.312605983527","8343.65234375","10290","10320","419952"
"2010-12-09","2010-12-09 00:00","8384.0771484375","8400.247017576241","8351.737410160016","8384.0771484375","10370","10370","409961"
"2010-12-10","2010-12-10 00:00","8359.822212633237","8424.501688166181","8311.312605983527","8343.65234375","10340","10320","549665"
"2010-12-13","2010-12-13 00:00","8335.56950716522","8392.1640625","8319.399634212426","8392.1640625","10310","10380","199208"
"2010-12-14","2010-12-14 00:00","8384.07625356821","8416.41598839393","8367.906386155348","8408.3310546875","10370","10400","320774"
"2010-12-15","2010-12-15 00:00","8416.41598839393","8432.58585580679","8384.07625356821","8408.3310546875","10410","10400","196600"
"2010-12-16","2010-12-16 00:00","8416.41598839393","8440.67078951322","8384.07625356821","8408.3310546875","10410","10400","268083"
"2010-12-17","2010-12-17 00:00","8408.331027430222","8424.500894790664","8384.076226389558","8400.24609375","10400","10390","159345"
"2010-12-20","2010-12-20 00:00","8400.246884841326","8400.246884841326","8303.227671541908","8343.65234375","10390","10320","195868"
"2010-12-21","2010-12-21 00:00","8375.99242299641","8456.841770708732","8375.99242299641","8448.7568359375","10360","10450","440909"
"2010-12-22","2010-12-22 00:00","8448.757761939716","8481.09750456915","8416.418019310282","8432.587890625","10450","10430","430463"
"2010-12-24","2010-12-24 00:00","8375.994189547206","8392.1640625","8367.90925307081","8392.1640625","10360","10380","226336"
"2010-12-27","2010-12-27 00:00","8400.247227310108","8464.926705479964","8392.162292538875","8448.7568359375","10390","10450","253551"
"2010-12-28","2010-12-28 00:00","8424.50192685819","8440.671796199567","8400.247122846122","8416.4169921875","10420","10410","174051"
"2010-12-29","2010-12-29 00:00","8400.247227310108","8448.7568359375","8392.162292538875","8448.7568359375","10390","10450","223442"
"2010-12-30","2010-12-30 00:00","8416.417713006183","8424.502648369302","8327.483424011882","8335.568359375","10410","10310","513886"
"2011-01-04","2011-01-04 00:00","8440.670979584527","8505.350450692455","8424.501111807545","8464.92578125","10440","10470","533091"
"2011-01-05","2011-01-05 00:00","8473.010715138491","8505.350450692455","8456.840847361509","8464.92578125","10480","10470","240326"
"2011-01-06","2011-01-06 00:00","8561.947340108582","8594.28708454714","8561.947340108582","8586.2021484375","10590","10620","595830"
"2011-01-07","2011-01-07 00:00","8561.946468618082","8618.541015625","8561.946468618082","8618.541015625","10590","10660","198299"
"2011-01-11","2011-01-11 00:00","8537.692531779661","8602.37202065678","8537.692531779661","8586.2021484375","10560","10620","341334"
"2011-01-12","2011-01-12 00:00","8610.45595160079","8634.710757098257","8570.031275771678","8578.1162109375","10650","10610","403656"
"2011-01-13","2011-01-13 00:00","8650.88075677181","8667.050627345216","8618.541015625","8618.541015625","10700","10660","323622"
"2011-01-14","2011-01-14 00:00","8626.625821932434","8634.710757098257","8561.946340605857","8578.1162109375","10670","10610","283112"
"2011-01-17","2011-01-17 00:00","8618.540886766612","8626.625821932434","8553.861405440033","8578.1162109375","10660","10610","233116"
"2011-01-18","2011-01-18 00:00","8537.691535108388","8610.45595160079","8529.606599942566","8578.1162109375","10560","10610","280497"
"2011-01-19","2011-01-19 00:00","8610.456105941015","8634.710911873242","8594.286235319529","8626.6259765625","10650","10670","200137"
"2011-01-20","2011-01-20 00:00","8561.945178153166","8578.115046289433","8505.350639676233","8521.5205078125","10590","10540","450226"
"2011-01-21","2011-01-21 00:00","8553.860774394287","8553.860774394287","8375.992213868129","8384.0771484375","10580","10370","563085"
"2011-01-24","2011-01-24 00:00","8416.418019310282","8448.757761939716","8392.163212338206","8432.587890625","10410","10430","288259"
"2011-01-25","2011-01-25 00:00","8456.841088497276","8553.860297925545","8448.756154378254","8537.6904296875","10460","10560","452707"
"2011-01-26","2011-01-26 00:00","8505.353515625","8521.523389228849","8481.098705219225","8505.353515625","10520","10520","303389"
"2011-01-27","2011-01-27 00:00","8537.6904296875","8561.945232044567","8505.35069321141","8537.6904296875","10560","10560","279552"
"2011-01-28","2011-01-28 00:00","8545.77711731423","8553.8620530922","8432.588016422651","8473.0126953125","10570","10480","361355"
"2011-01-31","2011-01-31 00:00","8343.65434598646","8384.07902789531","8311.314600459382","8359.82421875","10320","10340","457068"
"2011-02-01","2011-02-01 00:00","8392.162056587838","8408.331925675675","8359.822318412162","8375.9921875","10380","10360","286078"
"2011-02-02","2011-02-02 00:00","8473.010956735321","8553.860297925545","8456.841088497276","8537.6904296875","10480","10560","528149"
"2011-02-03","2011-02-03 00:00","8513.435573744366","8529.605441880632","8497.2657056081","8521.5205078125","10530","10540","284078"
"2011-02-04","2011-02-04 00:00","8594.287134156191","8634.711814937735","8594.287134156191","8602.3720703125","10630","10640","379773"
"2011-02-07","2011-02-07 00:00","8683.221556361084","8691.3064926333","8626.627002455565","8642.796875","10740","10690","258465"
"2011-02-08","2011-02-08 00:00","8683.221630494987","8691.306566836229","8658.966821471258","8667.0517578125","10740","10720","231994"
"2011-02-09","2011-02-09 00:00","8715.56137585996","8731.731248542445","8642.796948788771","8667.0517578125","10780","10720","479845"
"2011-02-10","2011-02-10 00:00","8642.796948788771","8675.136694153744","8618.542139765043","8667.0517578125","10690","10720","211303"
"2011-02-14","2011-02-14 00:00","8731.73054449446","8755.9853515625","8707.475737426419","8755.9853515625","10800","10830","617498"
"2011-02-15","2011-02-15 00:00","8764.071313364055","8780.241186635945","8739.81650345622","8772.15625","10840","10850","408665"
"2011-02-16","2011-02-16 00:00","8780.238415516154","8853.002822274575","8772.153481431886","8820.6630859375","10860","10910","478073"
"2011-02-17","2011-02-17 00:00","8869.173750464179","8893.42855561586","8828.749075211379","8844.9189453125","10970","10940","283199"
"2011-02-18","2011-02-18 00:00","8844.919971772355","8861.08984375","8820.665163805885","8861.08984375","10940","10960","328266"
"2011-02-21","2011-02-21 00:00","8828.748180406792","8869.1728515625","8804.493377713366","8869.1728515625","10920","10970","315669"
"2011-02-22","2011-02-22 00:00","8772.153102694116","8780.238036429319","8675.133897871692","8707.4736328125","10850","10770","590103"
"2011-02-23","2011-02-23 00:00","8642.795847183987","8707.475329669927","8610.456105941015","8626.6259765625","10690","10670","443395"
"2011-02-24","2011-02-24 00:00","8602.372878725166","8610.45781564126","8513.43857264812","8545.7783203125","10640","10570","540308"
"2011-02-25","2011-02-25 00:00","8561.945339217276","8602.370010318396","8537.690536556604","8570.0302734375","10590","10600","353977"
"2011-02-28","2011-02-28 00:00","8570.032521717585","8675.136694153744","8529.60784001137","8667.0517578125","10600","10720","256052"
"2011-03-01","2011-03-01 00:00","8715.561693548387","8780.241186635945","8707.476756912443","8772.15625","10780","10850","397685"
"2011-03-02","2011-03-02 00:00","8658.964549859966","8675.134418300413","8561.945339217276","8570.0302734375","10710","10600","615079"
"2011-03-03","2011-03-03 00:00","8586.200407053155","8650.8798828125","8586.200407053155","8650.8798828125","10620","10700","340381"
"2011-03-04","2011-03-04 00:00","8780.238091186864","8796.407958758109","8707.473687116255","8723.6435546875","10860","10790","822791"
"2011-03-07","2011-03-07 00:00","8667.050601525822","8667.050601525822","8553.861507849178","8610.4560546875","10720","10650","585725"
"2011-03-08","2011-03-08 00:00","8578.117261843574","8626.626878781426","8578.117261843574","8602.3720703125","10610","10640","273431"
"2011-03-09","2011-03-09 00:00","8578.117261843574","8626.626878781426","8578.117261843574","8602.3720703125","10610","10640","273431"
"2011-03-10","2011-03-10 00:00","8610.454782561967","8610.454782561967","8497.2657056081","8521.5205078125","10650","10540","664503"
"2011-03-11","2011-03-11 00:00","8464.925563191771","8481.095430552214","8359.821425348893","8400.24609375","10470","10390","742871"
"2011-03-14","2011-03-14 00:00","7810.046440187565","8036.424597874161","7785.791637578287","7826.21630859375","9660","9680","1685985"
"2011-03-15","2011-03-15 00:00","7551.329056826117","7607.923600078561","6613.4766257856145","7236.0166015625","9340","8950","2469541"
"2011-03-16","2011-03-16 00:00","7381.546051457086","7486.6502121021485","7227.93227820661","7430.0556640625","9130","9190","1913232"
"2011-03-17","2011-03-17 00:00","7244.10295728368","7438.141429353778","6969.215121851041","7381.546875","8960","9130","1417475"
"2011-03-18","2011-03-18 00:00","7502.81938844086","7591.753669984879","7438.139910954301","7518.9892578125","9280","9300","1289884"
"2011-03-22","2011-03-22 00:00","7801.961154290853","7866.640625","7745.36661742035","7866.640625","9650","9730","912878"
"2011-03-23","2011-03-23 00:00","7858.557234521943","7858.557234521943","7672.603719713296","7737.283203125","9720","9570","901703"
"2011-03-24","2011-03-24 00:00","7729.197675514822","7777.707284356965","7696.857936286727","7704.942871093751","9560","9530","547823"
"2011-03-25","2011-03-25 00:00","7818.132736522628","7834.302607746045","7737.283380405537","7793.877929687501","9670","9640","475499"
"2011-03-28","2011-03-28 00:00","7801.961755205618","7801.961755205618","7688.772672746676","7753.4521484375","9650","9590","410465"
"2011-03-29","2011-03-29 00:00","7688.773791693653","7834.302633176813","7680.688856055699","7801.962890625","9510","9650","616887"
"2011-03-30","2011-03-30 00:00","7842.387206537538","7996.0009765625","7810.047465479652","7996.0009765625","9700","9890","674916"
"2011-03-31","2011-03-31 00:00","8044.509168946298","8044.509168946298","7955.574896726791","8012.16943359375","9950","9910","491807"
"2011-04-01","2011-04-01 00:00","8028.340717620387","8093.02019973616","7987.916041298028","7996.0009765625","9930","9890","747475"
"2011-04-04","2011-04-04 00:00","8036.425652884858","8076.850329207217","7996.0009765625","7996.0009765625","9940","9890","464945"
"2011-04-05","2011-04-05 00:00","8020.255548469388","8020.255548469388","7882.811652981505","7923.236328125","9920","9800","408244"
"2011-04-06","2011-04-06 00:00","7963.660432626184","7971.74536707555","7874.72615368315","7898.98095703125","9850","9770","264786"
"2011-04-07","2011-04-07 00:00","7955.576507381134","7979.831313806077","7890.897023581288","7907.06689453125","9840","9780","304344"
"2011-04-08","2011-04-08 00:00","7874.726142430905","8076.8495033762565","7858.556273555277","8044.509765625001","9740","9950","449510"
"2011-04-11","2011-04-11 00:00","8004.08642578125","8052.596040482955","7987.916554214015","8004.08642578125","9900","9900","462881"
"2011-04-12","2011-04-12 00:00","7915.15022803186","7915.15022803186","7842.38582348407","7866.640625","9790","9730","469191"
"2011-04-13","2011-04-13 00:00","7850.47008781123","7955.57421875","7842.385154662094","7955.57421875","9710","9840","382362"
"2011-04-14","2011-04-14 00:00","7882.812189230365","7971.746480596041","7874.7272536516675","7939.40673828125","9750","9820","473974"
"2011-04-15","2011-04-15 00:00","7947.491028832607","7955.575963755123","7882.8115494524845","7890.896484375","9830","9760","161566"
"2011-04-18","2011-04-18 00:00","7907.067282549409","7923.237154292864","7858.557667319044","7874.727539062499","9780","9740","194149"
"2011-04-19","2011-04-19 00:00","7793.878393123702","7818.133201401058","7753.453712661442","7785.79345703125","9640","9630","408177"
"2011-04-20","2011-04-20 00:00","7866.641782924107","7939.406198182398","7842.38697783801","7923.236328125","9730","9800","357537"
"2011-04-21","2011-04-21 00:00","7979.832470950984","8012.172217540451","7939.40778771415","7963.66259765625","9870","9850","391997"
"2011-04-22","2011-04-22 00:00","7931.320499312057","8020.254776062753","7923.235565061994","7987.9150390625","9810","9880","382285"
"2011-04-25","2011-04-25 00:00","7987.917407598351","8028.3420908351845","7963.66259765625","7963.66259765625","9880","9850","144196"
"2011-04-26","2011-04-26 00:00","7939.40502954779","7939.40502954779","7858.555691161357","7866.640625","9820","9730","284067"
"2011-04-27","2011-04-27 00:00","7939.40543356212","8012.16984181269","7931.320499312057","7987.9150390625","9820","9880","415795"
"2011-04-28","2011-04-28 00:00","8020.2561628486055","8117.275390625","8004.0862915525395","8117.275390625","9920","10040","875438"
"2011-05-02","2011-05-02 00:00","8206.20816850055","8254.7177734375","8181.953366032076","8254.7177734375","10150","10210","583662"
"2011-05-06","2011-05-06 00:00","8044.510511407805","8133.444798468595","8044.510511407805","8125.35986328125","9950","10050","278034"
"2011-05-09","2011-05-09 00:00","8141.531079101563","8157.700952148438","8052.596777343751","8084.9365234375","10070","10000","309744"
"2011-05-10","2011-05-10 00:00","8141.531079101563","8157.700952148438","8052.596777343751","8084.9365234375","10070","10000","309744"
"2011-05-11","2011-05-11 00:00","8173.869990991551","8181.954926689861","8109.19050540507","8133.4453125","10110","10060","252434"
"2011-05-12","2011-05-12 00:00","8044.511104699337","8109.190590968276","7996.001489997632","8004.08642578125","9950","9900","572794"
"2011-05-13","2011-05-13 00:00","8036.425082997908","8036.425082997908","7866.641454483868","7971.74560546875","9940","9860","424518"
"2011-05-16","2011-05-16 00:00","7898.98095703125","7907.065891480617","7874.72615368315","7898.98095703125","9770","9770","467910"
"2011-05-17","2011-05-17 00:00","7842.386874839908","7915.151289142546","7834.301939917393","7890.896484375","9700","9760","316745"
"2011-05-18","2011-05-18 00:00","7923.2379144194165","7987.917407598351","7907.068041124683","7963.66259765625","9800","9850","308922"
"2011-05-19","2011-05-19 00:00","7996.000743383291","8020.255548469388","7915.151393096301","7923.236328125","9890","9800","312801"
"2011-05-20","2011-05-20 00:00","7931.322215749488","7971.7468957482115","7915.152343749999","7915.152343749999","9810","9790","124583"
"2011-05-23","2011-05-23 00:00","7866.640433933424","7874.725367575699","7777.706163868401","7810.045898437501","9730","9660","658851"
"2011-05-24","2011-05-24 00:00","7777.708134048604","7826.217748190279","7761.538262668045","7818.132812499999","9620","9670","297176"
"2011-05-25","2011-05-25 00:00","7834.301054098107","7842.3859881064645","7761.536648022892","7769.62158203125","9690","9610","299603"
"2011-05-26","2011-05-26 00:00","7834.301939917393","7890.896484375","7826.217004994877","7890.896484375","9690","9760","409133"
"2011-05-27","2011-05-27 00:00","7858.555691161357","7907.065294193217","7834.300889645427","7866.640625","9720","9730","279684"
"2011-05-30","2011-05-30 00:00","7826.21736209449","7866.64203855159","7793.877620928811","7850.47216796875","9680","9710","246714"
"2011-05-31","2011-05-31 00:00","7826.216354061235","7995.999973312563","7826.216354061235","7987.9150390625","9680","9880","464333"
"2011-06-01","2011-06-01 00:00","7996.0009765625","8012.170847091444","7963.661235504614","7996.0009765625","9890","9890","365246"
"2011-06-02","2011-06-02 00:00","7858.557205528846","7890.896947115384","7842.387334735577","7882.812011718749","9720","9750","444519"
"2011-06-03","2011-06-03 00:00","7874.725967501611","7915.150638792687","7826.21636195232","7842.38623046875","9740","9700","452206"
"2011-06-06","2011-06-06 00:00","7801.961755205618","7826.216558589676","7721.112410592088","7753.4521484375","9650","9590","662458"
"2011-06-07","2011-06-07 00:00","7737.2834055213725","7801.962890625","7721.113534245466","7801.962890625","9570","9650","284402"
"2011-06-08","2011-06-08 00:00","7777.70808371114","7810.047826262953","7753.45327679728","7801.962890625","9620","9650","322923"
"2011-06-09","2011-06-09 00:00","7761.538262668045","7818.132812499999","7745.368391287487","7818.132812499999","9600","9670","232252"
"2011-06-10","2011-06-10 00:00","7850.472116570724","7931.3214689555925","7826.217310855263","7834.30224609375","9710","9690","707112"
"2011-06-13","2011-06-13 00:00","7745.36877656899","7801.963329216154","7745.36877656899","7785.79345703125","9580","9630","769816"
"2011-06-14","2011-06-14 00:00","7801.963116216953","7882.812474934227","7777.708308601771","7874.727539062499","9650","9740","358930"
"2011-06-15","2011-06-15 00:00","7907.06689453125","7915.151830006231","7850.472346206384","7907.06689453125","9780","9780","510116"
"2011-06-16","2011-06-16 00:00","7826.21612008975","7826.21612008975","7761.536648022892","7769.62158203125","9680","9610","533317"
"2011-06-17","2011-06-17 00:00","7785.792219163989","7801.962088778037","7688.7730014797025","7704.942871093751","9630","9530","607996"
"2011-06-20","2011-06-20 00:00","7737.282610321846","7769.622349549942","7704.942871093751","7704.942871093751","9570","9530","296838"
"2011-06-21","2011-06-21 00:00","7777.70808371114","7801.962890625","7737.2834055213725","7801.962890625","9620","9650","308068"
"2011-06-22","2011-06-22 00:00","7850.471912866709","7955.576068239796","7850.471912866709","7923.236328125","9710","9800","660877"
"2011-06-23","2011-06-23 00:00","7874.726717952806","7947.491133211097","7874.726717952806","7923.236328125","9740","9800","215284"
"2011-06-24","2011-06-24 00:00","7939.405892817566","7987.915501123987","7915.1510886643555","7979.83056640625","9820","9870","219062"
"2011-06-27","2011-06-27 00:00","7939.406636431173","7939.406636431173","7890.897023581288","7907.06689453125","9820","9780","212582"
"2011-06-28","2011-06-28 00:00","7979.830951368578","8004.085756691888","7939.4062758297305","7947.4912109375","9870","9830","451199"
"2011-06-29","2011-06-29 00:00","8052.594779402555","8076.849582954973","8020.255041332665","8068.7646484375","9960","9980","510259"
"2011-06-30","2011-06-30 00:00","8109.189889700143","8117.27482478459","8068.765214277909","8093.020019531249","10030","10010","438255"
"2011-07-01","2011-07-01 00:00","8133.444798468595","8165.784539217972","8117.274928093905","8125.35986328125","10060","10050","324690"
"2011-07-04","2011-07-04 00:00","8214.294896859607","8238.549704625924","8190.040089093288","8206.2099609375","10160","10150","495036"
"2011-07-05","2011-07-05 00:00","8214.294896859607","8230.464768703818","8198.125025015393","8206.2099609375","10160","10150","337880"
"2011-07-06","2011-07-06 00:00","8141.529478897005","8198.1240234375","8109.1897391595785","8198.1240234375","10070","10140","479212"
"2011-07-07","2011-07-07 00:00","8165.784283700074","8206.208958371857","8149.614413831361","8198.1240234375","10100","10140","467479"
"2011-07-08","2011-07-08 00:00","8254.7177734375","8287.057510062132","8230.462970969025","8254.7177734375","10210","10210","546722"
"2011-07-11","2011-07-11 00:00","8190.040089093288","8222.379832781711","8173.870217249077","8206.2099609375","10130","10150","165773"
"2011-07-12","2011-07-12 00:00","8093.021459960938","8109.191333007813","8060.681713867188","8084.9365234375","10010","10000","333011"
"2011-07-13","2011-07-13 00:00","8036.425015203967","8117.274361433383","8036.425015203967","8101.1044921875","9940","10020","360540"
"2011-07-14","2011-07-14 00:00","8068.766650390626","8133.446142578126","8036.426904296875","8084.9365234375","9980","10000","178521"
"2011-07-15","2011-07-15 00:00","8068.766650390626","8133.446142578126","8036.426904296875","8084.9365234375","9980","10000","178521"
"2011-07-19","2011-07-19 00:00","8068.764568938443","8084.93443781407","8036.424831187186","8044.509765625001","9980","9950","150115"
"2011-07-20","2011-07-20 00:00","8133.444798468595","8165.784539217972","8117.274928093905","8125.35986328125","10060","10050","418660"
"2011-07-21","2011-07-21 00:00","8149.615183896621","8157.700119594931","8109.19050540507","8133.4453125","10080","10060","132020"
"2011-07-22","2011-07-22 00:00","8214.295994178921","8254.720679189644","8198.126120174633","8246.6357421875","10160","10200","458344"
"2011-07-25","2011-07-25 00:00","8222.377303896214","8222.377303896214","8165.782769847764","8181.95263671875","10170","10120","254039"
"2011-07-26","2011-07-26 00:00","8206.210035762524","8238.549779745825","8165.785355783399","8230.46484375","10150","10180","438094"
"2011-07-27","2011-07-27 00:00","8173.868599111899","8181.953533433473","8141.5288618256","8157.69873046875","10110","10090","276918"
"2011-07-28","2011-07-28 00:00","8076.849556481946","8084.934490972919","8012.170080554163","8060.679687500001","9990","9970","576929"
"2011-07-29","2011-07-29 00:00","8036.426168915719","8060.680976266572","7987.916554214015","8004.08642578125","9940","9900","394194"
"2011-08-01","2011-08-01 00:00","8068.765776736803","8157.700068865164","8068.765776736803","8117.275390625","9980","10040","408341"
"2011-08-02","2011-08-02 00:00","8012.171361564867","8036.426168915719","7987.916554214015","8004.08642578125","9910","9900","551389"
"2011-08-03","2011-08-03 00:00","7874.72697384301","7874.72697384301","7810.04749151165","7850.47216796875","9740","9710","1057471"
"2011-08-04","2011-08-04 00:00","7874.726510255916","7947.490923595036","7818.131966547711","7858.556640625","9740","9720","535771"
"2011-08-05","2011-08-05 00:00","7551.330639882937","7599.840258554562","7527.0758305471245","7575.585449218749","9340","9370","1446836"
"2011-08-08","2011-08-08 00:00","7454.310470365206","7494.735147536384","7373.461116022851","7430.0556640625","9220","9190","1152139"
"2011-08-09","2011-08-09 00:00","7147.084029646109","7324.95263671875","7041.979852739549","7324.95263671875","8840","9060","2170891"
"2011-08-10","2011-08-10 00:00","7462.396560365791","7462.396560365791","7324.95263671875","7324.95263671875","9230","9060","654245"
"2011-08-11","2011-08-11 00:00","7163.253376918557","7308.7822265625","7163.253376918557","7308.7822265625","8860","9040","1229178"
"2011-08-12","2011-08-12 00:00","7381.546055230036","7389.630990668404","7260.272023654515","7276.44189453125","9130","9000","663218"
"2011-08-15","2011-08-15 00:00","7381.544895105195","7413.8846317759735","7341.120224266721","7373.4599609375","9130","9120","219635"
"2011-08-16","2011-08-16 00:00","7413.885175375239","7438.139979656728","7373.460501572757","7389.63037109375","9170","9140","417106"
"2011-08-17","2011-08-17 00:00","7341.1211709316685","7389.6307821933315","7316.866365300837","7365.3759765625","9080","9110","620452"
"2011-08-18","2011-08-18 00:00","7357.292211615336","7357.292211615336","7260.2729736599695","7268.35791015625","9100","8990","668454"
"2011-08-19","2011-08-19 00:00","7122.827558304562","7155.167297502313","7082.402884307375","7098.57275390625","8810","8780","879129"
"2011-08-22","2011-08-22 00:00","7074.31864490971","7122.828258474806","7009.63916015625","7009.63916015625","8750","8670","589033"
"2011-08-23","2011-08-23 00:00","7066.233551580255","7114.7431640625","7017.723939098011","7114.7431640625","8740","8800","555129"
"2011-08-24","2011-08-24 00:00","7171.337007575079","7179.421942194667","7009.638315183307","7050.06298828125","8870","8720","1120720"
"2011-08-25","2011-08-25 00:00","7114.742753751416","7195.592103225864","7106.657818803971","7138.99755859375","8800","8830","558916"
"2011-08-26","2011-08-26 00:00","7106.657411734622","7163.251953125","7106.657411734622","7163.251953125","8790","8860","305721"
"2011-08-29","2011-08-29 00:00","7163.252570189745","7260.271792359357","7114.742959104939","7203.67724609375","8860","8910","336675"
"2011-08-30","2011-08-30 00:00","7284.5263671875","7316.866106886446","7268.356497338027","7284.5263671875","9010","9010","243712"
"2011-08-31","2011-08-31 00:00","7268.356036607019","7292.61083984375","7244.101233370288","7292.61083984375","8990","9020","200633"
"2011-09-01","2011-09-01 00:00","7316.866365300837","7397.715717403608","7316.866365300837","7365.3759765625","9050","9110","505109"
"2011-09-02","2011-09-02 00:00","7308.7816362847225","7333.036442599827","7244.102152777778","7276.44189453125","9040","9000","361333"
"2011-09-05","2011-09-05 00:00","7179.422233330974","7195.592103225864","7122.827688698861","7138.99755859375","8880","8830","326743"
"2011-09-06","2011-09-06 00:00","7066.233138472946","7082.403008355035","6985.3837890625","6985.3837890625","8740","8640","452751"
"2011-09-07","2011-09-07 00:00","7106.657818803971","7138.99755859375","7074.318079014191","7138.99755859375","8790","8830","336166"
"2011-09-08","2011-09-08 00:00","7203.67807368909","7219.847945908369","7114.743776483051","7155.16845703125","8910","8850","237787"
"2011-09-09","2011-09-09 00:00","7130.9124931040005","7163.252232301751","7098.57275390625","7098.57275390625","8820","8780","102004"
"2011-09-12","2011-09-12 00:00","6953.04443359375","6977.299239757449","6928.78962743005","6953.04443359375","8600","8600","489044"
"2011-09-13","2011-09-13 00:00","6969.214048115649","7025.80859375","6953.044177934407","7025.80859375","8620","8690","334279"
"2011-09-14","2011-09-14 00:00","7025.809789413061","7050.064598812645","6904.535742415137","6936.87548828125","8690","8580","803358"
"2011-09-15","2011-09-15 00:00","7041.977050781251","7074.3167846539545","7025.807183844899","7041.977050781251","8710","8710","850166"
"2011-09-16","2011-09-16 00:00","7147.082189255618","7211.761666081461","7138.997254652388","7195.591796875","8840","8900","838938"
"2011-09-20","2011-09-20 00:00","7114.742597277652","7130.912466816919","7074.317923429483","7090.48779296875","8800","8770","403982"
"2011-09-21","2011-09-21 00:00","7090.487845185402","7130.912519331271","7082.402910356228","7106.65771484375","8770","8790","346069"
"2011-09-22","2011-09-22 00:00","7025.808463767723","7025.808463767723","6953.044049298322","6985.3837890625","8690","8640","562892"
"2011-09-26","2011-09-26 00:00","6953.043937184156","6961.128871994835","6799.43017578125","6799.43017578125","8600","8410","1341460"
"2011-09-27","2011-09-27 00:00","6912.620487607759","7033.89453125","6896.450615122127","7033.89453125","8550","8700","1224370"
"2011-09-28","2011-09-28 00:00","7050.063553571428","7098.573165178572","7041.978618303571","7074.318359375","8720","8750","347718"
"2011-09-29","2011-09-29 00:00","6993.468729539744","7138.99755859375","6969.213924697409","7138.99755859375","8650","8830","1308826"
"2011-09-30","2011-09-30 00:00","7138.9979703036215","7171.337711958451","7090.488357821378","7114.7431640625","8830","8800","1027120"
"2011-10-03","2011-10-03 00:00","7001.554173816836","7017.724044888006","6928.789753996568","6993.46923828125","8660","8650","389512"
"2011-10-04","2011-10-04 00:00","6896.450805948608","6944.960424747778","6856.026123615967","6936.87548828125","8530","8580","374743"
"2011-10-05","2011-10-05 00:00","6985.38386276533","6985.38386276533","6847.939967317401","6856.02490234375","8640","8480","1000521"
"2011-10-06","2011-10-06 00:00","6953.044509976101","7009.639058313115","6944.959574499384","6977.29931640625","8600","8630","607450"
"2011-10-07","2011-10-07 00:00","7050.063399021864","7098.573009565593","7025.80859375","7025.80859375","8720","8690","338053"
"2011-10-11","2011-10-11 00:00","7187.507761855271","7211.762568700677","7171.337890625001","7171.337890625001","8890","8870","524253"
"2011-10-12","2011-10-12 00:00","7138.99858481197","7187.50820146981","7114.743776483051","7155.16845703125","8830","8850","604695"
"2011-10-13","2011-10-13 00:00","7236.016986816954","7252.186857178556","7203.67724609375","7203.67724609375","8950","8910","1009277"
"2011-10-14","2011-10-14 00:00","7179.422826240136","7203.677633085542","7163.252955009865","7171.337890625001","8880","8870","423018"
"2011-10-17","2011-10-17 00:00","7268.356497338027","7300.696237036973","7260.271562413292","7284.5263671875","8990","9010","596118"
"2011-10-18","2011-10-18 00:00","7163.251953125","7187.506756578019","7147.08208415632","7163.251953125","8860","8860","476853"
"2011-10-19","2011-10-19 00:00","7236.017918109358","7236.017918109358","7163.253492117196","7187.50830078125","8950","8890","100487"
"2011-10-20","2011-10-20 00:00","7163.252776544744","7163.252776544744","7106.658228648792","7114.7431640625","8860","8800","89199"
"2011-10-21","2011-10-21 00:00","7114.7431640625","7130.913034889914","7090.488357821378","7114.7431640625","8800","8800","69571"
"2011-10-24","2011-10-24 00:00","7179.422058310056","7252.186471063198","7179.422058310056","7236.0166015625","8880","8950","139783"
"2011-10-25","2011-10-25 00:00","7260.272726773412","7268.357662994763","7171.338428338548","7187.50830078125","8980","8890","1135751"
"2011-10-26","2011-10-26 00:00","7114.743776483051","7211.763009798729","7082.404032044492","7155.16845703125","8800","8850","531573"
"2011-10-27","2011-10-27 00:00","7187.508185192547","7308.7822265625","7155.168440827227","7308.7822265625","8890","9040","918885"
"2011-10-28","2011-10-28 00:00","7438.139979656728","7446.224914417225","7373.460501572757","7389.63037109375","9200","9140","1527879"
"2011-10-31","2011-10-31 00:00","7373.460834251101","7494.7348611302305","7341.121093749999","7341.121093749999","9120","9080","1066749"
"2011-11-01","2011-11-01 00:00","7276.44181777801","7324.95142989653","7236.017141012577","7252.18701171875","9000","8970","738115"
"2011-11-02","2011-11-02 00:00","7138.997506495637","7138.997506495637","7082.402962276532","7122.82763671875","8830","8810","943444"
"2011-11-04","2011-11-04 00:00","7195.592823798346","7219.847631069576","7155.168145012962","7211.7626953125","8900","8920","342876"
"2011-11-07","2011-11-07 00:00","7187.505831881686","7195.590765325873","7163.251031549127","7179.4208984375","8890","8880","83634"
"2011-11-08","2011-11-08 00:00","7171.337140665088","7179.422075434721","7082.402858199117","7090.48779296875","8870","8770","326541"
"2011-11-09","2011-11-09 00:00","7138.998148164459","7179.422826240136","7114.743341319054","7171.337890625001","8830","8870","115829"
"2011-11-10","2011-11-10 00:00","7001.554122836399","7025.808929266548","6961.129445452817","6977.29931640625","8660","8630","712937"
"2011-11-11","2011-11-11 00:00","6993.469187359683","7017.723993789832","6961.129445452817","6977.29931640625","8650","8630","773159"
"2011-11-14","2011-11-14 00:00","7090.487714195688","7098.572648875501","7050.063040796625","7066.23291015625","8770","8740","236230"
"2011-11-15","2011-11-15 00:00","7001.553788478135","7041.978463931242","6993.468853387514","7025.80859375","8660","8690","190043"
"2011-11-16","2011-11-16 00:00","7009.639916480004","7025.809789413061","6928.790551814722","6936.87548828125","8670","8580","380115"
"2011-11-17","2011-11-17 00:00","6912.6187592085635","6961.128364536343","6888.363956544674","6944.95849609375","8550","8590","286035"
"2011-11-18","2011-11-18 00:00","6864.108967525858","6888.36376953125","6856.0240335240605","6888.36376953125","8490","8520","401682"
"2011-11-21","2011-11-21 00:00","6856.02536525974","6864.110300831981","6839.85549411526","6847.9404296875","8480","8470","179549"
"2011-11-22","2011-11-22 00:00","6783.2608947392755","6847.940378836908","6767.091023714867","6831.7705078125","8390","8450","292123"
"2011-11-24","2011-11-24 00:00","6710.495035708887","6734.749837042775","6686.240234375","6686.240234375","8300","8270","396677"
"2011-11-25","2011-11-25 00:00","6670.0718534165535","6718.581466895947","6670.0718534165535","6694.32666015625","8250","8280","364623"
"2011-11-28","2011-11-28 00:00","6783.260306159891","6823.684980213287","6767.090436538533","6799.43017578125","8390","8410","181802"
"2011-11-29","2011-11-29 00:00","6856.025208938953","6953.04443359375","6847.940273551053","6953.04443359375","8480","8600","651349"
"2011-11-30","2011-11-30 00:00","6888.36376953125","6912.618571536642","6856.0240335240605","6888.36376953125","8520","8520","419040"
"2011-12-01","2011-12-01 00:00","7082.402726759605","7098.572595998781","7033.893119042073","7050.06298828125","8760","8720","823901"
"2011-12-02","2011-12-02 00:00","7058.148488839286","7082.403294642857","7041.978618303571","7074.318359375","8730","8750","179533"
"2011-12-05","2011-12-05 00:00","7130.912519331271","7138.997454160445","7106.65771484375","7106.65771484375","8820","8790","324144"
"2011-12-06","2011-12-06 00:00","7090.488074474971","7106.657944656214","7017.723658659378","7025.80859375","8770","8690","174242"
"2011-12-07","2011-12-07 00:00","7058.148157611202","7147.082441384081","7058.148157611202","7122.82763671875","8730","8810","459441"
"2011-12-08","2011-12-08 00:00","7090.48779296875","7114.742597277652","7066.232988659849","7090.48779296875","8770","8770","83727"
"2011-12-09","2011-12-09 00:00","7009.639109352421","7033.893915959176","6969.214431674494","6993.46923828125","8670","8650","185906"
"2011-12-12","2011-12-12 00:00","7098.573190906821","7114.743061501142","7074.31838501534","7082.4033203125","8780","8760","649142"
"2011-12-13","2011-12-13 00:00","6985.384353373703","7041.97890253298","6985.384353373703","7009.63916015625","8640","8670","608444"
"2011-12-14","2011-12-14 00:00","6977.298854121455","6993.468724003545","6953.044049298322","6985.3837890625","8630","8640","388750"
"2011-12-15","2011-12-15 00:00","6904.535080511898","6920.70495189483","6864.110402054568","6880.2802734375","8540","8510","415495"
"2011-12-16","2011-12-16 00:00","6904.535080511898","6920.70495189483","6864.110402054568","6880.2802734375","8540","8510","415495"
"2011-12-19","2011-12-19 00:00","6864.109654266684","6864.109654266684","6783.260306159891","6799.43017578125","8490","8410","287883"
"2011-12-20","2011-12-20 00:00","6831.770558543019","6856.02536525974","6815.600687398539","6847.9404296875","8450","8470","114345"
"2011-12-21","2011-12-21 00:00","6928.789525112259","6944.959395649277","6912.619654575241","6920.70458984375","8570","8560","224963"
"2011-12-22","2011-12-22 00:00","6904.534073988971","6912.619008501839","6872.1943359375","6872.1943359375","8540","8500","105710"
"2011-12-26","2011-12-26 00:00","6993.469110533248","6993.469110533248","6944.95949820585","6953.04443359375","8650","8600","588518"
"2011-12-27","2011-12-27 00:00","6912.6187592085635","6944.95849609375","6904.5338249872675","6944.95849609375","8550","8590","55615"
"2011-12-28","2011-12-28 00:00","6920.703586440059","6944.958388728984","6904.533718247441","6912.61865234375","8560","8550","113704"
"2011-12-29","2011-12-29 00:00","6872.194901496557","6896.44970703125","6839.855160783632","6896.44970703125","8500","8530","142046"
"2011-12-30","2011-12-30 00:00","6920.705103194283","6936.874974930718","6904.535231457848","6928.7900390625","8560","8570","130307"
"2012-01-04","2012-01-04 00:00","7001.552734375","7033.892469868649","7001.552734375","7001.552734375","8660","8660","348945"
"2012-01-05","2012-01-05 00:00","6969.214380929533","6985.384251882966","6953.044509976101","6977.29931640625","8620","8630","220179"
"2012-01-06","2012-01-06 00:00","6961.1296303521585","6969.2145660436245","6847.940530671636","6880.2802734375","8610","8510","284622"
"2012-01-10","2012-01-10 00:00","6896.448757341372","6928.788493600886","6896.448757341372","6904.53369140625","8530","8540","245405"
"2012-01-11","2012-01-11 00:00","6928.788520536366","6936.873454632675","6912.61865234375","6912.61865234375","8570","8550","151214"
"2012-01-12","2012-01-12 00:00","6904.534073988971","6912.619008501839","6864.109401424633","6872.1943359375","8540","8500","79026"
"2012-01-13","2012-01-13 00:00","6928.789703545952","6985.384251882966","6928.789703545952","6977.29931640625","8570","8630","350317"
"2012-01-16","2012-01-16 00:00","6896.449603508723","6896.449603508723","6847.9399931675125","6864.10986328125","8530","8490","290006"
"2012-01-17","2012-01-17 00:00","6904.534821266351","6953.04443359375","6896.449885878452","6953.04443359375","8540","8600","217002"
"2012-01-18","2012-01-18 00:00","6944.958197261114","7058.147271488886","6928.78832951429","7001.552734375","8590","8660","213576"
"2012-01-19","2012-01-19 00:00","7041.978184350948","7114.742597277652","7041.978184350948","7090.48779296875","8710","8770","460123"
"2012-01-20","2012-01-20 00:00","7163.251953125","7211.761560031038","7155.16701864066","7163.251953125","8860","8860","604198"
"2012-01-23","2012-01-23 00:00","7187.50686227177","7211.761666081461","7171.336993065309","7195.591796875","8890","8900","168079"
"2012-01-24","2012-01-24 00:00","7219.846600684691","7236.016469891151","7187.50686227177","7195.591796875","8930","8900","133725"
"2012-01-25","2012-01-25 00:00","7236.016757639082","7308.781171961709","7227.931822714346","7284.5263671875","8950","9010","267818"
"2012-01-26","2012-01-26 00:00","7284.526778800981","7300.696649564136","7244.102101893096","7260.271972656251","9010","8980","247339"
"2012-01-27","2012-01-27 00:00","7252.18701171875","7292.611688484183","7227.932205659489","7252.18701171875","8970","8970","385745"
"2012-01-30","2012-01-30 00:00","7227.931125551162","7252.185927985897","7195.591388971515","7219.84619140625","8940","8930","215530"
"2012-01-31","2012-01-31 00:00","7211.761797311453","7244.101536312849","7203.676862561103","7236.0166015625","8920","8950","204293"
"2012-02-01","2012-02-01 00:00","7203.677759555423","7244.102438340807","7203.677759555423","7211.7626953125","8910","8920","402351"
"2012-02-02","2012-02-02 00:00","7268.356497338027","7300.696237036973","7268.356497338027","7284.5263671875","8990","9010","426484"
"2012-02-03","2012-02-03 00:00","7252.18701171875","7276.44181777801","7236.017141012577","7252.18701171875","8970","8970","166422"
"2012-02-06","2012-02-06 00:00","7341.122510088991","7349.20744677411","7308.78276334851","7324.95263671875","9080","9060","282701"
"2012-02-07","2012-02-07 00:00","7308.780735222868","7324.950604106104","7284.525931898013","7300.69580078125","9040","9030","183383"
"2012-02-08","2012-02-08 00:00","7341.120762530771","7389.63037109375","7341.120762530771","7389.63037109375","9080","9140","448416"
"2012-02-09","2012-02-09 00:00","7373.461938663746","7397.716747672508","7333.037256982475","7381.546875","9120","9130","283116"
"2012-02-10","2012-02-10 00:00","7397.715200570913","7397.715200570913","7341.120658052884","7357.29052734375","9150","9100","140530"
"2012-02-13","2012-02-13 00:00","7341.120762530771","7397.715305854246","7333.035827770274","7389.63037109375","9080","9140","145720"
"2012-02-14","2012-02-14 00:00","7373.461090686275","7446.225509344364","7357.291219873367","7421.970703125001","9120","9180","287767"
"2012-02-15","2012-02-15 00:00","7470.479401707269","7640.263024473343","7470.479401707269","7591.753417968751","9240","9390","804884"
"2012-02-16","2012-02-16 00:00","7575.5839582916","7632.178502270299","7559.4140885834","7567.4990234375","9370","9360","264898"
"2012-02-17","2012-02-17 00:00","7713.027805900774","7737.282610321846","7688.7730014797025","7704.942871093751","9540","9530","466189"
"2012-02-20","2012-02-20 00:00","7826.21612008975","7842.3859881064645","7761.536648022892","7769.62158203125","9680","9610","558440"
"2012-02-21","2012-02-21 00:00","7761.538648753894","7810.048265308606","7745.36877656899","7785.79345703125","9600","9630","275294"
"2012-02-22","2012-02-22 00:00","7777.7067564030285","7842.38623046875","7745.367019370167","7842.38623046875","9620","9700","363927"
"2012-02-23","2012-02-23 00:00","7842.386770994085","7882.811445071374","7801.962096916795","7858.556640625","9700","9720","255844"
"2012-02-24","2012-02-24 00:00","7866.642217156345","7915.151830006231","7850.472346206384","7907.06689453125","9730","9780","433303"
"2012-02-27","2012-02-27 00:00","7971.745833600154","7996.0006383677","7882.8115494524845","7890.896484375","9860","9760","530328"
"2012-02-28","2012-02-28 00:00","7842.385822992874","8012.16943359375","7818.131021478463","8012.16943359375","9700","9910","403776"
"2012-02-29","2012-02-29 00:00","8020.257154187818","8101.106520661485","7963.66259765625","7963.66259765625","9920","9850","685820"
"2012-03-01","2012-03-01 00:00","8020.257154187818","8093.021584014118","7939.40778771415","7963.66259765625","9920","9850","459531"
"2012-03-02","2012-03-02 00:00","8036.4262444533615","8052.596116172584","7979.831693436085","8028.341308593751","9940","9930","257516"
"2012-03-05","2012-03-05 00:00","8012.168750793953","8036.423550241361","7939.404352451727","7955.57421875","9910","9840","291549"
"2012-03-06","2012-03-06 00:00","7963.661959748467","7996.001703747445","7882.812599751021","7915.152343749999","9850","9790","452044"
"2012-03-07","2012-03-07 00:00","7810.04749151165","7882.81190913443","7810.04749151165","7850.47216796875","9660","9710","521019"
"2012-03-08","2012-03-08 00:00","7939.405029050517","8012.16943359375","7931.32009521238","8012.16943359375","9820","9910","391816"
"2012-03-09","2012-03-09 00:00","8109.190454976967","8222.379554049427","8084.935648032868","8117.275390625","10030","10040","1052715"
"2012-03-12","2012-03-12 00:00","8238.548903582223","8238.548903582223","8109.189941406251","8109.189941406251","10190","10030","372076"
"2012-03-13","2012-03-13 00:00","8149.615183896621","8214.294669483103","8109.19050540507","8133.4453125","10080","10060","450033"
"2012-03-14","2012-03-14 00:00","8270.889722679094","8303.229467440302","8254.71985029849","8295.14453125","10230","10260","466840"
"2012-03-15","2012-03-15 00:00","8303.228541274015","8335.568282427956","8270.888800120076","8311.3134765625","10270","10280","330632"
"2012-03-16","2012-03-16 00:00","8295.143631559768","8327.48337281341","8278.973760932946","8319.3984375","10260","10290","213597"
"2012-03-19","2012-03-19 00:00","8335.568359375","8351.738230101237","8319.398488648763","8335.568359375","10310","10310","111594"
"2012-03-21","2012-03-21 00:00","8303.227458953857","8327.482261657715","8270.88772201538","8278.97265625","10270","10240","238768"
"2012-03-22","2012-03-22 00:00","8254.718904043939","8327.48332141553","8254.718904043939","8303.228515625","10210","10270","141446"
"2012-03-23","2012-03-23 00:00","8214.294921875","8238.549729715181","8206.209985928272","8214.294921875","10160","10160","242336"
"2012-03-26","2012-03-26 00:00","8230.462863738323","8254.717665890794","8214.292995636677","8222.3779296875","10180","10170","438548"
"2012-03-27","2012-03-27 00:00","8335.568662736696","8432.587890625","8327.483727079338","8432.587890625","10310","10430","654176"
"2012-03-28","2012-03-28 00:00","8408.3310546875","8440.67078951322","8375.99131986178","8408.3310546875","10400","10400","401304"
"2012-03-29","2012-03-29 00:00","8392.162056587838","8400.246991131757","8343.652449324325","8375.9921875","10380","10360","259477"
"2012-03-30","2012-03-30 00:00","8359.822212633237","8375.992081516473","8303.227671541908","8343.65234375","10340","10320","263403"
"2012-04-02","2012-04-02 00:00","8416.417815896739","8432.587686820652","8359.823267663043","8367.908203125","10410","10350","264038"
"2012-04-03","2012-04-03 00:00","8351.738204452366","8351.738204452366","8311.313527760922","8327.4833984375","10330","10300","153417"
"2012-04-04","2012-04-04 00:00","8327.483242964863","8335.568178152207","8125.35986328125","8125.35986328125","10300","10050","710886"
"2012-04-05","2012-04-05 00:00","8076.850149362356","8125.359759869037","8020.255603771228","8093.020019531249","9990","10010","460663"
"2012-04-06","2012-04-06 00:00","8036.426168915719","8068.765912050189","7996.001489997632","8004.08642578125","9940","9900","262214"
"2012-04-09","2012-04-09 00:00","7907.0674077502545","7963.661959748467","7898.98247175051","7915.152343749999","9780","9790","430618"
"2012-04-10","2012-04-10 00:00","7931.320694828717","7996.000170423651","7874.72615368315","7898.98095703125","9810","9770","419757"
"2012-04-11","2012-04-11 00:00","7777.7076994243425","7866.6419870476975","7769.622764185855","7834.30224609375","9620","9690","630158"
"2012-04-12","2012-04-12 00:00","7858.556744684938","7907.066354220031","7826.217004994877","7890.896484375","9720","9760","328542"
"2012-04-13","2012-04-13 00:00","7987.9150390625","8028.339710312816","7963.66023631231","7987.9150390625","9880","9880","447631"
"2012-04-16","2012-04-16 00:00","7874.725967501611","7890.895836018041","7834.301296210535","7842.38623046875","9740","9700","282512"
"2012-04-17","2012-04-17 00:00","7850.471111203028","7882.8108480154","7826.21630859375","7826.21630859375","9710","9680","205117"
"2012-04-18","2012-04-18 00:00","7963.661235504614","8020.2557823559155","7947.49136497567","7996.0009765625","9850","9890","325163"
"2012-04-19","2012-04-19 00:00","7947.4912109375","7963.661081153039","7923.236405614191","7947.4912109375","9830","9830","153945"
"2012-04-20","2012-04-20 00:00","7931.322215749488","7939.407151749233","7890.897535750765","7915.152343749999","9810","9790","99565"
"2012-04-23","2012-04-23 00:00","7939.406636431173","7987.916249281057","7874.727152631326","7907.06689453125","9820","9780","104556"
"2012-04-24","2012-04-24 00:00","7850.47216796875","7874.72697384301","7801.962556220231","7850.47216796875","9710","9710","286643"
"2012-04-25","2012-04-25 00:00","7923.2367654812115","7939.406636431173","7890.897023581288","7907.06689453125","9800","9780","225591"
"2012-04-26","2012-04-26 00:00","7971.746378331096","7979.831313806077","7890.897023581288","7907.06689453125","9860","9780","267638"
"2012-04-27","2012-04-27 00:00","7923.2366887019225","8028.340848858173","7842.387334735577","7882.812011718749","9800","9750","551748"
"2012-05-01","2012-05-01 00:00","7826.217492816092","7842.387363669018","7729.198267698537","7737.283203125","9680","9570","375159"
"2012-05-02","2012-05-02 00:00","7826.217492816092","7842.387363669018","7729.198267698537","7737.283203125","9680","9570","375159"
"2012-05-07","2012-05-07 00:00","7575.584885656451","7599.8396931879015","7543.245142281183","7551.330078125","9370","9340","642550"
"2012-05-08","2012-05-08 00:00","7616.00824779754","7632.1781166888295","7591.753444460605","7599.83837890625","9420","9400","181043"
"2012-05-09","2012-05-09 00:00","7543.243518171639","7543.243518171639","7478.564045347016","7502.81884765625","9330","9280","573827"
"2012-05-10","2012-05-10 00:00","7462.397553642462","7518.992117971278","7446.2276781199425","7494.7373046875","9230","9270","362589"
"2012-05-11","2012-05-11 00:00","7470.480264055676","7502.820005458515","7397.71584589929","7405.80078125","9240","9160","377078"
"2012-05-14","2012-05-14 00:00","7446.226538085938","7478.5662841796875","7413.886791992188","7438.1416015625","9210","9200","106831"
"2012-05-15","2012-05-15 00:00","7373.460527663935","7397.71533203125","7333.035853718408","7397.71533203125","9120","9150","348361"
"2012-05-16","2012-05-16 00:00","7357.291197235176","7365.376132616753","7260.271972656251","7260.271972656251","9100","8980","342568"
"2012-05-17","2012-05-17 00:00","7292.611482998347","7357.29096400055","7260.271742497246","7341.121093749999","9020","9080","198298"
"2012-05-18","2012-05-18 00:00","7219.846908068198","7219.846908068198","7114.742753751416","7138.99755859375","8930","8830","605713"
"2012-05-21","2012-05-21 00:00","7138.99858481197","7187.50820146981","7130.913648702331","7155.16845703125","8830","8850","122748"
"2012-05-22","2012-05-22 00:00","7227.931666812151","7244.101536312849","7203.676862561103","7236.0166015625","8940","8950","123511"
"2012-05-23","2012-05-23 00:00","7211.761867623009","7219.846802452183","7074.317975527055","7106.65771484375","8920","8790","305842"
"2012-05-24","2012-05-24 00:00","7090.487819106812","7130.9124931040005","7041.978210310186","7098.57275390625","8770","8780","364072"
"2012-05-25","2012-05-25 00:00","7130.912519331271","7138.997454160445","7082.402910356228","7106.65771484375","8820","8790","127677"
"2012-05-28","2012-05-28 00:00","7122.828099476207","7138.9979703036215","7098.573293235085","7114.7431640625","8810","8800","101168"
"2012-05-29","2012-05-29 00:00","7106.658405703918","7171.337890625001","7058.148792013107","7171.337890625001","8790","8870","230348"
"2012-05-30","2012-05-30 00:00","7163.252363436084","7171.33729838353","7098.5728838565265","7138.99755859375","8860","8830","323859"
"2012-05-31","2012-05-31 00:00","7041.978106116812","7074.317844836063","7001.553432717749","7066.23291015625","8710","8740","228979"
"2012-06-01","2012-06-01 00:00","7017.723528826678","7033.893398708768","6977.298854121455","6985.3837890625","8680","8640","304237"
"2012-06-04","2012-06-04 00:00","6864.109401424633","6872.1943359375","6823.684728860295","6872.1943359375","8490","8500","411789"
"2012-06-05","2012-06-05 00:00","6904.533877985265","6961.12841796875","6880.2790751351995","6961.12841796875","8540","8610","195978"
"2012-06-06","2012-06-06 00:00","7001.5539419642855","7082.403294642857","6969.214200892857","7074.318359375","8660","8750","231659"
"2012-06-07","2012-06-07 00:00","7179.422233330974","7179.422233330974","7122.827688698861","7138.99755859375","8880","8830","171294"
"2012-06-08","2012-06-08 00:00","7147.08301345737","7147.08301345737","6977.299367210079","6993.46923828125","8840","8650","216281"
"2012-06-11","2012-06-11 00:00","7130.912623646305","7171.33729838353","7114.742753751416","7138.99755859375","8820","8830","609818"
"2012-06-12","2012-06-12 00:00","7009.6388772321425","7106.658100446429","7001.5539419642855","7074.318359375","8670","8750","272897"
"2012-06-13","2012-06-13 00:00","7106.65771484375","7138.997454160445","7082.402910356228","7106.65771484375","8790","8790","74352"
"2012-06-14","2012-06-14 00:00","7058.148079909061","7114.742623505125","7058.148079909061","7098.57275390625","8730","8780","73781"
"2012-06-15","2012-06-15 00:00","7138.997427903438","7147.082362702876","7082.402884307375","7098.57275390625","8830","8780","175850"
"2012-06-18","2012-06-18 00:00","7252.186934707949","7260.271869975182","7211.762258371785","7227.93212890625","8970","8940","261456"
"2012-06-19","2012-06-19 00:00","7211.763109445304","7211.763109445304","7147.083619674494","7187.50830078125","8920","8890","175234"
"2012-06-20","2012-06-20 00:00","7219.847270306403","7260.271947071837","7211.762334953316","7252.18701171875","8930","8970","133936"
"2012-06-21","2012-06-21 00:00","7284.52741828851","7333.03703483649","7276.44248219718","7308.7822265625","9010","9040","188879"
"2012-06-22","2012-06-22 00:00","7219.846430133557","7316.86564308048","7219.846430133557","7292.61083984375","8930","9020","267603"
"2012-06-25","2012-06-25 00:00","7316.866416845813","7316.866416845813","7227.93212890625","7227.93212890625","9050","8940","96692"
"2012-06-26","2012-06-26 00:00","7187.50686227177","7211.761666081461","7138.997254652388","7195.591796875","8890","8900","196715"
"2012-06-27","2012-06-27 00:00","7195.591953822544","7244.1015625","7171.3371494838175","7244.1015625","8900","8960","138930"
"2012-06-28","2012-06-28 00:00","7300.696443765471","7365.375924994843","7292.611508611799","7349.2060546875","9030","9090","138693"
"2012-06-29","2012-06-29 00:00","7308.7812542321235","7494.734759594224","7292.611384200637","7462.39501953125","9040","9230","447943"
"2012-07-02","2012-07-02 00:00","7527.075534733953","7535.160470861487","7454.311109586149","7478.56591796875","9310","9250","295872"
"2012-07-03","2012-07-03 00:00","7486.648519493408","7535.158121131593","7470.478652280678","7510.9033203125","9260","9290","466499"
"2012-07-04","2012-07-04 00:00","7446.225534930971","7454.310470365206","7421.970728628264","7430.0556640625","9210","9190","196796"
"2012-07-05","2012-07-05 00:00","7413.885716600709","7454.310393354257","7397.71584589929","7405.80078125","9170","9160","81390"
"2012-07-06","2012-07-06 00:00","7397.715717403608","7405.800652613885","7324.951300511114","7365.3759765625","9150","9110","129745"
"2012-07-09","2012-07-09 00:00","7284.5267531310965","7308.781559190356","7252.18701171875","7252.18701171875","9010","8970","402005"
"2012-07-10","2012-07-10 00:00","7276.4407304206325","7316.865401145192","7219.84619140625","7219.84619140625","9000","8930","92663"
"2012-07-11","2012-07-11 00:00","7195.592387837319","7227.93212890625","7179.422517302853","7227.93212890625","8900","8940","127061"
"2012-07-12","2012-07-12 00:00","7236.01667211053","7236.01667211053","7098.572780014576","7106.65771484375","8950","8790","285685"
"2012-07-13","2012-07-13 00:00","7082.402884307375","7147.082362702876","7082.402884307375","7098.57275390625","8760","8780","199823"
"2012-07-17","2012-07-17 00:00","7114.743265695702","7187.507685458499","7114.743265695702","7147.0830078125","8800","8840","124607"
"2012-07-18","2012-07-18 00:00","7171.337272246138","7187.507142082093","7114.742727820295","7130.91259765625","8870","8820","90396"
"2012-07-19","2012-07-19 00:00","7179.4208984375","7211.760632214246","7155.166098104941","7179.4208984375","8880","8880","168116"
"2012-07-20","2012-07-20 00:00","7171.337608581264","7171.337608581264","7066.233449718179","7082.4033203125","8870","8760","128029"
"2012-07-23","2012-07-23 00:00","7009.637969864122","7025.807838306716","6936.873561872453","6944.95849609375","8670","8590","228478"
"2012-07-24","2012-07-24 00:00","6928.788520536366","6953.043322825292","6896.448784151133","6912.61865234375","8570","8550","132638"
"2012-07-25","2012-07-25 00:00","6864.110249861316","6880.280120885725","6799.430765763684","6831.7705078125","8490","8450","342625"
"2012-07-26","2012-07-26 00:00","6856.025031140094","6896.44970703125","6823.685290427169","6896.44970703125","8480","8530","236739"
"2012-07-27","2012-07-27 00:00","6993.468724003545","6993.468724003545","6944.959114357277","6985.3837890625","8650","8640","187490"
"2012-07-30","2012-07-30 00:00","7066.234276221265","7082.404148706896","7009.639722521551","7033.89453125","8740","8700","101250"
"2012-07-31","2012-07-31 00:00","7017.723431722838","7130.912519331271","7001.5535620644905","7106.65771484375","8680","8790","260620"
"2012-08-01","2012-08-01 00:00","7025.808184422484","7066.232857520427","7001.553380563719","7050.06298828125","8690","8720","86445"
"2012-08-02","2012-08-02 00:00","7066.232883868485","7098.572622467426","7050.063014569016","7058.14794921875","8740","8730","116070"
"2012-08-03","2012-08-03 00:00","6969.214380929533","6985.384251882966","6953.044509976101","6977.29931640625","8620","8630","92217"
"2012-08-06","2012-08-06 00:00","7082.402988148384","7147.082467492205","7082.402988148384","7130.91259765625","8760","8820","203855"
"2012-08-07","2012-08-07 00:00","7122.82881101044","7195.593237002601","7106.658938567738","7187.50830078125","8810","8890","235756"
"2012-08-08","2012-08-08 00:00","7252.186497279576","7316.865975516183","7219.846758161272","7244.1015625","8970","8960","391113"
"2012-08-09","2012-08-09 00:00","7227.933396497309","7341.122510088991","7227.933396497309","7324.95263671875","8940","9060","260600"
"2012-08-10","2012-08-10 00:00","7292.611688484183","7300.69662383727","7219.847270306403","7252.18701171875","9020","8970","80431"
"2012-08-13","2012-08-13 00:00","7252.186497279576","7260.271432059152","7227.931692940849","7244.1015625","8970","8960","79419"
"2012-08-14","2012-08-14 00:00","7252.186627488555","7316.866106886446","7252.186627488555","7284.5263671875","8970","9010","128502"
"2012-08-15","2012-08-15 00:00","7300.696700846354","7308.7816362847225","7227.932281901042","7276.44189453125","9030","9000","63753"
"2012-08-16","2012-08-16 00:00","7308.781557041484","7421.970651951419","7308.781557041484","7405.80078125","9040","9160","246175"
"2012-08-17","2012-08-17 00:00","7438.141237331081","7494.735790223817","7413.88642894848","7478.56591796875","9200","9250","405263"
"2012-08-20","2012-08-20 00:00","7510.907180210019","7518.992117971278","7454.312615881203","7494.7373046875","9290","9270","274928"
"2012-08-21","2012-08-21 00:00","7478.56591796875","7494.735790223817","7454.311109586149","7478.56591796875","9250","9250","101332"
"2012-08-22","2012-08-22 00:00","7462.3954569167345","7470.480392406353","7397.715972999797","7446.2255859375","9230","9210","125960"
"2012-08-23","2012-08-23 00:00","7405.799532010958","7494.733805866984","7389.629664037135","7470.47900390625","9160","9240","146017"
"2012-08-24","2012-08-24 00:00","7389.630397242145","7413.885201609461","7381.54546245304","7397.71533203125","9140","9150","194154"
"2012-08-27","2012-08-27 00:00","7454.310444750818","7470.480315563726","7405.800832312092","7421.970703125001","9220","9180","92612"
"2012-08-28","2012-08-28 00:00","7446.224368446752","7454.309302614446","7333.035290099027","7373.4599609375","9210","9120","86188"
"2012-08-29","2012-08-29 00:00","7381.545975197871","7413.885716600709","7373.461039847161","7405.80078125","9130","9160","73118"
"2012-08-30","2012-08-30 00:00","7389.63213019971","7397.71706688483","7308.78276334851","7324.95263671875","9140","9060","128267"
"2012-08-31","2012-08-31 00:00","7260.271869975182","7300.6965463113465","7203.677323104552","7227.93212890625","8980","8940","378740"
"2012-09-03","2012-09-03 00:00","7219.847504315812","7260.272182391489","7147.083083779595","7171.337890625001","8930","8870","217011"
"2012-09-04","2012-09-04 00:00","7171.337890625001","7179.422826240136","7122.828276934189","7171.337890625001","8870","8870","201834"
"2012-09-05","2012-09-05 00:00","7155.16727112582","7155.16727112582","7074.317923429483","7090.48779296875","8850","8770","194756"
"2012-09-06","2012-09-06 00:00","7090.48779296875","7098.572727738384","7058.148053890216","7090.48779296875","8770","8770","113988"
"2012-09-07","2012-09-07 00:00","7236.016627720424","7244.1015625","7187.507019042969","7244.1015625","8950","8960","251818"
"2012-09-10","2012-09-10 00:00","7211.761823381697","7244.1015625","7211.761823381697","7244.1015625","8920","8960","152522"
"2012-09-11","2012-09-11 00:00","7187.50830078125","7195.593237002601","7163.253492117196","7187.50830078125","8890","8890","110348"
"2012-09-12","2012-09-12 00:00","7195.592665530042","7316.86669921875","7195.592665530042","7316.86669921875","8900","9050","279623"
"2012-09-13","2012-09-13 00:00","7316.865854116586","7373.460396634615","7284.526115534855","7357.29052734375","9050","9100","335753"
"2012-09-14","2012-09-14 00:00","7470.47900390625","7510.903673840808","7421.9693999847805","7470.47900390625","9240","9240","380868"
"2012-09-18","2012-09-18 00:00","7478.564889562737","7494.734759594224","7438.140214484019","7462.39501953125","9250","9230","208795"
"2012-09-19","2012-09-19 00:00","7486.649112615554","7583.668323578176","7454.309375628014","7543.24365234375","9260","9330","579539"
"2012-09-20","2012-09-20 00:00","7478.564679922302","7518.989353867828","7397.71533203125","7397.71533203125","9250","9150","548141"
"2012-09-21","2012-09-21 00:00","7438.140650447883","7470.480392406353","7421.970779468648","7446.2255859375","9200","9210","151485"
"2012-09-24","2012-09-24 00:00","7405.800266820355","7421.970136398566","7373.460527663935","7397.71533203125","9160","9150","244482"
"2012-09-25","2012-09-25 00:00","7373.461090686275","7438.140573937909","7365.3761552798205","7421.970703125001","9120","9180","381842"
"2012-09-26","2012-09-26 00:00","7349.205024290243","7373.459826350607","7308.7803541896365","7333.03515625","9090","9070","259595"
"2012-09-27","2012-09-27 00:00","7292.610619260554","7373.4599609375","7276.440750925165","7373.4599609375","9020","9120","200670"
"2012-09-28","2012-09-28 00:00","7381.546055230036","7397.715926106771","7268.356959092883","7276.44189453125","9130","9000","304488"
"2012-10-01","2012-10-01 00:00","7252.186471063198","7268.356340563897","7211.761797311453","7236.0166015625","8970","8950","110346"
"2012-10-02","2012-10-02 00:00","7252.187374097884","7276.442181369114","7211.7626953125","7211.7626953125","8970","8920","145585"
"2012-10-03","2012-10-03 00:00","7211.762181274551","7244.101921997755","7187.507375732148","7203.67724609375","8920","8910","193362"
"2012-10-04","2012-10-04 00:00","7227.933227674846","7300.697656141372","7187.508545193444","7268.35791015625","8940","8990","163376"
"2012-10-05","2012-10-05 00:00","7292.61288997827","7324.95263671875","7244.10326986755","7324.95263671875","9020","9060","150896"
"2012-10-09","2012-10-09 00:00","7268.357245612037","7276.442181369114","7211.7626953125","7211.7626953125","8990","8920","153792"
"2012-10-10","2012-10-10 00:00","7130.912932095463","7130.912932095463","7066.233449718179","7082.4033203125","8820","8760","423866"
"2012-10-11","2012-10-11 00:00","7025.80859375","7090.488074474971","7009.638723568757","7025.80859375","8690","8690","386426"
"2012-10-12","2012-10-12 00:00","7025.809595007184","7066.234276221265","7009.639722521551","7033.89453125","8690","8700","239165"
"2012-10-15","2012-10-15 00:00","7025.80821061981","7082.402753167956","6993.46847202087","7058.14794921875","8690","8730","82102"
"2012-10-16","2012-10-16 00:00","7114.742346218961","7163.251953125","7114.742346218961","7163.251953125","8800","8860","126581"
"2012-10-17","2012-10-17 00:00","7219.847270306403","7276.44181777801","7203.677399600229","7252.18701171875","8930","8970","336606"
"2012-10-18","2012-10-18 00:00","7308.781023488786","7397.715305854246","7300.6960887282885","7389.63037109375","9040","9140","509885"
"2012-10-19","2012-10-19 00:00","7373.460527663935","7421.970136398566","7349.205723296619","7397.71533203125","9120","9150","328438"
"2012-10-22","2012-10-22 00:00","7300.695204407205","7430.054144906114","7292.610270626023","7413.88427734375","9030","9170","149656"
"2012-10-23","2012-10-23 00:00","7454.308946249659","7470.478813812023","7373.459608437841","7413.88427734375","9220","9170","217986"
"2012-10-24","2012-10-24 00:00","7333.036235721391","7438.140393454994","7324.951300511114","7365.3759765625","9070","9110","296544"
"2012-10-25","2012-10-25 00:00","7365.376231041328","7462.3954569167345","7357.29129555171","7446.2255859375","9110","9210","179386"
"2012-10-26","2012-10-26 00:00","7454.309743088942","7470.479612379808","7349.205592698317","7357.29052734375","9220","9100","157375"
"2012-10-29","2012-10-29 00:00","7373.459826350607","7397.71462841097","7324.950222229879","7333.03515625","9120","9070","76759"
"2012-10-30","2012-10-30 00:00","7357.291248914931","7405.800861545139","7260.272023654515","7276.44189453125","9100","9000","258033"
"2012-10-31","2012-10-31 00:00","7341.121093749999","7397.7156396269265","7324.951223499449","7341.121093749999","9080","9080","211406"
"2012-11-01","2012-11-01 00:00","7341.120224266721","7389.62982927289","7292.610619260554","7373.4599609375","9080","9120","284420"
"2012-11-02","2012-11-02 00:00","7446.226538085938","7470.48134765625","7430.056665039063","7438.1416015625","9210","9200","195271"
"2012-11-05","2012-11-05 00:00","7405.800832312092","7438.140573937909","7389.630961499183","7421.970703125001","9160","9180","79908"
"2012-11-06","2012-11-06 00:00","7397.715305854246","7405.8002406147425","7373.460501572757","7389.63037109375","9150","9140","164147"
"2012-11-07","2012-11-07 00:00","7430.054500111362","7438.139434279057","7341.120224266721","7373.4599609375","9190","9120","226896"
"2012-11-08","2012-11-08 00:00","7292.611765407986","7324.951507161459","7244.102152777778","7276.44189453125","9020","9000","321289"
"2012-11-09","2012-11-09 00:00","7211.7626953125","7227.932566826653","7187.507888041269","7211.7626953125","8920","8920","288279"
"2012-11-12","2012-11-12 00:00","7171.33729838353","7187.507168278419","7138.99755859375","7138.99755859375","8870","8830","204883"
"2012-11-13","2012-11-13 00:00","7179.422233330974","7187.507168278419","7090.487948909082","7138.99755859375","8880","8830","266225"
"2012-11-14","2012-11-14 00:00","7138.997532574227","7147.082467492205","7122.827662738272","7130.91259765625","8830","8820","86137"
"2012-11-15","2012-11-15 00:00","7171.337683458903","7260.271972656251","7147.082877314171","7260.271972656251","8870","8980","446130"
"2012-11-16","2012-11-16 00:00","7324.95000575075","7430.054144906114","7316.865071969568","7413.88427734375","9060","9170","471541"
"2012-11-19","2012-11-19 00:00","7527.0731875252295","7559.412921950687","7510.9033203125","7510.9033203125","9310","9290","469187"
"2012-11-20","2012-11-20 00:00","7559.416806777575","7567.501744538835","7494.7373046875","7494.7373046875","9350","9270","539135"
"2012-11-21","2012-11-21 00:00","7567.4986147164545","7616.008221221047","7535.158877046726","7591.753417968751","9360","9390","773144"
"2012-11-22","2012-11-22 00:00","7680.688066672679","7704.942871093751","7648.348327444583","7704.942871093751","9500","9530","494066"
"2012-11-26","2012-11-26 00:00","7793.8772330184365","7810.047102796483","7721.112819017227","7729.19775390625","9640","9560","501953"
"2012-11-27","2012-11-27 00:00","7704.943537394206","7769.623021443685","7704.943537394206","7761.5380859375","9530","9600","290902"
"2012-11-28","2012-11-28 00:00","7713.029615521053","7737.284425632754","7648.350121889849","7656.43505859375","9540","9470","386576"
"2012-11-29","2012-11-29 00:00","7696.858525992685","7753.453073977926","7688.773590566222","7737.283203125","9520","9570","363636"
"2012-11-30","2012-11-30 00:00","7761.538648753894","7810.048265308606","7713.029032199182","7785.79345703125","9600","9630","321079"
"2012-12-03","2012-12-03 00:00","7793.878393123702","7834.303073585962","7769.623584846346","7785.79345703125","9640","9630","280774"
"2012-12-04","2012-12-04 00:00","7753.453099515593","7777.7079058748695","7737.283228609408","7745.3681640625","9590","9580","385515"
"2012-12-05","2012-12-05 00:00","7721.113943627372","7826.218112493503","7713.029007560746","7777.70849609375","9550","9620","280955"
"2012-12-06","2012-12-06 00:00","7826.21636195232","7866.641033243395","7810.046493435889","7842.38623046875","9680","9700","435379"
"2012-12-07","2012-12-07 00:00","7850.471164726965","7874.725967501611","7826.21636195232","7842.38623046875","9710","9700","197076"
"2012-12-10","2012-12-10 00:00","7882.810901759826","7882.810901759826","7826.21636195232","7842.38623046875","9750","9700","139205"
"2012-12-11","2012-12-11 00:00","7834.30224609375","7842.387181332237","7801.9625051398025","7834.30224609375","9690","9690","126105"
"2012-12-12","2012-12-12 00:00","7882.812011718749","7898.981882512019","7866.64214092548","7882.812011718749","9750","9750","238124"
"2012-12-13","2012-12-13 00:00","7955.574896726791","8036.424235108161","7955.574896726791","8012.16943359375","9840","9910","742494"
"2012-12-14","2012-12-14 00:00","7996.001590107048","8044.511205416091","7963.6618465676875","8036.42626953125","9890","9940","439344"
"2012-12-17","2012-12-17 00:00","8157.700952148438","8173.870825195313","8076.851586914063","8084.9365234375","10090","10000","679567"
"2012-12-18","2012-12-18 00:00","8109.191115019937","8198.125414387056","8101.106178713835","8173.87060546875","10030","10110","642322"
"2012-12-19","2012-12-19 00:00","8262.804042119566","8367.908203125","8230.464300271738","8367.908203125","10220","10350","801369"
"2012-12-20","2012-12-20 00:00","8311.313321764921","8351.73799745444","8246.633840661692","8262.8037109375","10280","10220","522485"
"2012-12-21","2012-12-21 00:00","8351.7362388641","8375.991039170578","8165.782769847764","8181.95263671875","10330","10120","528967"
"2012-12-25","2012-12-25 00:00","8319.397354230183","8335.567222751524","8254.717880144817","8287.0576171875","10290","10250","416727"
"2012-12-26","2012-12-26 00:00","8335.568662736696","8432.587890625","8319.39879142198","8432.587890625","10310","10430","642681"
"2012-12-27","2012-12-27 00:00","8335.568662736696","8432.587890625","8319.39879142198","8432.587890625","10310","10430","642681"
"2012-12-28","2012-12-28 00:00","8578.116262383877","8594.2861328125","8545.776521526634","8594.2861328125","10610","10630","509163"
"2013-01-04","2013-01-04 00:00","8861.088658949908","8861.088658949908","8764.069440056297","8796.4091796875","10960","10880","917587"
"2013-01-07","2013-01-07 00:00","8828.749721756474","8844.919593041743","8715.560622759596","8739.8154296875","10920","10810","423505"
"2013-01-08","2013-01-08 00:00","8691.305459048443","8731.730135602156","8618.541041251758","8626.6259765625","10750","10670","431440"
"2013-01-09","2013-01-09 00:00","8553.861785548326","8739.815302625464","8545.776850023234","8699.390625","10580","10760","665765"
"2013-01-10","2013-01-10 00:00","8764.0693359375","8796.409075184501","8739.814531502248","8764.0693359375","10840","10840","231724"
"2013-01-11","2013-01-11 00:00","8909.59765625","8917.682590602315","8844.918181431489","8909.59765625","11020","11020","548282"
"2013-01-15","2013-01-15 00:00","8998.533100977796","9022.787907179892","8933.853617772205","8966.193359375","11130","11090","418906"
"2013-01-16","2013-01-16 00:00","8917.682936970954","8917.682936970954","8715.5595703125","8715.5595703125","11030","10780","755169"
"2013-01-17","2013-01-17 00:00","8780.238172943622","8804.49297452634","8586.199760281885","8747.8984375","10860","10820","503233"
"2013-01-18","2013-01-18 00:00","8917.682854302497","8990.447265625","8893.428050528328","8990.447265625","11030","11120","661536"
"2013-01-21","2013-01-21 00:00","9022.787489993138","9022.787489993138","8820.66411432125","8836.833984375","11160","10930","1013221"
"2013-01-22","2013-01-22 00:00","8861.087756358844","8941.937097201535","8739.813745094809","8820.6630859375","10960","10910","1102359"
"2013-01-23","2013-01-23 00:00","8715.56026498067","8780.239747466612","8618.541041251758","8626.6259765625","10780","10670","442184"
"2013-01-24","2013-01-24 00:00","8610.454561864603","8755.983371360906","8594.28469414279","8747.8984375","10650","10820","393353"
"2013-01-25","2013-01-25 00:00","8925.767815026955","9006.61716117756","8901.513011181773","8998.5322265625","11040","11130","1007135"
"2013-01-28","2013-01-28 00:00","9047.041540239337","9063.211408943966","8901.512721897687","8909.59765625","11190","11020","960432"
"2013-01-29","2013-01-29 00:00","8836.83439296382","9006.618036378495","8836.83439296382","8966.193359375","10930","11090","441547"
"2013-01-30","2013-01-30 00:00","8990.447783237632","9152.146484375","8974.277913123895","9152.146484375","11120","11320","601271"
"2013-01-31","2013-01-31 00:00","9103.637870283539","9176.402293758274","9055.128254633715","9160.232421875","11260","11330","646565"
"2013-02-01","2013-02-01 00:00","9200.656301398027","9257.250848067435","9168.316560444078","9216.826171875","11380","11400","559328"
"2013-02-04","2013-02-04 00:00","9281.503879005013","9289.588812697526","9216.824409464909","9273.4189453125","11480","11470","514801"
"2013-02-05","2013-02-05 00:00","9144.06043942713","9208.73991203139","9095.550834973936","9111.720703125","11310","11270","898665"
"2013-02-06","2013-02-06 00:00","9297.676158462982","9467.459810052307","9289.591222673014","9418.9501953125","11500","11650","1156821"
"2013-02-07","2013-02-07 00:00","9346.184674703663","9427.034023100754","9289.5901308257","9378.5244140625","11560","11600","957144"
"2013-02-08","2013-02-08 00:00","9281.506587077109","9305.761395231491","9168.317482356655","9200.6572265625","11480","11380","1137070"
"2013-02-12","2013-02-12 00:00","9402.778158255456","9435.117893967426","9354.2685546875","9354.2685546875","11630","11570","768578"
"2013-02-13","2013-02-13 00:00","9338.098414852604","9362.353215930145","9216.824409464909","9273.4189453125","11550","11470","407059"
"2013-02-14","2013-02-14 00:00","9289.590921949533","9354.270406175467","9257.251179836567","9321.9306640625","11490","11530","535188"
"2013-02-15","2013-02-15 00:00","9257.251778922726","9281.506587077109","9111.72292999643","9200.6572265625","11450","11380","833782"
"2013-02-18","2013-02-18 00:00","9338.098821065512","9418.948161507638","9321.928952977087","9394.693359375","11550","11620","874150"
"2013-02-19","2013-02-19 00:00","9346.185622708153","9394.695236666847","9338.10068704837","9370.4404296875","11560","11590","279035"
"2013-02-20","2013-02-20 00:00","9443.203125","9483.627795911816","9418.94832245291","9443.203125","11680","11680","493234"
"2013-02-21","2013-02-21 00:00","9394.69505818685","9418.949864705404","9305.760767618814","9313.845703125","11620","11520","630096"
"2013-02-22","2013-02-22 00:00","9257.249480623386","9394.693359375","9192.570008269686","9394.693359375","11450","11620","642473"
"2013-02-25","2013-02-25 00:00","9548.307801320496","9604.90234375","9515.968062789352","9604.90234375","11810","11880","810569"
"2013-02-26","2013-02-26 00:00","9362.354622339853","9491.713580852322","9346.184752525794","9402.779296875","11580","11630","1346184"
"2013-02-27","2013-02-27 00:00","9418.947751777736","9418.947751777736","9265.334011619987","9273.4189453125","11650","11470","818467"
"2013-02-28","2013-02-28 00:00","9410.863573803192","9532.137588929521","9402.778639461436","9499.7978515625","11640","11750","1048740"
"2013-03-01","2013-03-01 00:00","9475.544176016088","9596.818205572607","9451.289370104783","9548.30859375","11720","11810","632253"
"2013-03-04","2013-03-04 00:00","9645.326963993992","9693.836571524556","9572.562552698144","9588.732421875","11930","11860","533038"
"2013-03-05","2013-03-05 00:00","9669.582880719983","9701.92262279597","9612.988332087007","9629.158203125","11960","11910","636424"
"2013-03-06","2013-03-06 00:00","9734.262027138158","9831.28125","9718.092156661185","9831.28125","12040","12160","1125843"
"2013-03-07","2013-03-07 00:00","9920.214632254922","9944.469435756768","9839.36528724877","9855.53515625","12270","12190","685239"
"2013-03-08","2013-03-08 00:00","9968.72413669379","10122.337890625","9952.554267858926","10122.337890625","12330","12520","883907"
"2013-03-11","2013-03-11 00:00","10154.679737182036","10219.359225953896","10122.339992796105","10170.849609375","12560","12580","920346"
"2013-03-12","2013-03-12 00:00","10259.781856169073","10267.8667906499","10146.5927734375","10146.5927734375","12690","12550","664470"
"2013-03-13","2013-03-13 00:00","10098.084935897436","10170.84935897436","10073.830128205129","10090","12490","12480","709657"
"2013-03-14","2013-03-14 00:00","10154.67789223455","10211.272434627575","10089.998415213946","10203.1875","12560","12620","451743"
"2013-03-15","2013-03-15 00:00","10251.697576904297","10348.716796875","10243.612641906739","10348.716796875","12680","12800","659617"
"2013-03-18","2013-03-18 00:00","10162.764423076924","10203.189102564103","10073.830128205129","10090","12570","12480","1250712"
"2013-03-19","2013-03-19 00:00","10235.52849752062","10292.123046875","10227.443561898566","10292.123046875","12660","12730","672876"
"2013-03-21","2013-03-21 00:00","10381.056718021562","10421.481393714792","10372.971782882916","10405.3115234375","12840","12870","665416"
"2013-03-22","2013-03-22 00:00","10292.12274019875","10316.377546342188","10170.848709481563","10195.103515625","12730","12610","989119"
"2013-03-25","2013-03-25 00:00","10324.462991254391","10381.057541715456","10284.03831235363","10356.802734375","12770","12810","883981"
"2013-03-26","2013-03-26 00:00","10275.953048754189","10340.632532932028","10243.61330666527","10251.6982421875","12710","12680","632817"
"2013-03-27","2013-03-27 00:00","10348.717873831774","10381.0576171875","10308.293194637119","10381.0576171875","12800","12840","421695"
"2013-03-28","2013-03-28 00:00","10324.462661887568","10332.547597409799","10187.01875800966","10251.6982421875","12770","12680","1097729"
"2013-03-29","2013-03-29 00:00","10284.038009751772","10308.292816378545","10219.35852541371","10259.783203125","12720","12690","441949"
"2013-04-01","2013-04-01 00:00","10267.867674610312","10275.95260978717","10081.914165542566","10114.25390625","12700","12510","804383"
"2013-04-02","2013-04-02 00:00","9984.894478976581","10009.149283378954","9782.771108956813","9968.724609375","12350","12330","1061002"
"2013-04-03","2013-04-03 00:00","10122.339273831822","10251.6982421875","10073.829660698442","10251.6982421875","12520","12680","635435"
"2013-04-04","2013-04-04 00:00","10098.083397386627","10542.754803996926","10009.149116064566","10518.5","12490","13010","1896908"
"2013-04-05","2013-04-05 00:00","10930.831014554795","10963.170751284248","10607.433647260274","10623.603515625","13520","13140","2347829"
"2013-04-08","2013-04-08 00:00","10955.088842665251","10971.258715495755","10849.984669266987","10947.00390625","13550","13540","906623"
"2013-04-09","2013-04-09 00:00","11035.937196854213","11060.192003880265","10906.578226048596","10938.91796875","13650","13530","872086"
"2013-04-10","2013-04-10 00:00","10938.917250120368","11044.021406995138","10922.747379831942","11019.7666015625","13530","13630","646040"
"2013-04-11","2013-04-11 00:00","11141.040169694505","11221.889517805495","11092.53056082791","11181.46484375","13780","13830","1002451"
"2013-04-12","2013-04-12 00:00","11149.125130537617","11221.889544007407","11108.700456387736","11189.5498046875","13790","13840","716402"
"2013-04-15","2013-04-15 00:00","11068.274359769339","11116.783962514859","10995.50995565106","11052.1044921875","13690","13670","743734"
"2013-04-16","2013-04-16 00:00","10793.388467977336","11044.021458619505","10761.048727249314","11035.9365234375","13350","13650","997104"
"2013-04-17","2013-04-17 00:00","11052.104681245452","11116.784152679222","11044.01974731623","11108.69921875","13670","13740","606887"
"2013-04-18","2013-04-18 00:00","11011.681666418286","11100.61595300463","10955.087120408794","11019.7666015625","13620","13630","919289"
"2013-04-19","2013-04-19 00:00","11019.767777568837","11084.447265625","10947.003353505654","11084.447265625","13630","13710","615134"
"2013-04-22","2013-04-22 00:00","11246.145533068426","11294.655147157866","11221.890726023707","11254.23046875","13910","13920","969765"
"2013-04-23","2013-04-23 00:00","11238.059492159337","11262.314296818673","11197.634817727108","11213.8046875","13900","13870","413534"
"2013-04-24","2013-04-24 00:00","11359.333348025388","11464.4375","11351.24841325811","11464.4375","14050","14180","920562"
"2013-04-25","2013-04-25 00:00","11496.778446916607","11593.797674316747","11464.438704449894","11537.203125","14220","14270","808937"
"2013-04-26","2013-04-26 00:00","11585.711810187413","11601.881680124869","11488.692590562674","11553.3720703125","14330","14290","639161"
"2013-04-30","2013-04-30 00:00","11472.5244635435","11521.034080725502","11432.099782558498","11488.6943359375","14190","14210","539963"
"2013-05-01","2013-05-01 00:00","11464.4375","11480.607369534555","11432.097760930888","11464.4375","14180","14180","331769"
"2013-05-02","2013-05-02 00:00","11399.75966560722","11432.099409339438","11310.825370343617","11367.419921875","14100","14060","745495"
"2013-05-07","2013-05-07 00:00","11674.644799905433","11779.74894284087","11650.389997689563","11755.494140625","14440","14540","1266523"
"2013-05-08","2013-05-08 00:00","11779.751153998037","11965.70467255806","11771.666218408469","11836.345703125","14570","14640","1048409"
"2013-05-09","2013-05-09 00:00","11909.110021136557","11957.619634257277","11771.66611729452","11804.005859375","14730","14600","806832"
"2013-05-10","2013-05-10 00:00","12054.63897595434","12151.658203125","12030.384169161676","12151.658203125","14910","15030","1268417"
"2013-05-13","2013-05-13 00:00","12264.844807514392","12321.439345189145","12216.335203793175","12289.099609375","15170","15200","1066452"
"2013-05-14","2013-05-14 00:00","12313.356342448773","12313.356342448773","12240.591925454657","12281.0166015625","15230","15190","655973"
"2013-05-15","2013-05-15 00:00","12442.715972011529","12531.650264209142","12442.715972011529","12491.2255859375","15390","15450","1096063"
"2013-05-16","2013-05-16 00:00","12588.242818723687","12588.242818723687","12345.694787534407","12483.138671875","15570","15440","1507091"
"2013-05-17","2013-05-17 00:00","12394.205695297447","12588.244140625","12353.78101918754","12588.244140625","15330","15570","798140"
"2013-05-20","2013-05-20 00:00","12693.349782765932","12766.114208272234","12661.010038096465","12749.9443359375","15700","15770","662687"
"2013-05-21","2013-05-21 00:00","12677.1799104312","12766.114208272234","12661.010038096465","12749.9443359375","15680","15770","463184"
"2013-05-22","2013-05-22 00:00","12822.706551791276","13032.914855919003","12814.621617017134","12976.3203125","15860","16050","1003738"
"2013-05-23","2013-05-23 00:00","13073.338673828124","13226.952424479166","12014.212287760416","12127.4013671875","16170","15000","3535702"
"2013-05-24","2013-05-24 00:00","12337.61167034477","12450.800768237841","11601.882534039807","12135.48828125","15260","15010","3759896"
"2013-05-27","2013-05-27 00:00","11739.326973399653","11876.770884245243","11634.22280628244","11682.732421875","14520","14450","1866768"
"2013-05-28","2013-05-28 00:00","11577.627912414966","11949.534954294219","11553.373105335884","11884.85546875","14320","14700","1434224"
"2013-05-29","2013-05-29 00:00","12086.97565874551","12086.97565874551","11804.0029844605","11820.1728515625","14950","14620","1056879"
"2013-05-30","2013-05-30 00:00","11601.880018446182","11690.814290364584","11229.973063151041","11351.2470703125","14350","14040","1911259"
"2013-05-31","2013-05-31 00:00","11521.032818733378","11553.372559978945","11343.164241882758","11399.7587890625","14250","14100","1112329"
"2013-06-03","2013-06-03 00:00","11238.059902987638","11238.059902987638","10987.426912345467","11035.9365234375","13900","13650","1205268"
"2013-06-04","2013-06-04 00:00","10955.086102356045","11302.73828125","10833.812086462805","11302.73828125","13550","13980","1810685"
"2013-06-05","2013-06-05 00:00","11254.23001263099","11399.758849001217","10785.303762104697","10801.4736328125","13920","13360","1212512"
"2013-06-06","2013-06-06 00:00","10696.369965920416","10987.42765206791","10639.77541583618","10647.8603515625","13230","13170","1149428"
"2013-06-07","2013-06-07 00:00","10542.75498733754","10882.322249199637","10405.31109563145","10575.0947265625","13040","13080","2140921"
"2013-06-10","2013-06-10 00:00","11052.10422648959","11270.397433596554","10947.000089734385","11262.3125","13670","13930","887290"
"2013-06-11","2013-06-11 00:00","11229.974108263","11278.483715642107","11011.680875057025","11076.3603515625","13890","13700","1472191"
"2013-06-12","2013-06-12 00:00","10849.982028099797","11060.190323726172","10777.217618075283","11027.8505859375","13420","13640","660739"
"2013-06-13","2013-06-13 00:00","10769.13328125","10769.13328125","10300.207057291667","10308.2919921875","13320","12750","1926182"
"2013-06-14","2013-06-14 00:00","10664.02996858861","10720.62451732259","10478.076451319817","10567.0107421875","13190","13070","1103839"
"2013-06-17","2013-06-17 00:00","10445.736625023286","10849.9833984375","10413.396883150148","10849.9833984375","12920","13420","708477"
"2013-06-18","2013-06-18 00:00","10793.38671875","10906.575792954121","10712.537380032772","10793.38671875","13350","13350","666508"
"2013-06-19","2013-06-19 00:00","11011.681563017384","11035.936368222268","10866.15273178808","10987.4267578125","13620","13590","596454"
"2013-06-20","2013-06-20 00:00","10849.98125585206","10947.000462312735","10752.962049391386","10793.38671875","13420","13350","749831"
"2013-06-21","2013-06-21 00:00","10550.841489161652","11092.53220163202","10526.586681140592","11084.447265625","13050","13710","872633"
"2013-06-24","2013-06-24 00:00","11165.294768602858","11181.464637927409","10801.472708800447","10817.642578125","13810","13380","641938"
"2013-06-25","2013-06-25 00:00","10858.06818028981","10979.342210598335","10583.180378257159","10801.4736328125","13430","13360","547274"
"2013-06-26","2013-06-26 00:00","10955.085817101884","10963.170751284248","10607.433647260274","10623.603515625","13550","13140","475481"
"2013-06-27","2013-06-27 00:00","10752.964645710874","11003.59765625","10680.20022329629","11003.59765625","13300","13610","724687"
"2013-06-28","2013-06-28 00:00","11084.446086221897","11399.758556945932","11076.361151075125","11326.994140625","13710","14010","1171657"
"2013-07-01","2013-07-01 00:00","11432.099782558498","11504.8642083315","11254.23118622449","11488.6943359375","14140","14210","428713"
"2013-07-02","2013-07-02 00:00","11569.54240251922","11723.156173062802","11529.117726060384","11698.9013671875","14310","14470","832608"
"2013-07-03","2013-07-03 00:00","11739.323920562978","11755.493788222155","11593.795111630378","11650.3896484375","14520","14410","812119"
"2013-07-04","2013-07-04 00:00","11456.350640993878","11553.36984190561","11424.010907356633","11472.5205078125","14170","14190","401980"
"2013-07-05","2013-07-05 00:00","11593.79637057722","11747.410130020015","11585.711435869705","11739.3251953125","14340","14520","574651"
"2013-07-08","2013-07-08 00:00","12023.53372660077","12039.914562740554","11663.155331525542","11704.107421875","14680","14290","1090614"
"2013-07-09","2013-07-09 00:00","11851.53343110068","12023.532188566553","11769.629260878839","11998.9609375","14470","14650","674578"
"2013-07-10","2013-07-10 00:00","11990.77048242989","12080.865069388037","11843.342976498376","11974.3896484375","14640","14620","807641"
"2013-07-11","2013-07-11 00:00","11851.533456085974","12031.722630953902","11835.152622007072","12015.341796875","14470","14670","486059"
"2013-07-12","2013-07-12 00:00","12015.341822136657","12097.24599270337","11966.199319796631","12031.72265625","14670","14690","491301"
"2013-07-16","2013-07-16 00:00","12121.818347489858","12154.58001869929","12080.866258478069","12113.6279296875","14800","14790","556130"
"2013-07-17","2013-07-17 00:00","12023.533345650338","12130.008777185389","11990.771674408785","12121.818359375","14680","14800","459133"
"2013-07-18","2013-07-18 00:00","12162.769716796874","12310.197228515624","12154.579299479166","12285.6259765625","14850","15000","2674502"
"2013-07-19","2013-07-19 00:00","12375.721311497044","12416.673400548987","11958.01000316723","12121.818359375","15110","14800","1334089"
"2013-07-22","2013-07-22 00:00","12277.437354764257","12277.437354764257","12048.105636329701","12170.9619140625","14990","14860","678741"
"2013-07-23","2013-07-23 00:00","12089.055948757505","12310.197216112825","12072.675114138592","12277.435546875","14760","14990","635443"
"2013-07-24","2013-07-24 00:00","12220.103539156626","12244.674792921687","12138.19935993976","12236.484375","14920","14940","518121"
"2013-07-25","2013-07-25 00:00","12228.294753388236","12236.485171843286","12064.486384287255","12105.4384765625","14930","14780","415023"
"2013-07-26","2013-07-26 00:00","11908.866967161386","11941.62863694725","11720.48736589267","11761.439453125","14540","14360","648323"
"2013-07-29","2013-07-29 00:00","11523.918697117555","11589.442044364847","11343.7294921875","11343.7294921875","14070","13850","683189"
"2013-07-30","2013-07-30 00:00","11319.158502539478","11556.68064188365","11310.968083941403","11540.2998046875","13820","14090","515097"
"2013-07-31","2013-07-31 00:00","11401.06047077922","11482.964640827922","11319.15630073052","11351.91796875","13920","13860","509512"
"2013-08-01","2013-08-01 00:00","11335.537518745588","11614.01170634483","11319.156684180927","11605.8212890625","13840","14170","597959"
"2013-08-02","2013-08-02 00:00","11769.629260878839","12007.151354522184","11745.058009812286","11998.9609375","14370","14650","658127"
"2013-08-05","2013-08-05 00:00","11876.107346078048","11933.440278093598","11802.393576343771","11818.7744140625","14500","14430","343488"
"2013-08-06","2013-08-06 00:00","11802.391818427648","11958.009753576936","11638.583465638923","11949.8193359375","14410","14590","534912"
"2013-08-07","2013-08-07 00:00","11704.107138289592","11745.059227646798","11491.156273632118","11507.537109375","14290","14050","667262"
"2013-08-08","2013-08-08 00:00","11466.584708121827","11663.15473168963","11245.44343160805","11294.5859375","14000","13790","783285"
"2013-08-09","2013-08-09 00:00","11343.726522222096","11425.630684837419","11229.060694560645","11319.1552734375","13850","13820","853305"
"2013-08-12","2013-08-12 00:00","11212.68068970528","11343.727359563047","11147.157354776395","11229.0615234375","13690","13710","501254"
"2013-08-13","2013-08-13 00:00","11392.871259174823","11515.727527246441","11368.300005560499","11507.537109375","13910","14050","310955"
"2013-08-14","2013-08-14 00:00","11573.058724141338","11671.343723921733","11409.250391174017","11654.962890625","14130","14230","389476"
"2013-08-15","2013-08-15 00:00","11482.966707204987","11614.013402864957","11384.681685460007","11417.443359375","14020","13940","699314"
"2013-08-16","2013-08-16 00:00","11253.634889722473","11417.443257840705","11237.25405291065","11343.7294921875","13740","13850","522271"
"2013-08-19","2013-08-19 00:00","11327.348744980482","11409.2529296875","11278.206234156272","11409.2529296875","13830","13930","200170"
"2013-08-20","2013-08-20 00:00","11319.155939340942","11401.060106774668","11114.395520756629","11122.5859375","13820","13580","641634"
"2013-08-21","2013-08-21 00:00","11155.3486328125","11212.681555301257","10999.730700343016","11155.3486328125","13620","13620","590614"
"2013-08-22","2013-08-22 00:00","11057.064510781827","11171.730364967712","10983.350747376615","11098.0166015625","13500","13550","726436"
"2013-08-23","2013-08-23 00:00","11310.966832861046","11433.823098243316","11278.20516209244","11335.5380859375","13810","13840","612472"
"2013-08-26","2013-08-26 00:00","11392.870973535933","11409.25180886812","11278.205126210625","11310.966796875","13910","13810","216204"
"2013-08-27","2013-08-27 00:00","11253.633776971048","11360.109205719682","11212.681688990804","11245.443359375","13740","13730","190981"
"2013-08-28","2013-08-28 00:00","10983.350747376615","11130.77827418704","10950.589074752075","11098.0166015625","13410","13550","712119"
"2013-08-29","2013-08-29 00:00","11122.586974963317","11188.11031502201","11098.015722441305","11163.5390625","13580","13630","375318"
"2013-08-30","2013-08-30 00:00","11261.825999413632","11319.158931774284","11081.636783423013","11130.779296875","13750","13590","551371"
"2013-09-02","2013-09-02 00:00","11163.5411645561","11310.968707448257","11138.969907407407","11278.20703125","13630","13770","461940"
"2013-09-03","2013-09-03 00:00","11417.442640746382","11614.012671863966","11417.442640746382","11597.6318359375","13940","14160","761929"
"2013-09-04","2013-09-04 00:00","11523.91816694281","11679.536109495699","11482.966076797313","11663.1552734375","14070","14240","398442"
"2013-09-05","2013-09-05 00:00","11736.869035699394","11769.630707815792","11605.822347233805","11663.1552734375","14330","14240","501254"
"2013-09-06","2013-09-06 00:00","11695.915740576102","11695.915740576102","11482.96489375889","11515.7265625","14280","14060","346052"
"2013-09-09","2013-09-09 00:00","11917.058409160007","11925.248827310634","11720.488373544997","11786.01171875","14550","14390","893789"
"2013-09-10","2013-09-10 00:00","11884.295061479352","11998.960899426085","11859.723810490765","11974.3896484375","14510","14620","813795"
"2013-09-11","2013-09-11 00:00","12048.103414163961","12097.245916193182","11974.389661120129","11982.580078125","14710","14630","682649"
"2013-09-12","2013-09-12 00:00","11958.010708004462","12007.153217763384","11892.487361659232","11933.439453125","14600","14570","276842"
"2013-09-13","2013-09-13 00:00","11892.486412461447","11990.771424134682","11818.772653706521","11949.8193359375","14520","14590","512529"
"2013-09-17","2013-09-17 00:00","12007.151188285554","12031.722439011923","11892.4853515625","11892.4853515625","14660","14520","559772"
"2013-09-18","2013-09-18 00:00","11982.580153909974","12154.578912100069","11966.199319796631","12031.72265625","14630","14690","682951"
"2013-09-19","2013-09-19 00:00","12195.53036482704","12261.053697881853","12105.435781876671","12252.86328125","14890","14960","943424"
"2013-09-20","2013-09-20 00:00","12277.435534488694","12302.006786392274","12203.721778777954","12269.2451171875","14990","14980","676116"
"2013-09-24","2013-09-24 00:00","12146.389777861445","12261.05562876506","12130.008942018072","12236.484375","14830","14940","517124"
"2013-09-25","2013-09-25 00:00","12236.485217136891","12252.866054107624","12138.2001953125","12138.2001953125","14940","14820","407927"
"2013-09-26","2013-09-26 00:00","12113.62728577876","12342.958972054492","12023.532694741867","12334.7685546875","14790","15060","669254"
"2013-09-27","2013-09-27 00:00","12342.959902421771","12359.34073839048","12269.246140562584","12302.0078125","15070","15020","408917"
"2013-09-30","2013-09-30 00:00","12097.247034536127","12211.912883204715","12039.914110201833","12072.67578125","14770","14740","523686"
"2013-10-01","2013-10-01 00:00","12113.627882018009","12236.484148569914","12072.675793167373","12080.8662109375","14790","14750","449375"
"2013-10-02","2013-10-02 00:00","12072.675416053498","12170.960426224896","11777.8203855393","11826.962890625","14740","14440","1010066"
"2013-10-03","2013-10-03 00:00","11810.582055596435","11876.1053957107","11761.439550510735","11826.962890625","14420","14440","410849"
"2013-10-04","2013-10-04 00:00","11728.677734375","11810.58190849773","11638.583142839996","11728.677734375","14320","14320","536514"
"2013-10-07","2013-10-07 00:00","11728.678487703468","11753.24974151849","11556.67971099832","11573.060546875","14320","14130","486441"
"2013-10-08","2013-10-08 00:00","11523.917116239192","11630.392540909492","11482.96502982754","11605.8212890625","14070","14170","539046"
"2013-10-09","2013-10-09 00:00","11507.537388197605","11720.488258014784","11491.15655205782","11704.107421875","14050","14290","316468"
"2013-10-10","2013-10-10 00:00","11786.011810534726","11851.53515625","11753.25013767709","11851.53515625","14390","14470","270018"
"2013-10-11","2013-10-11 00:00","11949.81846055939","12064.484299111708","11933.437626480487","12015.341796875","14590","14670","621197"
"2013-10-15","2013-10-15 00:00","12105.437416351548","12121.81825182699","12039.91407444978","12048.1044921875","14780","14710","401641"
"2013-10-16","2013-10-16 00:00","12056.293957909029","12113.626877545825","12039.913123727087","12064.484375","14720","14730","366006"
"2013-10-17","2013-10-17 00:00","12211.911053898359","12244.672720038932","12097.245222406356","12162.7685546875","14910","14850","570335"
"2013-10-18","2013-10-18 00:00","12170.960913809804","12203.722585179414","12105.437571070586","12154.580078125","14860","14840","474994"
"2013-10-21","2013-10-21 00:00","12211.913156390907","12310.198171734093","12203.722738445642","12261.0556640625","14910","14970","387902"
"2013-10-22","2013-10-22 00:00","12252.864307291666","12318.387645833332","12220.102638020833","12285.6259765625","14960","15000","379800"
"2013-10-23","2013-10-23 00:00","12326.578695270013","12342.959530745455","12039.91407444978","12048.1044921875","15050","14710","720328"
"2013-10-24","2013-10-24 00:00","11990.771615466101","12105.437464247882","11908.867437764831","12080.8662109375","14640","14750","516142"
"2013-10-25","2013-10-25 00:00","12048.104088795202","12056.294506258693","11761.439477573018","11777.8203125","14710","14380","781930"
"2013-10-28","2013-10-28 00:00","11900.676937425495","12023.533203125","11843.34401343239","12023.533203125","14530","14680","483557"
"2013-10-29","2013-10-29 00:00","11908.866312467937","12023.53215041467","11876.104644483155","11974.3896484375","14540","14620","372942"
"2013-10-30","2013-10-30 00:00","12080.867209980112","12130.009720664777","12039.91511774289","12097.248046875","14750","14770","597328"
"2013-10-31","2013-10-31 00:00","12080.867028415898","12130.009538361996","11949.8203352263","11966.201171875","14750","14610","462681"
"2013-11-01","2013-11-01 00:00","12031.72337788113","12031.72337788113","11786.010851443802","11859.724609375","14690","14480","537666"
"2013-11-05","2013-11-05 00:00","11958.010616157695","11958.010616157695","11802.392669783041","11867.916015625","14600","14490","435428"
"2013-11-06","2013-11-06 00:00","11810.583223712356","12031.724518469799","11802.392805388004","11966.201171875","14420","14610","398476"
"2013-11-07","2013-11-07 00:00","11998.961744459639","12007.15216203265","11876.10548086449","11884.2958984375","14650","14510","295428"
"2013-11-08","2013-11-08 00:00","11728.6787456446","11794.202090592335","11712.297909407665","11753.25","14320","14350","553710"
"2013-11-11","2013-11-11 00:00","11933.436483139185","11949.817315648641","11859.72273684663","11908.865234375","14570","14540","501762"
"2013-11-12","2013-11-12 00:00","11925.246475168351","12170.958971222644","11925.246475168351","12162.7685546875","14560","14850","921250"
"2013-11-13","2013-11-13 00:00","12121.816472011786","12187.33980429293","12097.245222406356","12162.7685546875","14800","14850","627906"
"2013-11-14","2013-11-14 00:00","12244.675036741955","12498.57799737005","12228.294200572402","12408.4833984375","14950","15150","2022252"
"2013-11-15","2013-11-15 00:00","12564.101698940816","12695.14839201973","12514.959189036223","12662.38671875","15340","15460","1563935"
"2013-11-18","2013-11-18 00:00","12727.910065289458","12752.481320241754","12605.053790527976","12662.38671875","15540","15460","1170143"
"2013-11-19","2013-11-19 00:00","12621.433605782871","12662.385694056014","12531.339011581955","12629.6240234375","15410","15420","753779"
"2013-11-20","2013-11-20 00:00","12662.385633539363","12703.337721616786","12580.481457384516","12588.671875","15460","15370","548282"
"2013-11-21","2013-11-21 00:00","12670.575444594568","12842.574206285897","12654.194610147775","12834.3837890625","15470","15670","1463393"
"2013-11-22","2013-11-22 00:00","12965.4314631248","13006.383552395568","12777.051852479273","12842.5751953125","15830","15680","1352689"
"2013-11-25","2013-11-25 00:00","12965.430774477858","13047.334948669126","12908.09785254397","13039.14453125","15830","15920","1021849"
"2013-11-26","2013-11-26 00:00","12940.859412014372","13006.382750809382","12908.097742616867","12965.4306640625","15800","15830","650620"
"2013-11-27","2013-11-27 00:00","12875.336949404762","12957.241128472222","12867.146531498016","12899.908203125","15720","15750","478237"
"2013-11-28","2013-11-28 00:00","13039.144653167916","13121.048828125","13030.954235672207","13121.048828125","15920","16020","991199"
"2013-11-29","2013-11-29 00:00","13063.716796875","13129.240141310736","12940.860526057993","13063.716796875","15950","15950","806242"
"2013-12-02","2013-12-02 00:00","13063.716796875","13104.668887147336","12998.193452439264","13063.716796875","15950","15950","579514"
"2013-12-03","2013-12-03 00:00","13145.62109375","13186.573184384735","13071.907330607475","13145.62109375","16050","16050","821027"
"2013-12-04","2013-12-04 00:00","12924.478441078245","13006.38261370865","12785.241347606552","12875.3359375","15780","15720","1703889"
"2013-12-05","2013-12-05 00:00","12826.193119495394","12883.526038931197","12629.623110001212","12670.5751953125","15660","15470","952581"
"2013-12-06","2013-12-06 00:00","12613.243390194035","12801.622999268362","12605.052972408195","12768.861328125","15400","15590","854377"
"2013-12-09","2013-12-09 00:00","13022.76372088692","13055.525390625","12981.81163371432","13055.525390625","15900","15940","1003347"
"2013-12-10","2013-12-10 00:00","13039.14548447327","13047.335902491157","12981.812558348074","13022.7646484375","15920","15900","472185"
"2013-12-11","2013-12-11 00:00","12932.670931771492","12990.003861804678","12834.385908857459","12957.2421875","15790","15820","631626"
"2013-12-12","2013-12-12 00:00","12809.8134765625","12834.384730034168","12727.90929832361","12809.8134765625","15640","15640","884243"
"2013-12-13","2013-12-13 00:00","12908.097606552163","12973.620944656488","12727.908426765267","12875.3359375","15760","15720","1072275"
"2013-12-16","2013-12-16 00:00","12867.147165124394","12867.147165124394","12637.815452442355","12654.1962890625","15710","15450","1391827"
"2013-12-17","2013-12-17 00:00","12760.670886520553","12793.43255760276","12727.909215438343","12752.48046875","15580","15570","371201"
"2013-12-18","2013-12-18 00:00","12727.909554056982","13014.57418365286","12727.909554056982","12990.0029296875","15540","15860","1036256"
"2013-12-19","2013-12-19 00:00","13211.145529581076","13268.47846120356","13178.383854368227","13227.5263671875","16130","16150","2174381"
"2013-12-20","2013-12-20 00:00","13145.621231447123","13243.90625","13129.240395021645","13243.90625","16050","16170","1183055"
"2013-12-24","2013-12-24 00:00","13325.808479676876","13374.950981753129","13227.523475524375","13252.0947265625","16270","16180","1213187"
"2013-12-25","2013-12-25 00:00","13219.333234001608","13366.7607421875","13219.333234001608","13366.7607421875","16140","16320","607020"
"2013-12-26","2013-12-26 00:00","13424.094845005497","13514.189441280701","13415.904427162295","13505.9990234375","16390","16490","843997"
"2013-12-27","2013-12-27 00:00","13522.380859375","13546.952114722139","13407.715001088356","13522.380859375","16510","16510","698823"
"2013-12-30","2013-12-30 00:00","13587.904330367217","13637.046841507785","13506.000145132935","13612.4755859375","16590","16620","1149884"
"2014-01-06","2014-01-06 00:00","13448.664786191815","13481.426454367678","13243.90436009267","13284.8564453125","16420","16220","2224096"
"2014-01-07","2014-01-07 00:00","13211.143566788647","13317.618995411245","13170.191478856877","13219.333984375","16130","16140","810894"
"2014-01-08","2014-01-08 00:00","13325.80977227798","13465.046875","13293.04810104927","13465.046875","16270","16440","564999"
"2014-01-09","2014-01-09 00:00","13350.378773630402","13358.569190055941","13227.5225272473","13268.474609375","16300","16200","1059178"
"2014-01-10","2014-01-10 00:00","13235.714927988292","13309.428686869416","13162.00116910717","13293.0478515625","16160","16230","1111422"
"2014-01-14","2014-01-14 00:00","12981.81137443877","13022.763460793467","12850.764698103741","12883.5263671875","15850","15730","2241544"
"2014-01-15","2014-01-15 00:00","13104.669072004965","13194.763671875","13063.71698115495","13194.763671875","16000","16110","663793"
"2014-01-16","2014-01-16 00:00","13227.523348224699","13317.617934497435","13129.238345018075","13170.1904296875","16150","16080","603249"
"2014-01-17","2014-01-17 00:00","13088.28816686137","13186.573184384735","13047.336076226635","13145.62109375","15980","16050","347985"
"2014-01-20","2014-01-20 00:00","13129.239172149122","13137.429589598996","13006.382910401002","13071.90625","16030","15960","510982"
"2014-01-21","2014-01-21 00:00","13121.04990834497","13284.858271745034","13121.04990834497","13194.763671875","16020","16110","411534"
"2014-01-22","2014-01-22 00:00","13153.81064368417","13260.28607230677","13063.71605023428","13219.333984375","16060","16140","584734"
"2014-01-23","2014-01-23 00:00","13284.85717803917","13333.99968301342","13104.667993133584","13121.048828125","16220","16020","646768"
"2014-01-24","2014-01-24 00:00","12916.28895599988","12940.860209562341","12760.671016770966","12842.5751953125","15770","15680","1699650"
"2014-01-27","2014-01-27 00:00","12506.768589154413","12596.863189338235","12465.816498161765","12531.33984375","15270","15300","1422820"
"2014-01-28","2014-01-28 00:00","12555.911121338528","12613.244048833225","12498.578193843832","12547.720703125","15330","15320","546055"
"2014-01-29","2014-01-29 00:00","12703.337113488155","12850.764623509293","12695.146696264757","12834.3837890625","15510","15670","565561"
"2014-01-30","2014-01-30 00:00","12555.91013201135","12564.100549579523","12408.48261578421","12539.529296875","15330","15310","1076824"
"2014-01-31","2014-01-31 00:00","12654.194014699835","12662.384431537828","12334.767758018092","12449.43359375","15450","15200","884827"
"2014-02-03","2014-02-03 00:00","12342.96077059421","12408.48411907779","12211.914073627051","12220.1044921875","15070","14920","863721"
"2014-02-04","2014-02-04 00:00","11884.295665208187","11958.009421918645","11712.296899550454","11728.677734375","14510","14320","1943800"
"2014-02-05","2014-02-05 00:00","11933.439338394091","11949.82017482291","11687.726791961817","11851.53515625","14570","14470","995894"
"2014-02-06","2014-02-06 00:00","11900.67664825355","11949.81915333925","11826.962890625","11826.962890625","14530","14440","491238"
"2014-02-07","2014-02-07 00:00","12031.724688108698","12089.0576171875","11998.963014349381","12089.0576171875","14690","14760","577394"
"2014-02-10","2014-02-10 00:00","12269.247103493504","12302.008778002166","12170.962079967521","12293.818359375","14980","15010","651142"
"2014-02-12","2014-02-12 00:00","12408.48331684143","12424.864152903267","12334.769554563163","12351.150390625","15150","15080","829893"
"2014-02-13","2014-02-13 00:00","12342.95967646346","12342.95967646346","12089.056723596594","12146.3896484375","15070","14830","731264"
"2014-02-14","2014-02-14 00:00","12146.388379575128","12261.054217278466","11892.48545323202","11958.0087890625","14830","14600","775442"
"2014-02-17","2014-02-17 00:00","11982.581090659107","12048.104432234823","11851.534407507674","12007.15234375","14630","14660","728036"
"2014-02-18","2014-02-18 00:00","12113.628324701545","12449.435465548579","12072.676234354345","12392.1025390625","14790","15130","962293"
"2014-02-19","2014-02-19 00:00","12277.434673995313","12367.529257993945","12252.863423813867","12342.9580078125","14990","15070","349190"
"2014-02-20","2014-02-20 00:00","12269.24580753901","12310.19789634922","12048.104527963875","12072.67578125","14980","14740","672793"
"2014-02-21","2014-02-21 00:00","12195.532528233292","12441.24507077661","12195.532528233292","12408.4833984375","14890","15150","844765"
"2014-02-24","2014-02-24 00:00","12351.149463148975","12514.9578114666","12244.674036742517","12383.9111328125","15080","15120","780269"
"2014-02-25","2014-02-25 00:00","12498.578216672098","12605.053653642437","12482.197380215122","12564.1015625","15260","15340","846849"
"2014-02-26","2014-02-26 00:00","12449.43466745746","12605.05260080068","12441.244249913081","12514.9580078125","15200","15280","622982"
"2014-02-27","2014-02-27 00:00","12465.815441870485","12547.719616915627","12400.292101834373","12474.005859375","15220","15230","345833"
"2014-02-28","2014-02-28 00:00","12465.81632503094","12490.387579285272","12310.198381420174","12408.4833984375","15220","15150","505995"
"2014-03-03","2014-03-03 00:00","12244.675759010799","12269.247014714501","12072.676969084896","12228.294921875","14950","14930","710590"
"2014-03-04","2014-03-04 00:00","12146.390824086027","12318.389615256496","12138.200405458861","12293.818359375","14830","15010","465250"
"2014-03-05","2014-03-05 00:00","12465.814453125","12531.337787964028","12449.433619415244","12465.814453125","15220","15220","385070"
"2014-03-06","2014-03-06 00:00","12482.196529408193","12703.337806504007","12424.863605716686","12646.0048828125","15240","15440","739077"
"2014-03-07","2014-03-07 00:00","12768.860339026394","12793.431590480583","12654.19449890685","12760.669921875","15590","15580","636879"
"2014-03-10","2014-03-10 00:00","12695.147376761988","12760.670718061405","12605.052782475292","12637.814453125","15500","15430","375583"
"2014-03-11","2014-03-11 00:00","12686.957090949765","12744.290015182592","12637.814584464486","12727.9091796875","15490","15540","358910"
"2014-03-12","2014-03-12 00:00","12531.33966970916","12547.720505878713","12392.102562267946","12408.4833984375","15300","15150","856546"
"2014-03-13","2014-03-13 00:00","12408.48337520138","12465.816301687459","12359.34086678474","12392.1025390625","15150","15130","349357"
"2014-03-14","2014-03-14 00:00","12097.245916193182","12105.436333198051","11933.43757609578","11982.580078125","14770","14630","1054198"
"2014-03-17","2014-03-17 00:00","11933.438500658629","12015.342677052991","11884.29599482201","11949.8193359375","14570","14590","876799"
"2014-03-18","2014-03-18 00:00","12146.388545909707","12162.76938009165","12039.913123727087","12064.484375","14830","14730","405550"
"2014-03-19","2014-03-19 00:00","12121.819290946816","12261.056404423907","11949.820503710407","12089.0576171875","14800","14760","585506"
"2014-03-20","2014-03-20 00:00","12162.771165333304","12162.771165333304","11876.106525072924","11933.439453125","14850","14570","781632"
"2014-03-24","2014-03-24 00:00","11925.249270551421","12130.009731927648","11925.249270551421","12105.4384765625","14560","14780","583685"
"2014-03-25","2014-03-25 00:00","12007.153387981913","12146.390500939411","11958.010877526325","12056.2958984375","14660","14720","301546"
"2014-03-26","2014-03-26 00:00","12113.628872506986","12170.961801585789","12031.724688108698","12089.0576171875","14790","14760","291263"
"2014-03-27","2014-03-27 00:00","11998.961406613855","12342.958934994595","11974.39015458666","12310.197265625","14650","15030","766349"
"2014-03-28","2014-03-28 00:00","12244.674979304637","12383.912086092716","12220.103725165563","12367.53125","14950","15100","357729"
"2014-03-31","2014-03-31 00:00","12482.197230954143","12490.38764908469","12383.912213387575","12457.6259765625","15240","15210","480896"
"2014-04-01","2014-04-01 00:00","12474.005810514731","12506.76748040446","12408.48247073527","12441.244140625","15230","15190","337162"
"2014-04-02","2014-04-02 00:00","12523.148510026465","12686.95686202158","12523.148510026465","12572.291015625","15290","15350","768454"
"2014-04-03","2014-04-03 00:00","12629.623110001212","12768.860200059591","12605.05185881444","12670.5751953125","15420","15470","858051"
"2014-04-04","2014-04-04 00:00","12613.242288436693","12703.33687621124","12613.242288436693","12678.765625","15400","15480","375929"
"2014-04-07","2014-04-07 00:00","12506.768485345785","12539.530157867974","12433.054722170858","12457.6259765625","15270","15210","568843"
"2014-04-08","2014-04-08 00:00","12392.101439048985","12408.482273733782","12285.626013597805","12310.197265625","15130","15030","480177"
"2014-04-09","2014-04-09 00:00","12162.77133775794","12211.913848213528","12023.534224800442","12056.2958984375","14850","14720","1289902"
"2014-04-10","2014-04-10 00:00","12203.723429804262","12220.104266622791","11982.582132754118","12056.2958984375","14900","14720","705894"
"2014-04-11","2014-04-11 00:00","11720.48734146182","11810.581933185145","11679.535254314853","11745.05859375","14310","14340","1514289"
"2014-04-14","2014-04-14 00:00","11679.535229901361","11794.201073673185","11679.535229901361","11728.677734375","14260","14320","495009"
"2014-04-15","2014-04-15 00:00","11859.72451171875","11876.105346679688","11753.249084472656","11794.201171875","14480","14400","493105"
"2014-04-16","2014-04-16 00:00","11925.248331925677","12121.818359375","11908.8674963049","12121.818359375","14560","14800","627464"
"2014-04-17","2014-04-17 00:00","12113.6289398564","12203.723543195427","12072.676847429571","12138.2001953125","14790","14820","455854"
"2014-04-18","2014-04-18 00:00","12187.340845218121","12228.292931391568","12154.579176279363","12203.7216796875","14880","14900","272071"
"2014-04-21","2014-04-21 00:00","12228.292931391568","12326.577938207844","12203.7216796875","12203.7216796875","14930","14900","425733"
"2014-04-22","2014-04-22 00:00","12269.246834271327","12285.627671166216","12097.248046875","12097.248046875","14980","14770","338184"
"2014-04-23","2014-04-23 00:00","12195.532297110158","12244.6748046875","12162.770625391931","12244.6748046875","14890","14950","313654"
"2014-04-24","2014-04-24 00:00","12244.674638520213","12252.865056338622","12089.056699970459","12130.0087890625","14950","14810","269271"
"2014-04-25","2014-04-25 00:00","12089.054805871212","12252.863136574075","12048.102723195498","12162.7685546875","14760","14850","482973"
"2014-04-28","2014-04-28 00:00","12015.3427854117","12056.294873978202","11958.009861418597","12023.533203125","14670","14680","322499"
"2014-04-30","2014-04-30 00:00","12138.199051111205","12138.199051111205","12007.1523676984","12023.533203125","14820","14680","323994"
"2014-05-01","2014-05-01 00:00","12064.48552876134","12187.341796875","12064.48552876134","12187.341796875","14730","14880","372540"
"2014-05-02","2014-05-02 00:00","12154.578138152357","12179.149387757787","12121.816472011786","12162.7685546875","14840","14850","206183"
"2014-05-07","2014-05-07 00:00","12015.342505812068","12023.532923334775","11826.962902789792","11835.1533203125","14670","14450","1189800"
"2014-05-08","2014-05-08 00:00","11917.05567747682","11998.95984020862","11867.91317983774","11925.24609375","14550","14560","376329"
"2014-05-09","2014-05-09 00:00","11876.1046192744","12015.34170791417","11859.72378531678","11958.0087890625","14500","14600","418113"
"2014-05-12","2014-05-12 00:00","11941.626899393914","11982.578980667555","11892.484401865544","11908.865234375","14580","14540","236519"
"2014-05-13","2014-05-13 00:00","12097.24810288567","12170.961869253964","12097.24810288567","12138.2001953125","14770","14820","632819"
"2014-05-14","2014-05-14 00:00","12113.627953425683","12138.199206880909","12072.675864333643","12130.0087890625","14790","14810","303302"
"2014-05-15","2014-05-15 00:00","12015.3427854117","12048.1044562649","11941.629025991995","12023.533203125","14670","14680","332319"
"2014-05-16","2014-05-16 00:00","11859.72463362069","11876.10546875","11794.201293103448","11876.10546875","14480","14500","744611"
"2014-05-19","2014-05-19 00:00","11908.867028918721","11925.2478638966","11777.82034909568","11802.3916015625","14540","14410","452312"
"2014-05-20","2014-05-20 00:00","11867.914024004798","11908.866108283628","11818.771522870204","11843.3427734375","14490","14460","248875"
"2014-05-21","2014-05-21 00:00","11769.629968025018","11835.153308139284","11753.24913299645","11826.962890625","14370","14440","465507"
"2014-05-22","2014-05-22 00:00","11933.437701544466","12097.246043363883","11900.676033180584","12064.484375","14570","14730","843578"
"2014-05-23","2014-05-23 00:00","12105.435638941499","12220.101470433503","12105.435638941499","12162.7685546875","14780","14850","643244"
"2014-05-26","2014-05-26 00:00","12261.054699886306","12285.625951789887","12220.10261338034","12269.2451171875","14970","14980","458490"
"2014-05-27","2014-05-27 00:00","12269.245178913006","12400.291856391383","12269.245178913006","12310.197265625","14980","15030","863721"
"2014-05-28","2014-05-28 00:00","12310.198300470407","12383.912062748674","12285.627046377653","12351.150390625","15030","15080","368194"
"2014-05-29","2014-05-29 00:00","12277.436628346733","12383.912062748674","12261.055792284897","12351.150390625","14990","15080","415686"
"2014-05-30","2014-05-30 00:00","12375.720604364187","12408.482273733782","12269.245178913006","12310.197265625","15110","15030","461197"
"2014-06-02","2014-06-02 00:00","12441.2443100742","12596.862244169928","12424.86347490623","12555.91015625","15190","15330","790853"
"2014-06-03","2014-06-03 00:00","12670.576135823147","12695.147388833791","12637.814465142284","12646.0048828125","15470","15440","927596"
"2014-06-04","2014-06-04 00:00","12695.14839201973","12695.14839201973","12605.053790527976","12662.38671875","15500","15460","569001"
"2014-06-05","2014-06-05 00:00","12711.527318548387","12744.288986895162","12629.623147681452","12695.146484375","15520","15500","588161"
"2014-06-06","2014-06-06 00:00","12719.717710352068","12736.098544492896","12654.19437378876","12678.765625","15530","15480","592321"
"2014-06-09","2014-06-09 00:00","12777.051674179009","12801.622927398583","12719.71875","12719.71875","15600","15530","564599"
"2014-06-10","2014-06-10 00:00","12727.90801276194","12777.050514741715","12588.670923819242","12605.0517578125","15540","15390","651843"
"2014-06-11","2014-06-11 00:00","12613.242288436693","12686.956042070415","12613.242288436693","12678.765625","15400","15480","333923"
"2014-06-12","2014-06-12 00:00","12572.290077159867","12613.242162101755","12498.576324264466","12596.861328125","15350","15380","517300"
"2014-06-13","2014-06-13 00:00","12490.386057207663","12727.908152721775","12465.81480594758","12695.146484375","15250","15500","598807"
"2014-06-16","2014-06-16 00:00","12662.385621388754","12670.576038996378","12506.767686843872","12580.4814453125","15460","15360","455136"
"2014-06-17","2014-06-17 00:00","12596.861328125","12637.81341306689","12580.480494148245","12596.861328125","15380","15380","187740"
"2014-06-18","2014-06-18 00:00","12621.433748969393","12744.290015182592","12621.433748969393","12727.9091796875","15410","15540","337733"
"2014-06-19","2014-06-19 00:00","12744.291260693917","12932.670887298005","12736.100842145914","12924.48046875","15560","15780","1092570"
"2014-06-20","2014-06-20 00:00","12899.908203125","12973.621964285714","12875.336949404762","12899.908203125","15750","15750","566507"
"2014-06-23","2014-06-23 00:00","12965.428656512231","12998.190320836962","12899.905327862769","12932.6669921875","15830","15790","870228"
"2014-06-24","2014-06-24 00:00","12883.524495700405","12981.809488674597","12834.381999213309","12932.6669921875","15730","15790","576890"
"2014-06-25","2014-06-25 00:00","12867.14644887496","12916.28895599988","12842.5751953125","12842.5751953125","15710","15680","457185"
"2014-06-26","2014-06-26 00:00","12908.099587039389","12916.290005559085","12858.957075921218","12891.71875","15760","15740","269332"
"2014-06-27","2014-06-27 00:00","12883.527104797167","12883.527104797167","12654.195408081134","12719.71875","15730","15530","791117"
"2014-06-30","2014-06-30 00:00","12760.669921875","12785.241173329186","12670.575333209643","12760.669921875","15580","15580","332433"
"2014-07-01","2014-07-01 00:00","12785.242352430556","12957.241128472222","12752.48068080357","12899.908203125","15610","15750","495140"
"2014-07-02","2014-07-02 00:00","12965.428656512231","12998.190320836962","12924.476576106317","12932.6669921875","15830","15790","524266"
"2014-07-03","2014-07-03 00:00","12973.619072593414","12981.809488674597","12899.905327862769","12932.6669921875","15840","15790","475118"
"2014-07-04","2014-07-04 00:00","12899.906171576242","12908.096588193117","12818.002005407505","12850.763671875","15750","15690","617991"
"2014-07-07","2014-07-07 00:00","12842.575124039693","12875.336795274487","12793.4326171875","12793.4326171875","15680","15620","213628"
"2014-07-08","2014-07-08 00:00","12892.155825735059","12975.11693143477","12825.78694117529","12908.748046875","15540","15560","738973"
"2014-07-09","2014-07-09 00:00","12792.601950862694","12892.1552734375","12792.601950862694","12892.1552734375","15420","15540","292333"
"2014-07-10","2014-07-10 00:00","12892.157743566177","12917.046078978467","12817.492737329307","12834.0849609375","15540","15470","167321"
"2014-07-11","2014-07-11 00:00","12734.529214437905","12809.194206574675","12717.936993963069","12776.009765625","15350","15400","270487"
"2014-07-14","2014-07-14 00:00","12792.601950862694","12917.043604081202","12792.601950862694","12892.1552734375","15420","15540","147390"
"2014-07-15","2014-07-15 00:00","12925.340734714891","13000.005732540587","12925.340734714891","12966.8212890625","15580","15630","320273"
"2014-07-16","2014-07-16 00:00","12941.933381045805","12991.71004789598","12933.63726990411","12950.2294921875","15600","15610","162956"
"2014-07-17","2014-07-17 00:00","12991.71026141827","13024.89470653045","12925.34137119391","12941.93359375","15660","15600","263336"
"2014-07-18","2014-07-18 00:00","12776.0116302589","12817.4921875","12726.23496156958","12817.4921875","15400","15450","501796"
"2014-07-22","2014-07-22 00:00","12875.563604595116","12958.524710294827","12867.267494025145","12908.748046875","15520","15560","479833"
"2014-07-23","2014-07-23 00:00","12933.636378584913","12950.228599724856","12892.155825735059","12908.748046875","15590","15560","123437"
"2014-07-24","2014-07-24 00:00","12917.043474042339","12950.227914566532","12825.786262600806","12858.970703125","15570","15500","272998"
"2014-07-25","2014-07-25 00:00","12925.339469058716","13016.5966796875","12917.043359001553","13016.5966796875","15580","15690","383750"
"2014-07-28","2014-07-28 00:00","12983.413466778298","13099.559018557784","12983.413466778298","13082.966796875","15650","15770","677083"
"2014-07-29","2014-07-29 00:00","13107.85398698409","13165.9267578125","13099.557876865745","13165.9267578125","15800","15870","667498"
"2014-07-30","2014-07-30 00:00","13174.222867930845","13199.111198285878","13124.446207220779","13165.9267578125","15880","15870","431733"
"2014-07-31","2014-07-31 00:00","13265.481491522081","13273.777602523658","13149.3359375","13149.3359375","15990","15850","800670"
"2014-08-01","2014-08-01 00:00","13041.486242668041","13141.039572764745","13041.486242668041","13082.966796875","15720","15770","541126"
"2014-08-04","2014-08-04 00:00","13033.189665231888","13082.966328498209","13000.00522305434","13024.8935546875","15710","15700","383824"
"2014-08-05","2014-08-05 00:00","13058.079797135917","13058.079797135917","12892.157563373072","12917.0458984375","15740","15570","454858"
"2014-08-06","2014-08-06 00:00","12858.97163722826","12858.97163722826","12734.529976222826","12784.306640625","15500","15410","726212"
"2014-08-07","2014-08-07 00:00","12759.41995470063","12842.381072741597","12684.75494846376","12834.0849609375","15380","15470","529455"
"2014-08-08","2014-08-08 00:00","12668.160787990297","12693.049119597352","12427.573582455445","12452.4619140625","15270","15010","1638036"
"2014-08-11","2014-08-11 00:00","12701.344855710504","12767.713738039494","12610.087642508142","12734.529296875","15310","15350","777514"
"2014-08-12","2014-08-12 00:00","12759.417545150161","12834.082537286931","12742.825324675325","12776.009765625","15380","15400","344738"
"2014-08-13","2014-08-13 00:00","12742.82718446602","12834.084410396441","12717.93885012136","12817.4921875","15360","15450","186457"
"2014-08-14","2014-08-14 00:00","12867.268129602986","12917.044795481528","12858.97201862323","12883.8603515625","15510","15530","355054"
"2014-08-15","2014-08-15 00:00","12883.860902331191","12908.749236334406","12858.972568327976","12900.453125","15530","15550","413305"
"2014-08-18","2014-08-18 00:00","12925.341459003215","12933.637570337622","12883.860902331191","12900.453125","15580","15550","283953"
"2014-08-19","2014-08-19 00:00","13008.300569630337","13033.188899801824","12983.41223945885","13016.5966796875","15680","15690","348464"
"2014-08-20","2014-08-20 00:00","13041.485222018495","13049.78133221062","12991.708560865753","13008.30078125","15720","15680","467915"
"2014-08-21","2014-08-21 00:00","13066.372755944616","13141.037743121442","13066.372755944616","13116.1494140625","15750","15810","883130"
"2014-08-22","2014-08-22 00:00","13149.337432049073","13157.633543993583","13074.672424548478","13091.2646484375","15850","15780","681523"
"2014-08-25","2014-08-25 00:00","13132.74490387271","13157.633239129576","13091.264345111269","13141.041015625","15830","15840","390804"
"2014-08-26","2014-08-26 00:00","13132.742907366071","13141.039017857143","13066.3740234375","13066.3740234375","15830","15750","425345"
"2014-08-27","2014-08-27 00:00","13091.262907716393","13132.743461923352","13033.19013182665","13082.966796875","15780","15770","342853"
"2014-08-28","2014-08-28 00:00","13041.485775776275","13041.485775776275","12991.709112509952","13024.8935546875","15720","15700","386746"
"2014-08-29","2014-08-29 00:00","12983.411686841895","13008.300015954052","12933.63502861758","13000.00390625","15650","15670","500457"
"2014-09-01","2014-09-01 00:00","13016.597995437738","13041.486328125","13008.301884541985","13041.486328125","15690","15720","152896"
"2014-09-02","2014-09-02 00:00","13082.966963934748","13257.185293828617","13066.374742040094","13190.81640625","15770","15900","884522"
"2014-09-03","2014-09-03 00:00","13282.073114384393","13331.849778148482","13240.592561247653","13248.888671875","16010","15970","1026467"
"2014-09-04","2014-09-04 00:00","13232.296535166064","13257.184867207128","13190.81598176429","13207.408203125","15950","15920","248699"
"2014-09-05","2014-09-05 00:00","13306.96174526634","13315.257856080098","13174.223972246227","13199.1123046875","16040","15910","304748"
"2014-09-08","2014-09-08 00:00","13248.891480794882","13257.187593181105","13190.818694091337","13215.70703125","15970","15930","217438"
"2014-09-09","2014-09-09 00:00","13306.962000175892","13315.25811114857","13248.889223367143","13265.4814453125","16040","15990","269039"
"2014-09-10","2014-09-10 00:00","13199.112683006471","13306.962126676543","13190.816571954927","13298.666015625","15910","16030","268919"
"2014-09-11","2014-09-11 00:00","13373.328679232498","13414.809227245005","13348.440350424993","13389.9208984375","16120","16140","832806"
"2014-09-12","2014-09-12 00:00","13423.10546875","13464.586017170117","13323.552152541719","13423.10546875","16180","16180","1008555"
"2014-09-16","2014-09-16 00:00","13406.514860681114","13423.107082043343","13365.034307275542","13398.21875","16160","16150","427341"
"2014-09-17","2014-09-17 00:00","13439.699729734966","13447.995840679247","13381.626953125","13381.626953125","16200","16130","252172"
"2014-09-18","2014-09-18 00:00","13489.476264504827","13564.141262278838","13472.884042777268","13539.2529296875","16260","16320","1193877"
"2014-09-19","2014-09-19 00:00","13622.21382472826","13779.839928668478","13613.917713994564","13738.359375","16420","16560","1518643"
"2014-09-22","2014-09-22 00:00","13688.582880847509","13721.767324195018","13605.621772478737","13655.3984375","16500","16460","380511"
"2014-09-24","2014-09-24 00:00","13539.25275959196","13655.398310225715","13539.25275959196","13622.2138671875","16320","16420","437619"
"2014-09-25","2014-09-25 00:00","13754.95151170229","13779.83984375","13730.063179654577","13779.83984375","16580","16610","531374"
"2014-09-26","2014-09-26 00:00","13630.51027185993","13771.544157813441","13622.214160921489","13763.248046875","16430","16590","508720"
"2014-09-29","2014-09-29 00:00","13829.615869962252","13846.208090562086","13779.839208162748","13804.7275390625","16670","16640","539901"
"2014-09-30","2014-09-30 00:00","13746.656551072267","13754.952662448895","13597.326546292967","13696.8798828125","16570","16510","721634"
"2014-10-01","2014-10-01 00:00","13688.58275326393","13746.655528580808","13622.2138671875","13622.2138671875","16500","16420","636488"
"2014-10-02","2014-10-02 00:00","13472.88357326779","13497.771904991809","13257.184698326311","13290.369140625","16240","16020","1638036"
"2014-10-03","2014-10-03 00:00","13232.295944708541","13315.257047810162","13190.81539315773","13306.9609375","15950","16040","1002327"
"2014-10-06","2014-10-06 00:00","13456.29177978666","13530.956777331716","13389.922893079944","13464.587890625","16220","16230","758467"
"2014-10-07","2014-10-07 00:00","13398.219175013563","13481.18028445637","13348.442509347877","13381.626953125","16150","16130","618354"
"2014-10-08","2014-10-08 00:00","13190.81555834379","13257.18444165621","13149.335006273526","13224","15900","15940","669670"
"2014-10-09","2014-10-09 00:00","13273.778247471555","13331.851027304243","13107.85601937816","13124.4482421875","16000","15820","642742"
"2014-10-10","2014-10-10 00:00","12966.820100828205","13008.300651374679","12908.747330063139","12975.1162109375","15630","15640","946641"
"2014-10-14","2014-10-14 00:00","12668.161684005068","12800.899461964518","12651.569461760137","12684.75390625","15270","15290","989467"
"2014-10-15","2014-10-15 00:00","12726.233315312296","12784.30608793758","12634.97610118685","12767.7138671875","15340","15390","884492"
"2014-10-16","2014-10-16 00:00","12460.756966923971","12543.718065239045","12427.572527597942","12493.94140625","15020","15060","1943368"
"2014-10-17","2014-10-17 00:00","12527.129149404862","12568.609709502229","12311.430236898554","12328.0224609375","15100","14860","1599713"
"2014-10-20","2014-10-20 00:00","12634.977192234082","12800.8994140625","12618.38497005124","12800.8994140625","15230","15430","1033084"
"2014-10-21","2014-10-21 00:00","12800.89994462058","12800.89994462058","12502.239932950884","12552.0166015625","15430","15130","1338068"
"2014-10-22","2014-10-22 00:00","12767.71349168347","12875.562923387097","12709.64072076613","12858.970703125","15390","15500","571808"
"2014-10-23","2014-10-23 00:00","12800.900513721113","12908.74996717437","12751.123842896533","12834.0849609375","15430","15470","699006"
"2014-10-24","2014-10-24 00:00","13024.894278669173","13024.894278669173","12900.452613586347","12958.525390625","15700","15620","683307"
"2014-10-27","2014-10-27 00:00","13049.78069613801","13066.372915713519","12983.411817835973","13033.1884765625","15730","15710","555667"
"2014-10-28","2014-10-28 00:00","12991.70843115609","13024.892871593269","12925.33955028173","12975.1162109375","15660","15640","549043"
"2014-10-29","2014-10-29 00:00","13049.78121615568","13207.407308404223","13041.485106037335","13165.9267578125","15730","15870","893654"
"2014-10-30","2014-10-30 00:00","13223.999705810547","13298.664697875976","13199.111375122071","13273.7763671875","15940","16000","591767"
"2014-10-31","2014-10-31 00:00","13398.219121829237","13987.242996535042","13398.219121829237","13879.3935546875","16150","16730","3844904"
"2014-11-04","2014-11-04 00:00","14211.238743981648","14501.6026412609","14178.054298578307","14269.3115234375","17130","17200","2991095"
"2014-11-05","2014-11-05 00:00","14202.942247978046","14393.75280387962","14202.942247978046","14360.568359375","17120","17310","1459153"
"2014-11-06","2014-11-06 00:00","14402.047417091837","14451.824078671647","14161.460219456087","14227.8291015625","17360","17150","1366373"
"2014-11-07","2014-11-07 00:00","14352.27003455093","14360.56614439749","14252.716716392193","14294.197265625","17300","17230","579586"
"2014-11-10","2014-11-10 00:00","14186.34994800788","14252.718836653532","14153.165503685055","14211.23828125","17100","17130","339940"
"2014-11-11","2014-11-11 00:00","14285.902139041023","14534.78545156787","14269.3099182059","14485.0087890625","17220","17460","1252019"
"2014-11-12","2014-11-12 00:00","14609.45278836924","14783.671135078925","14534.787782636518","14584.564453125","17610","17580","1936628"
"2014-11-13","2014-11-13 00:00","14551.378352772887","14742.188901298414","14493.305577134683","14725.596679687498","17540","17750","856721"
"2014-11-14","2014-11-14 00:00","14783.672209821429","14825.152771577381","14650.934412202381","14808.560546875","17820","17850","864264"
"2014-11-17","2014-11-17 00:00","14725.59659577296","14750.484928047506","14302.49494710568","14385.4560546875","17750","17340","1849805"
"2014-11-18","2014-11-18 00:00","14567.968511787127","14700.706265880859","14559.672402156268","14692.410156250002","17560","17710","795464"
"2014-11-19","2014-11-19 00:00","14709.003435664106","14800.260648180918","14634.338443604898","14650.9306640625","17730","17660","601261"
"2014-11-20","2014-11-20 00:00","14750.484756340196","14750.484756340196","14626.043096416066","14659.2275390625","17780","17670","390090"
"2014-11-21","2014-11-21 00:00","14626.043772362345","14725.597104902532","14485.009884597082","14709.0048828125","17630","17730","781065"
"2014-11-25","2014-11-25 00:00","14808.555399176104","14816.851508643429","14700.705976100871","14742.1865234375","17850","17770","500369"
"2014-11-26","2014-11-26 00:00","14692.409866633547","14767.074851839476","14675.817647698896","14742.1865234375","17710","17770","360203"
"2014-11-27","2014-11-27 00:00","14667.521986797274","14692.410315960391","14576.264779865844","14609.44921875","17680","17610","346091"
"2014-11-28","2014-11-28 00:00","14667.523608576641","14800.261378790005","14667.523608576641","14775.373046875","17680","17810","695639"
"2014-12-01","2014-12-01 00:00","14783.668906163","14949.591116108713","14775.372795665715","14899.814453125","17820","17960","820210"
"2014-12-02","2014-12-02 00:00","14791.967411627322","14982.777983959026","14791.967411627322","14957.8896484375","17830","18030","459942"
"2014-12-03","2014-12-03 00:00","15049.142656940989","15148.695971099363","14991.069890348603","15007.662109375","18140","18090","747267"
"2014-12-04","2014-12-04 00:00","15148.697477525684","15181.881918878424","15090.624705158389","15140.4013671875","18260","18250","463661"
"2014-12-05","2014-12-05 00:00","15098.921704234974","15181.882812500002","15049.145039275958","15181.882812500002","18200","18300","452459"
"2014-12-08","2014-12-08 00:00","15231.659477459018","15273.14003159153","15132.106147540984","15181.882812500002","18360","18300","714107"
"2014-12-09","2014-12-09 00:00","15057.439030682443","15156.992346587782","15049.142921023666","15074.03125","18150","18170","723864"
"2014-12-10","2014-12-10 00:00","14908.110259340747","14941.29470065258","14659.226949502003","14758.7802734375","17970","17790","1235777"
"2014-12-11","2014-12-11 00:00","14534.786511479593","14642.635954772535","14435.233179209185","14634.33984375","17520","17640","759705"
"2014-12-12","2014-12-12 00:00","14667.521748310812","14850.036159206082","14642.633419552365","14733.890625","17680","17760","544234"
"2014-12-15","2014-12-15 00:00","14476.712466907555","14626.042452239553","14426.935805130222","14493.3046875","17450","17470","1068376"
"2014-12-16","2014-12-16 00:00","14277.606059601741","14310.790501343989","14153.164403068315","14178.052734375","17210","17090","1403061"
"2014-12-17","2014-12-17 00:00","14128.276873931973","14302.495202970476","14111.684652118782","14261.0146484375","17030","17190","697730"
"2014-12-18","2014-12-18 00:00","14576.265625","14634.338396414343","14534.785073989757","14576.265625","17570","17570","547620"
"2014-12-19","2014-12-19 00:00","14858.33466258869","14916.407439047718","14791.965775206942","14908.111328125","17910","17970","1066363"
"2014-12-22","2014-12-22 00:00","14966.184444444443","14982.776666666667","14883.223333333333","14933","18040","18000","465462"
"2014-12-24","2014-12-24 00:00","15107.215054623111","15132.103382554946","15074.030617380666","15098.9189453125","18210","18200","462694"
"2014-12-25","2014-12-25 00:00","15057.44140625","15098.921961088156","15040.849184314739","15057.44140625","18150","18150","198232"
"2014-12-26","2014-12-26 00:00","15065.738193300384","15123.810972679847","15057.44208196046","15107.21875","18160","18210","195889"
"2014-12-29","2014-12-29 00:00","15173.584433065878","15181.880542652027","14841.740049619933","15040.8466796875","18290","18130","731756"
"2014-12-30","2014-12-30 00:00","15015.963355654763","15024.259468005954","14791.968322172619","14808.560546875","18100","17850","483939"
"2015-01-05","2015-01-05 00:00","14700.708685584224","14874.92701650819","14592.859242631292","14750.4853515625","17720","17780","727713"
"2015-01-06","2015-01-06 00:00","14460.120580305442","14493.305022256804","14310.79059152432","14327.3828125","17430","17270","1405279"
"2015-01-07","2015-01-07 00:00","14219.533376158077","14393.75169640272","14211.237265670237","14327.3828125","17140","17270","737548"
"2015-01-08","2015-01-08 00:00","14468.418342468678","14626.044459731811","14426.937785294169","14567.9716796875","17440","17560","607982"
"2015-01-09","2015-01-09 00:00","14717.299498434833","14717.299498434833","14526.488963787708","14576.265625","17740","17570","504940"
"2015-01-13","2015-01-13 00:00","14377.158804517274","14485.008235826404","14261.01326310744","14468.416015625","17330","17440","773909"
"2015-01-14","2015-01-14 00:00","14368.865503967676","14443.530509473281","14211.23938123362","14244.423828125","17320","17170","754296"
"2015-01-15","2015-01-15 00:00","14285.901721386941","14526.488916462564","14277.60561121192","14501.6005859375","17220","17480","785421"
"2015-01-16","2015-01-16 00:00","14202.941786905452","14302.4951171875","14061.907902339217","14302.4951171875","17120","17240","1957143"
"2015-01-19","2015-01-19 00:00","14426.936735831416","14451.825068325661","14335.679516685845","14418.640625","17390","17380","504886"
"2015-01-20","2015-01-20 00:00","14468.416493447012","14717.2998046875","14468.416493447012","14717.2998046875","17440","17740","646051"
"2015-01-21","2015-01-21 00:00","14667.522884520102","14692.411215206504","14567.969561774491","14650.9306640625","17680","17660","416808"
"2015-01-22","2015-01-22 00:00","14675.822052105403","14709.006499933792","14601.157044491525","14684.1181640625","17690","17700","235868"
"2015-01-23","2015-01-23 00:00","14850.037745479505","14866.629966424174","14800.261082645495","14825.1494140625","17900","17870","609569"
"2015-01-26","2015-01-26 00:00","14659.22590014539","14816.85198509319","14650.929790411295","14800.259765625","17670","17840","219690"
"2015-01-27","2015-01-27 00:00","14949.592174794996","15057.441618897292","14941.296063710204","15049.1455078125","18020","18140","802753"
"2015-01-28","2015-01-28 00:00","14916.405714205952","15132.104573254537","14908.109604242545","15090.6240234375","17980","18190","459966"
"2015-01-29","2015-01-29 00:00","14941.295771815874","15074.033546579369","14899.815217202282","14908.111328125","18010","17970","525366"
"2015-01-30","2015-01-30 00:00","15065.737476640365","15090.625809476225","14974.480256242212","14982.7763671875","18160","18060","520632"
"2015-02-02","2015-02-02 00:00","14850.036264545011","14949.589580284977","14808.555716320025","14883.220703125","17900","17940","684168"
"2015-02-03","2015-02-03 00:00","14974.479658070859","14974.479658070859","14650.931344129162","14700.7080078125","18050","17720","739820"
"2015-02-04","2015-02-04 00:00","14899.814497489611","15040.8483763634","14866.630055401662","14974.4794921875","17960","18050","650867"
"2015-02-05","2015-02-05 00:00","14916.409147481136","14941.297483099846","14816.85580500629","14841.744140625002","17980","17890","533736"
"2015-02-06","2015-02-06 00:00","14999.36769503054","15015.959915932122","14924.70270097342","14941.294921875","18080","18010","381696"
"2015-02-09","2015-02-09 00:00","15074.035675284875","15090.627899473411","14966.186218059393","15015.962890625","18170","18100","542282"
"2015-02-10","2015-02-10 00:00","14949.590396991061","14982.774837383939","14874.925406107088","14966.1826171875","18020","18040","396116"
"2015-02-12","2015-02-12 00:00","15198.476898841962","15256.549681752384","15181.88467515327","15223.365234375","18320","18350","1630161"
"2015-02-13","2015-02-13 00:00","15173.586489516487","15231.659264490032","15140.40204667446","15190.1787109375","18290","18310","414289"
"2015-02-16","2015-02-16 00:00","15264.845916598695","15314.622588065866","15239.957580865112","15256.5498046875","18400","18390","489702"
"2015-02-17","2015-02-17 00:00","15206.770424395572","15264.84319742927","15165.289872228645","15248.2509765625","18330","18380","323122"
"2015-02-18","2015-02-18 00:00","15331.212720331001","15430.7660496838","15322.916609551601","15414.173828125","18480","18580","520849"
"2015-02-19","2015-02-19 00:00","15447.357762231904","15530.318867292226","15447.357762231904","15472.24609375","18620","18650","425594"
"2015-02-20","2015-02-20 00:00","15522.025177262787","15563.505736261352","15505.432953663361","15530.3212890625","18710","18720","516544"
"2015-02-23","2015-02-23 00:00","15671.353941027426","15687.94616330485","15596.688940779015","15654.761718750002","18890","18870","563551"
"2015-02-24","2015-02-24 00:00","15654.759182464455","15770.904719589258","15621.57474328594","15754.3125","18870","18990","467986"
"2015-02-25","2015-02-25 00:00","15795.796751644737","15812.388975123356","15729.427857730265","15762.6123046875","19040","19000","278318"
"2015-02-26","2015-02-26 00:00","15762.612703751302","15936.8310546875","15762.612703751302","15936.8310546875","19000","19210","609106"
"2015-02-27","2015-02-27 00:00","15978.308464693353","15994.90068532128","15870.45903061183","15945.1240234375","19260","19220","363266"
"2015-03-02","2015-03-02 00:00","15994.90068532128","16069.56567814695","15920.235692495611","15945.1240234375","19280","19220","621616"
"2015-03-03","2015-03-03 00:00","16036.38102391283","16036.38102391283","15878.754930040952","15953.419921875","19330","19230","443600"
"2015-03-04","2015-03-04 00:00","15870.458219264841","15887.050439044522","15762.608790696915","15862.162109375002","19130","19120","306481"
"2015-03-05","2015-03-05 00:00","15837.276616804415","15911.941619188512","15812.388282676384","15903.6455078125","19090","19170","339659"
"2015-03-06","2015-03-06 00:00","15961.71170102179","16094.449428265214","15953.415593069076","16086.1533203125","19240","19390","559240"
"2015-03-09","2015-03-09 00:00","16011.492905949208","16019.78901626317","15887.051251239756","15945.1240234375","19300","19220","786307"
"2015-03-10","2015-03-10 00:00","16028.085163620282","16044.677384286557","15746.017412293631","15828.978515625","19320","19080","730024"
"2015-03-11","2015-03-11 00:00","15754.311292307504","15970.010130432831","15746.015183148838","15878.752929687502","18990","19140","526288"
"2015-03-12","2015-03-12 00:00","15928.528994845361","16119.339498429446","15911.936777142399","16094.451171875","19200","19400","515589"
"2015-03-13","2015-03-13 00:00","16227.19179330221","16384.81788945392","16202.303462330889","16326.7451171875","19560","19680","1212897"
"2015-03-16","2015-03-16 00:00","16310.156036516586","16409.70937956755","16293.563812674758","16318.4521484375","19660","19670","434711"
"2015-03-17","2015-03-17 00:00","16451.188177554675","16525.853176847664","16426.299844457015","16500.96484375","19830","19890","474841"
"2015-03-18","2015-03-18 00:00","16467.782167450914","16592.223846298148","16442.893831681464","16583.927734375","19850","19990","451918"
"2015-03-19","2015-03-19 00:00","16534.146484375","16592.219251756145","16376.520401483316","16534.146484375","19930","19930","754173"
"2015-03-20","2015-03-20 00:00","16542.445988281248","16592.22265625","16459.484875","16592.22265625","19940","20000","474393"
"2015-03-23","2015-03-23 00:00","16666.88612633752","16774.73556369062","16650.293905206272","16766.439453125","20090","20210","379955"
"2015-03-24","2015-03-24 00:00","16724.9609375","16766.441495380706","16658.592044890873","16724.9609375","20160","20160","381376"
"2015-03-25","2015-03-25 00:00","16733.25619778775","16774.73675355817","16567.333974706064","16758.14453125","20170","20200","410174"
"2015-03-26","2015-03-26 00:00","16641.998302909968","16650.294413728967","16451.187754073017","16517.556640625","20060","19910","718121"
"2015-03-27","2015-03-27 00:00","16525.851728052472","16716.66226507316","16276.968418895056","16442.890625","19920","19820","981565"
"2015-03-30","2015-03-30 00:00","16451.18766928388","16608.81377403244","16393.1148938502","16559.037109375","19830","19960","430275"
"2015-03-31","2015-03-31 00:00","16700.073236764892","16716.665460547072","16426.30154435891","16434.59765625","20130","19810","493713"
"2015-04-01","2015-04-01 00:00","16359.93246115684","16376.524684748278","16135.937442672443","16252.083007812502","19720","19590","1582151"
"2015-04-02","2015-04-02 00:00","16301.856330133254","16559.03574297505","16293.560220041583","16459.482421875","19650","19840","818907"
"2015-04-03","2015-04-03 00:00","16467.78065046789","16567.333984375","16451.188428150035","16567.333984375","19850","19970","386648"
"2015-04-06","2015-04-06 00:00","16442.89240359877","16567.334071638117","16401.411847585656","16525.853515625","19820","19920","314569"
"2015-04-07","2015-04-07 00:00","16650.29474951196","16774.736414306517","16625.406416553047","16733.255859375","20070","20170","825248"
"2015-04-08","2015-04-08 00:00","16816.217473215384","16924.066919269553","16783.03302827564","16865.994140625","20270","20330","840757"
"2015-04-09","2015-04-09 00:00","16915.767840513556","17007.025048088668","16899.175620954447","16982.13671875","20390","20470","543950"
"2015-04-10","2015-04-10 00:00","17040.209063491337","17056.801282637873","16915.767419892323","16998.728515625","20540","20490","704507"
"2015-04-13","2015-04-13 00:00","17015.32234867577","17040.21067975623","16899.176803633614","16973.841796875","20510","20460","280818"
"2015-04-14","2015-04-14 00:00","16899.176041985025","16990.43325183374","16899.176041985025","16965.544921875","20370","20450","248581"
"2015-04-15","2015-04-15 00:00","16924.06716989221","16982.139949396744","16907.47494717663","16932.36328125","20400","20410","341124"
"2015-04-16","2015-04-16 00:00","16924.066744676944","16965.547300423703","16832.80952203408","16948.955078125","20400","20430","461289"
"2015-04-17","2015-04-17 00:00","16890.881881336547","16899.17799228023","16749.847995293952","16774.736328125","20360","20220","566740"
"2015-04-20","2015-04-20 00:00","16666.886971484568","16824.51308022434","16617.110305566745","16733.255859375","20090","20170","356353"
"2015-04-21","2015-04-21 00:00","16816.215700032073","16973.841796875","16783.031258591458","16973.841796875","20270","20460","465474"
"2015-04-22","2015-04-22 00:00","17048.507979667855","17172.94964375302","17031.915757789833","17156.357421875","20550","20680","778851"
"2015-04-23","2015-04-23 00:00","17239.318784621868","17264.20711780467","17156.357674012525","17222.7265625","20780","20760","407605"
"2015-04-24","2015-04-24 00:00","17156.35759460034","17172.94981664541","17056.804262329933","17073.396484375","20680","20580","362832"
"2015-04-27","2015-04-27 00:00","17106.58297689357","17106.58297689357","16965.549072622383","17031.91796875","20620","20530","345968"
"2015-04-28","2015-04-28 00:00","17131.46722006786","17172.94777023752","17081.690559864273","17114.875","20650","20630","320064"
"2015-04-30","2015-04-30 00:00","16882.58439734919","16890.88050761816","16641.99719954913","16675.181640625","20350","20100","1481651"
"2015-05-01","2015-05-01 00:00","16666.885954229954","16691.77428566982","16559.03651799054","16658.58984375","20090","20080","563265"
"2015-05-07","2015-05-07 00:00","16525.852837046827","16608.81394566654","16442.891728427116","16476.076171875","19920","19860","724603"
"2015-05-08","2015-05-08 00:00","16534.149539739297","16608.814540169627","16476.076761626813","16567.333984375","19930","19970","393214"
"2015-05-11","2015-05-11 00:00","16774.73403255015","16799.622361975296","16716.66126389147","16749.845703125","20220","20190","325895"
"2015-05-12","2015-05-12 00:00","16724.958560455896","16758.143002044104","16617.109125294228","16741.55078125","20160","20180","356749"
"2015-05-13","2015-05-13 00:00","16700.06922444021","16890.879752091536","16641.996455155022","16857.6953125","20130","20320","722548"
"2015-05-14","2015-05-14 00:00","16774.732921060793","16832.80568587159","16691.771828473946","16716.66015625","20220","20150","311574"
"2015-05-15","2015-05-15 00:00","16824.51214292325","16857.696585019745","16749.847148206132","16807.919921875","20280","20260","237398"
"2015-05-18","2015-05-18 00:00","16849.399382067542","16973.841031861248","16849.399382067542","16965.544921875","20310","20450","288405"
"2015-05-19","2015-05-19 00:00","17048.510436567503","17148.063782182497","17015.325988029173","17098.287109375","20550","20610","622640"
"2015-05-20","2015-05-20 00:00","17206.135865315206","17305.689206869585","17197.83975351901","17239.3203125","20740","20780","667085"
"2015-05-21","2015-05-21 00:00","17255.908283132532","17347.165490399097","17214.427734375","17214.427734375","20800","20750","394677"
"2015-05-22","2015-05-22 00:00","17255.912020383694","17313.984801221523","17172.95090490108","17297.392578125","20800","20850","245041"
"2015-05-25","2015-05-25 00:00","17355.465517755005","17430.1305223725","17338.873294506673","17405.2421875","20920","20980","355693"
"2015-05-26","2015-05-26 00:00","17430.128058194776","17463.3125","17396.943616389548","17463.3125","21010","21050","428220"
"2015-05-27","2015-05-27 00:00","17380.351395486934","17504.793052256533","17372.05528503563","17463.3125","20950","21050","587789"
"2015-05-28","2015-05-28 00:00","17571.161002542573","17629.233772617077","17471.607682414855","17537.9765625","21180","21140","577638"
"2015-05-29","2015-05-29 00:00","17496.498298742325","17620.939965162965","17488.202187647614","17562.8671875","21090","21170","313110"
"2015-06-01","2015-06-01 00:00","17463.31503740105","17579.46060059517","17413.53836746072","17554.572265625","21050","21160","382445"
"2015-06-02","2015-06-02 00:00","17579.46026273367","17604.348597225508","17463.31470177177","17529.68359375","21190","21130","314707"
"2015-06-03","2015-06-03 00:00","17430.1288209283","17504.79381825736","17405.24048848528","17471.609375","21010","21060","386311"
"2015-06-04","2015-06-04 00:00","17554.56971496437","17554.56971496437","17438.42416864608","17463.3125","21160","21050","254365"
"2015-06-05","2015-06-05 00:00","17421.831947743467","17479.904720902614","17380.351395486934","17463.3125","21000","21050","241326"
"2015-06-08","2015-06-08 00:00","17529.680615791352","17546.272835967207","17380.35063420865","17455.015625","21130","21040","258575"
"2015-06-09","2015-06-09 00:00","17338.870233658257","17363.75856413719","17164.65192030571","17181.244140625","20900","20710","1268632"
"2015-06-10","2015-06-10 00:00","17189.53999030538","17297.389420746484","17089.986669898204","17114.875","20720","20630","817829"
"2015-06-11","2015-06-11 00:00","17222.724285096614","17388.646484375","17222.724285096614","17388.646484375","20760","20960","413144"
"2015-06-12","2015-06-12 00:00","17438.425442547046","17446.721553604395","17355.46433197356","17413.537109375","21020","20990","294408"
"2015-06-15","2015-06-15 00:00","17255.90872495229","17413.534814266757","17255.90872495229","17388.646484375","20800","20960","237942"
"2015-06-16","2015-06-16 00:00","17347.169247414568","17380.353693607616","17264.208131931955","17297.392578125","20910","20850","217707"
"2015-06-17","2015-06-17 00:00","17330.57515211839","17347.167373422475","17181.24516038161","17255.91015625","20890","20800","380800"
"2015-06-18","2015-06-18 00:00","17231.022593803147","17247.614815848214","17065.100373352467","17073.396484375","20770","20580","698708"
"2015-06-19","2015-06-19 00:00","17206.131624623496","17239.316063629518","17131.46663685994","17214.427734375","20740","20750","323549"
"2015-06-22","2015-06-22 00:00","17206.131985141004","17438.423063050333","17206.131985141004","17430.126953125","20740","21010","356377"
"2015-06-23","2015-06-23 00:00","17521.38394109397","17745.37890625","17521.38394109397","17745.37890625","21120","21390","970397"
"2015-06-24","2015-06-24 00:00","17820.044921875","17886.413804265598","17778.56437038088","17820.044921875","21480","21480","732499"
"2015-06-25","2015-06-25 00:00","17737.0859375","17803.454827818055","17712.19760363073","17737.0859375","21380","21380","521218"
"2015-06-26","2015-06-26 00:00","17728.78719090789","17753.675521077625","17637.52998028553","17687.306640625","21370","21320","362996"
"2015-06-29","2015-06-29 00:00","17231.0242911089","17388.650416063676","17156.359284551374","17197.83984375","20770","20730","883900"
"2015-06-30","2015-06-30 00:00","17214.431462642387","17305.68868967326","17181.247016449342","17297.392578125","20750","20850","426639"
"2015-07-01","2015-07-01 00:00","17347.168307328975","17388.64886282235","17297.39164073693","17372.056640625","20910","20940","321558"
"2015-07-02","2015-07-02 00:00","17562.868039739114","17604.348597225508","17496.499147760886","17529.68359375","21170","21130","319824"
"2015-07-03","2015-07-03 00:00","17488.202611554374","17571.16372451241","17455.01816637116","17546.275390625","21080","21150","343372"
"2015-07-06","2015-07-06 00:00","17056.806640625","17172.952211135093","16915.772733577032","17056.806640625","20560","20560","1293968"
"2015-07-07","2015-07-07 00:00","17222.7265625","17264.20711780467","17197.838229317196","17222.7265625","20760","20760","346922"
"2015-07-08","2015-07-08 00:00","17331.783490178128","17356.95064916677","16895.552734375","16895.552734375","20660","20140","1354203"
"2015-07-09","2015-07-09 00:00","16601.940917243937","16954.28125","16333.491139905987","16954.28125","19790","20210","1592894"
"2015-07-10","2015-07-10 00:00","16937.496854858702","17071.72169372831","16836.828225706497","16920.71875","20190","20170","1019773"
"2015-07-13","2015-07-13 00:00","17046.555214442815","17197.55816417705","17012.999003390763","17164.001953125","20320","20460","688913"
"2015-07-14","2015-07-14 00:00","17398.896865955136","17457.6202401411","17356.95159867945","17390.5078125","20740","20730","866919"
"2015-07-15","2015-07-15 00:00","17474.396484375","17499.56364205773","17424.062169009543","17474.396484375","20830","20830","552699"
"2015-07-16","2015-07-16 00:00","17583.454697186455","17600.23280281354","17524.731327491652","17591.84375","20960","20970","532356"
"2015-07-17","2015-07-17 00:00","17642.178496660817","17642.178496660817","17600.233231571277","17625.400390625","21030","21010","366513"
"2015-07-21","2015-07-21 00:00","17717.684433962266","17801.574985259434","17692.517268573112","17784.796875","21120","21200","654336"
"2015-07-22","2015-07-22 00:00","17617.01090844063","17650.567119694802","17566.676591559368","17591.84375","21000","20970","304464"
"2015-07-23","2015-07-23 00:00","17650.5706951379","17675.73785867659","17633.792586112104","17642.181640625","21040","21030","140584"
"2015-07-24","2015-07-24 00:00","17583.453453947368","17617.009662828947","17524.730088404605","17533.119140625","20960","20900","219927"
"2015-07-27","2015-07-27 00:00","17398.896865955136","17499.565507416788","17315.00633140376","17390.5078125","20740","20730","345556"
"2015-07-28","2015-07-28 00:00","17214.336510894496","17449.229991549975","17138.83503496952","17373.728515625","20520","20710","444497"
"2015-07-29","2015-07-29 00:00","17348.561690375303","17365.339796458837","17256.28210691586","17323.39453125","20680","20650","212792"
"2015-07-30","2015-07-30 00:00","17466.006722861843","17575.064401726973","17466.006722861843","17533.119140625","20820","20900","325438"
"2015-07-31","2015-07-31 00:00","17507.954741250596","17566.678116041567","17474.39852708433","17558.2890625","20870","20930","387388"
"2015-08-03","2015-08-03 00:00","17524.730088404605","17549.89724506579","17415.672409539475","17533.119140625","20890","20900","165802"
"2015-08-04","2015-08-04 00:00","17449.232082933846","17541.51167568013","17449.232082933846","17499.56640625","20800","20860","366901"
"2015-08-05","2015-08-05 00:00","17491.17629953996","17684.124527304666","17474.39819277781","17608.623046875","20850","20990","299331"
"2015-08-06","2015-08-06 00:00","17726.068643702427","17768.013907885346","17633.7890625","17633.7890625","21130","21020","642037"
"2015-08-07","2015-08-07 00:00","17617.010246266003","17709.289823746443","17558.28687877845","17692.51171875","21000","21090","202881"
"2015-08-10","2015-08-10 00:00","17608.620865654553","17759.623807808806","17591.842760970747","17742.845703125","20990","21150","257453"
"2015-08-11","2015-08-11 00:00","17835.12402529056","17877.069284051824","17558.285317466198","17684.12109375","21260","21080","680801"
"2015-08-12","2015-08-12 00:00","17617.011097814306","17667.345415236632","17323.394246184067","17415.673828125","21000","20760","1031936"
"2015-08-13","2015-08-13 00:00","17415.674018219226","17617.011290106155","17323.394435271053","17583.455078125","20760","20960","646546"
"2015-08-14","2015-08-14 00:00","17507.95236394507","17591.842887969724","17482.785206737673","17524.73046875","20870","20890","182276"
"2015-08-17","2015-08-17 00:00","17575.065644372913","17650.567119694802","17524.731327491652","17591.84375","20950","20970","109026"
"2015-08-18","2015-08-18 00:00","17617.01124237805","17642.178401295732","17541.509765625","17541.509765625","21000","20910","112131"
"2015-08-19","2015-08-19 00:00","17491.174337759658","17516.341495080174","17256.280869434828","17264.669921875","20850","20580","422832"
"2015-08-20","2015-08-20 00:00","17256.279516015435","17298.224774926508","17113.665635717785","17122.0546875","20570","20410","733287"
"2015-08-21","2015-08-21 00:00","16786.495527126957","16845.21889978557","16601.936355914168","16627.103515625","20010","19820","2141854"
"2015-08-24","2015-08-24 00:00","16291.538747978815","16333.48400737114","15796.584687149387","15888.8642578125","19420","18940","1935480"
"2015-08-25","2015-08-25 00:00","15368.745573776128","16098.59320746528","15167.408295517052","15251.298828125","18320","18180","2199094"
"2015-08-26","2015-08-26 00:00","15226.131006564003","15754.641339023248","15150.629530498396","15695.91796875","18150","18710","1811029"
"2015-08-27","2015-08-27 00:00","15989.535398065476","16073.425930059524","15796.587174479168","15855.310546875","19060","18900","748852"
"2015-08-28","2015-08-28 00:00","16241.208306596509","16408.98938414399","16182.48492945489","16341.876953125","19360","19480","637365"
"2015-08-31","2015-08-31 00:00","16249.598127011017","16257.987181284125","16023.09366163709","16132.1513671875","19370","19230","711692"
"2015-09-01","2015-09-01 00:00","16014.703839532262","16039.871001144937","15561.694930504109","15570.083984375","19090","18560","1130322"
"2015-09-02","2015-09-02 00:00","15293.245498814364","15796.588740684281","15251.300228658536","15477.8046875","18230","18450","1312709"
"2015-09-03","2015-09-03 00:00","15712.694123022631","15796.584641565198","15528.134982228987","15544.9130859375","18730","18530","431611"
"2015-09-04","2015-09-04 00:00","15620.417124155407","15645.58428386135","15033.183397683399","15209.353515625","18620","18130","1480695"
"2015-09-07","2015-09-07 00:00","15108.684545079715","15393.912348818032","14932.514431006048","15259.687500000002","18010","18190","683627"
"2015-09-08","2015-09-08 00:00","15318.412444070602","15360.35771363268","14882.181640625","14882.181640625","18260","17740","823211"
"2015-09-09","2015-09-09 00:00","15393.91181461204","15997.923613332512","15368.74465633202","15981.145507812498","18350","19050","1407670"
"2015-09-10","2015-09-10 00:00","15469.415212999596","15645.585342865645","15326.80129834613","15637.1962890625","18440","18640","694587"
"2015-09-11","2015-09-11 00:00","15461.023802398353","15679.139168031754","15452.63474987399","15603.6376953125","18430","18600","443162"
"2015-09-14","2015-09-14 00:00","15679.139470832195","15679.139470832195","15293.243047259011","15360.35546875","18690","18310","399828"
"2015-09-15","2015-09-15 00:00","15444.247789688694","15653.97413121081","15351.968199418963","15385.524414062502","18410","18340","492732"
"2015-09-16","2015-09-16 00:00","15586.858345208782","15637.192656334322","15461.022567394934","15544.9130859375","18580","18530","506139"
"2015-09-17","2015-09-17 00:00","15704.3070695629","15779.808545858876","15628.805593266923","15737.86328125","18720","18760","280272"
"2015-09-18","2015-09-18 00:00","15628.807274385495","15628.807274385495","15427.469982605971","15486.193359375","18630","18460","542289"
"2015-09-24","2015-09-24 00:00","15150.630555628137","15234.521090266166","15041.572860598697","15049.9619140625","18060","17940","544083"
"2015-09-25","2015-09-25 00:00","15049.962723214287","15268.078125","14940.905022321429","15268.078125","17940","18200","748839"
"2015-09-28","2015-09-28 00:00","15310.022154448774","15335.189314154717","15091.9067703306","15209.353515625","18250","18130","401323"
"2015-09-29","2015-09-29 00:00","14949.292543717616","14949.292543717616","14538.228944030658","14571.78515625","17820","17370","1788290"
"2015-09-30","2015-09-30 00:00","14815.066129273355","15008.014329144979","14764.731816263366","14907.345703125","17660","17770","826580"
"2015-10-01","2015-10-01 00:00","15041.573836616848","15326.801672894022","14949.294242527174","15242.9111328125","17930","18170","576376"
"2015-10-02","2015-10-02 00:00","15108.684710666472","15276.465773527843","15066.73944495113","15234.5205078125","18010","18160","280976"
"2015-10-05","2015-10-05 00:00","15419.081309281843","15536.528065718157","15360.357931063685","15477.8046875","18380","18450","403804"
"2015-10-06","2015-10-06 00:00","15771.421277276402","15788.199385018184","15553.305876633218","15570.083984375","18800","18560","459366"
"2015-10-07","2015-10-07 00:00","15612.028878719248","15788.199005776263","15502.971181017287","15771.4208984375","18610","18800","439977"
"2015-10-08","2015-10-08 00:00","15729.47386710345","15821.75344712379","15578.470917979257","15595.2490234375","18750","18590","394008"
"2015-10-09","2015-10-09 00:00","15628.806275772557","15855.31071455187","15628.806275772557","15830.143554687502","18630","18870","401359"
"2015-10-13","2015-10-13 00:00","15754.641554116059","15788.197766158903","15670.751024008943","15712.6962890625","18780","18730","364992"
"2015-10-14","2015-10-14 00:00","15578.472261899693","15586.86131535252","15335.18971176771","15393.9130859375","18570","18350","513017"
"2015-10-15","2015-10-15 00:00","15310.019420456849","15628.80338647184","15259.685110033428","15528.134765625","18250","18510","384708"
"2015-10-16","2015-10-16 00:00","15712.6962890625","15813.364925191037","15670.751024008943","15712.6962890625","18730","18730","322848"
"2015-10-19","2015-10-19 00:00","15729.473099665","15746.251204304643","15544.91394862893","15612.0263671875","18750","18610","542868"
"2015-10-20","2015-10-20 00:00","15695.917920602224","15704.306973472669","15603.638339027331","15653.97265625","18710","18660","149799"
"2015-10-21","2015-10-21 00:00","15628.807159231086","15997.92552477385","15620.41810546875","15939.2021484375","18630","19000","390895"
"2015-10-22","2015-10-22 00:00","15830.143387276787","15964.368238467263","15788.198121279762","15855.310546875","18870","18900","230922"
"2015-10-23","2015-10-23 00:00","16190.873046875","16257.985474012306","16165.705886698512","16190.873046875","19300","19300","947623"
"2015-10-26","2015-10-26 00:00","16375.430731046932","16408.986941561372","16266.373046875","16266.373046875","19520","19390","717796"
"2015-10-27","2015-10-27 00:00","16291.54339837656","16299.932452649668","16123.76231291439","16132.1513671875","19420","19230","278490"
"2015-10-28","2015-10-28 00:00","16190.87330500613","16274.763840265228","16174.09519795431","16249.5966796875","19300","19370","166495"
"2015-10-29","2015-10-29 00:00","16383.819783675543","16400.597888932763","16165.70441533168","16266.373046875","19530","19390","442203"
"2015-10-30","2015-10-30 00:00","16257.987635869566","16509.659271099743","16140.540872762149","16400.6015625","19380","19550","918012"
"2015-11-02","2015-11-02 00:00","16182.484839568375","16216.041054891482","16023.092816783617","16065.0380859375","19290","19150","507949"
"2015-11-04","2015-11-04 00:00","16350.2635731611","16459.321257333035","16257.98399424639","16266.373046875","19490","19390","510328"
"2015-11-05","2015-11-05 00:00","16350.262204537474","16476.097983433352","16325.0950487583","16425.763671875","19490","19580","481979"
"2015-11-06","2015-11-06 00:00","16492.87819152306","16585.157774486823","16476.10008552965","16551.6015625","19660","19730","598409"
"2015-11-09","2015-11-09 00:00","16677.436555973396","16929.108133779835","16677.436555973396","16870.384765625","19880","20110","1426183"
"2015-11-10","2015-11-10 00:00","16710.993568458292","16920.719893363643","16702.604515462077","16895.552734375","19920","20140","384794"
"2015-11-11","2015-11-11 00:00","16853.604007293732","16954.27262256876","16845.214956020813","16929.10546875","20090","20180","536571"
"2015-11-12","2015-11-12 00:00","16870.38210983957","16954.27262256876","16845.214956020813","16929.10546875","20110","20180","410042"
"2015-11-13","2015-11-13 00:00","16769.719977762026","16853.610522923416","16660.66226905222","16828.443359375","19990","20060","504540"
"2015-11-16","2015-11-16 00:00","16543.211846662467","16719.381952534633","16526.43374134131","16652.26953125","19720","19850","360210"
"2015-11-17","2015-11-17 00:00","16903.942168871086","16954.276487984353","16870.385956128914","16887.1640625","20150","20130","464194"
"2015-11-18","2015-11-18 00:00","16979.44326433714","17054.944741303065","16887.163681378785","16895.552734375","20240","20140","672644"
"2015-11-19","2015-11-19 00:00","17080.11209055433","17155.613568361296","16987.832506568033","17063.333984375","20360","20340","764220"
"2015-11-20","2015-11-20 00:00","17029.777772016347","17063.333984375","16945.887241119715","17063.333984375","20300","20340","475115"
"2015-11-24","2015-11-24 00:00","17088.49848037114","17147.221842846644","17046.553221460068","17122.0546875","20370","20410","414859"
"2015-11-25","2015-11-25 00:00","17063.334365777177","17080.11247233153","17004.61099283694","17054.9453125","20340","20330","346102"
"2015-11-26","2015-11-26 00:00","17130.4453125","17180.779627815868","17122.056259947356","17130.4453125","20420","20420","521868"
"2015-11-27","2015-11-27 00:00","17180.78192534381","17189.170979018294","17038.168012877577","17080.11328125","20480","20360","223283"
"2015-11-30","2015-11-30 00:00","17071.725290989558","17088.50339938365","16929.11136963977","16971.056640625","20350","20230","230798"
"2015-12-01","2015-12-01 00:00","17046.555214442815","17172.391005888014","17021.388056153774","17164.001953125","20320","20460","237674"
"2015-12-02","2015-12-02 00:00","17138.833984375","17180.77924620656","17122.055879642376","17138.833984375","20430","20430","249947"
"2015-12-03","2015-12-03 00:00","17088.49967017713","17164.001141473935","17063.332513078196","17138.833984375","20370","20430","364343"
"2015-12-04","2015-12-04 00:00","16845.2159296875","16895.550240234374","16719.38015332031","16778.103515625","20080","20000","783666"
"2015-12-07","2015-12-07 00:00","16962.661673841674","17029.774084025026","16903.938314931245","16929.10546875","20220","20180","307459"
"2015-12-08","2015-12-08 00:00","16954.2759612228","16996.221225847297","16744.5496381003","16769.716796875","20210","19990","215946"
"2015-12-09","2015-12-09 00:00","16669.047969500065","16744.54944495326","16551.601229906202","16601.935546875","19870","19790","510819"
"2015-12-10","2015-12-10 00:00","16400.597224780562","16450.931538513905","16358.65196333611","16367.041015625","19550","19510","612091"
"2015-12-11","2015-12-11 00:00","16375.431024631795","16585.157344107098","16350.263866294757","16518.044921875","19520","19690","329510"
"2015-12-14","2015-12-14 00:00","16140.540333645404","16257.987092829933","15989.537357551008","16241.208984375","19240","19360","1087551"
"2015-12-15","2015-12-15 00:00","16232.820281262291","16249.598390080133","15964.370540176817","15997.9267578125","19350","19070","604049"
"2015-12-16","2015-12-16 00:00","16249.594283580536","16383.819120202781","16224.427126713865","16367.041015625","19370","19510","408807"
"2015-12-17","2015-12-17 00:00","16694.215176490045","16769.716652162613","16601.935595112463","16643.880859375","19900","19840","578704"
"2015-12-18","2015-12-18 00:00","16618.712970753204","17105.278014823718","16316.707081330127","16358.65234375","19810","19500","1383089"
"2015-12-21","2015-12-21 00:00","16216.041482283084","16325.099184957517","16031.482293141735","16291.54296875","19330","19420","632204"
"2015-12-22","2015-12-22 00:00","16266.37478673932","16291.54194731705","16182.48425148022","16249.5966796875","19390","19370","334004"
"2015-12-24","2015-12-24 00:00","16417.37865083355","16425.767704819667","16148.928923277765","16165.70703125","19570","19270","292440"
"2015-12-25","2015-12-25 00:00","16190.874534340837","16232.819805155192","16106.983992712128","16115.373046875","19300","19210","163300"
"2015-12-28","2015-12-28 00:00","16207.65141205795","16291.54194731705","16140.53898385067","16249.5966796875","19320","19370","202537"
"2015-12-29","2015-12-29 00:00","16232.821573454354","16341.879289451721","16165.70913284059","16333.490234375","19350","19470","260390"
"2015-12-30","2015-12-30 00:00","16425.763020499806","16442.541123687242","16367.039659343782","16375.428710937498","19580","19520","171196"
"2016-01-04","2016-01-04 00:00","16190.870733014512","16308.317463720316","15821.752436510555","15897.25390625","19300","18950","1610477"
"2016-01-05","2016-01-05 00:00","15830.141385527188","15964.366219744694","15771.418020557028","15813.36328125","18870","18850","755490"
"2016-01-06","2016-01-06 00:00","15830.141394428729","15897.25381157522","15544.91362155614","15662.3603515625","18870","18670","1399603"
"2016-01-07","2016-01-07 00:00","15612.026171660724","15645.582380519747","15293.2421875","15293.2421875","18610","18230","1654689"
"2016-01-08","2016-01-08 00:00","15184.186022539858","15477.802879329303","15100.295492028588","15259.687500000002","18100","18190","1294538"
"2016-01-12","2016-01-12 00:00","15016.405085849223","15117.073723296258","14798.289704713983","14848.6240234375","17900","17700","1257628"
"2016-01-13","2016-01-13 00:00","15024.79439008354","15251.298828125","15024.79439008354","15251.298828125","17910","18180","460840"
"2016-01-14","2016-01-14 00:00","14823.456864075742","14873.79118279926","14580.174323578743","14848.6240234375","17670","17700","1315911"
"2016-01-15","2016-01-15 00:00","15075.128751354641","15150.630230910674","14680.843247006467","14756.3447265625","17970","17590","713343"
"2016-01-18","2016-01-18 00:00","14454.338625714312","14664.064955164606","14336.891881222145","14588.5634765625","17230","17390","1186794"
"2016-01-19","2016-01-19 00:00","14546.618892857143","14706.010910714287","14462.728357142858","14680.84375","17340","17500","809454"
"2016-01-20","2016-01-20 00:00","14655.67620903879","14655.67620903879","14101.99868768987","14152.3330078125","17470","16870","1398928"
"2016-01-21","2016-01-21 00:00","14177.500575845366","14404.005022915084","13783.215056872152","13799.9931640625","16900","16450","1495886"
"2016-01-22","2016-01-22 00:00","14286.557188959232","14622.119307314117","14160.721394576149","14596.9521484375","17030","17400","986948"
"2016-01-25","2016-01-25 00:00","14764.731773802738","14815.066086667974","14555.005470197584","14714.3974609375","17600","17540","1039740"
"2016-01-26","2016-01-26 00:00","14462.725862430678","14487.893018803818","14320.111976316222","14370.4462890625","17240","17130","447995"
"2016-01-27","2016-01-27 00:00","14655.67452527286","14840.23367785214","14588.56210615312","14747.9541015625","17470","17580","603091"
"2016-01-28","2016-01-28 00:00","14672.4560546875","14831.848087299886","14571.787402511256","14672.4560546875","17490","17490","504175"
"2016-01-29","2016-01-29 00:00","14706.0115523767","15268.078166186875","14404.005610627948","15117.0751953125","17530","18020","1637608"
"2016-02-01","2016-02-01 00:00","15351.968962157138","15410.692340700907","15226.133150991915","15368.7470703125","18300","18320","869125"
"2016-02-02","2016-02-02 00:00","15200.965693681319","15368.746771978022","15200.965693681319","15268.078125","18120","18200","524535"
"2016-02-03","2016-02-03 00:00","14974.45977281781","15024.794091381904","14697.621020715296","14806.6787109375","17850","17650","1104675"
"2016-02-04","2016-02-04 00:00","14655.677352241848","14806.680324388586","14571.786812160326","14664.06640625","17470","17480","715323"
"2016-02-05","2016-02-05 00:00","14462.725802071262","14538.227270875579","14303.333812373261","14479.50390625","17240","17260","834267"
"2016-02-08","2016-02-08 00:00","14278.167019641063","14706.008687092117","14236.221758126254","14622.1181640625","17020","17430","829168"
"2016-02-09","2016-02-09 00:00","14068.4411579714","14110.38642081568","13791.602423199152","13858.71484375","16770","16520","1163040"
"2016-02-10","2016-02-10 00:00","13892.271820618396","13909.049926681944","13271.48189626709","13497.986328125","16560","16090","1691513"
"2016-02-12","2016-02-12 00:00","13086.923000529661","13154.035426173403","12793.30613833829","12868.8076171875","15600","15340","2133508"
"2016-02-15","2016-02-15 00:00","13380.53932937557","13900.660607382646","13330.20501214908","13783.2138671875","15950","16430","1317572"
"2016-02-16","2016-02-16 00:00","13640.602698065386","14060.055425558172","13607.046479865963","13808.3837890625","16260","16460","911624"
"2016-02-17","2016-02-17 00:00","13749.658662860576","13942.606893028846","13439.26368389423","13632.2119140625","16390","16250","864462"
"2016-02-18","2016-02-18 00:00","14026.496762048193","14060.05297439759","13850.326647213855","13925.828125","16720","16600","551658"
"2016-02-19","2016-02-19 00:00","13766.436309535158","13791.603469150396","13581.877139023414","13749.658203125","16410","16390","677728"
"2016-02-22","2016-02-22 00:00","13615.432693490688","13925.827647069958","13598.654587891808","13850.326171875","16230","16510","648734"
"2016-02-23","2016-02-23 00:00","13934.219607310337","14068.444480108028","13758.049461763367","13808.3837890625","16610","16460","1015959"
"2016-02-24","2016-02-24 00:00","13632.210985429449","13766.435832055215","13539.931403374234","13674.15625","16250","16300","577963"
"2016-02-25","2016-02-25 00:00","13732.880656758896","13959.385102533173","13724.491603211702","13909.05078125","16370","16580","477067"
"2016-02-26","2016-02-26 00:00","14034.885815135542","14177.499717620482","13925.828125","13925.828125","16730","16600","710051"
"2016-02-29","2016-02-29 00:00","14060.052660895784","14169.11034859963","13816.770126787205","13825.1591796875","16760","16480","470419"
"2016-03-01","2016-03-01 00:00","13791.603561817768","13858.715987909338","13640.600603111734","13833.548828125","16440","16490","352757"
"2016-03-02","2016-03-02 00:00","14227.83513621795","14471.117694561299","14169.111760066105","14395.6162109375","16960","17160","1356335"
"2016-03-03","2016-03-03 00:00","14362.057492448217","14596.950956109753","14362.057492448217","14580.172851562502","17120","17380","818697"
"2016-03-04","2016-03-04 00:00","14563.394797941766","14672.45247788027","14513.060484123995","14622.1181640625","17360","17430","413495"
"2016-03-07","2016-03-07 00:00","14664.063157042052","14664.063157042052","14538.227374801989","14563.39453125","17480","17360","417264"
"2016-03-08","2016-03-08 00:00","14538.230553347566","14555.0086613145","14261.39177189317","14429.1728515625","17330","17200","691142"
"2016-03-09","2016-03-09 00:00","14320.11447095341","14387.226899639774","14202.667720752268","14336.892578125","17070","17090","493849"
"2016-03-10","2016-03-10 00:00","14462.727585942019","14529.84001093479","14370.448001576959","14504.6728515625","17240","17290","342758"
"2016-03-11","2016-03-11 00:00","14286.55602198558","14647.285269751512","14252.999812891076","14580.172851562502","17030","17380","656154"
"2016-03-14","2016-03-14 00:00","14764.732092298982","14890.567877176529","14756.343039973812","14815.06640625","17600","17660","889405"
"2016-03-15","2016-03-15 00:00","14840.234828503384","14882.180093705485","14664.064714654558","14722.7880859375","17690","17550","424947"
"2016-03-16","2016-03-16 00:00","14622.119521831944","14722.788158815298","14588.563309504161","14613.730468749998","17430","17420","391080"
"2016-03-17","2016-03-17 00:00","14722.788111237047","14840.23485400475","14462.727466537133","14571.78515625","17550","17370","632982"
"2016-03-18","2016-03-18 00:00","14538.229523505832","14563.39668367347","14294.94697521866","14387.2265625","17330","17150","586332"
"2016-03-22","2016-03-22 00:00","14596.953762618128","14731.178624803122","14496.285115979383","14647.2880859375","17400","17460","703785"
"2016-03-23","2016-03-23 00:00","14680.844301483748","14747.956732576245","14596.953762618128","14647.2880859375","17500","17460","401096"
"2016-03-24","2016-03-24 00:00","14580.175738423253","14664.066277769763","14496.285199076745","14538.23046875","17380","17330","409673"
"2016-03-25","2016-03-25 00:00","14580.174256422215","14647.286681077783","14529.83993793054","14613.730468749998","17380","17420","316170"
"2016-03-28","2016-03-28 00:00","14722.787871461423","14773.122188970692","14588.563024770037","14706.009765625","17550","17530","819585"
"2016-03-29","2016-03-29 00:00","14706.008726022792","14848.62261555068","14680.841569047283","14815.06640625","17530","17660","868089"
"2016-03-30","2016-03-30 00:00","14781.511361703082","14798.289467675502","14622.11935496508","14638.897460937502","17620","17450","582611"
"2016-03-31","2016-03-31 00:00","14747.955222466802","14773.12238154951","14521.45079072243","14529.83984375","17580","17320","567597"
"2016-04-01","2016-04-01 00:00","14504.672490976585","14504.672490976585","13967.773104381731","14018.107421875","17290","16710","1404780"
"2016-04-04","2016-04-04 00:00","13950.996688255898","14076.832497229943","13900.66236466628","13959.3857421875","16630","16640","621432"
"2016-04-05","2016-04-05 00:00","13925.828786057691","13934.21783954327","13607.044753605769","13632.2119140625","16600","16250","940607"
"2016-04-06","2016-04-06 00:00","13623.8212890625","13724.489919277246","13523.152658847752","13623.8212890625","16240","16240","770588"
"2016-04-07","2016-04-07 00:00","13623.82112400123","13758.04596266134","13539.93059983866","13648.98828125","16240","16270","481779"
"2016-04-08","2016-04-08 00:00","13422.484919059254","13900.66094430074","13414.095865984842","13732.8798828125","16000","16370","934939"
"2016-04-11","2016-04-11 00:00","13674.15625","13690.934355828222","13456.04087423313","13674.15625","16300","16300","694785"
"2016-04-12","2016-04-12 00:00","13648.991752615242","13841.940007261923","13607.046479865963","13808.3837890625","16270","16460","476660"
"2016-04-13","2016-04-13 00:00","14018.108199315713","14219.445480454897","13992.941039173314","14194.2783203125","16710","16920","899530"
"2016-04-14","2016-04-14 00:00","14429.172684886884","14664.066193710625","14395.616469340635","14647.2880859375","17200","17460","1508128"
"2016-04-15","2016-04-15 00:00","14504.672944782382","14680.843061520629","14496.28389160437","14588.5634765625","17290","17390","491054"
"2016-04-18","2016-04-18 00:00","14127.164824241974","14244.61156268579","14085.21956051204","14110.38671875","16840","16820","688510"
"2016-04-19","2016-04-19 00:00","14504.672990991436","14655.675948676713","14504.672990991436","14630.5087890625","17290","17440","485691"
"2016-04-20","2016-04-20 00:00","14764.733471665713","14831.845896536921","14622.119568814396","14655.67578125","17600","17470","954850"
"2016-04-21","2016-04-21 00:00","14974.459627237751","15066.739210374792","14370.447810340767","15024.7939453125","17850","17910","1644957"
"2016-04-22","2016-04-22 00:00","14907.347599153683","15234.520675330945","14898.958545918369","15209.353515625","17770","18130","1390642"
"2016-04-25","2016-04-25 00:00","15276.467820559485","15284.856874826677","15083.519572414032","15125.46484375","18210","18030","539481"
"2016-04-26","2016-04-26 00:00","15058.350157362333","15117.07352844954","14907.347203138086","15024.7939453125","17950","17910","527398"
"2016-04-27","2016-04-27 00:00","15075.128646015188","15100.29580569134","14932.514741183659","15016.4052734375","17970","17900","533740"
"2016-04-28","2016-04-28 00:00","15142.24061547256","15242.909251143292","14345.280583079268","14445.94921875","18050","17220","1206593"
"2016-05-02","2016-05-02 00:00","13858.715581441096","14009.7185357183","13833.548422394897","13992.9404296875","16520","16680","939296"
"2016-05-06","2016-05-06 00:00","14043.275897381756","14110.388326998873","13858.716715934685","13967.7744140625","16740","16650","444542"
"2016-05-09","2016-05-09 00:00","14068.443953576616","14118.778278991917","14001.331519689547","14076.8330078125","16770","16780","386922"
"2016-05-10","2016-05-10 00:00","14127.165907434402","14387.2265625","14068.442533709913","14387.2265625","16840","17150","623044"
"2016-05-11","2016-05-11 00:00","14521.449227301337","14580.172592171994","14328.501028440602","14370.4462890625","17310","17130","596595"
"2016-05-12","2016-05-12 00:00","14253.000412528145","14454.337675565623","14185.887991515652","14437.5595703125","16990","17210","376990"
"2016-05-13","2016-05-13 00:00","14487.895235042539","14563.39671571155","14211.056472589496","14236.2236328125","17270","16970","483519"
"2016-05-16","2016-05-16 00:00","14253.002547679227","14420.78362534467","14227.835386029412","14261.3916015625","16990","17000","465277"
"2016-05-17","2016-05-17 00:00","14429.171112804877","14454.33827172256","14311.724371189024","14445.94921875","17200","17220","359652"
"2016-05-18","2016-05-18 00:00","14387.22525455313","14571.784412337485","14320.112833540637","14437.5595703125","17150","17210","608986"
"2016-05-19","2016-05-19 00:00","14563.395359710923","14605.34062284373","14378.836201926568","14437.5595703125","17360","17210","378387"
"2016-05-20","2016-05-20 00:00","14395.615751445086","14546.618713872831","14353.670484104045","14513.062499999998","17160","17300","406334"
"2016-05-23","2016-05-23 00:00","14462.726728192183","14479.504833445308","14236.22230727502","14437.5595703125","17240","17210","642010"
"2016-05-24","2016-05-24 00:00","14387.22685478103","14395.61590834067","14269.780104946083","14294.947265625","17150","17040","402770"
"2016-05-25","2016-05-25 00:00","14563.397630553953","14588.564792357905","14496.285199076745","14538.23046875","17360","17330","853570"
"2016-05-26","2016-05-26 00:00","14689.231851273817","14714.399010356525","14504.672684667292","14529.83984375","17510","17320","844929"
"2016-05-27","2016-05-27 00:00","14605.341201396372","14655.675519149605","14555.006883643138","14596.9521484375","17410","17400","302524"
"2016-05-30","2016-05-30 00:00","14714.398534934806","14798.2890625","14655.675165639172","14798.2890625","17540","17640","466562"
"2016-05-31","2016-05-31 00:00","14739.56449756408","14966.068903616573","14731.175445488061","14932.5126953125","17570","17800","1283733"
"2016-06-01","2016-06-01 00:00","14823.457660714286","14873.791982142859","14655.676589285715","14680.84375","17670","17500","865815"
"2016-06-02","2016-06-02 00:00","14580.174960983133","14588.564014470465","14328.503356363171","14362.0595703125","17380","17120","1038074"
"2016-06-03","2016-06-03 00:00","14404.0056896121","14496.285283430234","14353.671365711301","14429.1728515625","17170","17200","378031"
"2016-06-06","2016-06-06 00:00","14185.8886940955","14378.836914062498","14143.943428885283","14378.836914062498","16910","17140","623930"
"2016-06-07","2016-06-07 00:00","14429.171707233023","14487.895080460135","14336.892120733277","14454.3388671875","17200","17230","288854"
"2016-06-08","2016-06-08 00:00","14487.893276552611","14580.172851562502","14370.446544721843","14580.172851562502","17270","17380","385559"
"2016-06-09","2016-06-09 00:00","14496.28293869843","14555.00630708436","14387.22525455313","14437.5595703125","17280","17210","357920"
"2016-06-10","2016-06-10 00:00","14420.782179272717","14429.17123231476","14303.335436684109","14378.836914062498","17190","17140","387822"
"2016-06-13","2016-06-13 00:00","14127.166777331977","14152.333939049315","13909.05137578172","13917.4404296875","16840","16590","938739"
"2016-06-14","2016-06-14 00:00","13867.104563643292","13959.384146341463","13674.15634527439","13758.046875","16530","16400","980222"
"2016-06-15","2016-06-15 00:00","13690.934333282768","13875.493497089275","13648.98906878129","13825.1591796875","16320","16480","556379"
"2016-06-16","2016-06-16 00:00","13758.046042841479","13799.991305167216","13346.982472049263","13388.927734375","16400","15960","1074142"
"2016-06-17","2016-06-17 00:00","13607.042701480264","13690.933223684211","13514.763127055921","13548.3193359375","16220","16150","680257"
"2016-06-20","2016-06-20 00:00","13758.047348771983","13909.050307478017","13749.658295510537","13833.548828125","16400","16490","511483"
"2016-06-21","2016-06-21 00:00","13758.04465155033","14051.661458138295","13674.15413538234","14001.3271484375","16400","16690","999152"
"2016-06-22","2016-06-22 00:00","13967.773390436747","14009.718655873494","13858.715700301205","13925.828125","16650","16600","327623"
"2016-06-23","2016-06-23 00:00","13976.163175669377","14101.998978571562","13917.43980098169","14060.0537109375","16660","16760","578877"
"2016-06-24","2016-06-24 00:00","14169.111616353155","14219.445938258494","12877.197354116099","12961.087890625","16890","15450","2695980"
"2016-06-27","2016-06-27 00:00","13154.03588620581","13296.649795686357","13061.756297718395","13288.2607421875","15680","15840","1188744"
"2016-06-28","2016-06-28 00:00","13103.70102428369","13414.095990928054","13011.421439605636","13321.81640625","15620","15880","993501"
"2016-06-29","2016-06-29 00:00","13506.372667403786","13565.096026827281","13363.758794518157","13514.76171875","16100","16110","596274"
"2016-06-30","2016-06-30 00:00","13682.544171463816","13707.711328125","13539.930283717105","13548.3193359375","16310","16150","435045"
"2016-07-01","2016-07-01 00:00","13640.59917829069","13690.933492601725","13565.097706824137","13607.04296875","16260","16220","389587"
"2016-07-04","2016-07-04 00:00","13506.375027508804","13732.87945343597","13506.375027508804","13699.3232421875","16100","16330","545194"
"2016-07-05","2016-07-05 00:00","13615.433761935763","13640.600922309028","13539.932280815972","13590.2666015625","16230","16200","584234"
"2016-07-06","2016-07-06 00:00","13154.036301916933","13170.814409444887","12952.69901158147","13128.869140625","15680","15650","1122316"
"2016-07-07","2016-07-07 00:00","13120.479016780546","13170.813335259243","13003.032273663584","13044.9775390625","15640","15550","375778"
"2016-07-08","2016-07-08 00:00","13283.150765005686","13385.591516406757","13120.952908620655","13138.0263671875","15560","15390","573834"
"2016-07-11","2016-07-11 00:00","13436.812819002269","13735.598364532814","13436.812819002269","13641.6943359375","15740","15980","729711"
"2016-07-12","2016-07-12 00:00","13923.405816370414","14111.213865395643","13914.869086869267","13957.552734375","16310","16350","840809"
"2016-07-13","2016-07-13 00:00","14299.022356707663","14307.559086472862","14068.5306530473","14077.0673828125","16750","16490","672920"
"2016-07-14","2016-07-14 00:00","14111.215267298103","14247.802952885986","14085.605076250375","14230.7294921875","16530","16670","593785"
"2016-07-15","2016-07-15 00:00","14290.488815507673","14418.539790557024","14247.805157157889","14324.6357421875","16740","16780","960740"
"2016-07-19","2016-07-19 00:00","14427.074480544532","14529.51524608686","14341.707175925925","14520.978515625","16900","17010","1404062"
"2016-07-20","2016-07-20 00:00","14444.148218436392","14495.368602189714","14367.317642806413","14461.2216796875","16920","16940","542774"
"2016-07-21","2016-07-21 00:00","14657.565924258088","14708.786306055144","14529.514969765441","14580.7353515625","17170","17080","590320"
"2016-07-22","2016-07-22 00:00","14384.389810426539","14486.830568720377","14375.853080568719","14410","16850","16880","328024"
"2016-07-25","2016-07-25 00:00","14461.22249801338","14563.663271316898","14418.538842470247","14435.6123046875","16940","16910","355989"
"2016-07-26","2016-07-26 00:00","14358.78044742614","14367.317177775383","14162.43564939356","14230.7294921875","16820","16670","441081"
"2016-07-27","2016-07-27 00:00","14384.390509771387","14614.882227138643","14358.780318952802","14469.7578125","16850","16950","1062110"
"2016-07-28","2016-07-28 00:00","14392.92823401163","14418.538426598838","14273.414001937985","14316.09765625","16860","16770","830744"
"2016-07-29","2016-07-29 00:00","14273.414099591988","14503.90583445382","14017.31217196773","14384.3916015625","16720","16850","1454934"
"2016-08-01","2016-08-01 00:00","14213.65729586321","14478.295960230633","14170.973640320077","14435.6123046875","16650","16910","1097916"
"2016-08-02","2016-08-02 00:00","14290.486604632199","14358.78044742614","14222.192761838258","14230.7294921875","16740","16670","629657"
"2016-08-03","2016-08-03 00:00","14051.458123615143","14136.825426917787","13931.943898991442","13966.0908203125","16460","16360","681025"
"2016-08-04","2016-08-04 00:00","14008.775645997277","14128.289880637107","13812.430831946127","14102.6796875","16410","16520","1285464"
"2016-08-05","2016-08-05 00:00","14111.2158203125","14196.583127150445","14085.605628261115","14111.2158203125","16530","16530","385513"
"2016-08-08","2016-08-08 00:00","14341.707668439716","14452.685168255024","14316.097476174646","14444.1484375","16800","16920","533354"
"2016-08-09","2016-08-09 00:00","14444.148100517166","14563.662328299224","14435.611369961305","14546.5888671875","16920","17040","533512"
"2016-08-10","2016-08-10 00:00","14495.367566859182","14606.345057064817","14461.22064679591","14503.904296875","16980","16990","507526"
"2016-08-12","2016-08-12 00:00","14623.420238874345","14717.324280104713","14597.810045811519","14674.640625","17130","17190","581744"
"2016-08-15","2016-08-15 00:00","14649.029136109895","14700.249517704684","14623.4189453125","14623.4189453125","17160","17130","218231"
"2016-08-16","2016-08-16 00:00","14674.640999666963","14674.640999666963","14418.5390625","14418.5390625","17190","16890","351079"
"2016-08-17","2016-08-17 00:00","14418.537908849583","14563.662328299224","14410.001178293722","14546.5888671875","16890","17040","425813"
"2016-08-18","2016-08-18 00:00","14444.149985566895","14512.44383892655","14307.562278847587","14324.6357421875","16920","16780","434635"
"2016-08-19","2016-08-19 00:00","14384.389866031639","14427.07351548574","14281.9491073418","14367.31640625","16850","16830","228879"
"2016-08-22","2016-08-22 00:00","14410","14435.61018957346","14358.77962085308","14410","16880","16880","267902"
"2016-08-23","2016-08-23 00:00","14358.780930694362","14469.758428969644","14281.950354965318","14307.560546875","16820","16760","508365"
"2016-08-24","2016-08-24 00:00","14401.465063404117","14452.685448928969","14358.781408800074","14384.3916015625","16870","16850","237784"
"2016-08-25","2016-08-25 00:00","14392.928332483309","14444.14871800816","14341.707946958457","14384.3916015625","16860","16850","163167"
"2016-08-26","2016-08-26 00:00","14324.634127869898","14324.634127869898","14179.509705835459","14222.193359375","16780","16660","429761"
"2016-08-29","2016-08-29 00:00","14486.832348933865","14563.662927095565","14478.29561802701","14538.052734375","16970","17030","368410"
"2016-08-30","2016-08-30 00:00","14512.443296370968","14555.126953125","14486.833102318547","14555.126953125","17000","17050","373140"
"2016-08-31","2016-08-31 00:00","14649.031029449216","14691.71468629493","14623.420835341787","14666.1044921875","17160","17180","379203"
"2016-09-01","2016-09-01 00:00","14666.103077816491","14725.86019163763","14649.029616724738","14700.25","17180","17220","300774"
"2016-09-02","2016-09-02 00:00","14666.103077816491","14717.323461091753","14631.956155632985","14700.25","17180","17220","312431"
"2016-09-05","2016-09-05 00:00","14870.983510076861","14896.59369981867","14777.079481023564","14785.6162109375","17420","17320","734488"
"2016-09-06","2016-09-06 00:00","14802.690589917962","14853.910972582038","14794.15385947395","14828.30078125","17340","17370","216717"
"2016-09-07","2016-09-07 00:00","14683.175451970264","14785.6162109375","14683.175451970264","14785.6162109375","17200","17320","193445"
"2016-09-08","2016-09-08 00:00","14760.008032466885","14768.54476354408","14631.957066308989","14742.9345703125","17290","17270","447353"
"2016-09-09","2016-09-09 00:00","14760.005479600695","14785.61566840278","14683.174913194445","14751.46875","17290","17280","216857"
"2016-09-12","2016-09-12 00:00","14572.19994023161","14597.810133448187","14418.538780932156","14478.2958984375","17070","16960","438098"
"2016-09-13","2016-09-13 00:00","14572.198298991076","14580.735029101792","14469.757537662492","14529.5146484375","17070","17020","290050"
"2016-09-14","2016-09-14 00:00","14435.6123046875","14512.442884665139","14418.538842470247","14435.6123046875","16910","16910","161952"
"2016-09-15","2016-09-15 00:00","14350.242895654004","14358.779625514597","14213.655217884545","14256.3388671875","16810","16700","380352"
"2016-09-16","2016-09-16 00:00","14299.022189218564","14358.779296875","14264.875270557743","14358.779296875","16750","16820","248273"
"2016-09-20","2016-09-20 00:00","14256.34054021318","14410.001695736435","14239.267078488372","14316.09765625","16700","16770","204909"
"2016-09-21","2016-09-21 00:00","14307.56013935564","14606.345703125","14213.656105028127","14606.345703125","16760","17110","786389"
"2016-09-23","2016-09-23 00:00","14563.662328299224","14597.809250522669","14520.978675519917","14546.5888671875","17060","17040","295718"
"2016-09-26","2016-09-26 00:00","14512.4410344475","14512.4410344475","14333.169704021973","14350.2431640625","17000","16810","316590"
"2016-09-27","2016-09-27 00:00","14239.267428416126","14478.2958984375","14145.363386622015","14478.2958984375","16680","16960","417391"
"2016-09-28","2016-09-28 00:00","14427.074656639235","14444.148117771352","14324.633889846531","14392.927734375","16900","16860","326496"
"2016-09-29","2016-09-29 00:00","14529.513780381945","14657.564724392361","14512.440321180557","14597.8076171875","17020","17100","526914"
"2016-09-30","2016-09-30 00:00","14427.074656639235","14427.074656639235","14341.707350978648","14392.927734375","16900","16860","512950"
"2016-10-03","2016-10-03 00:00","14503.90565199908","14563.662767693015","14478.295459558823","14512.4423828125","16990","17000","311409"
"2016-10-04","2016-10-04 00:00","14572.19878155136","14640.492624698642","14546.588590371128","14606.345703125","17070","17110","424545"
"2016-10-05","2016-10-05 00:00","14674.640563823232","14725.860949735354","14623.420177911108","14717.32421875","17190","17240","384555"
"2016-10-06","2016-10-06 00:00","14794.155494024408","14845.375882347631","14760.008568475592","14777.08203125","17330","17310","485598"
"2016-10-07","2016-10-07 00:00","14751.46875","14777.078938802084","14708.78510199653","14751.46875","17280","17280","390338"
"2016-10-11","2016-10-11 00:00","14811.22801614464","14930.742247975202","14811.22801614464","14888.05859375","17350","17440","459156"
"2016-10-12","2016-10-12 00:00","14751.471301389693","14828.301881084431","14725.861108158113","14742.9345703125","17280","17270","283869"
"2016-10-13","2016-10-13 00:00","14811.22892546293","14853.912582308645","14640.494298080072","14666.1044921875","17350","17180","509701"
"2016-10-14","2016-10-14 00:00","14666.10377205032","14760.0078125","14640.493579200405","14760.0078125","17180","17290","327111"
"2016-10-17","2016-10-17 00:00","14742.934885877992","14819.765467217254","14717.32469209824","14794.1552734375","17270","17330","230406"
"2016-10-18","2016-10-18 00:00","14751.46961306099","14845.37364416265","14734.396152860687","14836.8369140625","17280","17380","193619"
"2016-10-19","2016-10-19 00:00","14828.299370535075","14888.05647795807","14819.762640903218","14862.446289062502","17370","17410","216281"
"2016-10-20","2016-10-20 00:00","14853.91046848427","15075.865452496104","14853.91046848427","15058.7919921875","17400","17640","1009907"
"2016-10-21","2016-10-21 00:00","15101.476842388798","15127.087034885782","15007.572803233186","15041.7197265625","17690","17620","294705"
"2016-10-24","2016-10-24 00:00","15092.93771676812","15092.93771676812","15016.10715146783","15075.8642578125","17680","17660","177328"
"2016-10-25","2016-10-25 00:00","15152.696609282882","15203.9169921875","15135.623148314677","15203.9169921875","17750","17810","358314"
"2016-10-26","2016-10-26 00:00","15144.159501185042","15212.453343354986","15127.086040642556","15195.3798828125","17740","17800","313435"
"2016-10-27","2016-10-27 00:00","15178.306859471777","15229.527242574606","15110.01301533467","15161.2333984375","17780","17760","283704"
"2016-10-28","2016-10-28 00:00","15255.138073812395","15272.211535562605","15220.991150311975","15263.6748046875","17870","17880","409013"
"2016-10-31","2016-10-31 00:00","15186.842500043744","15246.599609375","15152.695580425881","15246.599609375","17790","17860","219737"
"2016-11-01","2016-11-01 00:00","15220.991150311975","15289.284997312814","15161.23403418624","15263.6748046875","17830","17880","373066"
"2016-11-02","2016-11-02 00:00","15092.941155022765","15118.551349290337","14939.27998941733","14999.037109375","17680","17570","622735"
"2016-11-04","2016-11-04 00:00","14853.91005024899","14862.446780162925","14708.785641712075","14785.6162109375","17400","17320","574838"
"2016-11-07","2016-11-07 00:00","15016.110131406162","15041.72032492192","14930.742819686968","15033.18359375","17590","17610","355671"
"2016-11-08","2016-11-08 00:00","15092.939951677088","15092.939951677088","14981.962452032405","15016.109375","17680","17590","274682"
"2016-11-09","2016-11-09 00:00","15135.62284770765","15255.13707211143","14085.60501901727","14273.4130859375","17730","16720","3517265"
"2016-11-10","2016-11-10 00:00","15144.159558758804","15212.45340118838","14964.888222381162","15152.6962890625","17740","17750","1874755"
"2016-11-11","2016-11-11 00:00","15323.430836881143","15408.798139593573","15152.696231456284","15195.3798828125","17950","17800","1217952"
"2016-11-14","2016-11-14 00:00","15297.820303867404","15485.628365633633","15280.746843706836","15451.4814453125","17920","18100","913762"
"2016-11-15","2016-11-15 00:00","15477.09163555335","15494.165095713915","15400.261064830802","15451.4814453125","18130","18100","436000"
"2016-11-16","2016-11-16 00:00","15613.682772840475","15656.366432689683","15579.535844961109","15639.29296875","18290","18320","1128466"
"2016-11-17","2016-11-17 00:00","15553.922952954235","15639.290257855191","15545.38622246414","15622.216796875","18220","18300","351689"
"2016-11-18","2016-11-18 00:00","15784.412378168261","15792.949107415514","15724.6552734375","15724.6552734375","18490","18420","928083"
"2016-11-21","2016-11-21 00:00","15784.4149795417","15861.24555542914","15750.26805692506","15827.0986328125","18490","18540","408621"
"2016-11-22","2016-11-22 00:00","15801.487786668346","15895.391819976478","15784.414326066868","15878.318359375","18510","18600","465598"
"2016-11-24","2016-11-24 00:00","16049.055885583068","16083.202812999201","16014.908958166934","16031.982421875002","18800","18780","641575"
"2016-11-25","2016-11-25 00:00","16091.737902857949","16168.568481704486","15997.833862045514","16083.201171875","18850","18840","825855"
"2016-11-28","2016-11-28 00:00","16006.371031416224","16066.128149933511","15929.540450465425","16049.0546875","18750","18800","467622"
"2016-11-29","2016-11-29 00:00","15946.612029166667","16023.442601041666","15946.612029166667","16006.369140625","18680","18750","257712"
"2016-11-30","2016-11-30 00:00","16049.052411286018","16066.125871298025","15980.758571237993","15997.83203125","18800","18740","363639"
"2016-12-01","2016-12-01 00:00","16262.469235190862","16399.056903307952","16142.95502558841","16185.638671875","19050","18960","982671"
"2016-12-02","2016-12-02 00:00","16125.884007973966","16160.030930171899","16014.906510830684","16108.810546875","18890","18870","596634"
"2016-12-05","2016-12-05 00:00","16040.518239768253","16066.12843387113","15946.614194724374","15989.2978515625","18790","18730","618374"
"2016-12-06","2016-12-06 00:00","16142.956165790305","16177.103085231427","16014.905217886098","16057.588867187502","18910","18810","341223"
"2016-12-07","2016-12-07 00:00","16125.879834860909","16177.100204902817","16091.732921499635","16168.5634765625","18890","18940","533590"
"2016-12-08","2016-12-08 00:00","16339.303428796851","16407.59727802902","16271.00957956468","16399.060546875","19140","19210","468837"
"2016-12-09","2016-12-09 00:00","16424.669252117557","16655.160972391554","16424.669252117557","16629.55078125","19240","19480","992489"
"2016-12-12","2016-12-12 00:00","16800.282874617737","16860.03997833843","16663.69520897044","16749.0625","19680","19620","544215"
"2016-12-13","2016-12-13 00:00","16689.30916621767","16842.970324781312","16663.69897312373","16834.43359375","19550","19720","574203"
"2016-12-14","2016-12-14 00:00","16860.043407732435","16868.580138571793","16774.676099338853","16825.896484375","19750","19710","357071"
"2016-12-15","2016-12-15 00:00","16902.72624192629","16996.63027660366","16774.675285548063","16851.505859375","19800","19740","892927"
"2016-12-16","2016-12-16 00:00","16979.557457869145","17005.167650113293","16919.800342632803","16953.947265625","19890","19860","541953"
"2016-12-19","2016-12-19 00:00","16894.19052749119","16962.484375","16877.11706561399","16962.484375","19790","19870","332256"
"2016-12-20","2016-12-20 00:00","16936.873684869737","17064.924645188814","16928.3369541818","17039.314453125","19840","19960","453711"
"2016-12-21","2016-12-21 00:00","17073.461816014056","17133.218932370106","16936.874121485944","17005.16796875","20000","19920","687774"
"2016-12-22","2016-12-22 00:00","16979.556261396505","16979.556261396505","16902.72569007797","16971.01953125","19890","19880","348621"
"2016-12-26","2016-12-26 00:00","16971.021105938602","16996.631298754404","16953.947644061398","16962.484375","19880","19870","191167"
"2016-12-27","2016-12-27 00:00","16936.874182184198","17039.314953447407","16928.337451245596","16962.484375","19840","19870","234988"
"2016-12-28","2016-12-28 00:00","16996.631237841993","17030.778161474023","16953.94758330196","17005.16796875","19910","19920","297785"
"2016-12-29","2016-12-29 00:00","16911.262707749618","16911.262707749618","16714.91791104177","16757.6015625","19810","19630","486844"
"2016-12-30","2016-12-30 00:00","16629.550665538816","16791.748541640067","16621.013935217696","16714.91796875","19480","19580","396139"
"2017-01-04","2017-01-04 00:00","16894.19066021072","17158.82932138633","16885.653929205055","17141.755859375","19790","20080","749647"
"2017-01-05","2017-01-05 00:00","17158.829003028222","17175.902464722778","17039.314771166333","17090.53515625","20100","20020","679991"
"2017-01-06","2017-01-06 00:00","16945.4119821037","17056.389491306392","16928.338519149438","17030.779296875","19850","19950","474555"
"2017-01-10","2017-01-10 00:00","16996.62939798026","17056.386507867686","16860.041718237575","16919.798828125","19910","19820","388580"
"2017-01-11","2017-01-11 00:00","16953.947265625","16979.557457869145","16928.337073380855","16953.947265625","19860","19860","351023"
"2017-01-12","2017-01-12 00:00","16868.579437690936","16885.65289866026","16697.84482799771","16766.138671875","19760","19640","591801"
"2017-01-13","2017-01-13 00:00","16783.21195798067","16894.189453125","16774.675227584954","16894.189453125","19660","19790","372166"
"2017-01-16","2017-01-16 00:00","16825.894642800227","16851.504832515297","16689.30696431986","16740.52734375","19710","19610","481413"
"2017-01-17","2017-01-17 00:00","16697.844417216616","16697.844417216616","16484.42616035035","16492.962890625","19560","19320","658995"
"2017-01-18","2017-01-18 00:00","16424.66818218428","16586.86604884826","16330.764154115657","16561.255859375","19240","19400","689105"
"2017-01-19","2017-01-19 00:00","16689.307777786646","16749.064890034475","16621.013935217696","16714.91796875","19550","19580","308724"
"2017-01-20","2017-01-20 00:00","16680.77098987519","16800.285213958225","16672.234259583543","16757.6015625","19540","19630","335402"
"2017-01-23","2017-01-23 00:00","16603.9395084971","16663.69661726804","16527.10894007732","16561.255859375","19450","19400","437368"
"2017-01-24","2017-01-24 00:00","16467.353515625","16561.257553298343","16441.74332353227","16467.353515625","19290","19290","399512"
"2017-01-25","2017-01-25 00:00","16706.38249515473","16757.602880934457","16612.47845455856","16655.162109375","19570","19510","871864"
"2017-01-26","2017-01-26 00:00","16851.50687279819","16988.094567815802","16834.433410920985","16962.484375","19740","19870","430065"
"2017-01-27","2017-01-27 00:00","17039.315271418716","17056.388733614527","16979.55815373338","17013.705078125","19960","19930","406369"
"2017-01-30","2017-01-30 00:00","16971.020727121097","16971.020727121097","16894.19015038866","16953.947265625","19880","19860","200917"
"2017-01-31","2017-01-31 00:00","16740.52859818801","16800.285712001023","16663.698023285568","16680.771484375","19610","19540","572642"
"2017-02-01","2017-02-01 00:00","16578.33060121245","16766.138671875","16561.257140243128","16766.138671875","19420","19640","469320"
"2017-02-02","2017-02-02 00:00","16783.21319753027","16783.21319753027","16518.574535717737","16569.794921875","19660","19410","641040"
"2017-02-03","2017-02-03 00:00","16646.6231576192","16689.3068067413","16484.42529095522","16561.255859375","19500","19400","463324"
"2017-02-06","2017-02-06 00:00","16714.916940472365","16723.453670268314","16552.719074349294","16603.939453125","19580","19450","269708"
"2017-02-07","2017-02-07 00:00","16492.96202077964","16612.47623832152","16467.35183130638","16561.255859375","19320","19400","234788"
"2017-02-08","2017-02-08 00:00","16578.328072836415","16638.085177115434","16518.570968557397","16621.01171875","19420","19470","130284"
"2017-02-09","2017-02-09 00:00","16586.867625668838","16621.014548212675","16518.573780581162","16552.720703125","19430","19390","126467"
"2017-02-10","2017-02-10 00:00","16842.969765900365","16979.557457869145","16808.82284290817","16953.947265625","19730","19860","582789"
"2017-02-13","2017-02-13 00:00","17073.461375876752","17090.534837252628","16996.630799685307","17039.314453125","20000","19960","475382"
"2017-02-14","2017-02-14 00:00","17056.387389580166","17064.92412000538","16834.43239852457","16851.505859375","19980","19740","385408"
"2017-02-15","2017-02-15 00:00","17039.31489238203","17064.92508510605","17005.16796875","17005.16796875","19960","19920","553083"
"2017-02-16","2017-02-16 00:00","16996.62939798026","17005.166127964178","16860.041718237575","16919.798828125","19910","19820","348707"
"2017-02-17","2017-02-17 00:00","16834.432019766853","16868.578940699445","16774.67490813482","16842.96875","19720","19730","265422"
"2017-02-20","2017-02-20 00:00","16791.74874639849","16868.57932022543","16731.991633421985","16851.505859375","19670","19740","196105"
"2017-02-21","2017-02-21 00:00","16868.57995814451","16979.557457869145","16868.57995814451","16953.947265625","19760","19860","112658"
"2017-02-22","2017-02-22 00:00","17013.70438086134","17013.70438086134","16919.800342632803","16953.947265625","19930","19860","131029"
"2017-02-23","2017-02-23 00:00","16953.947644061398","16962.484375","16860.04360373679","16962.484375","19860","19870","118747"
"2017-02-24","2017-02-24 00:00","16860.04485775726","16979.559099786933","16825.897931463067","16902.728515625","19750","19800","215524"
"2017-02-27","2017-02-27 00:00","16774.676159754894","16800.28635236521","16638.088465833225","16783.212890625","19650","19660","430016"
"2017-02-28","2017-02-28 00:00","16834.432135124807","16877.115786583036","16757.6015625","16757.6015625","19720","19630","206494"
"2017-03-01","2017-03-01 00:00","16834.432975734555","17005.16759009292","16783.212591427047","16996.630859375","19720","19910","489398"
"2017-03-02","2017-03-02 00:00","17201.514178168618","17227.124372974824","17124.68359375","17124.68359375","20150","20060","1183536"
"2017-03-03","2017-03-03 00:00","17124.680559465716","17150.29074973411","16979.556147944822","17056.38671875","20060","19980","298779"
"2017-03-06","2017-03-06 00:00","17005.16487556561","17005.16487556561","16936.87104072398","16979.5546875","19920","19890","129342"
"2017-03-07","2017-03-07 00:00","16928.336316508634","16971.019968340475","16919.799586142264","16936.873046875","19830","19840","145979"
"2017-03-08","2017-03-08 00:00","16919.798503922066","16936.871963562753","16808.821016257592","16868.578125","19820","19760","277833"
"2017-03-09","2017-03-09 00:00","16953.945748060672","16953.945748060672","16877.11517820541","16919.798828125","19860","19820","118394"
"2017-03-10","2017-03-10 00:00","17073.46119778717","17184.438695572786","17030.7775447927","17167.365234375","20000","20110","499861"
"2017-03-13","2017-03-13 00:00","17107.60692995529","17218.58442001987","17107.60692995529","17184.4375","20040","20130","284734"
"2017-03-14","2017-03-14 00:00","17201.512156770572","17201.512156770572","17158.828503776105","17167.365234375","20150","20110","214476"
"2017-03-15","2017-03-15 00:00","17107.60931277999","17150.29296875","17073.46238800398","17150.29296875","20040","20090","134347"
"2017-03-16","2017-03-16 00:00","17039.315463227973","17184.439893526007","17030.77873203397","17150.29296875","19960","20090","312676"
"2017-03-17","2017-03-17 00:00","17081.998425402722","17116.145348791833","17064.924963708167","17090.53515625","20010","20020","133967"
"2017-03-21","2017-03-21 00:00","17005.167530373245","17073.461375876752","16936.873684869737","17039.314453125","19920","19960","348375"
"2017-03-22","2017-03-22 00:00","16723.455516703965","16800.286093350383","16663.698401534526","16689.30859375","19590","19550","766335"
"2017-03-23","2017-03-23 00:00","16706.37809510523","16740.525009964924","16612.47407924107","16731.98828125","19570","19600","427558"
"2017-03-24","2017-03-24 00:00","16723.455278876583","16902.726621835445","16689.30835640823","16860.04296875","19590","19750","244674"
"2017-03-27","2017-03-27 00:00","16689.30789391363","16723.454815435703","16578.33039896689","16629.55078125","19550","19480","389517"
"2017-03-28","2017-03-28 00:00","16757.601126596655","16808.82150701417","16723.454206318314","16791.748046875","19630","19670","248911"
"2017-03-29","2017-03-29 00:00","16936.873046875","16971.019968340475","16885.65266467679","16936.873046875","19840","19840","411027"
"2017-03-30","2017-03-30 00:00","16902.725537779614","16936.872458057955","16783.211316805413","16791.748046875","19800","19670","236417"
"2017-03-31","2017-03-31 00:00","16902.726478537614","16936.87340071648","16680.771484375","16680.771484375","19800","19540","285737"
"2017-04-03","2017-04-03 00:00","16723.453883939954","16817.357912895208","16680.77023441484","16740.52734375","19590","19610","251244"
"2017-04-04","2017-04-04 00:00","16689.309537123456","16706.382999565525","16492.96471903965","16578.33203125","19550","19420","725894"
"2017-04-05","2017-04-05 00:00","16655.16135177495","16697.845004649822","16552.720584875256","16638.087890625","19510","19490","183509"
"2017-04-06","2017-04-06 00:00","16544.1853578629","16578.33228326613","16339.303805443547","16407.59765625","19380","19220","735664"
"2017-04-07","2017-04-07 00:00","16527.111010362696","16552.721203044042","16322.229468911917","16475.890625","19360","19300","546985"
"2017-04-10","2017-04-10 00:00","16569.793726679105","16621.01410914179","16544.183535447763","16586.8671875","19410","19430","155039"
"2017-04-11","2017-04-11 00:00","16484.42729530039","16552.721142199614","16450.280371850775","16518.57421875","19310","19350","259776"
"2017-04-12","2017-04-12 00:00","16390.519963465555","16399.05669261319","16279.542484546255","16356.373046875","19200","19160","676253"
"2017-04-13","2017-04-13 00:00","16219.78607898622","16279.543185593011","16142.955513348918","16262.4697265625","19000","19050","483662"
"2017-04-14","2017-04-14 00:00","16185.643998579544","16236.864390980112","16117.350142045454","16151.4970703125","18960","18920","253051"
"2017-04-17","2017-04-17 00:00","16083.202177780706","16194.1796875","16066.128714746968","16194.1796875","18840","18970","222178"
"2017-04-18","2017-04-18 00:00","16305.15517177642","16356.375554514985","16185.640945386436","16236.861328125","19100","19020","224464"
"2017-04-19","2017-04-19 00:00","16168.565701894684","16279.543185593011","16151.492242864173","16262.4697265625","18940","19050","190012"
"2017-04-20","2017-04-20 00:00","16271.006456077756","16322.22683316929","16236.859538016732","16262.4697265625","19060","19050","269212"
"2017-04-21","2017-04-21 00:00","16381.982372133252","16433.20274432335","16339.298728641503","16424.666015625","19190","19240","203494"
"2017-04-24","2017-04-24 00:00","16663.698082349925","16680.77154349987","16603.940968325103","16638.087890625","19520","19490","334906"
"2017-04-25","2017-04-25 00:00","16629.55323207487","16842.971523040927","16621.01650043623","16817.361328125","19480","19700","515455"
"2017-04-26","2017-04-26 00:00","16911.263175251257","16996.630480527638","16894.18971419598","16988.09375","19810","19900","639991"
"2017-04-27","2017-04-27 00:00","16936.874182184198","16988.094567815802","16928.337451245596","16962.484375","19840","19870","332490"
"2017-04-28","2017-04-28 00:00","16962.484815265696","16979.558277586046","16885.65423482413","16928.337890625","19870","19830","249026"
"2017-05-01","2017-05-01 00:00","16936.874498243855","17022.241809222905","16936.874498243855","17013.705078125","19840","19930","291767"
"2017-05-02","2017-05-02 00:00","17047.8514418286","17158.828942451422","17047.8514418286","17133.21875","19970","20070","440566"
"2017-05-08","2017-05-08 00:00","17389.318949876764","17577.12700922742","17372.245489935794","17534.443359375","20370","20540","1563967"
"2017-05-09","2017-05-09 00:00","17551.518835407514","17568.592297309664","17491.76171875","17491.76171875","20560","20490","568276"
"2017-05-10","2017-05-10 00:00","17534.44254565204","17585.66292309796","17508.832356929084","17560.052734375","20540","20570","261704"
"2017-05-11","2017-05-11 00:00","17594.20545511033","17628.35238466901","17542.98506077231","17602.7421875","20610","20620","463961"
"2017-05-12","2017-05-12 00:00","17551.522307294203","17585.66923785314","17457.618248257124","17525.912109375","20560","20530","279902"
"2017-05-15","2017-05-15 00:00","17423.468624299123","17517.372668820088","17414.931892979035","17508.8359375","20410","20510","202474"
"2017-05-16","2017-05-16 00:00","17577.128527582907","17636.885642538266","17517.37141262755","17568.591796875","20590","20580","310755"
"2017-05-17","2017-05-17 00:00","17466.15234375","17500.299269153224","17432.005418346773","17466.15234375","20460","20460","320780"
"2017-05-18","2017-05-18 00:00","17210.04839108911","17286.878964263615","17150.29127862005","17244.1953125","20160","20200","379440"
"2017-05-19","2017-05-19 00:00","17278.346080246913","17312.49300925926","17192.97875771605","17286.8828125","20240","20250","276873"
"2017-05-22","2017-05-22 00:00","17372.24766854105","17397.857861664208","17303.953820212635","17363.7109375","20350","20340","243507"
"2017-05-23","2017-05-23 00:00","17321.024631344044","17372.245009751172","17269.804252936912","17303.951171875","20290","20270","103572"
"2017-05-24","2017-05-24 00:00","17432.00668028139","17440.543412250183","17363.71282453102","17406.396484375","20420","20390","203101"
"2017-05-25","2017-05-25 00:00","17389.319439562958","17508.83366251528","17389.319439562958","17457.61328125","20370","20450","326815"
"2017-05-26","2017-05-26 00:00","17449.076666154793","17457.61339642199","17355.172633215603","17372.24609375","20440","20350","184473"
"2017-05-29","2017-05-29 00:00","17363.708604894244","17406.39225436547","17303.95149563453","17355.171875","20340","20330","121693"
"2017-05-30","2017-05-30 00:00","17355.171875","17363.708604894244","17252.73111626906","17355.171875","20330","20330","206638"
"2017-05-31","2017-05-31 00:00","17303.950358874692","17355.170734875308","17278.340170874384","17329.560546875","20270","20300","118546"
"2017-06-01","2017-06-01 00:00","17346.635731707316","17534.443795731706","17346.635731707316","17500.296875","20320","20500","408644"
"2017-06-02","2017-06-02 00:00","17594.20088630303","17850.302791489394","17594.20088630303","17807.619140625","20610","20860","1043336"
"2017-06-05","2017-06-05 00:00","17739.32611280305","17833.230149011342","17722.25265167427","17782.009765625","20780","20830","432206"
"2017-06-06","2017-06-06 00:00","17756.40019379845","17764.936924660855","17585.66557655039","17619.8125","20800","20640","478539"
"2017-06-07","2017-06-07 00:00","17602.738659946073","17662.495774698556","17560.055006551444","17611.275390625","20620","20630","180430"
"2017-06-08","2017-06-08 00:00","17688.106026785714","17696.642757493624","17551.518335459183","17568.591796875","20720","20580","216677"
"2017-06-09","2017-06-09 00:00","17611.275331124576","17722.25282957568","17577.128408524237","17653.958984375","20630","20680","298454"
"2017-06-12","2017-06-12 00:00","17551.51600480068","17594.199652672276","17491.758897780444","17560.052734375","20560","20570","167113"
"2017-06-13","2017-06-13 00:00","17508.831978052043","17577.125813168775","17508.831978052043","17551.515625","20510","20560","165714"
"2017-06-14","2017-06-14 00:00","17611.274309990877","17645.421230611315","17542.98046875","17542.98046875","20630","20550","314556"
"2017-06-15","2017-06-15 00:00","17491.76014481707","17611.27436737805","17423.46630335366","17500.296875","20490","20500","314197"
"2017-06-16","2017-06-16 00:00","17568.592931222705","17645.423512554586","17542.982737445414","17594.203125","20580","20610","189177"
"2017-06-19","2017-06-19 00:00","17602.736976027605","17713.714464237284","17594.20024616532","17705.177734375","20620","20740","138516"
"2017-06-20","2017-06-20 00:00","17833.228515625","17918.595813449916","17833.228515625","17833.228515625","20890","20890","454082"
"2017-06-21","2017-06-21 00:00","17790.54693512506","17824.693858225106","17739.326550474987","17747.86328125","20840","20790","248383"
"2017-06-22","2017-06-22 00:00","17756.403165623495","17799.08682707932","17722.256236458834","17730.79296875","20800","20770","120997"
"2017-06-23","2017-06-23 00:00","17756.400012025013","17764.936742800022","17705.17962737494","17747.86328125","20800","20790","197068"
"2017-06-26","2017-06-26 00:00","17739.325356274025","17807.619197876622","17730.788626073703","17764.935546875","20780","20810","92964"
"2017-06-27","2017-06-27 00:00","17833.232043971504","17858.842238386016","17799.085118085488","17824.6953125","20890","20880","221959"
"2017-06-28","2017-06-28 00:00","17782.009765625","17850.303610140123","17756.39957393183","17782.009765625","20830","20830","183836"
"2017-06-29","2017-06-29 00:00","17884.45319041567","17892.989922248806","17833.232799416866","17841.76953125","20950","20900","267214"
"2017-06-30","2017-06-30 00:00","17679.566786129042","17696.640245120958","17611.27295016138","17688.103515625","20710","20720","854374"
"2017-07-03","2017-07-03 00:00","17688.107799686444","17739.328189067775","17679.571068122892","17696.64453125","20720","20730","212917"
"2017-07-04","2017-07-04 00:00","17841.764263188074","17841.764263188074","17628.34603037482","17679.56640625","20900","20710","419427"
"2017-07-05","2017-07-05 00:00","17432.005795447607","17483.22618466048","17321.028285486384","17474.689453125","20420","20470","394798"
"2017-07-06","2017-07-06 00:00","17466.15202780331","17474.68875899969","17363.71125344669","17414.931640625","20460","20400","263769"
"2017-07-07","2017-07-07 00:00","17559.392883480825","17645.97766101278","17533.417450221237","17611.34375","20280","20340","450842"
"2017-07-10","2017-07-10 00:00","17715.24331991215","17775.852656783798","17680.609413128353","17741.21875","20460","20490","182338"
"2017-07-11","2017-07-11 00:00","17723.901290315232","17836.46148414723","17723.901290315232","17819.14453125","20470","20580","142863"
"2017-07-12","2017-07-12 00:00","17767.193906250002","17784.510859375","17715.243046875003","17749.876953125","20520","20500","238142"
"2017-07-13","2017-07-13 00:00","17801.8278125","17819.144765625002","17715.243046875003","17749.876953125","20560","20500","173613"
"2017-07-14","2017-07-14 00:00","17767.196990684366","17784.513946815638","17741.221556487457","17775.85546875","20520","20530","147157"
"2017-07-18","2017-07-18 00:00","17715.24606501349","17723.90454305113","17602.685850524154","17654.63671875","20460","20390","239666"
"2017-07-19","2017-07-19 00:00","17645.97546829089","17680.609375","17611.341561581783","17680.609375","20380","20420","226091"
"2017-07-20","2017-07-20 00:00","17689.266529294975","17793.168241655003","17680.608053264972","17784.509765625","20430","20540","256901"
"2017-07-21","2017-07-21 00:00","17741.218476562502","17767.193906250002","17723.9015234375","17749.876953125","20490","20500","148696"
"2017-07-24","2017-07-24 00:00","17637.314453125","17654.631403987176","17568.0466496763","17637.314453125","20370","20370","288971"
"2017-07-25","2017-07-25 00:00","17628.66015625","17689.269498633963","17602.684723799728","17628.66015625","20360","20360","167157"
"2017-07-26","2017-07-26 00:00","17758.53484203087","17758.53484203087","17680.608555547067","17706.583984375","20510","20450","262495"
"2017-07-27","2017-07-27 00:00","17689.268709333763","17819.145865789957","17671.951755139602","17715.244140625","20430","20460","222077"
"2017-07-28","2017-07-28 00:00","17689.270049778763","17689.270049778763","17594.02679449361","17611.34375","20430","20340","217143"
"2017-07-31","2017-07-31 00:00","17611.34234474963","17637.31777593658","17585.366913562684","17594.025390625","20340","20320","153205"
"2017-08-01","2017-08-01 00:00","17602.686124762327","17654.636993797536","17594.027646589795","17645.978515625","20330","20380","105487"
"2017-08-02","2017-08-02 00:00","17715.24331991215","17749.87722669595","17680.609413128353","17741.21875","20460","20490","163785"
"2017-08-03","2017-08-03 00:00","17706.58480503183","17723.901758386386","17654.63394496817","17680.609375","20450","20420","147560"
"2017-08-04","2017-08-04 00:00","17637.319183259588","17637.319183259588","17602.685272246803","17611.34375","20370","20340","133247"
"2017-08-07","2017-08-07 00:00","17715.242460650978","17732.559413202936","17689.267031823045","17706.583984375","20460","20450","127330"
"2017-08-08","2017-08-08 00:00","17697.929384660205","17723.90481917781","17637.320037452464","17645.978515625","20440","20380","139429"
"2017-08-09","2017-08-09 00:00","17594.022758320913","17594.022758320913","17360.24391261488","17429.51171875","20320","20130","808015"
"2017-08-10","2017-08-10 00:00","17490.123558708354","17507.440512726876","17386.221834597214","17412.197265625","20200","20110","276817"
"2017-08-11","2017-08-11 00:00","17412.197265625","17412.197265625","17412.197265625","17412.197265625","20110","20110","0"
"2017-08-14","2017-08-14 00:00","17273.663208069123","17299.638641464717","17213.053863479407","17239.029296875","19950","19910","366308"
"2017-08-15","2017-08-15 00:00","17377.563938685824","17507.441098167783","17368.90546138703","17455.490234375","20070","20160","231126"
"2017-08-16","2017-08-16 00:00","17420.85324298311","17455.48714605067","17412.19476721622","17429.51171875","20120","20130","100719"
"2017-08-17","2017-08-17 00:00","17386.224609375","17420.858522939492","17368.907652592752","17386.224609375","20080","20080","84830"
"2017-08-18","2017-08-18 00:00","17195.734375","17256.343710662135","17152.44199238419","17195.734375","19860","19860","417447"
"2017-08-21","2017-08-21 00:00","17213.053250536886","17213.053250536886","17091.83456567395","17135.126953125","19880","19790","279311"
"2017-08-22","2017-08-22 00:00","17100.49136695052","17161.100703440974","17091.832890309022","17126.466796875","19750","19780","245477"
"2017-08-23","2017-08-23 00:00","17256.344810324168","17265.003287399093","17135.12613127523","17161.1015625","19930","19820","215454"
"2017-08-24","2017-08-24 00:00","17100.49246157073","17161.101801940855","17083.17550717927","17091.833984375","19750","19740","181973"
"2017-08-25","2017-08-25 00:00","17126.46683524874","17204.393125196788","17109.14988192695","17187.076171875","19780","19850","295486"
"2017-08-28","2017-08-28 00:00","17213.05160185768","17239.027031840364","17143.78378857053","17187.076171875","19880","19850","185906"
"2017-08-29","2017-08-29 00:00","17057.197310081563","17117.806640625","17031.221882705806","17117.806640625","19700","19770","545959"
"2017-08-30","2017-08-30 00:00","17204.395385680877","17256.346252472063","17169.761474486753","17239.029296875","19870","19910","201613"
"2017-08-31","2017-08-31 00:00","17299.63675576683","17394.880001168953","17290.978278912095","17360.24609375","19980","20050","196888"
"2017-09-01","2017-09-01 00:00","17429.514768502675","17429.514768502675","17334.27151840157","17394.880859375","20130","20090","236016"
"2017-09-04","2017-09-04 00:00","17316.955873115578","17334.272828988695","17213.054137876883","17230.37109375","20000","19900","205416"
"2017-09-05","2017-09-05 00:00","17273.662592968354","17273.662592968354","17100.493043164162","17135.126953125","19950","19790","210249"
"2017-09-06","2017-09-06 00:00","17048.541052196673","17109.150390625","17013.907144523342","17109.150390625","19690","19760","97510"
"2017-09-07","2017-09-07 00:00","17169.760863085838","17204.39477304668","17109.15152065437","17135.126953125","19830","19790","205111"
"2017-09-08","2017-09-08 00:00","17091.834224790182","17100.492702107706","16987.93249697991","17022.56640625","19740","19660","147822"
"2017-09-11","2017-09-11 00:00","17178.419132397194","17282.320861020562","17161.10217762663","17265.00390625","19840","19940","166988"
"2017-09-12","2017-09-12 00:00","17420.85605168567","17481.46539182573","17403.53909735994","17464.1484375","20120","20170","311385"
"2017-09-13","2017-09-13 00:00","17550.732695659553","17568.049649478653","17524.7572649309","17542.07421875","20270","20260","188481"
"2017-09-14","2017-09-14 00:00","17550.731835551127","17594.02421797725","17481.464023669327","17507.439453125","20270","20220","187868"
"2017-09-15","2017-09-15 00:00","17464.14656707749","17611.34066308161","17464.14656707749","17585.365234375","20170","20310","198237"
"2017-09-18","2017-09-18 00:00","17585.365234375","17585.365234375","17585.365234375","17585.365234375","20310","20310","0"
"2017-09-19","2017-09-19 00:00","17775.85304173967","17940.364102525375","17775.85304173967","17914.388671875","20530","20690","816739"
"2017-09-20","2017-09-20 00:00","17923.046601505914","17966.338984601338","17888.412695029576","17931.705078125","20700","20710","213978"
"2017-09-21","2017-09-21 00:00","18070.24325626204","18096.218689788053","17957.683044315992","17975","20870","20760","487162"
"2017-09-22","2017-09-22 00:00","18000.97316576087","18026.948596014492","17888.41296799517","17923.046875","20790","20700","229822"
"2017-09-25","2017-09-25 00:00","18035.608519157347","18061.583951494107","17983.657654483828","18000.974609375","20830","20790","184981"
"2017-09-26","2017-09-26 00:00","17966.338984601338","18000.97289107768","17923.046601505914","17931.705078125","20750","20710","228591"
"2017-09-27","2017-09-27 00:00","18000.971837288365","18026.947265625","17966.337932839517","18026.947265625","20790","20820","183339"
"2017-09-28","2017-09-28 00:00","18122.195587916765","18130.854066458534","18044.26928104087","18113.537109375","20930","20920","321985"
"2017-09-29","2017-09-29 00:00","18044.26480519286","18096.21566355714","18026.947852404766","18070.240234375","20840","20870","252187"
"2017-10-02","2017-10-02 00:00","18130.8515625","18130.8515625","18087.559175770057","18130.8515625","20940","20940","151521"
"2017-10-03","2017-10-03 00:00","18182.802526595744","18329.996642287235","18165.48557180851","18312.6796875","21000","21150","662431"
"2017-10-04","2017-10-04 00:00","18347.313048019012","18381.94695655704","18295.362185211976","18329.99609375","21190","21170","300058"
"2017-10-05","2017-10-05 00:00","18347.313048019012","18355.97152515352","18312.679139480988","18329.99609375","21190","21170","228720"
"2017-10-06","2017-10-06 00:00","18416.58062591912","18416.58062591912","18364.629763786765","18399.263671875","21270","21250","162078"
"2017-10-09","2017-10-09 00:00","18399.263671875","18399.263671875","18399.263671875","18399.263671875","21250","21250","0"
"2017-10-10","2017-10-10 00:00","18364.628440132194","18511.822538897988","18364.628440132194","18503.1640625","21210","21370","358462"
"2017-10-11","2017-10-11 00:00","18485.84909467555","18572.433867952717","18477.19061734783","18563.775390625","21350","21440","316874"
"2017-10-12","2017-10-12 00:00","18624.385314572184","18650.360747367962","18589.751404177816","18607.068359375","21510","21490","183280"
"2017-10-13","2017-10-13 00:00","18615.72445470764","18858.161796443368","18598.40750172652","18806.2109375","21500","21720","451997"
"2017-10-16","2017-10-16 00:00","18866.82117051506","18979.381370247367","18832.18726290512","18901.455078125","21790","21830","375544"
"2017-10-17","2017-10-17 00:00","18979.381406963468","19014.01531464041","18866.821207013414","18962.064453125","21920","21900","359294"
"2017-10-18","2017-10-18 00:00","18988.038789204933","19022.672694885197","18936.087930684538","18996.697265625","21930","21940","185699"
"2017-10-19","2017-10-19 00:00","19083.286257102274","19117.920170454545","19005.359952059658","19048.65234375","22040","22000","475802"
"2017-10-20","2017-10-20 00:00","18996.701199383802","19100.60293794014","18979.384242957745","19057.310546875","21940","22010","267679"
"2017-10-23","2017-10-23 00:00","19317.059958129772","19317.059958129772","19213.158246118317","19273.767578125","22310","22260","265037"
"2017-10-24","2017-10-24 00:00","19239.13457266987","19377.670195155344","19230.47609626453","19369.01171875","22220","22370","231632"
"2017-10-25","2017-10-25 00:00","19464.256887612108","19481.573842138452","19239.13647876962","19308.404296875","22480","22300","268138"
"2017-10-26","2017-10-26 00:00","19291.08874467966","19369.015045712928","19282.430266787076","19325.72265625","22280","22320","175008"
"2017-10-27","2017-10-27 00:00","19429.624782121515","19576.818909258796","19386.33239178702","19559.501953125","22440","22590","236903"
"2017-10-30","2017-10-30 00:00","19576.818909258796","19628.769777660193","19472.917172456007","19559.501953125","22610","22590","401165"
"2017-10-31","2017-10-31 00:00","19429.623114343445","19576.817228846045","19403.647682372397","19550.841796875","22440","22580","280303"
"2017-11-01","2017-11-01 00:00","19715.352794980445","19966.44863646241","19706.69431768796","19923.15625","22770","23010","514845"
"2017-11-02","2017-11-02 00:00","20009.741364554073","20035.716796875","19914.498112710677","20035.716796875","23110","23140","302266"
"2017-11-03","2017-11-03 00:00","20035.716796875","20035.716796875","20035.716796875","20035.716796875","23140","23140","0"
"2017-11-06","2017-11-06 00:00","20104.984616397473","20139.61852615871","19940.473545031604","20035.716796875","23220","23140","360529"
"2017-11-07","2017-11-07 00:00","20018.398119163838","20408.029570445142","20018.398119163838","20399.37109375","23120","23560","446572"
"2017-11-08","2017-11-08 00:00","20304.130340809526","20382.056640625","20234.862518751328","20382.056640625","23450","23540","254372"
"2017-11-09","2017-11-09 00:00","20451.326397395613","20789.0070618742","20018.402468576907","20321.44921875","23620","23470","1250530"
"2017-11-10","2017-11-10 00:00","20079.00675965665","20200.22542918455","20009.738948497856","20174.25","23190","23300","640840"
"2017-11-13","2017-11-13 00:00","20104.983407365587","20113.64188428521","19888.521484375","19888.521484375","23220","22970","377068"
"2017-11-14","2017-11-14 00:00","19879.862460580687","20044.373517528","19845.228553854937","19905.837890625","22960","22990","351062"
"2017-11-15","2017-11-15 00:00","19793.279472863294","19827.913382702074","19568.15905891122","19602.79296875","22860","22640","719106"
"2017-11-16","2017-11-16 00:00","19550.839232973103","19905.836756689623","19542.180756784895","19879.861328125","22580","22960","414341"
"2017-11-17","2017-11-17 00:00","20113.642750434596","20234.861432529335","19845.229954367667","19923.15625","23230","23010","722737"
"2017-11-20","2017-11-20 00:00","19836.569726391623","19931.812968203194","19749.984961108377","19793.27734375","22910","22860","274519"
"2017-11-21","2017-11-21 00:00","19975.10824584961","20061.69302368164","19931.815856933594","19949.1328125","23070","23040","211336"
"2017-11-22","2017-11-22 00:00","20122.30157127809","20165.593958479636","20018.399841994382","20035.716796875","23240","23140","189782"
"2017-11-23","2017-11-23 00:00","20035.716796875","20035.716796875","20035.716796875","20035.716796875","23140","23140","0"
"2017-11-24","2017-11-24 00:00","19923.156590150986","20061.692229195927","19888.52268038975","20035.716796875","23010","23140","238035"
"2017-11-27","2017-11-27 00:00","20139.61963102002","20148.278108935334","19931.816161052488","20001.083984375","23260","23100","233737"
"2017-11-28","2017-11-28 00:00","19966.44839655966","20079.008600009474","19879.863624675185","19992.423828125","23060","23090","140929"
"2017-11-29","2017-11-29 00:00","20113.64144581762","20130.958399279363","20035.715155239763","20087.666015625","23230","23200","285786"
"2017-11-30","2017-11-30 00:00","20087.665819057816","20226.201445396146","20018.39800588865","20217.54296875","23200","23350","279160"
"2017-12-01","2017-12-01 00:00","20390.71199072099","20442.662849296074","20156.933127133103","20295.46875","23550","23440","358644"
"2017-12-04","2017-12-04 00:00","20312.786761948137","20321.44523882876","20174.251131858124","20200.2265625","23460","23330","249497"
"2017-12-05","2017-12-05 00:00","20087.667420327303","20156.93523901809","20018.39960163652","20104.984375","23200","23220","152349"
"2017-12-06","2017-12-06 00:00","20035.715202294687","20035.715202294687","19654.742225241545","19715.3515625","23140","22770","515197"
"2017-12-07","2017-12-07 00:00","19871.205147486737","20018.39925969034","19836.571238732948","19992.423828125","22950","23090","182727"
"2017-12-08","2017-12-08 00:00","20096.32793243838","20286.814453125","20044.377063160213","20286.814453125","23210","23430","501133"
"2017-12-11","2017-12-11 00:00","20347.422455546708","20390.71484375","20252.179201499468","20390.71484375","23500","23550","230348"
"2017-12-12","2017-12-12 00:00","20382.05410214453","20434.004962217965","20295.469335355472","20338.76171875","23540","23490","267555"
"2017-12-13","2017-12-13 00:00","20347.421808112158","20347.421808112158","20165.59378344392","20226.203125","23500","23360","224779"
"2017-12-14","2017-12-14 00:00","20200.22542918455","20252.176287553648","20122.2991416309","20174.25","23330","23300","191331"
"2017-12-15","2017-12-15 00:00","20104.980149975712","20226.19880721071","19983.761492740716","20053.029296875","23220","23160","254955"
"2017-12-18","2017-12-18 00:00","20234.861123844068","20373.396758410396","20208.88569236288","20364.73828125","23370","23520","314500"
"2017-12-19","2017-12-19 00:00","20408.0298067837","20442.663713965343","20321.445038829588","20330.103515625","23570","23480","193207"
"2017-12-20","2017-12-20 00:00","20295.4710106383","20382.055784574466","20269.495578457445","20347.421875","23440","23500","140023"
"2017-12-21","2017-12-21 00:00","20312.790740173627","20347.424654479124","20200.230518680764","20321.44921875","23460","23470","189583"
"2017-12-22","2017-12-22 00:00","20295.469608443356","20356.078946011232","20269.49417805712","20330.103515625","23440","23480","150986"
"2017-12-25","2017-12-25 00:00","20347.422729595903","20390.715118382275","20321.447296324077","20382.056640625","23500","23540","67464"
"2017-12-26","2017-12-26 00:00","20373.395625465622","20382.05410214453","20321.44476539219","20338.76171875","23530","23490","112306"
"2017-12-27","2017-12-27 00:00","20356.07757882225","20408.028436105502","20347.41910260837","20373.39453125","23510","23530","132280"
"2017-12-28","2017-12-28 00:00","20390.715333075033","20425.34924446879","20226.204253954682","20252.1796875","23550","23390","174425"
"2017-12-29","2017-12-29 00:00","20330.105437046135","20356.080869887333","20234.862183295067","20269.49609375","23480","23410","231315"
"2018-01-01","2018-01-01 00:00","20269.49609375","20269.49609375","20269.49609375","20269.49609375","23410","23410","0"
"2018-01-02","2018-01-02 00:00","20269.49609375","20269.49609375","20269.49609375","20269.49609375","23410","23410","0"
"2018-01-03","2018-01-03 00:00","20269.49609375","20269.49609375","20269.49609375","20269.49609375","23410","23410","0"
"2018-01-04","2018-01-04 00:00","20581.19859682324","20910.220703125","20581.19859682324","20910.220703125","23770","24150","611004"
"2018-01-05","2018-01-05 00:00","21022.780743485844","21118.023984086478","20927.537502885207","21100.70703125","24280","24370","495513"
"2018-01-08","2018-01-08 00:00","21100.70703125","21100.70703125","21100.70703125","21100.70703125","24370","24370","0"
"2018-01-09","2018-01-09 00:00","21343.146415844298","21343.146415844298","21169.976870888157","21221.927734375","24650","24510","363084"
"2018-01-10","2018-01-10 00:00","21204.610745543934","21230.58617724529","21135.34292767364","21161.318359375","24490","24440","221450"
"2018-01-11","2018-01-11 00:00","21066.07729997306","21126.68664691092","20996.809474901223","21092.052734375","24330","24360","710369"
"2018-01-12","2018-01-12 00:00","21135.344544586846","21135.344544586846","20988.150420351707","21048.759765625","24410","24310","383357"
"2018-01-15","2018-01-15 00:00","21178.633319014156","21204.608748268874","21074.73160199528","21100.70703125","24460","24370","193839"
"2018-01-16","2018-01-16 00:00","21118.027162008584","21317.1721495962","21083.39325112378","21308.513671875","24390","24610","258414"
"2018-01-17","2018-01-17 00:00","21152.66326070755","21256.565004108492","21126.68782485732","21239.248046875","24430","24530","255050"
"2018-01-18","2018-01-18 00:00","21447.044425399097","21455.70290114613","21092.04691977077","21152.65625","24770","24430","559985"
"2018-01-19","2018-01-19 00:00","21213.270905227502","21247.904816909508","21126.686126022494","21169.978515625","24500","24450","309262"
"2018-01-22","2018-01-22 00:00","21187.29296875","21187.29296875","21074.732769079485","21187.29296875","24470","24470","200760"
"2018-01-23","2018-01-23 00:00","21299.854165616176","21473.023711678095","21282.53721100998","21464.365234375","24600","24790","325248"
"2018-01-24","2018-01-24 00:00","21369.122465616118","21421.07333060546","21273.879213135657","21325.830078125","24680","24630","290971"
"2018-01-25","2018-01-25 00:00","21135.34371790263","21204.611538362777","21040.100464769926","21074.734375","24410","24340","474533"
"2018-01-26","2018-01-26 00:00","21169.974802276236","21187.291755079732","20996.805274241255","21040.09765625","24450","24300","379006"
"2018-01-29","2018-01-29 00:00","21126.6826947818","21161.31660083882","20979.48859403947","21031.439453125","24400","24290","303819"
"2018-01-30","2018-01-30 00:00","20979.488394651995","20979.488394651995","20676.441719533206","20728.392578125","24230","23940","1238380"
"2018-01-31","2018-01-31 00:00","20633.15399531973","20806.323563052167","20572.544646613376","20581.203125","23830","23770","554453"
"2018-02-01","2018-02-01 00:00","20745.713497326622","20918.88305907392","20667.787194540335","20849.615234375","23960","24080","525827"
"2018-02-02","2018-02-02 00:00","20771.689426179713","20780.347904473245","20572.54442542851","20711.080078125","23990","23920","593576"
"2018-02-05","2018-02-05 00:00","20304.12828506751","20338.762192590013","20156.93417809687","20200.2265625","23450","23330","1310751"
"2018-02-06","2018-02-06 00:00","19343.036758498423","19446.938477881584","18754.260348660515","19230.4765625","22340","22210","2087265"
"2018-02-07","2018-02-07 00:00","19810.595660971223","19897.180432216726","19247.79464787545","19256.453125","22880","22240","766592"
"2018-02-08","2018-02-08 00:00","19351.69484569358","19559.49828027821","19256.451604842292","19490.23046875","22350","22510","542201"
"2018-02-09","2018-02-09 00:00","18814.868180057154","19048.647029970427","18780.2342763663","19031.330078125","21730","21980","1231760"
"2018-02-12","2018-02-12 00:00","19031.330078125","19031.330078125","19031.330078125","19031.330078125","21980","21980","0"
"2018-02-13","2018-02-13 00:00","19308.40321299794","19317.061689775066","18866.820897364352","18910.11328125","22300","21840","631343"
"2018-02-14","2018-02-14 00:00","18918.774508394665","19014.01776678933","18633.04473321067","18823.53125","21850","21740","543994"
"2018-02-15","2018-02-15 00:00","19039.989727517834","19195.842303732166","18953.404962954315","19117.916015625","21990","22080","514775"
"2018-02-16","2018-02-16 00:00","19195.844092453757","19455.598410348935","19143.89322887472","19308.404296875","22170","22300","354263"
"2018-02-19","2018-02-19 00:00","19472.918888625492","19715.356295864938","19438.284973305574","19689.380859375","22490","22740","244349"
"2018-02-20","2018-02-20 00:00","19637.425984104528","19637.425984104528","19420.96405747198","19507.548828125","22680","22530","219940"
"2018-02-21","2018-02-21 00:00","19533.526244469027","19706.695803373892","19429.624509126104","19568.16015625","22560","22600","251508"
"2018-02-22","2018-02-22 00:00","19386.329493236626","19403.646446781277","19239.135388107094","19343.037109375","22390","22340","477684"
"2018-02-23","2018-02-23 00:00","19394.989444444444","19481.57421875","19343.03857986111","19481.57421875","22400","22500","156346"
"2018-02-26","2018-02-26 00:00","19724.009765625","19801.936055304817","19620.108046051908","19724.009765625","22780","22780","247765"
"2018-02-27","2018-02-27 00:00","19923.156524286685","20035.71673063859","19879.864137228262","19914.498046875","23010","23000","285484"
"2018-02-28","2018-02-28 00:00","19827.914830689067","19914.499611609106","19672.062225032994","19680.720703125","22900","22730","283416"
"2018-03-01","2018-03-01 00:00","19524.865121593833","19524.865121593833","19273.769295196398","19343.037109375","22550","22340","657058"
"2018-03-02","2018-03-02 00:00","18910.114652650296","18944.748562270535","18771.579014169343","18866.822265625","21840","21790","1087635"
"2018-03-05","2018-03-05 00:00","18736.944764254386","18840.84649122807","18641.701514528508","18754.26171875","21640","21660","579576"
"2018-03-06","2018-03-06 00:00","19083.285706176204","19187.187443233423","19057.310271911898","19065.96875","22040","22020","266690"
"2018-03-07","2018-03-07 00:00","18936.088711581386","19126.575200678228","18866.820897364352","18910.11328125","21870","21840","314391"
"2018-03-08","2018-03-08 00:00","19135.23402829142","19143.8925052273","18953.406012637974","19022.673828125","22100","21970","180583"
"2018-03-09","2018-03-09 00:00","19213.158982076166","19472.913272054662","19005.355550093365","19126.57421875","22190","22090","413390"
"2018-03-12","2018-03-12 00:00","19524.867707521706","19568.160097117096","19308.405759544745","19446.94140625","22550","22460","489950"
"2018-03-13","2018-03-13 00:00","19343.040001452522","19559.501953125","19308.406089184926","19559.501953125","22340","22590","456448"
"2018-03-14","2018-03-14 00:00","19386.330352155943","19481.573600871314","19299.745580596515","19377.671875","22390","22380","248986"
"2018-03-15","2018-03-15 00:00","19308.402695538898","19429.621367170086","19187.184023907714","19420.962890625","22300","22430","206003"
"2018-03-16","2018-03-16 00:00","19446.939933085763","19464.256887612108","19256.453433295963","19308.404296875","22460","22300","246857"
"2018-03-19","2018-03-19 00:00","19161.208124080465","19282.426792737097","19014.014026425983","19126.57421875","22130","22090","234806"
"2018-03-20","2018-03-20 00:00","18944.74699081969","19039.990234375","18901.454607385458","19039.990234375","21880","21990","189985"
"2018-03-21","2018-03-21 00:00","19039.990234375","19039.990234375","19039.990234375","19039.990234375","21990","21990","0"
"2018-03-22","2018-03-22 00:00","19014.019054191074","19213.1640625","19014.019054191074","19213.1640625","21960","22190","330993"
"2018-03-23","2018-03-23 00:00","18615.72810210893","18702.312883979204","18286.70593100189","18321.33984375","21500","21160","1093613"
"2018-03-26","2018-03-26 00:00","18130.850919397864","18468.531523913873","18104.87548828125","18459.873046875","20940","21320","546959"
"2018-03-27","2018-03-27 00:00","18676.337451238855","18953.408753250744","18641.703538487367","18936.091796875","21570","21870","522057"
"2018-03-28","2018-03-28 00:00","18684.99311918371","18849.504180010626","18633.042257869944","18840.845703125","21580","21760","293491"
"2018-03-29","2018-03-29 00:00","19065.966451576063","19100.600359753313","18832.187571379625","18953.40625","22020","21890","232677"
"2018-03-30","2018-03-30 00:00","19187.184179423683","19291.085898806843","19117.916366501577","19230.4765625","22160","22210","282830"
"2018-04-02","2018-04-02 00:00","19221.821412454876","19369.01554038809","19187.1875","19187.1875","22200","22160","246028"
"2018-04-03","2018-04-03 00:00","18918.77159858766","19135.233516191638","18875.47921506686","19100.599609375","21850","22060","230554"
"2018-04-04","2018-04-04 00:00","19213.15925664487","19221.817733101223","19048.648203974186","19117.916015625","22190","22080","238365"
"2018-04-05","2018-04-05 00:00","19317.06284205799","19498.89086522393","19247.79502370906","19429.623046875","22310","22440","332249"
"2018-04-06","2018-04-06 00:00","19403.647855755255","19507.549584567867","19325.721559145793","19360.35546875","22410","22360","312086"
"2018-04-09","2018-04-09 00:00","19308.406032502786","19498.892549415366","19308.406032502786","19438.283203125","22300","22450","175185"
"2018-04-10","2018-04-10 00:00","19369.01404484659","19672.06075542756","19308.404702730393","19542.18359375","22370","22570","306090"
"2018-04-11","2018-04-11 00:00","19602.79400879341","19602.79400879341","19446.94140625","19446.94140625","22640","22460","189354"
"2018-04-12","2018-04-12 00:00","19446.938868320503","19472.914298687807","19351.695623640393","19403.646484375","22460","22410","180788"
"2018-04-13","2018-04-13 00:00","19550.841796875","19646.085047435507","19498.890932932904","19550.841796875","22580","22580","229998"
"2018-04-16","2018-04-16 00:00","19576.81640625","19620.108791049315","19524.865544490825","19576.81640625","22610","22610","142976"
"2018-04-17","2018-04-17 00:00","19568.157382346442","19637.42519608926","19524.86499875718","19594.1328125","22600","22630","208353"
"2018-04-18","2018-04-18 00:00","19654.74342033566","19905.839261388406","19654.74342033566","19862.546875","22700","22940","313676"
"2018-04-19","2018-04-19 00:00","19931.81555122661","20044.375760681844","19897.181640625","19897.181640625","23020","22980","273027"
"2018-04-20","2018-04-20 00:00","19862.54605361613","19957.789299731987","19801.936715178766","19888.521484375","22940","22970","156269"
"2018-04-23","2018-04-23 00:00","19879.865480222903","19905.840914212742","19784.62222226016","19810.59765625","22960","22880","146557"
"2018-04-24","2018-04-24 00:00","19940.472964994315","19992.423828125","19862.54667029829","19992.423828125","23030","23090","137995"
"2018-04-25","2018-04-25 00:00","19827.912999782704","19940.473204584963","19801.93756790526","19923.15625","22900","23010","121813"
"2018-04-26","2018-04-26 00:00","20018.398711326266","20079.008049985125","19983.764803521204","20009.740234375","23120","23110","186081"
"2018-04-27","2018-04-27 00:00","20087.66967353952","20174.254456615123","20053.035760309278","20156.9375","23200","23280","345925"
"2018-04-30","2018-04-30 00:00","20156.9375","20156.9375","20156.9375","20156.9375","23280","23280","0"
"2018-05-01","2018-05-01 00:00","20156.93082368082","20208.881676319175","20104.97997104247","20182.90625","23280","23310","100036"
"2018-05-02","2018-05-02 00:00","20234.86015809653","20243.518634843684","20113.641483636387","20148.275390625","23370","23270","133649"
"2018-05-03","2018-05-03 00:00","20148.275390625","20148.275390625","20148.275390625","20148.275390625","23270","23270","0"
"2018-05-04","2018-05-04 00:00","20148.275390625","20148.275390625","20148.275390625","20148.275390625","23270","23270","0"
"2018-05-07","2018-05-07 00:00","20191.567774360767","20200.226251107917","20044.373669659166","20148.275390625","23320","23270","120964"
"2018-05-08","2018-05-08 00:00","20113.641793693743","20243.51894690313","20113.641793693743","20200.2265625","23230","23330","129370"
"2018-05-09","2018-05-09 00:00","20139.61855914746","20165.593991510934","20053.033784602543","20096.326171875","23260","23210","102020"
"2018-05-10","2018-05-10 00:00","20174.25","20208.883905579398","20104.9821888412","20174.25","23300","23300","107679"
"2018-05-11","2018-05-11 00:00","20243.519635571218","20425.34765625","20243.519635571218","20425.34765625","23380","23590","270463"
"2018-05-14","2018-05-14 00:00","20416.69033941009","20537.909026751797","20399.37338407556","20511.93359375","23580","23690","169429"
"2018-05-15","2018-05-15 00:00","20537.910680279307","20546.569158643673","20451.325896635633","20459.984375","23720","23630","202343"
"2018-05-16","2018-05-16 00:00","20390.715118382275","20442.665984925923","20364.73968511045","20382.056640625","23550","23540","223068"
"2018-05-17","2018-05-17 00:00","20459.97964903186","20520.588983582522","20451.321172667478","20485.955078125","23630","23660","206488"
"2018-05-18","2018-05-18 00:00","20555.22265625","20589.85656131529","20511.930274918388","20555.22265625","23740","23740","228489"
"2018-05-21","2018-05-21 00:00","20581.203700606107","20676.44696552267","20563.886743348554","20624.49609375","23770","23820","242469"
"2018-05-22","2018-05-22 00:00","20641.812197750212","20650.47067602108","20589.861328125","20589.861328125","23840","23780","116875"
"2018-05-23","2018-05-23 00:00","20520.59142287234","20581.200764627658","20321.44644281915","20347.421875","23700","23500","288182"
"2018-05-24","2018-05-24 00:00","20286.81184615695","20312.787277458046","20061.691441547442","20122.30078125","23430","23240","275243"
"2018-05-25","2018-05-25 00:00","20070.351318989142","20191.57000685189","20018.400452762253","20139.619140625","23180","23260","183480"
"2018-05-28","2018-05-28 00:00","20174.25082086646","20217.543204602225","20096.324530142083","20148.275390625","23300","23270","109307"
"2018-05-29","2018-05-29 00:00","20122.30157127809","20130.9600487184","19949.132022471913","20035.716796875","23240","23140","173683"
"2018-05-30","2018-05-30 00:00","19741.325898728628","19801.935232628235","19672.05808855765","19749.984375","22800","22810","415452"
"2018-05-31","2018-05-31 00:00","19905.839569463315","19957.790433933424","19819.254795346467","19914.498046875","22990","23000","137049"
"2018-06-01","2018-06-01 00:00","19862.54464869281","20027.05569852941","19827.91074346405","19871.203125","22940","22950","165760"
"2018-06-04","2018-06-04 00:00","20061.69202179047","20191.569182052383","20053.033544439673","20165.59375","23170","23290","141843"
"2018-06-05","2018-06-05 00:00","20217.54296875","20260.835351980728","20148.275155580835","20217.54296875","23350","23350","181239"
"2018-06-06","2018-06-06 00:00","20208.88398570819","20321.44417928754","20182.908556420647","20295.46875","23340","23440","139311"
"2018-06-07","2018-06-07 00:00","20425.347964290435","20494.615782736524","20399.372532373152","20477.298828125","23590","23650","231649"
"2018-06-08","2018-06-08 00:00","20442.664850894565","20511.932669110218","20356.080078125","20356.080078125","23610","23510","464839"
"2018-06-11","2018-06-11 00:00","20347.424156263227","20485.959810093103","20330.10719953449","20459.984375","23500","23630","177007"
"2018-06-12","2018-06-12 00:00","20607.172102260753","20633.147529280406","20434.002588796375","20537.904296875","23800","23720","317060"
"2018-06-13","2018-06-13 00:00","20546.56893677066","20615.836762937604","20520.593501958054","20589.861328125","23730","23780","152091"
"2018-06-14","2018-06-14 00:00","20494.614062665732","20537.906445561097","20408.029296875","20408.029296875","23670","23570","167099"
"2018-06-15","2018-06-15 00:00","20520.588983582522","20529.247459946906","20425.345743574333","20485.955078125","23700","23660","145676"
"2018-06-18","2018-06-18 00:00","20451.321915575776","20459.98039225468","20278.152381997657","20338.76171875","23620","23490","129579"
"2018-06-19","2018-06-19 00:00","20252.1798439191","20286.813755580355","19983.76702854437","20001.083984375","23390","23100","333104"
"2018-06-20","2018-06-20 00:00","20035.71414704074","20260.834530715354","19888.520050022722","20243.517578125","23140","23380","283791"
"2018-06-21","2018-06-21 00:00","20200.22775930851","20434.00664893617","20165.593849734043","20347.421875","23330","23500","327871"
"2018-06-22","2018-06-22 00:00","20130.958747454995","20208.885039380628","20087.666363051863","20200.2265625","23250","23330","227251"
"2018-06-25","2018-06-25 00:00","20243.515758244277","20243.515758244277","20018.395394807856","20053.029296875","23380","23160","173982"
"2018-06-26","2018-06-26 00:00","19905.83742322489","20070.348476309395","19836.56961139984","20044.373046875","22990","23150","234420"
"2018-06-27","2018-06-27 00:00","20053.03371870936","20079.009150987484","19940.47351217084","19975.107421875","23160","23070","161255"
"2018-06-28","2018-06-28 00:00","19949.129766031198","20018.397577718806","19801.93566619503","19983.763671875","23040","23080","307174"
"2018-06-29","2018-06-29 00:00","20044.374142180062","20044.374142180062","19888.52155705728","20009.740234375","23150","23110","104995"
"2018-07-02","2018-07-02 00:00","19966.447869443833","20035.715685122734","19576.81640625","19576.81640625","23060","22610","590903"
"2018-07-03","2018-07-03 00:00","19680.71589197889","19715.349795880305","19377.669232841512","19585.47265625","22730","22620","842752"
"2018-07-04","2018-07-04 00:00","19187.18835163288","19265.114658115148","19109.26204515062","19221.822265625","22160","22200","561608"
"2018-07-05","2018-07-05 00:00","19187.187443233423","19239.138311762035","18979.383969118982","19065.96875","22160","22020","307927"
"2018-07-06","2018-07-06 00:00","19467.15831275258","19643.09286596318","19431.971402110463","19590.3125","22130","22270","278391"
"2018-07-09","2018-07-09 00:00","19660.691627604167","19845.422958333333","19634.3014375","19792.642578125","22350","22500","143378"
"2018-07-10","2018-07-10 00:00","19959.77734375","20047.744630412628","19933.38715775121","19959.77734375","22690","22690","264340"
"2018-07-11","2018-07-11 00:00","19783.84228450201","19801.435741402413","19537.53388789638","19695.875","22490","22390","255746"
"2018-07-12","2018-07-12 00:00","19783.840542463884","19968.57182365185","19783.840542463884","19942.181640625","22490","22670","117819"
"2018-07-13","2018-07-13 00:00","20153.30328443187","20373.221478282063","20144.50655667786","20302.84765625","22910","23080","421205"
"2018-07-16","2018-07-16 00:00","20302.84765625","20302.84765625","20302.84765625","20302.84765625","23080","23080","0"
"2018-07-17","2018-07-17 00:00","20302.84912235764","20513.970603699312","20285.255665579163","20390.81640625","23080","23180","247056"
"2018-07-18","2018-07-18 00:00","20566.75018977053","20610.7338300395","20461.189453125","20461.189453125","23380","23260","262895"
"2018-07-19","2018-07-19 00:00","20549.156438253012","20575.546622035014","20434.798975197664","20443.595703125","23360","23240","240922"
"2018-07-20","2018-07-20 00:00","20408.409863028475","20540.36078886702","20241.27202363298","20390.81640625","23200","23180","245330"
"2018-07-23","2018-07-23 00:00","20179.694136865703","20214.881049048556","20065.336672271435","20109.3203125","22940","22860","203782"
"2018-07-24","2018-07-24 00:00","20241.27314525337","20258.866603006743","20126.91566985646","20223.6796875","23010","22990","112080"
"2018-07-25","2018-07-25 00:00","20302.849316321553","20338.036230214657","20241.27221700862","20285.255859375","23080","23060","135516"
"2018-07-26","2018-07-26 00:00","20329.239207797582","20329.239207797582","20241.27192433675","20267.662109375","23110","23040","121069"
"2018-07-27","2018-07-27 00:00","20329.237213226963","20382.017578125","20285.253575811934","20382.017578125","23110","23170","100846"
"2018-07-30","2018-07-30 00:00","20294.049895086377","20320.440077004565","20214.87934933181","20241.26953125","23070","23010","115268"
"2018-07-31","2018-07-31 00:00","20170.89809756809","20382.019577874078","20074.134085761176","20267.662109375","22930","23040","259912"
"2018-08-01","2018-08-01 00:00","20364.424858520404","20452.39213652697","20311.644491716463","20426.001953125","23150","23220","130374"
"2018-08-02","2018-08-02 00:00","20355.628358660753","20434.79890975321","20170.897072778353","20206.083984375","23140","22970","239299"
"2018-08-03","2018-08-03 00:00","20302.85024739017","20320.44370514354","20206.08622974663","20223.6796875","23080","22990","152571"
"2018-08-06","2018-08-06 00:00","20241.27314525337","20320.44370514354","20197.289500869945","20223.6796875","23010","22990","86172"
"2018-08-07","2018-08-07 00:00","20258.864604171173","20346.831884258758","20232.474420144896","20338.03515625","23030","23120","107400"
"2018-08-08","2018-08-08 00:00","20338.0374014153","20469.988336113063","20302.850485495896","20355.630859375","23120","23140","144597"
"2018-08-09","2018-08-09 00:00","20285.254347796665","20329.237986885557","20206.083797436662","20311.64453125","23060","23090","105585"
"2018-08-10","2018-08-10 00:00","20302.84698891085","20311.643716375715","20003.758255105404","20030.1484375","23080","22770","411160"
"2018-08-13","2018-08-13 00:00","19898.199457979437","19906.996186298617","19634.297608404115","19678.28125","22620","22370","876556"
"2018-08-14","2018-08-14 00:00","19801.433960389255","20074.132517817983","19783.84050507127","20056.5390625","22510","22800","208761"
"2018-08-15","2018-08-15 00:00","20074.134816411413","20082.931545077678","19854.216599754847","19959.77734375","22820","22690","114297"
"2018-08-16","2018-08-16 00:00","19739.85511739418","19977.366743138227","19660.6845754795","19950.9765625","22440","22680","356970"
"2018-08-17","2018-08-17 00:00","20056.5420926781","20065.33882166612","19968.574802797935","20003.76171875","22800","22740","138638"
"2018-08-20","2018-08-20 00:00","19968.573485789184","20012.557127828368","19898.19965852649","19924.58984375","22700","22650","153760"
"2018-08-21","2018-08-21 00:00","19863.011531181168","20030.149360717234","19810.23116395925","19968.572265625","22580","22700","168314"
"2018-08-22","2018-08-22 00:00","19968.57193254055","20100.522848394343","19898.198110751862","20065.3359375","22700","22810","80965"
"2018-08-23","2018-08-23 00:00","20118.11928659719","20170.89966076404","20100.525828541573","20126.916015625","22870","22880","110272"
"2018-08-24","2018-08-24 00:00","20188.491846168963","20294.052587848277","20153.304932275856","20285.255859375","22950","23060","218600"
"2018-08-27","2018-08-27 00:00","20364.42588272193","20505.173534611153","20364.42588272193","20487.580078125","23150","23290","262550"
"2018-08-28","2018-08-28 00:00","20628.329549573133","20645.923007611145","20478.78515625","20478.78515625","23450","23280","310100"
"2018-08-29","2018-08-29 00:00","20513.970849630303","20628.328320061348","20505.174121135606","20522.767578125","23320","23330","153099"
"2018-08-30","2018-08-30 00:00","20672.310587826272","20698.700771555414","20513.969485451435","20557.953125","23500","23370","337866"
"2018-08-31","2018-08-31 00:00","20399.613379199258","20566.75122059848","20373.223193715174","20522.767578125","23190","23330","171024"
"2018-09-03","2018-09-03 00:00","20487.58056577458","20505.174022679494","20390.816552797543","20399.61328125","23290","23190","64120"
"2018-09-04","2018-09-04 00:00","20434.80019505983","20443.59692351229","20320.44272517788","20399.61328125","23230","23190","98112"
"2018-09-05","2018-09-05 00:00","20364.424750528055","20390.81493379008","20285.254200741983","20302.84765625","23150","23080","125696"
"2018-09-06","2018-09-06 00:00","20197.287109375","20267.660932055747","20162.100198034623","20197.287109375","22960","22960","250909"
"2018-09-07","2018-09-07 00:00","20074.134179173067","20100.52436433412","19933.386524980793","20038.947265625","22820","22780","256507"
"2018-09-10","2018-09-10 00:00","20003.761664093247","20126.915869588982","19994.964935129265","20118.119140625","22740","22870","180635"
"2018-09-11","2018-09-11 00:00","20188.49121726512","20373.222509449242","20170.897760866632","20364.42578125","22950","23150","226175"
"2018-09-12","2018-09-12 00:00","20408.412169484178","20408.412169484178","20232.477581816212","20294.0546875","23200","23070","143071"
"2018-09-13","2018-09-13 00:00","20346.830633047208","20531.561909871245","20338.0339055794","20496.375","23130","23300","307815"
"2018-09-14","2018-09-14 00:00","20663.51513733971","20751.482421875","20628.328223525594","20751.482421875","23490","23590","456886"
"2018-09-17","2018-09-17 00:00","20751.482421875","20751.482421875","20751.482421875","20751.482421875","23590","23590","0"
"2018-09-18","2018-09-18 00:00","20707.49955072407","21085.75888831164","20698.702821942963","21032.978515625","23540","23910","1088896"
"2018-09-19","2018-09-19 00:00","21323.270460539927","21411.237747918392","21261.693359375","21261.693359375","24240","24170","979373"
"2018-09-20","2018-09-20 00:00","21332.067189277772","21367.25410422916","21182.522800734383","21261.693359375","24250","24170","453676"
"2018-09-21","2018-09-21 00:00","21428.830371334083","21534.39111207957","21349.65981577497","21446.423828125","24360","24380","538204"
"2018-09-24","2018-09-24 00:00","21446.423828125","21446.423828125","21446.423828125","21446.423828125","24380","24380","0"
"2018-09-25","2018-09-25 00:00","21428.829301350244","21499.203125","21384.845661569147","21499.203125","24360","24440","319775"
"2018-09-26","2018-09-26 00:00","21543.18459918616","21719.119140625","21534.387872114217","21719.119140625","24490","24690","440128"
"2018-09-27","2018-09-27 00:00","21639.951068070317","21771.901989217087","21481.609962694194","21516.796875","24600","24460","512387"
"2018-09-28","2018-09-28 00:00","21763.106055160413","21947.83735150575","21719.122413173427","21798.29296875","24740","24780","437328"
"2018-10-01","2018-10-01 00:00","21851.075675370892","21983.026615439558","21815.888758019246","21939.04296875","24840","24940","371459"
"2018-10-02","2018-10-02 00:00","22027.008154081428","22097.38198204974","21895.057226640845","21930.244140625","25040","24930","455624"
"2018-10-03","2018-10-03 00:00","21895.05864975641","21939.042295095416","21727.920797468192","21780.701171875","24890","24760","250471"
"2018-10-04","2018-10-04 00:00","21912.651869158875","21930.245327102803","21631.156542056073","21648.75","24910","24610","317376"
"2018-10-05","2018-10-05 00:00","21507.999852956218","21639.950772299508","21455.219485218902","21499.203125","24450","24440","441615"
"2018-10-08","2018-10-08 00:00","21499.203125","21499.203125","21499.203125","21499.203125","24440","24440","0"
"2018-10-09","2018-10-09 00:00","21314.473291379712","21332.06674849187","21200.115820150684","21235.302734375","24230","24140","581453"
"2018-10-10","2018-10-10 00:00","21279.284714856687","21340.86180993895","21138.537068954367","21252.89453125","24190","24160","502955"
"2018-10-11","2018-10-11 00:00","20522.766254471007","20663.513901308357","20311.644784214983","20443.595703125","23330","23240","1816593"
"2018-10-12","2018-10-12 00:00","20355.627945586977","20540.35922772065","20267.660668380464","20531.5625","23140","23340","597586"
"2018-10-15","2018-10-15 00:00","20364.42404561272","20373.220773062225","20135.70913192549","20144.505859375","23150","22900","905241"
"2018-10-16","2018-10-16 00:00","20144.508011351383","20390.81640625","20144.508011351383","20390.81640625","22900","23180","406084"
"2018-10-17","2018-10-17 00:00","20663.5130821895","20751.480357975746","20584.342533981875","20628.326171875","23490","23450","401355"
"2018-10-18","2018-10-18 00:00","20663.51464298653","20672.311371229607","20469.986621638847","20487.580078125","23490","23290","263639"
"2018-10-19","2018-10-19 00:00","20170.89790620952","20390.81611277526","20091.727351845857","20373.22265625","22930","23160","451971"
"2018-10-22","2018-10-22 00:00","20241.270960796308","20487.57934276167","20144.50695359563","20443.595703125","23010","23240","228139"
"2018-10-23","2018-10-23 00:00","20258.86308697364","20258.86308697364","19889.400538275033","19898.197265625","23030","22620","1084174"
"2018-10-24","2018-10-24 00:00","20056.541946216454","20091.72886191157","19819.030265274418","19994.96484375","22800","22730","319724"
"2018-10-25","2018-10-25 00:00","19370.394422346322","19458.361699468693","19176.866412677104","19247.240234375","22020","21880","1349434"
"2018-10-26","2018-10-26 00:00","19431.97383602004","19440.770564782382","18965.747211615755","19150.478515625","22090","21770","723209"
"2018-10-29","2018-10-29 00:00","19300.022313981248","19414.37978439226","19088.900830145536","19115.291015625","21940","21730","311022"
"2018-10-30","2018-10-30 00:00","19018.52762555297","19511.144437315677","19000.934167990017","19387.990234375","21620","22040","393191"
"2018-10-31","2018-10-31 00:00","19616.702462394536","19827.823923873224","19511.141731655196","19810.23046875","22300","22520","349800"
"2018-11-01","2018-11-01 00:00","19739.857166890983","19792.637533647376","19563.92261103634","19607.90625","22440","22290","303123"
"2018-11-02","2018-11-02 00:00","19766.250125484865","20179.696389791847","19722.266480345825","20126.916015625","22470","22880","412763"
"2018-11-05","2018-11-05 00:00","19871.807561681282","19968.571564859012","19792.637013626776","19810.23046875","22590","22520","451749"
"2018-11-06","2018-11-06 00:00","19933.388177586774","20056.54238521529","19915.79471935413","20021.35546875","22660","22760","178035"
"2018-11-07","2018-11-07 00:00","20065.340489347218","20302.852191763865","19898.20262468365","19986.169921875","22810","22720","496692"
"2018-11-08","2018-11-08 00:00","20382.018796293793","20434.799164346347","20320.441700232484","20338.03515625","23170","23120","356699"
"2018-11-09","2018-11-09 00:00","20311.645502266274","20346.832415219527","20109.320752785057","20135.7109375","23090","22890","307706"
"2018-11-12","2018-11-12 00:00","20003.75822018286","20206.08295152156","19950.977855485806","20144.505859375","22740","22900","172610"
"2018-11-13","2018-11-13 00:00","19669.48165246212","19748.652195785984","19431.97002249053","19739.85546875","22360","22440","594771"
"2018-11-14","2018-11-14 00:00","19766.24609375","19889.40027501947","19695.87227588173","19766.24609375","22470","22470","267872"
"2018-11-15","2018-11-15 00:00","19607.90829803834","19748.655957423092","19563.924654480605","19731.0625","22290","22430","175887"
"2018-11-16","2018-11-16 00:00","19757.453032244066","19792.639947706655","19607.908641528058","19634.298828125","22460","22320","243417"
"2018-11-19","2018-11-19 00:00","19616.701290246212","19775.04237689394","19616.701290246212","19739.85546875","22300","22440","143325"
"2018-11-20","2018-11-20 00:00","19511.144823338964","19634.299028716217","19484.75463647241","19528.73828125","22180","22200","304149"
"2018-11-21","2018-11-21 00:00","19220.852047474607","19511.14409212754","19212.05531884876","19484.75390625","21850","22150","599971"
"2018-11-22","2018-11-22 00:00","19537.53213403682","19625.499410642118","19440.768129770993","19590.3125","22210","22270","155345"
"2018-11-23","2018-11-23 00:00","19590.3125","19590.3125","19590.3125","19590.3125","22270","22270","0"
"2018-11-26","2018-11-26 00:00","19599.10783617424","19748.652195785984","19572.717655066288","19739.85546875","22280","22440","150063"
"2018-11-27","2018-11-27 00:00","19871.81069292727","19906.997608718197","19739.85975871128","19880.607421875","22590","22600","511908"
"2018-11-28","2018-11-28 00:00","19968.57193254055","20091.72612067076","19942.181749369793","20065.3359375","22700","22810","660984"
"2018-11-29","2018-11-29 00:00","20285.257138125544","20294.053867153354","20118.11928659719","20126.916015625","23060","22880","613569"
"2018-11-30","2018-11-30 00:00","20153.305856486517","20232.476416376685","20109.32221210309","20223.6796875","22910","22990","242569"
"2018-12-03","2018-12-03 00:00","20505.174317037374","20540.361231352326","20399.613574092524","20417.20703125","23310","23210","792079"
"2018-12-04","2018-12-04 00:00","20408.406360229277","20425.999813988095","19933.38310874118","19950.9765625","23200","22680","716953"
"2018-12-05","2018-12-05 00:00","19757.450397210516","19889.40131259705","19643.09293720885","19827.82421875","22460","22540","780029"
"2018-12-06","2018-12-06 00:00","19704.671380090498","19731.06156497455","19282.4284219457","19440.76953125","22400","22100","1065769"
"2018-12-07","2018-12-07 00:00","19572.719338829073","19678.28007234186","19467.158605316286","19607.90625","22250","22290","290382"
"2018-12-10","2018-12-10 00:00","19203.25810569222","19282.42866132723","19168.07119207666","19220.8515625","21830","21850","379371"
"2018-12-11","2018-12-11 00:00","19238.445803248447","19264.835989535484","19062.51122800155","19150.478515625","21870","21770","453628"
"2018-12-12","2018-12-12 00:00","19361.596997300945","19590.311909581644","19300.019905533063","19555.125","22010","22230","616051"
"2018-12-13","2018-12-13 00:00","19687.07676077442","19783.840766301015","19625.499666348405","19722.263671875","22380","22420","258876"
"2018-12-14","2018-12-14 00:00","19616.70444129434","19678.281540437416","19317.61567402797","19344.005859375","22300","21990","222058"
"2018-12-17","2018-12-17 00:00","19344.003870048316","19502.3449658468","19335.207142503958","19458.361328125","21990","22120","207441"
"2018-12-18","2018-12-18 00:00","19212.05728448276","19300.02457974138","19088.90307112069","19132.88671875","21840","21750","324498"
"2018-12-19","2018-12-19 00:00","19088.90269475162","19168.073258923403","18895.37464899838","18992.138671875","21700","21590","695027"
"2018-12-20","2018-12-20 00:00","18789.81036694511","18860.184188544154","18349.973981951076","18429.14453125","21360","20950","1250050"
"2018-12-21","2018-12-21 00:00","18358.771823067196","18402.755464234106","18112.463432532517","18262.0078125","20870","20760","490930"
"2018-12-24","2018-12-24 00:00","18262.0078125","18262.0078125","18262.0078125","18262.0078125","20760","20760","0"
"2018-12-25","2018-12-25 00:00","17611.052124952435","17611.052124952435","17294.369868959282","17338.353515625","20020","19710","811773"
"2018-12-26","2018-12-26 00:00","17496.69214087575","17707.81361467214","17171.21320210632","17540.67578125","19890","19940","805777"
"2018-12-27","2018-12-27 00:00","18191.634472561713","18314.78867111871","17980.512989321152","18174.041015625","20680","20660","442286"
"2018-12-28","2018-12-28 00:00","18086.074511054423","18191.635257227892","18024.4974091199","18103.66796875","20560","20580","244197"
"2018-12-31","2018-12-31 00:00","18103.66796875","18103.66796875","18103.66796875","18103.66796875","20580","20580","0"
"2019-01-04","2019-01-04 00:00","17663.828862394435","17707.8125","17435.113946845504","17707.8125","20080","20130","460311"
"2019-01-07","2019-01-07 00:00","18253.211129688258","18367.568597006786","18138.85366236973","18147.650390625","20750","20630","484713"
"2019-01-08","2019-01-08 00:00","18297.19170268972","18437.93933117195","18226.817888448608","18314.78515625","20800","20820","223498"
"2019-01-09","2019-01-09 00:00","18455.534088714947","18578.688272338404","18420.34717910825","18508.314453125","20980","21040","286536"
"2019-01-10","2019-01-10 00:00","18385.162302995668","18446.739401618142","18209.227735502885","18279.6015625","20900","20780","296219"
"2019-01-11","2019-01-11 00:00","18437.939601216025","18473.126508851932","18385.15923976216","18446.736328125","20960","20970","189953"
"2019-01-15","2019-01-15 00:00","18323.58477670656","18640.266990802305","18297.194592198583","18605.080078125","20830","21150","312025"
"2019-01-16","2019-01-16 00:00","18649.06617428741","18649.06617428741","18411.55448244507","18517.115234375","21200","21050","173808"
"2019-01-17","2019-01-17 00:00","18605.08012272538","18631.470307296622","18429.145558917102","18490.72265625","21150","21020","125343"
"2019-01-18","2019-01-18 00:00","18543.502937030073","18745.82768444549","18534.706208881576","18719.4375","21080","21280","262316"
"2019-01-21","2019-01-21 00:00","18904.17149865946","18930.56168688467","18737.03363989979","18763.423828125","21490","21330","229267"
"2019-01-22","2019-01-22 00:00","18833.796047545064","18860.186233506127","18622.67455985656","18666.658203125","21410","21220","176331"
"2019-01-23","2019-01-23 00:00","18525.910544666","18754.625489661874","18525.910544666","18666.658203125","21060","21220","203807"
"2019-01-24","2019-01-24 00:00","18587.485259851346","18693.045990148657","18543.501622227468","18640.265625","21130","21190","107853"
"2019-01-25","2019-01-25 00:00","18666.658878504673","18886.577102803738","18666.658878504673","18825","21220","21400","335366"
"2019-01-28","2019-01-28 00:00","18816.201214134526","18816.201214134526","18675.453565968957","18701.84375","21390","21260","167840"
"2019-01-29","2019-01-29 00:00","18596.28301387582","18737.030662041394","18490.722277751647","18701.84375","21140","21260","141376"
"2019-01-30","2019-01-30 00:00","18754.624900407223","18763.421628784527","18596.283789615794","18631.470703125","21320","21180","209323"
"2019-01-31","2019-01-31 00:00","18930.556670757363","18930.556670757363","18745.825402130085","18816.19921875","21520","21390","378441"
"2019-02-01","2019-02-01 00:00","18842.593457943924","18956.95093457944","18789.81308411215","18825","21420","21400","305859"
"2019-02-04","2019-02-04 00:00","18851.391497498837","18948.155522917637","18851.391497498837","18904.171875","21430","21490","101341"
"2019-02-05","2019-02-05 00:00","18983.339891098487","18992.136619500292","18860.185693473195","18868.982421875","21580","21450","154755"
"2019-02-06","2019-02-06 00:00","18956.952252501163","18983.342441251745","18895.375145416474","18904.171875","21550","21490","131268"
"2019-02-07","2019-02-07 00:00","18921.76161181709","18948.15179537611","18719.43687119794","18798.607421875","21510","21370","173929"
"2019-02-08","2019-02-08 00:00","18569.894289904878","18631.47139081882","18402.756444567032","18437.943359375","21110","20960","336000"
"2019-02-12","2019-02-12 00:00","18525.912360335195","18921.765188547484","18508.318901303537","18895.375","21060","21480","1158110"
"2019-02-13","2019-02-13 00:00","19018.5254983341","19212.053509880516","19018.5254983341","19141.6796875","21620","21760","1493165"
"2019-02-14","2019-02-14 00:00","19159.27690732759","19238.447473060347","19115.293259698276","19132.88671875","21780","21750","213760"
"2019-02-15","2019-02-15 00:00","19027.32048956154","19027.32048956154","18886.57285764615","18921.759765625","21630","21510","174791"
"2019-02-18","2019-02-18 00:00","19264.834278412978","19300.021190337022","19194.460454564894","19282.427734375","21900","21920","439734"
"2019-02-19","2019-02-19 00:00","19264.834718465263","19335.208543920842","19220.851077555526","19308.818359375","21900","21950","164817"
"2019-02-20","2019-02-20 00:00","19335.208060515874","19475.955707908164","19308.81787662982","19396.78515625","21980","22050","389451"
"2019-02-21","2019-02-21 00:00","19396.786036083788","19528.736961499322","19308.818752473428","19449.56640625","22050","22110","459709"
"2019-02-22","2019-02-22 00:00","19370.397214473833","19440.7710463157","19344.00702753313","19414.380859375","22020","22070","209329"
"2019-02-25","2019-02-25 00:00","19528.736181134518","19563.9230931726","19475.9558130774","19519.939453125","22200","22190","200970"
"2019-02-26","2019-02-26 00:00","19581.517183964934","19590.313912259615","19405.58261807127","19440.76953125","22260","22100","228886"
"2019-02-27","2019-02-27 00:00","19484.751180836705","19563.92172739541","19484.751180836705","19555.125","22150","22230","146448"
"2019-02-28","2019-02-28 00:00","19528.73563096049","19528.73563096049","19370.39453125","19370.39453125","22200","22020","165705"
"2019-03-01","2019-03-01 00:00","19467.160399075685","19616.704785331578","19467.160399075685","19599.111328125","22130","22280","286898"
"2019-03-04","2019-03-04 00:00","19757.448007482788","19819.025093881886","19704.66764771213","19801.431640625","22460","22510","456822"
"2019-03-05","2019-03-05 00:00","19695.874706638355","19757.4518048726","19634.297608404115","19678.28125","22390","22370","173992"
"2019-03-06","2019-03-06 00:00","19643.09497114144","19660.688428348014","19537.534227901986","19599.111328125","22330","22280","273145"
"2019-03-07","2019-03-07 00:00","19449.566259544685","19467.15971613405","19396.785889776584","19440.76953125","22110","22100","250752"
"2019-03-08","2019-03-08 00:00","19326.411459235052","19335.20818725473","19027.322706565963","19053.712890625","21970","21660","356545"
"2019-03-11","2019-03-11 00:00","19097.69814305093","19176.868701912033","18983.340669140445","19150.478515625","21710","21770","116765"
"2019-03-12","2019-03-12 00:00","19387.9885329822","19555.12636516308","19379.191804972677","19519.939453125","22040","22190","154044"
"2019-03-13","2019-03-13 00:00","19431.971961825366","19467.158873481003","19212.053763977634","19273.630859375","22090","21910","107887"
"2019-03-14","2019-03-14 00:00","19493.550243008187","19511.143699906206","19326.412402476977","19344.005859375","22160","21990","99776"
"2019-03-15","2019-03-15 00:00","19387.987507770118","19511.141693391164","19387.987507770118","19458.361328125","22040","22120","193997"
"2019-03-18","2019-03-18 00:00","19563.92172739541","19599.108636977056","19493.547908232118","19555.125","22240","22230","84007"
"2019-03-19","2019-03-19 00:00","19555.126806332977","19563.923534540954","19431.9726114213","19546.330078125","22230","22220","77058"
"2019-03-20","2019-03-20 00:00","19546.330664237983","19599.11103506851","19493.550293407458","19581.517578125","22220","22260","265979"
"2019-03-22","2019-03-22 00:00","19581.51654919164","19634.29691724876","19475.9558130774","19519.939453125","22260","22190","121101"
"2019-03-25","2019-03-25 00:00","19185.66262254547","19229.646259919486","18939.354253250985","18983.337890625","21810","21580","342747"
"2019-03-26","2019-03-26 00:00","19185.66426585842","19431.97265625","19185.66426585842","19431.97265625","21810","22090","191352"
"2019-03-27","2019-03-27 00:00","19502.347363501693","19537.53427800508","19414.38007724323","19484.75390625","22170","22150","100621"
"2019-03-28","2019-03-28 00:00","19379.192821506174","19379.192821506174","19168.07133820334","19229.6484375","22030","21860","248730"
"2019-03-29","2019-03-29 00:00","19414.380274235416","19458.363917810937","19326.41298708437","19379.193359375","22070","22030","114123"
"2019-04-01","2019-04-01 00:00","19687.0794941109","19810.233700061548","19634.29912013205","19651.892578125","22380","22340","474855"
"2019-04-02","2019-04-02 00:00","19854.215964309653","19871.809421079088","19669.48466823056","19687.078125","22570","22380","146023"
"2019-04-03","2019-04-03 00:00","19695.87315697126","19836.620799004104","19634.29606358189","19819.02734375","22390","22530","159761"
"2019-04-04","2019-04-04 00:00","19845.41796875","19906.995063511193","19792.637601811835","19845.41796875","22560","22560","215069"
"2019-04-05","2019-04-05 00:00","19854.215724080314","19950.979735141405","19854.215724080314","19906.99609375","22570","22630","239838"
"2019-04-08","2019-04-08 00:00","20012.558356090984","20021.35508503872","19863.013963979534","19880.607421875","22750","22600","285448"
"2019-04-09","2019-04-09 00:00","19889.404296875","19933.387941936642","19827.8271937887","19889.404296875","22610","22610","80362"
"2019-04-10","2019-04-10 00:00","19722.268737847222","19810.236038194445","19695.878547743054","19792.642578125","22420","22500","92689"
"2019-04-11","2019-04-11 00:00","19792.63550616685","19845.41586751663","19757.44859860033","19836.619140625","22500","22550","61520"
"2019-04-12","2019-04-12 00:00","19950.980907364596","19986.167822545136","19827.826704232717","19977.37109375","22680","22710","170390"
"2019-04-15","2019-04-15 00:00","20179.69467983337","20285.25541922221","20179.69467983337","20258.865234375","22940","23030","849297"
"2019-04-16","2019-04-16 00:00","20232.477581816212","20329.241605033592","20214.884123049414","20294.0546875","23000","23070","271717"
"2019-04-17","2019-04-17 00:00","20329.240672435448","20408.411233254104","20258.86684059664","20355.630859375","23110","23140","318681"
"2019-04-18","2019-04-18 00:00","20346.833007386613","20364.426464375272","20153.304980511337","20170.8984375","23130","22930","187198"
"2019-04-19","2019-04-19 00:00","20320.44066906182","20329.237396624187","20258.86357612527","20276.45703125","23100","23050","137955"
"2019-04-22","2019-04-22 00:00","20285.254200741983","20364.424750528055","20197.286923201907","20302.84765625","23060","23080","105240"
"2019-04-23","2019-04-23 00:00","20320.441700232484","20346.831884258758","20214.88096412738","20338.03515625","23100","23120","192546"
"2019-04-24","2019-04-24 00:00","20408.410058000867","20434.800243420697","20214.88203158879","20285.255859375","23200","23060","353609"
"2019-04-25","2019-04-25 00:00","20285.253575811934","20408.40776057402","20258.863393362917","20382.017578125","23060","23170","211249"
"2019-04-26","2019-04-26 00:00","20258.864604171173","20355.62861226752","20170.897324083588","20338.03515625","23030","23120","329208"
"2019-05-07","2019-05-07 00:00","20232.47149585893","20250.06494933359","20003.75660068835","20047.740234375","23000","22790","367653"
"2019-05-08","2019-05-08 00:00","19766.249707683743","19783.843165367485","19669.485690423164","19748.65625","22470","22450","399687"
"2019-05-09","2019-05-09 00:00","19669.483048944767","19704.66995958689","19493.548495734172","19590.3125","22360","22270","356703"
"2019-05-10","2019-05-10 00:00","19581.516843834423","19739.85795038834","19361.598640287317","19537.533203125","22260","22210","357277"
"2019-05-13","2019-05-13 00:00","19370.39453125","19449.565081105244","19317.614164679835","19370.39453125","22020","22020","191955"
"2019-05-14","2019-05-14 00:00","19062.509534849738","19282.427734375","18983.338983020643","19282.427734375","21670","21920","755880"
"2019-05-15","2019-05-15 00:00","19317.614164679835","19370.39453125","19176.866520492735","19370.39453125","21960","22020","210364"
"2019-05-16","2019-05-16 00:00","19344.00649614726","19344.00649614726","19150.478463898402","19264.8359375","21990","21900","217497"
"2019-05-17","2019-05-17 00:00","19440.769677888966","19555.12714658243","19379.192579361716","19449.56640625","22100","22110","212176"
"2019-05-20","2019-05-20 00:00","19467.160741218424","19590.314943828933","19467.160741218424","19502.34765625","22130","22170","110310"
"2019-05-21","2019-05-21 00:00","19396.786036083788","19493.55004805518","19344.00566591757","19449.56640625","22050","22110","168050"
"2019-05-22","2019-05-22 00:00","19563.922058657325","19563.922058657325","19449.56460058064","19458.361328125","22240","22120","92777"
"2019-05-23","2019-05-23 00:00","19370.395750953005","19396.785935899807","19273.631739481396","19326.412109375","22020","21970","138758"
"2019-05-24","2019-05-24 00:00","19141.680523917996","19308.818359375","19124.0870675541","19308.818359375","21760","21950","312247"
"2019-05-27","2019-05-27 00:00","19352.801075726613","19414.37817005847","19308.817436918143","19370.39453125","22000","22020","48302"
"2019-05-28","2019-05-28 00:00","19396.785889776584","19475.956444428735","19379.192433187218","19440.76953125","22050","22100","140814"
"2019-05-29","2019-05-29 00:00","19247.241453847917","19264.834910387082","19097.697073265004","19203.2578125","21880","21830","250440"
"2019-05-30","2019-05-30 00:00","19088.90097638282","19150.478076306637","19027.323876459006","19124.087890625","21700","21740","333189"
"2019-05-31","2019-05-31 00:00","19018.524240279075","19036.117694710418","18824.996241534333","18833.79296875","21620","21410","647805"
"2019-06-03","2019-06-03 00:00","18605.082759065448","18684.253323997644","18561.099111880896","18649.06640625","21150","21200","558666"
"2019-06-04","2019-06-04 00:00","18684.25346976662","18710.64365828324","18552.30252718352","18657.86328125","21240","21210","259075"
"2019-06-05","2019-06-05 00:00","18956.94770820059","19009.72807304941","18912.964070826576","18983.337890625","21550","21580","282278"
"2019-06-06","2019-06-06 00:00","18965.744435675395","19053.711710423424","18956.94770820059","18983.337890625","21560","21580","309214"
"2019-06-07","2019-06-07 00:00","19071.30527739411","19106.4921875","19027.32163976174","19106.4921875","21680","21720","300268"
"2019-06-10","2019-06-10 00:00","19291.225049628585","19344.005419121415","19256.038136633368","19317.615234375","21930","21960","394385"
"2019-06-11","2019-06-11 00:00","19326.413569572665","19414.380859375","19264.836466711033","19414.380859375","21970","22070","1504821"
"2019-06-12","2019-06-12 00:00","19326.410303756256","19440.76776117493","19317.613576262513","19335.20703125","21970","21980","409740"
"2019-06-13","2019-06-13 00:00","19247.24160084707","19300.021970867674","19141.68086080586","19212.0546875","21880","21840","117068"
"2019-06-14","2019-06-14 00:00","19264.834571914882","19308.81821249003","19176.867290764585","19300.021484375","21900","21940","89325"
"2019-06-17","2019-06-17 00:00","19264.833211300047","19370.39394122498","19247.239756312556","19335.20703125","21900","21980","72011"
"2019-06-18","2019-06-18 00:00","19291.22538973112","19335.20903175057","19132.8842784611","19220.8515625","21930","21850","154595"
"2019-06-19","2019-06-19 00:00","19449.567283702636","19519.941113765784","19440.770554944746","19502.34765625","22110","22170","301085"
"2019-06-20","2019-06-20 00:00","19581.516066621803","19643.09316117093","19537.532427658145","19607.90625","22260","22290","260746"
"2019-06-21","2019-06-21 00:00","19634.297405500227","19643.094133728497","19396.785743336917","19431.97265625","22320","22090","107478"
"2019-06-24","2019-06-24 00:00","19405.58276444482","19484.753319694144","19370.395851000678","19449.56640625","22060","22110","86796"
"2019-06-25","2019-06-25 00:00","19440.76805752841","19484.75169566761","19300.020415482955","19352.80078125","22100","22000","172320"
"2019-06-26","2019-06-26 00:00","19291.224903011105","19344.00527210279","19256.037990283316","19308.818359375","21930","21950","101979"
"2019-06-27","2019-06-27 00:00","19352.80162094412","19519.939453125","19335.20816492508","19519.939453125","22000","22190","115263"
"2019-06-28","2019-06-28 00:00","19475.956591333106","19511.14350477725","19414.379492805856","19449.56640625","22140","22110","170586"
"2019-07-01","2019-07-01 00:00","19810.232082688908","19906.99609375","19731.06152818438","19906.99609375","22520","22630","748806"
"2019-07-02","2019-07-02 00:00","19863.013963979534","19933.387795561393","19845.420506084072","19880.607421875","22580","22600","176666"
"2019-07-03","2019-07-03 00:00","19854.213366085336","19854.213366085336","19731.059184815866","19766.24609375","22570","22470","198284"
"2019-07-04","2019-07-04 00:00","19537.53246717763","19555.12592279868","19493.548828125","19493.548828125","22210","22160","136993"
"2019-07-05","2019-07-05 00:00","19502.34599710596","19528.736181134518","19458.36235705836","19519.939453125","22170","22190","97183"
"2019-07-08","2019-07-08 00:00","19841.6718430688","19841.6718430688","19680.3574378406","19734.12890625","22140","22020","107437"
"2019-07-09","2019-07-09 00:00","19778.938457919034","19859.595660511364","19698.281255326703","19716.205078125","22070","22000","87672"
"2019-07-10","2019-07-10 00:00","19716.20508344687","19778.938463257833","19698.281260643733","19734.12890625","22000","22020","65983"
"2019-07-11","2019-07-11 00:00","19734.129902688263","19823.749021229083","19716.2060789801","19814.787109375","22020","22110","85466"
"2019-07-12","2019-07-12 00:00","19859.59667748307","19877.52050119921","19769.97755890237","19850.634765625","22160","22150","68771"
"2019-07-16","2019-07-16 00:00","19752.053704282145","19805.825175346436","19680.35840952976","19725.16796875","22040","22010","803583"
"2019-07-17","2019-07-17 00:00","19671.395505141863","19671.395505141863","19581.776391223222","19662.43359375","21950","21940","86551"
"2019-07-18","2019-07-18 00:00","19536.96968430084","19536.96968430084","19214.340827128897","19259.150390625","21800","21490","580720"
"2019-07-19","2019-07-19 00:00","19357.72956127339","19662.434563626768","19339.805737605548","19635.548828125","21600","21910","154619"
"2019-07-22","2019-07-22 00:00","19590.739260045153","19626.58690736454","19519.04396540638","19599.701171875","21860","21870","115720"
"2019-07-23","2019-07-23 00:00","19608.66216244905","19850.633770486584","19599.700251040253","19787.900390625","21880","22080","133606"
"2019-07-24","2019-07-24 00:00","19895.44432491535","19904.40623677342","19841.67285376693","19850.634765625","22200","22150","84398"
"2019-07-25","2019-07-25 00:00","19922.32910419711","19976.100572764444","19904.405281341333","19931.291015625","22230","22240","492988"
"2019-07-26","2019-07-26 00:00","19850.634756791325","19877.52049235357","19769.97755010459","19814.787109375","22150","22110","101115"
"2019-07-29","2019-07-29 00:00","19823.74803093835","19823.74803093835","19698.281271248867","19769.9765625","22120","22060","138305"
"2019-07-30","2019-07-30 00:00","19832.709968869865","19949.214817308777","19832.709968869865","19859.595703125","22130","22160","123714"
"2019-07-31","2019-07-31 00:00","19707.244140625","19761.015611677183","19653.472669572817","19707.244140625","21990","21990","95650"
"2019-08-01","2019-08-01 00:00","19554.891639310485","19734.12987615109","19492.15825641627","19707.244140625","21820","21990","129960"
"2019-08-02","2019-08-02 00:00","19339.802719867108","19393.574182480268","19187.45024246315","19303.955078125","21580","21540","467155"
"2019-08-05","2019-08-05 00:00","19133.68258583422","19169.530234706977","18793.129921543023","18981.330078125","21350","21180","940761"
"2019-08-06","2019-08-06 00:00","18389.84194168845","18864.823239402624","18362.956207855572","18855.861328125","20520","21040","796730"
"2019-08-07","2019-08-07 00:00","18828.977529744156","18837.93944194299","18676.625022364027","18784.16796875","21010","20960","281725"
"2019-08-08","2019-08-08 00:00","18802.09278595159","18936.521476032274","18739.35939724727","18882.75","20980","21070","118031"
"2019-08-09","2019-08-09 00:00","19044.062472269878","19044.062472269878","18936.51953125","18936.51953125","21250","21130","132048"
"2019-08-13","2019-08-13 00:00","18685.58594684957","18757.28124065043","18640.776388224032","18721.43359375","20850","20890","128253"
"2019-08-14","2019-08-14 00:00","18954.442363355374","18954.442363355374","18828.97560539463","18891.708984375","21150","21080","146391"
"2019-08-15","2019-08-15 00:00","18533.23052128362","18694.544906865394","18479.459059423032","18658.697265625","20680","20820","263601"
"2019-08-16","2019-08-16 00:00","18613.891622141404","18730.396480633382","18587.00588556633","18712.47265625","20770","20880","103182"
"2019-08-19","2019-08-19 00:00","18864.82323382493","18882.74705637488","18766.24220980019","18837.9375","21050","21020","78087"
"2019-08-20","2019-08-20 00:00","18864.823261607777","18936.518551913174","18846.899439031426","18927.556640625","21050","21120","55358"
"2019-08-21","2019-08-21 00:00","18766.24513526341","18891.711912672046","18748.321309919316","18882.75","20940","21070","49132"
"2019-08-22","2019-08-22 00:00","18963.404269052706","18981.32809161325","18837.93751112892","18873.78515625","21160","21060","84492"
"2019-08-23","2019-08-23 00:00","18873.78615818375","18981.32909925602","18855.862334671707","18972.3671875","21060","21170","144447"
"2019-08-26","2019-08-26 00:00","18452.577172945825","18604.92967995898","18443.615260768584","18569.08203125","20590","20720","321487"
"2019-08-27","2019-08-27 00:00","18730.39550547511","18793.12888755086","18703.509770299785","18721.43359375","20900","20890","115437"
"2019-08-28","2019-08-28 00:00","18748.3203125","18766.244136890535","18703.51075152366","18748.3203125","20920","20920","183758"
"2019-08-29","2019-08-29 00:00","18766.244136890535","18775.206049085802","18640.777366156788","18748.3203125","20940","20920","157944"
"2019-08-30","2019-08-30 00:00","18927.557628719886","18990.291011012047","18891.709981695796","18972.3671875","21120","21170","159908"
"2019-09-02","2019-09-02 00:00","18873.78516180918","18927.556629506642","18864.82325052627","18891.708984375","21060","21080","86629"
"2019-09-03","2019-09-03 00:00","18846.89942796045","18927.556629506642","18837.93751667754","18891.708984375","21030","21080","66658"
"2019-09-04","2019-09-04 00:00","18837.93850198178","18954.44335475331","18828.976590230122","18936.51953125","21020","21130","252922"
"2019-09-05","2019-09-05 00:00","19035.099696341604","19375.65232744376","19035.099696341604","19321.880859375","21240","21560","877319"
"2019-09-06","2019-09-06 00:00","19411.502925624132","19447.350576456312","19366.69336208391","19384.6171875","21660","21630","350553"
"2019-09-09","2019-09-09 00:00","19411.501001234497","19536.967766708774","19402.539089414906","19510.08203125","21660","21770","230197"
"2019-09-10","2019-09-10 00:00","19581.77734375","19626.586902889016","19545.929696438787","19581.77734375","21850","21850","482327"
"2019-09-11","2019-09-11 00:00","19653.47268282313","19796.86327239229","19635.548859126986","19761.015625","21930","22050","355276"
"2019-09-12","2019-09-12 00:00","19949.216796875","19985.064446105684","19913.369147644316","19949.216796875","22260","22260","360260"
"2019-09-13","2019-09-13 00:00","20065.718774338005","20146.37597352025","19985.061575155763","20137.4140625","22390","22470","282294"
"2019-09-17","2019-09-17 00:00","20083.642596378504","20173.261706580997","20029.87113025701","20137.4140625","22410","22470","508020"
"2019-09-18","2019-09-18 00:00","20146.374986073977","20173.260717816956","20101.565433169006","20110.52734375","22480","22440","218001"
"2019-09-19","2019-09-19 00:00","20200.14745790335","20379.38567847037","20146.375991733243","20191.185546875","22540","22530","574978"
"2019-09-20","2019-09-20 00:00","20262.881817740683","20325.615197981366","20191.186526037043","20200.1484375","22610","22540","294323"
"2019-09-24","2019-09-24 00:00","20209.113286437583","20298.732414093625","20209.113286437583","20244.9609375","22550","22590","188066"
"2019-09-25","2019-09-25 00:00","20119.495121527776","20164.3046875","20047.799815972223","20164.3046875","22450","22500","112063"
"2019-09-26","2019-09-26 00:00","20289.764597678808","20307.68841799478","20128.450214835073","20173.259765625","22640","22510","137725"
"2019-09-27","2019-09-27 00:00","20253.92087455536","20253.92087455536","20038.83498916185","20155.33984375","22600","22490","193731"
"2019-09-30","2019-09-30 00:00","20056.75878250839","20110.530253775167","19985.063487486015","20029.873046875","22380","22350","161344"
"2019-10-01","2019-10-01 00:00","20128.45216967654","20235.995102016754","20110.52834761984","20191.185546875","22460","22530","106988"
"2019-10-02","2019-10-02 00:00","20047.795911504792","20101.56738019904","20029.872088606713","20092.60546875","22370","22420","78298"
"2019-10-03","2019-10-03 00:00","19734.12889024078","19761.014624423668","19626.58595350922","19680.357421875","22020","21960","214781"
"2019-10-04","2019-10-04 00:00","19680.359389178764","19752.0546875","19635.549827727995","19752.0546875","21960","22040","79776"
"2019-10-07","2019-10-07 00:00","19787.90036931818","19805.824192116477","19671.39552112926","19716.205078125","22080","22000","100891"
"2019-10-08","2019-10-08 00:00","19814.786167062444","19949.214838480777","19805.824255634554","19931.291015625","22110","22240","197283"
"2019-10-09","2019-10-09 00:00","19716.20607458126","19796.86328125","19707.244162729177","19796.86328125","22000","22090","135435"
"2019-10-10","2019-10-10 00:00","19787.90041704238","19931.29099977457","19662.433657151712","19877.51953125","22080","22180","187863"
"2019-10-11","2019-10-11 00:00","20047.795911504792","20119.49120309712","19994.024442810547","20092.60546875","22370","22420","262209"
"2019-10-15","2019-10-15 00:00","20361.464864273206","20495.8935495567","20334.579127216508","20469.0078125","22720","22840","541876"
"2019-10-16","2019-10-16 00:00","20746.82616342357","20863.33101876893","20693.054691725716","20710.978515625","23150","23110","493617"
"2019-10-17","2019-10-17 00:00","20710.978515625","20773.7118992725","20675.13086782643","20710.978515625","23110","23110","170818"
"2019-10-18","2019-10-18 00:00","20782.671869099322","20890.214802445244","20728.90040242636","20764.748046875","23190","23170","196404"
"2019-10-21","2019-10-21 00:00","20782.673832332508","20836.445304084984","20773.71192037376","20800.59765625","23190","23210","98411"
"2019-10-23","2019-10-23 00:00","20908.139645924904","20917.101557474805","20746.82523802664","20899.177734375","23330","23320","167428"
"2019-10-24","2019-10-24 00:00","20997.759765625","21024.6455015605","20979.835941668","20997.759765625","23430","23430","215375"
"2019-10-25","2019-10-25 00:00","21015.6826196851","21051.530265944693","20943.98732716592","21024.64453125","23450","23460","233886"
"2019-10-28","2019-10-28 00:00","21078.415041967703","21105.3007754396","21051.529308495803","21087.376953125","23520","23530","107031"
"2019-10-29","2019-10-29 00:00","21159.07227718684","21212.84374421908","21150.1103660148","21194.919921875","23610","23650","208181"
"2019-10-30","2019-10-30 00:00","21150.11228599532","21176.998021952095","21042.569342168226","21069.455078125","23600","23510","319141"
"2019-10-31","2019-10-31 00:00","21141.149416545286","21203.882797603284","21096.339858646716","21150.111328125","23590","23600","280058"
"2019-11-01","2019-11-01 00:00","20961.9111651985","21078.416015625","20935.025430484693","21078.416015625","23390","23520","131588"
"2019-11-05","2019-11-05 00:00","21410.007824732515","21517.550769017485","21347.274440566285","21463.779296875","23890","23950","331972"
"2019-11-06","2019-11-06 00:00","21517.549797357173","21535.473620595287","21445.854504404713","21490.6640625","24010","23980","162762"
"2019-11-07","2019-11-07 00:00","21472.738294270832","21526.509759114582","21454.81447265625","21508.5859375","23960","24000","170920"
"2019-11-08","2019-11-08 00:00","21732.63963301382","21768.487286016727","21499.629888494906","21562.36328125","24250","24060","203139"
"2019-11-11","2019-11-11 00:00","21607.169901538422","21651.979461682633","21517.55078125","21517.55078125","24110","24010","117508"
"2019-11-12","2019-11-12 00:00","21517.550825584243","21714.712890625","21508.588913536936","21714.712890625","24010","24230","98215"
"2019-11-13","2019-11-13 00:00","21616.130834981268","21625.092746604394","21463.778337388114","21526.51171875","24120","24020","135471"
"2019-11-14","2019-11-14 00:00","21508.586865295845","21544.434510071336","21275.57717425514","21356.234375","24000","23830","194802"
"2019-11-15","2019-11-15 00:00","21365.19633180492","21535.472644852023","21320.38677573989","21499.625","23840","23990","118481"
"2019-11-18","2019-11-18 00:00","21490.66603184697","21598.208981130607","21454.818382085756","21580.28515625","23980","24080","182742"
"2019-11-19","2019-11-19 00:00","21544.435532214346","21571.32126707152","21436.892592785654","21490.6640625","24040","23980","116472"
"2019-11-20","2019-11-20 00:00","21374.158197387747","21490.663042908098","21293.500996642888","21356.234375","23850","23830","249869"
"2019-11-21","2019-11-21 00:00","21275.581050980596","21311.428702288064","20961.91410204028","21248.6953125","23740","23710","293005"
"2019-11-22","2019-11-22 00:00","21257.654316570377","21410.0068137802","21239.73049336922","21329.349609375","23720","23800","128955"
"2019-11-25","2019-11-25 00:00","21481.70117757399","21526.510733639017","21445.85353272197","21499.625","23970","23990","141944"
"2019-11-26","2019-11-26 00:00","21634.05858725582","21786.411112518184","21535.477541497818","21562.36328125","24140","24060","212545"
"2019-11-27","2019-11-27 00:00","21625.09277586475","21669.902334041013","21607.168952594242","21634.0546875","24130","24140","105030"
"2019-11-28","2019-11-28 00:00","21643.015607974005","21660.93943042367","21553.396495725665","21589.244140625","24150","24090","117548"
"2019-11-29","2019-11-29 00:00","21651.978471643037","21660.940383262092","21472.740239261882","21490.6640625","24160","23980","87290"
"2019-12-02","2019-12-02 00:00","21553.39847377347","21723.674802672307","21553.39847377347","21714.712890625","24050","24230","191064"
"2019-12-03","2019-12-03 00:00","21418.967816073284","21571.32030681523","21383.120171192826","21553.396484375","23900","24050","160562"
"2019-12-04","2019-12-04 00:00","21338.30858636113","21383.11813820145","21248.689482680486","21320.384765625","23810","23790","294714"
"2019-12-05","2019-12-05 00:00","21499.625","21553.39646727803","21454.815443934975","21499.625","23990","23990","117620"
"2019-12-06","2019-12-06 00:00","21535.47266193477","21598.206040475572","21526.510750714657","21553.396484375","24030","24050","87103"
"2019-12-09","2019-12-09 00:00","21723.67281470344","21723.67281470344","21553.396501386873","21607.16796875","24240","24110","81205"
"2019-12-10","2019-12-10 00:00","21562.35841261406","21625.091791204377","21517.54885647812","21607.16796875","24060","24110","68054"
"2019-12-11","2019-12-11 00:00","21598.206040475572","21625.091774135915","21517.548839494542","21553.396484375","24100","24050","130298"
"2019-12-12","2019-12-12 00:00","21634.053702431564","21651.97752488594","21553.396501386873","21607.16796875","24140","24110","335301"
"2019-12-13","2019-12-13 00:00","22037.340855838218","22189.69335463824","21992.531297367623","22171.76953125","24590","24740","502645"
"2019-12-16","2019-12-16 00:00","22082.149422375354","22171.768535290837","22082.149422375354","22109.03515625","24640","24670","128381"
"2019-12-17","2019-12-17 00:00","22216.57909919794","22225.541010895886","22144.88380561441","22207.6171875","24790","24780","205218"
"2019-12-18","2019-12-18 00:00","22153.84666184531","22180.732398085416","22064.227541044966","22073.189453125","24720","24630","84059"
"2019-12-19","2019-12-19 00:00","22046.302724832043","22082.150371539086","21983.569343094714","22010.455078125","24600","24560","81023"
"2019-12-20","2019-12-20 00:00","22046.30369700367","22046.30369700367","21902.913103852425","21983.5703125","24600","24530","74626"
"2019-12-23","2019-12-23 00:00","22046.30173271114","22055.2636439846","21956.682619976542","21965.64453125","24600","24510","161177"
"2019-12-24","2019-12-24 00:00","21974.607421875","21992.531245220736","21938.759775183524","21974.607421875","24520","24520","79992"
"2019-12-25","2019-12-25 00:00","21974.607417091836","21974.607417091836","21938.759770408164","21956.68359375","24520","24500","43194"
"2019-12-26","2019-12-26 00:00","21929.799825330287","22064.228512449186","21920.83791285569","22046.3046875","24470","24600","78170"
"2019-12-27","2019-12-27 00:00","22100.074199679617","22117.99802303702","22019.416994571297","22028.37890625","24660","24580","84211"
"2019-12-30","2019-12-30 00:00","21965.64450324534","21974.606414507372","21849.1396568389","21876.025390625","24510","24410","140226"
"2020-01-06","2020-01-06 00:00","21508.588848808027","21553.398408909714","21383.122080523317","21427.931640625","24000","23910","568225"
"2020-01-07","2020-01-07 00:00","21535.471766493058","21777.443359375","21517.547944798098","21777.443359375","24030","24300","170307"
"2020-01-08","2020-01-08 00:00","21418.971683360323","21526.514637419034","21194.92386240467","21445.857421875","23900","23930","396435"
"2020-01-09","2020-01-09 00:00","21750.559611069202","21956.683579365283","21741.597699404152","21902.912109375","24270","24440","188019"
"2020-01-10","2020-01-10 00:00","21956.683612820383","22064.22655296481","21938.759789462976","22028.37890625","24500","24580","113641"
"2020-01-14","2020-01-14 00:00","22135.920906730185","22216.578108414626","22126.958995431913","22162.806640625","24700","24730","284075"
"2020-01-15","2020-01-15 00:00","22100.075189365103","22153.84666184531","22055.26562896493","22073.189453125","24660","24630","87793"
"2020-01-16","2020-01-16 00:00","22135.920890124646","22144.88280141619","22082.149422375354","22109.03515625","24700","24670","41870"
"2020-01-17","2020-01-17 00:00","22252.42577021985","22270.34959282977","22171.768568475192","22216.578125","24830","24790","209201"
"2020-01-20","2020-01-20 00:00","22243.46581834442","22261.389642533253","22216.580082061166","22234.50390625","24820","24810","42876"
"2020-01-21","2020-01-21 00:00","22225.539975071228","22225.539975071228","22010.45410434473","22019.416015625","24800","24570","137274"
"2020-01-22","2020-01-22 00:00","22001.495150318053","22198.657224984854","22001.495150318053","22189.6953125","24550","24760","179841"
"2020-01-23","2020-01-23 00:00","22019.41599889076","22073.18746653152","21947.72070870308","21965.64453125","24570","24510","156663"
"2020-01-24","2020-01-24 00:00","22037.337876304733","22037.337876304733","21938.75686099796","22001.490234375","24590","24550","65779"
"2020-01-27","2020-01-27 00:00","21562.35841261406","21669.901347340314","21517.54885647812","21607.16796875","24060","24110","382449"
"2020-01-28","2020-01-28 00:00","21392.083024945176","21463.778317864977","21356.23537848528","21454.81640625","23870","23940","320095"
"2020-01-29","2020-01-29 00:00","21508.589859958505","21598.208984375","21436.894560425313","21598.208984375","24000","24100","227687"
"2020-01-30","2020-01-30 00:00","21490.662990552326","21526.510635240487","21141.148454842758","21194.919921875","23980","23650","311328"
"2020-01-31","2020-01-31 00:00","21383.122080523317","21625.093705072406","21374.16016850298","21427.931640625","23860","23910","248984"
"2020-02-03","2020-02-03 00:00","21042.566472233953","21266.614241316514","21006.718829180743","21221.8046875","23480","23680","271905"
"2020-02-04","2020-02-04 00:00","21132.188515592134","21347.274403791544","21105.302779567206","21302.46484375","23580","23770","139834"
"2020-02-05","2020-02-05 00:00","21553.396484375","21616.1298629158","21463.777372173856","21553.396484375","24050","24050","161595"
"2020-02-06","2020-02-06 00:00","21849.140682118195","22162.807591008328","21840.17877043562","22064.2265625","24380","24620","490808"
"2020-02-07","2020-02-07 00:00","22126.95698112907","22135.918891611505","21938.75686099796","22001.490234375","24690","24550","190122"
"2020-02-10","2020-02-10 00:00","21804.331071497185","21965.645481397285","21804.331071497185","21867.064453125","24330","24400","125517"
"2020-02-12","2020-02-12 00:00","22028.380862550814","22055.266599974595","21911.8760003811","22046.3046875","24580","24600","126292"
"2020-02-13","2020-02-13 00:00","22046.299786787167","22082.147428716904","21974.604502927697","22001.490234375","24600","24550","109462"
"2020-02-14","2020-02-14 00:00","21867.063473759736","21920.834941318164","21795.368183681836","21858.1015625","24400","24390","107805"
"2020-02-17","2020-02-17 00:00","21714.71289465206","21759.522454896905","21553.398477770617","21732.63671875","24230","24250","156377"
"2020-02-18","2020-02-18 00:00","21607.168893828453","21625.09271705021","21365.197280334727","21418.96875","24110","23900","234627"
"2020-02-19","2020-02-19 00:00","21544.43751295605","21669.90428715796","21463.780300969112","21616.1328125","24040","24120","155136"
"2020-02-20","2020-02-20 00:00","21849.143534115552","21983.57222690133","21634.0576256583","21696.791015625","24380","24210","294014"
"2020-02-21","2020-02-21 00:00","21625.09472169995","21786.40914564964","21580.2851594917","21598.208984375","24130","24100","107743"
"2020-02-25","2020-02-25 00:00","20702.01664969996","21015.683568634806","20684.092825760825","20908.140625","23100","23330","632502"
"2020-02-26","2020-02-26 00:00","20639.282249371485","20737.863276181335","20442.120195751784","20719.939453125","23030","23120","442540"
"2020-02-27","2020-02-27 00:00","20567.58683383254","20585.510656781415","20191.186551906194","20289.767578125","22950","22640","476633"
"2020-02-28","2020-02-28 00:00","19778.939390381194","19778.939390381194","19348.767622942003","19528.005859375","22070","21790","729652"
"2020-03-02","2020-03-02 00:00","19259.149511541516","19958.178670173547","19241.225686961207","19752.0546875","21490","22040","594518"
"2020-03-03","2020-03-03 00:00","20047.79674503069","20092.60630413894","19510.0820357317","19528.005859375","22370","21790","588127"
"2020-03-04","2020-03-04 00:00","19321.880918560608","19635.547816589187","19294.995184443873","19519.04296875","21560","21780","381730"
"2020-03-05","2020-03-05 00:00","19796.86228071733","19805.824192116477","19617.624052734376","19716.205078125","22090","22000","282643"
"2020-03-06","2020-03-06 00:00","19393.578073794473","19465.273371664323","19053.025408912687","19142.64453125","21640","21360","667152"
"2020-03-09","2020-03-09 00:00","18398.80363285106","18452.57509987352","17986.555719012216","18156.83203125","20530","20260","853251"
"2020-03-10","2020-03-10 00:00","17879.017602932643","18461.541985985587","17448.84575083201","18345.037109375","19950","20470","962009"
"2020-03-11","2020-03-11 00:00","18201.642509868012","18452.57603536102","17914.861337876","17950.708984375","20310","20030","666818"
"2020-03-12","2020-03-12 00:00","17547.42373832615","17699.77624269364","16946.97563287781","17153.099609375","19580","19140","1315902"
"2020-03-13","2020-03-13 00:00","15853.623100526325","16785.661993943362","15432.413216001318","16149.3662109375","17690","18020","1648442"
"2020-03-16","2020-03-16 00:00","16256.907059533567","16445.10719638594","15665.420915140394","15719.1923828125","18140","17540","628846"
"2020-03-17","2020-03-17 00:00","15360.714970836902","16238.982221211474","15154.59102432042","15701.267578125","17140","17520","1600891"
"2020-03-18","2020-03-18 00:00","15862.583073134407","16077.6689453125","15468.258974141234","16077.6689453125","17700","17940","1108148"
"2020-03-19","2020-03-19 00:00","15844.660019028102","15907.393401456382","15145.63090054157","15306.9453125","17680","17080","991335"
"2020-03-23","2020-03-23 00:00","15280.05868646163","15737.116160367521","15208.363396437177","15575.8017578125","17050","17380","1292179"
"2020-03-24","2020-03-24 00:00","16283.794039717039","16731.88963794811","16203.136832035447","16687.080078125","18170","18620","1149781"
"2020-03-25","2020-03-25 00:00","17520.53724534591","18076.17576668169","17395.070482463638","18022.404296875","19550","20110","822301"
"2020-03-26","2020-03-26 00:00","17475.730444411995","17663.930618428738","17090.368183330087","17260.64453125","19500","19260","599307"
"2020-03-27","2020-03-27 00:00","17789.39447652668","17861.08976912729","17377.146544073166","17592.232421875","19850","19630","968569"
"2020-03-30","2020-03-30 00:00","17332.337020264287","17735.62304193538","17305.451285486215","17717.69921875","19340","19770","478614"
"2020-03-31","2020-03-31 00:00","17870.05070986675","18022.403198366115","17556.383821779822","17654.96484375","19940","19700","931826"
"2020-04-01","2020-04-01 00:00","17350.260583333333","17520.53690104167","16660.193401041666","16803.583984375","19360","18750","745369"
"2020-04-02","2020-04-02 00:00","16678.11814931398","16911.127860158776","16498.879910202602","16615.384765625","18610","18540","513795"
"2020-04-03","2020-04-03 00:00","17359.222440405996","17520.536846150604","16445.10747451988","16624.345703125","19370","18550","292380"
"2020-04-06","2020-04-06 00:00","16624.345904998387","17412.994120437663","16588.498258842053","17341.298828125","18550","19350","492258"
"2020-04-07","2020-04-07 00:00","17699.77538567537","17879.013617429042","17287.527452641916","17681.8515625","19750","19730","621756"
"2020-04-08","2020-04-08 00:00","17726.65929854384","18147.869099874253","17457.801978545704","18040.326171875","19780","20130","1005739"
"2020-04-09","2020-04-09 00:00","18058.251938542184","18094.099585070308","17870.051794269537","18004.48046875","20150","20090","523505"
"2020-04-10","2020-04-10 00:00","18210.604475308643","18210.604475308643","17932.78521412037","18147.87109375","20320","20250","527357"
"2020-04-13","2020-04-13 00:00","17959.669844855915","18058.250866958417","17717.69824514977","17726.66015625","20040","19780","346662"
"2020-04-14","2020-04-14 00:00","17852.12709099265","18380.879851217833","17816.27944623162","18282.298828125","19920","20400","655319"
"2020-04-15","2020-04-15 00:00","18219.56640625","18327.109346178677","18138.909201303493","18219.56640625","20330","20330","269702"
"2020-04-16","2020-04-16 00:00","17968.632822221876","18049.290026910156","17861.089882637505","18004.48046875","20050","20090","943838"
"2020-04-17","2020-04-17 00:00","18336.069405388243","18578.040995781932","18282.297940856315","18524.26953125","20460","20670","659076"
"2020-04-20","2020-04-20 00:00","18264.37988710613","18443.618158814726","18255.4179735207","18345.037109375","20380","20470","356732"
"2020-04-21","2020-04-21 00:00","18138.90913832835","18210.60443136522","17887.9756126993","17986.556640625","20240","20070","424853"
"2020-04-22","2020-04-22 00:00","17807.31836918477","17843.166015625","17583.270578933327","17843.166015625","19870","19910","449787"
"2020-04-23","2020-04-23 00:00","17986.55569600161","18103.06054106789","17923.822317889","18085.13671875","20070","20180","253402"
"2020-04-24","2020-04-24 00:00","18031.366188997756","18040.328100622504","17870.051779752248","17950.708984375","20120","20030","177008"
"2020-04-27","2020-04-27 00:00","18147.86924041971","18470.49802691606","18129.94541894769","18416.7265625","20250","20550","425131"
"2020-04-28","2020-04-28 00:00","18452.573230787937","18497.38278210117","18300.220756322957","18425.6875","20590","20560","908341"
"2020-04-30","2020-04-30 00:00","18900.67283482143","18990.291956845238","18820.015625","18820.015625","21090","21000","765904"
"2020-05-01","2020-05-01 00:00","18604.928632066814","18604.928632066814","18228.528341822686","18309.185546875","20760","20430","442330"
"2020-05-07","2020-05-07 00:00","18120.982505962573","18389.8398131727","18112.020595722235","18318.14453125","20220","20440","344214"
"2020-05-08","2020-05-08 00:00","18595.965884547782","18811.05175501966","18551.156328199475","18802.08984375","20750","20980","367481"
"2020-05-11","2020-05-11 00:00","18954.446293668927","19151.60838277565","18927.560554245283","18999.255859375","21150","21200","364731"
"2020-05-12","2020-05-12 00:00","19044.064447599892","19070.950185643564","18918.597670062765","19008.216796875","21250","21210","268385"
"2020-05-13","2020-05-13 00:00","18730.397484575224","18954.445301376363","18694.549833887042","18882.75","20900","21070","303835"
"2020-05-14","2020-05-14 00:00","18775.206007510566","18820.01556838768","18551.158203125","18551.158203125","20950","20700","253993"
"2020-05-15","2020-05-15 00:00","18784.16400996638","18828.973561516872","18488.420969733128","18658.697265625","20960","20820","392950"
"2020-05-18","2020-05-18 00:00","18748.318364971346","18837.937477614614","18640.775429799425","18766.2421875","20920","20940","207463"
"2020-05-19","2020-05-19 00:00","19259.147403114723","19259.147403114723","19044.0615316979","19070.947265625","21490","21280","372702"
"2020-05-20","2020-05-20 00:00","19061.98539259454","19286.03317577031","19053.023481267508","19196.4140625","21270","21420","374578"
"2020-05-21","2020-05-21 00:00","19312.917917616294","19330.84173934958","19115.75587855014","19169.52734375","21550","21390","271672"
"2020-05-22","2020-05-22 00:00","19178.494122199292","19223.303687905365","18945.484380527712","18999.255859375","21400","21200","304409"
"2020-05-25","2020-05-25 00:00","19286.033213995826","19321.880859375","19178.490277858302","19321.880859375","21520","21560","355334"
"2020-05-26","2020-05-26 00:00","19536.966881639917","19886.481426770173","19510.08114739913","19823.748046875","21800","22120","699713"
"2020-05-27","2020-05-27 00:00","19814.78811574282","20020.912098855475","19716.207080341115","19967.140625","22110","22280","535026"
"2020-05-28","2020-05-28 00:00","20227.03423879523","20433.158203125","20119.491300884045","20433.158203125","22570","22800","1115436"
"2020-05-29","2020-05-29 00:00","20325.614278846155","20469.00485576923","20235.99516826923","20388.34765625","22680","22750","395394"
"2020-06-01","2020-06-01 00:00","20442.121119303316","20666.168917629744","20415.235383504143","20549.6640625","22810","22930","427046"
"2020-06-02","2020-06-02 00:00","20675.13089717742","20890.216784274195","20621.359425403225","20836.4453125","23070","23250","448387"
"2020-06-03","2020-06-03 00:00","21221.80662076271","21275.578090240993","20943.987361791576","21150.111328125","23680","23600","864987"
"2020-06-04","2020-06-04 00:00","21365.197206038134","21392.082940777276","20979.835008110433","21150.111328125","23840","23600","451929"
"2020-06-05","2020-06-05 00:00","21105.302779567206","21311.426755758308","21033.607483500735","21302.46484375","23550","23770","486638"
"2020-06-08","2020-06-08 00:00","21598.208001726733","21607.169913760645","21463.779321218062","21571.322265625","24100","24070","408090"
"2020-06-09","2020-06-09 00:00","21562.358389903246","21616.129857209737","21374.158254330523","21535.47265625","24060","24030","434102"
"2020-06-10","2020-06-10 00:00","21356.235397910597","21598.207011735012","21338.31157466434","21526.51171875","23830","24020","400456"
"2020-06-11","2020-06-11 00:00","21221.80755664814","21383.121972196986","20943.988285425126","20961.912109375","23680","23390","806637"
"2020-06-12","2020-06-12 00:00","20513.815497996275","20836.444313167907","20307.691532747733","20755.787109375","22890","23160","909561"
"2020-06-15","2020-06-15 00:00","20621.360259466746","20737.865119689723","20074.683607651245","20146.37890625","23010","22480","774155"
"2020-06-16","2020-06-16 00:00","20648.245210727968","21105.30272190294","20576.549914857387","21051.53125","23040","23490","756813"
"2020-06-17","2020-06-17 00:00","20997.75779494945","21015.681617224272","20800.595749926455","20943.986328125","23430","23370","271101"
"2020-06-18","2020-06-18 00:00","20863.3310483871","20908.140608198926","20621.359425403225","20836.4453125","23280","23250","303770"
"2020-06-19","2020-06-19 00:00","21015.68259964446","21024.64451120081","20836.44436851743","20952.94921875","23450","23380","151097"
"2020-06-22","2020-06-22 00:00","20818.521509468683","21042.569308752678","20791.635773554604","20926.064453125","23230","23350","207651"
"2020-06-23","2020-06-23 00:00","21114.2636418782","21150.111288129265","20737.863356242","21006.720703125","23560","23440","338906"
"2020-06-24","2020-06-24 00:00","21015.6826196851","21132.18747002877","20952.949238730816","21024.64453125","23450","23460","185897"
"2020-06-25","2020-06-25 00:00","20764.749025965273","20908.139610520924","20675.12991061799","20773.7109375","23170","23180","402643"
"2020-06-26","2020-06-26 00:00","20961.910162090186","21042.56736237185","20881.25296180852","20979.833984375","23390","23410","193856"
"2020-06-29","2020-06-29 00:00","20764.74994889337","20800.5975966256","20495.892590901658","20549.6640625","23170","22930","481814"
"2020-06-30","2020-06-30 00:00","20917.10250747898","20943.988243349773","20782.673828125","20782.673828125","23340","23190","294821"
"2020-07-01","2020-07-01 00:00","20863.331987130758","20863.331987130758","20576.550791431364","20630.322265625","23280","23020","211225"
"2020-07-02","2020-07-02 00:00","20702.015614836295","20773.710907008888","20594.472676577407","20666.16796875","23100","23060","198387"
"2020-07-03","2020-07-03 00:00","20782.67188677088","20818.51953125","20675.128953333515","20818.51953125","23190","23230","177905"
"2020-07-06","2020-07-06 00:00","20809.559655033325","21185.95995887114","20809.559655033325","21176.998046875","23220","23630","484130"
"2020-07-07","2020-07-07 00:00","20809.560533370244","20881.255832365492","20693.05567250297","20737.865234375","23220","23140","412560"
"2020-07-08","2020-07-08 00:00","21019.52289741848","21165.36520720109","20955.716886888586","20964.83203125","23060","23000","174104"
"2020-07-09","2020-07-09 00:00","21046.867277969424","21174.479292647455","20983.06127063041","21055.982421875","23090","23100","198601"
"2020-07-10","2020-07-10 00:00","21046.867057633423","21065.09734525372","20828.103606189852","20837.21875","23090","22860","198906"
"2020-07-13","2020-07-13 00:00","21119.786344051772","21256.513489136265","21065.095486017974","21238.283203125","23170","23300","382879"
"2020-07-14","2020-07-14 00:00","21101.55850343696","21165.364511870677","21046.8676390652","21092.443359375","23150","23140","215826"
"2020-07-15","2020-07-15 00:00","21302.090841108125","21429.70285299324","21292.975697402046","21402.357421875","23370","23480","326427"
"2020-07-16","2020-07-16 00:00","21393.242783822898","21402.357927744426","21238.285337156947","21256.515625","23470","23320","572932"
"2020-07-17","2020-07-17 00:00","21283.86023847799","21338.55109990449","21138.01794134067","21174.478515625","23350","23230","173942"
"2020-07-20","2020-07-20 00:00","21265.63013356855","21265.63013356855","21074.212116935487","21192.708984375","23330","23250","140609"
"2020-07-21","2020-07-21 00:00","21292.977192701666","21402.358924855955","21283.862048355473","21356.783203125","23360","23430","211458"
"2020-07-22","2020-07-22 00:00","21292.9740611588","21338.549776186963","21220.052917113735","21238.283203125","23360","23300","165726"
"2020-07-27","2020-07-27 00:00","20973.945626545035","21229.169649814598","20928.369908104043","21201.82421875","23010","23260","145332"
"2020-07-28","2020-07-28 00:00","21201.82394633825","21320.320812762322","21138.01794134067","21174.478515625","23260","23230","217089"
"2020-07-29","2020-07-29 00:00","21065.09816601988","21074.213310185187","20882.79528271378","20919.255859375","23110","22950","258547"
"2020-07-30","2020-07-30 00:00","21028.6370438442","21037.752187773043","20846.33416526731","20864.564453125","23070","22890","180795"
"2020-07-31","2020-07-31 00:00","20791.641559026997","20818.986988521556","20262.963255465595","20299.423828125","22810","22270","543841"
"2020-08-03","2020-08-03 00:00","20527.302422907487","20736.95071585903","20463.496420704843","20691.375","22520","22700","239651"
"2020-08-04","2020-08-04 00:00","20919.255353134467","21092.443088084165","20910.140209189747","21065.09765625","22950","23110","217902"
"2020-08-05","2020-08-05 00:00","20983.06072828505","21055.98187764486","20873.679004245336","21001.291015625","23020","23040","203012"
"2020-08-06","2020-08-06 00:00","20973.944674797025","21074.21125081735","20864.562955502126","20910.138671875","23010","22940","140957"
"2020-08-07","2020-08-07 00:00","20928.370188101486","20937.485331911637","20727.837024278215","20837.21875","22960","22860","151266"
"2020-08-11","2020-08-11 00:00","21037.75374852341","21238.286929835158","21010.408314708173","21220.056640625","23080","23280","342495"
"2020-08-12","2020-08-12 00:00","21229.168788260533","21338.55050807982","21147.132498396066","21311.205078125","23290","23380","311739"
"2020-08-13","2020-08-13 00:00","21630.235012637866","21748.731875328256","21593.774439502362","21694.041015625","23730","23800","745202"
"2020-08-14","2020-08-14 00:00","21776.081405626835","21776.081405626835","21666.699665623688","21712.275390625","23890","23820","223822"
"2020-08-17","2020-08-17 00:00","21648.465888444767","21703.156749636626","21520.85387899709","21557.314453125","23750","23650","189490"
"2020-08-18","2020-08-18 00:00","21557.313997947564","21575.54428462659","21402.35656117585","21511.73828125","23650","23600","167586"
"2020-08-19","2020-08-19 00:00","21447.931060791016","21602.88848876953","21429.700775146484","21584.658203125","23530","23680","127811"
"2020-08-20","2020-08-20 00:00","21466.16493527929","21539.086090048815","21320.32262574024","21356.783203125","23550","23430","197557"
"2020-08-21","2020-08-21 00:00","21484.393987930667","21593.775713792","21384.12740589111","21429.703125","23570","23510","187607"
"2020-08-24","2020-08-24 00:00","21402.355925281554","21475.277069831067","21320.319637663357","21447.931640625","23480","23530","127407"
"2020-08-25","2020-08-25 00:00","21703.156431952895","21867.229013126835","21675.811001757236","21721.38671875","23810","23830","450946"
"2020-08-26","2020-08-26 00:00","21703.16024562474","21785.1965506271","21657.584520623426","21712.275390625","23810","23820","204253"
"2020-08-27","2020-08-27 00:00","21766.96170394737","21794.307133223683","21621.119414473684","21648.46484375","23880","23750","106997"
"2020-08-28","2020-08-28 00:00","21703.156887993067","21821.653754664178","21065.0968366871","21375.01171875","23810","23450","1057782"
"2020-08-31","2020-08-31 00:00","21666.698589959127","21785.19546907964","21602.892578125","21602.892578125","23770","23700","273309"
"2020-09-01","2020-09-01 00:00","21566.431999934073","21666.698589959127","21511.74113264768","21602.892578125","23660","23700","206540"
"2020-09-02","2020-09-02 00:00","21730.501588760504","21730.501588760504","21630.235012637866","21694.041015625","23840","23800","118177"
"2020-09-03","2020-09-03 00:00","22013.07117324048","22022.186316583437","21867.228879753173","21903.689453125","24150","24030","268628"
"2020-09-04","2020-09-04 00:00","21557.313503689234","21721.38608003867","21539.083217428186","21657.580078125","23650","23760","256521"
"2020-09-07","2020-09-07 00:00","21602.890261781486","21675.81141034446","21557.314543929628","21566.4296875","23700","23660","194350"
"2020-09-08","2020-09-08 00:00","21657.584520623426","21730.505680625523","21584.663360621325","21712.275390625","23760","23820","203540"
"2020-09-09","2020-09-09 00:00","21411.473558711317","21529.970432386606","21356.78269393811","21502.625","23490","23590","368728"
"2020-09-10","2020-09-10 00:00","21657.58416342515","21694.04474282485","21584.663004625734","21675.814453125","23760","23780","240640"
"2020-09-11","2020-09-11 00:00","21666.696941871087","21848.999818958768","21630.236366453548","21830.76953125","23770","23950","158287"
"2020-09-14","2020-09-14 00:00","21958.383082147855","22013.073949102145","21940.152793163088","21985.728515625","24090","24120","138945"
"2020-09-15","2020-09-15 00:00","21894.57394519852","21903.689088389696","21794.307370095612","21867.228515625","24020","23990","240654"
"2020-09-16","2020-09-16 00:00","21876.343932139884","21931.034791970233","21830.768215614593","21894.57421875","24000","24020","137270"
"2020-09-17","2020-09-17 00:00","21858.114417643366","21876.344704897445","21712.272119610716","21776.078125","23980","23890","247797"
"2020-09-18","2020-09-18 00:00","21785.195581840264","21830.771304814825","21730.50471427079","21812.541015625","23900","23930","211610"
"2020-09-23","2020-09-23 00:00","21684.926959493885","21812.538971865855","21612.005809567047","21803.423828125","23790","23920","163792"
"2020-09-24","2020-09-24 00:00","21648.46579717904","21684.926371153237","21493.508357788705","21548.19921875","23750","23640","191212"
"2020-09-25","2020-09-25 00:00","21666.695221255522","21721.38608003867","21612.00436247238","21657.580078125","23770","23760","153975"
"2020-09-28","2020-09-28 00:00","21803.427031379884","21931.0390625","21739.621015819826","21931.0390625","23920","24060","265696"
"2020-09-29","2020-09-29 00:00","21967.495415313017","22168.02856848185","21921.919698683734","22095.107421875","24100","24240","346780"
"2020-09-30","2020-09-30 00:00","22049.532341885206","22085.99291624136","21748.732603446922","21766.962890625","24190","23880","255585"
"2020-10-02","2020-10-02 00:00","21958.38330675348","21958.38330675348","21557.31694498629","21612.0078125","24090","23710","353289"
"2020-10-05","2020-10-05 00:00","21830.767942860308","21940.149661154388","21830.767942860308","21867.228515625","23950","23990","298320"
"2020-10-06","2020-10-06 00:00","21958.383082147855","21994.84366011738","21894.57707070118","21985.728515625","24090","24120","173763"
"2020-10-07","2020-10-07 00:00","21858.116313861512","21994.84348012837","21839.88602502593","21967.498046875","23980","24100","138373"
"2020-10-08","2020-10-08 00:00","22058.64969571693","22240.952585764175","22031.30426220984","22186.26171875","24200","24340","221580"
"2020-10-09","2020-10-09 00:00","22277.408873456792","22277.408873456792","22104.221161265432","22149.796875","24440","24300","151220"
"2020-10-12","2020-10-12 00:00","22140.68154892144","22149.796691592874","22067.76040754994","22131.56640625","24290","24280","98556"
"2020-10-13","2020-10-13 00:00","22195.374454829664","22204.489598342938","22058.647302130506","22140.68359375","24350","24290","103881"
"2020-10-14","2020-10-14 00:00","22104.22541822874","22213.60715225709","22076.87998472165","22186.26171875","24250","24340","187251"
"2020-10-15","2020-10-15 00:00","22113.33752612768","22140.682955879696","22022.186093620974","22076.876953125","24260","24220","154401"
"2020-10-16","2020-10-16 00:00","22067.760987036367","22095.106415768754","21949.264129196024","21994.83984375","24210","24130","89087"
"2020-10-19","2020-10-19 00:00","22104.221981184655","22250.064270545052","22104.221981184655","22231.833984375","24250","24390","184137"
"2020-10-20","2020-10-20 00:00","22149.79846422867","22213.60446803509","22076.87731702133","22113.337890625","24300","24260","185857"
"2020-10-21","2020-10-21 00:00","22177.144712525667","22240.95071868583","22158.914425051335","22195.375","24330","24350","125493"
"2020-10-22","2020-10-22 00:00","22104.222017324493","22113.33716042442","22013.07058632522","22040.416015625","24250","24180","178580"
"2020-10-23","2020-10-23 00:00","22104.222565200856","22131.567995178426","22022.18627526815","22095.107421875","24250","24240","203600"
"2020-10-26","2020-10-26 00:00","22095.110880012402","22122.456314269843","22040.42001149752","22049.53515625","24240","24190","50163"
"2020-10-27","2020-10-27 00:00","21967.49885347768","22049.53515625","21821.656537437993","22049.53515625","24100","24190","148227"
"2020-10-28","2020-10-28 00:00","21949.266168703398","22022.187318765533","21912.80559367233","22003.95703125","24080","24140","238709"
"2020-10-29","2020-10-29 00:00","21739.616872951778","21940.150026496827","21730.501729608823","21903.689453125","23850","24030","193175"
"2020-10-30","2020-10-30 00:00","21876.3427734375","21885.457916259766","21548.197631835938","21584.658203125","24000","23680","345798"
"2020-11-02","2020-11-02 00:00","21684.92565180153","21931.034517963213","21684.92565180153","21867.228515625","23790","23990","158791"
"2020-11-04","2020-11-04 00:00","22313.87473159509","22350.33531122188","22095.111253834355","22286.529296875","24480","24450","399404"
"2020-11-05","2020-11-05 00:00","22441.48467970949","22705.82385749648","22405.02410346301","22669.36328125","24620","24870","537042"
"2020-11-06","2020-11-06 00:00","22678.480217889908","22906.35883744266","22623.789349197246","22851.66796875","24880","25070","826645"
"2020-11-09","2020-11-09 00:00","23061.315289742775","23444.151353841273","23043.08500097618","23343.884765625","25300","25610","305828"
"2020-11-10","2020-11-10 00:00","23717.60416108486","23754.064736274842","23307.422690197534","23389.458984375","26020","25660","544194"
"2020-11-11","2020-11-11 00:00","23644.683359046114","23845.21652554535","23608.222783318983","23817.87109375","25940","26130","339142"
"2020-11-12","2020-11-12 00:00","23890.793777477425","24027.520945223387","23763.181754247864","23972.830078125","26210","26300","271562"
"2020-11-13","2020-11-13 00:00","23863.44494787682","23899.905520753633","23681.14208349273","23826.984375","26180","26140","177445"
"2020-11-16","2020-11-16 00:00","24146.015396598577","24337.433412200153","24100.439678598203","24319.203125","26490","26680","248986"
"2020-11-17","2020-11-17 00:00","24510.619999357954","24510.619999357954","24273.626276790717","24401.23828125","26890","26770","219961"
"2020-11-18","2020-11-18 00:00","24300.9733411694","24310.088484958287","24082.209890236143","24173.361328125","26660","26520","218735"
"2020-11-19","2020-11-19 00:00","24054.863099047212","24091.32367214164","23918.135949943116","24036.6328125","26390","26370","197715"
"2020-11-20","2020-11-20 00:00","23918.139211026617","23991.060367157796","23872.56348844463","23972.830078125","26240","26300","145732"
"2020-11-24","2020-11-24 00:00","24373.89448051948","24656.463937847868","24364.779336734697","24565.3125","26740","26950","268172"
"2020-11-25","2020-11-25 00:00","24911.688970257066","25084.87670916482","24647.34978981892","24665.580078125","27330","27060","383545"
"2020-11-26","2020-11-26 00:00","24665.578801988115","24939.033112431443","24647.348514625228","24929.91796875","27060","27350","190486"
"2020-11-27","2020-11-27 00:00","24875.229771663096","25039.30237550697","24802.30861439915","25002.841796875","27290","27430","250965"
"2020-11-30","2020-11-30 00:00","25212.486317365958","25230.71660392949","24793.189726404704","24820.53515625","27660","27230","180816"
"2020-12-01","2020-12-01 00:00","24993.724376641163","25221.602972343582","24993.724376641163","25166.912109375","27420","27610","350224"
"2020-12-02","2020-12-02 00:00","25230.719623095065","25239.83476746757","25057.53188001746","25121.337890625","27680","27560","644553"
"2020-12-03","2020-12-03 00:00","25121.33639023452","25230.71811617168","25075.760671094034","25166.912109375","27560","27610","250514"
"2020-12-04","2020-12-04 00:00","25066.647114163945","25166.9137026206","25011.956247733044","25130.453125","27500","27570","474708"
"2020-12-07","2020-12-07 00:00","25230.719595830284","25239.83474019294","24884.344110049376","24920.8046875","27680","27340","344869"
"2020-12-08","2020-12-08 00:00","24774.95980301155","24902.571810826914","24702.038655688484","24856.99609375","27180","27270","208762"
"2020-12-09","2020-12-09 00:00","24920.80322601639","25166.912109375","24911.688082188295","25166.912109375","27340","27610","212737"
"2020-12-10","2020-12-10 00:00","25039.299554077814","25194.256995803087","24993.723835923323","25112.220703125","27470","27550","97164"
"2020-12-11","2020-12-11 00:00","25112.221661892992","25166.912525766445","24911.688494357008","25011.955078125","27550","27440","169863"
"2020-12-14","2020-12-14 00:00","25048.414516550125","25212.487100719667","25048.414516550125","25093.990234375","27480","27530","137341"
"2020-12-15","2020-12-15 00:00","25039.298919100253","25103.10492289847","24975.49291530204","25048.4140625","27470","27480","150823"
"2020-12-16","2020-12-16 00:00","25176.028756860032","25221.60447872256","25075.762168762474","25121.337890625","27620","27560","136802"
"2020-12-17","2020-12-17 00:00","25130.451624445603","25194.25763147176","25048.415329697684","25176.02734375","27570","27620","71179"
"2020-12-18","2020-12-18 00:00","25130.453125","25176.02884702575","25066.647114163945","25130.453125","27570","27570","77429"
"2020-12-21","2020-12-21 00:00","25194.258412149873","25248.949277009822","24893.458655420152","25057.53125","27640","27490","169198"
"2020-12-22","2020-12-22 00:00","24957.263905330543","25011.954768527034","24756.73074027676","24784.076171875","27380","27190","216755"
"2020-12-23","2020-12-23 00:00","24939.036572802197","24957.266862694596","24793.194253663005","24884.345703125","27360","27300","91807"
"2020-12-24","2020-12-24 00:00","25021.070222103906","25112.221661892992","24966.379358230457","25011.955078125","27450","27440","174088"
"2020-12-25","2020-12-25 00:00","25039.30060052368","25057.53088854736","25011.95516848816","25021.0703125","27470","27450","63526"
"2020-12-28","2020-12-28 00:00","25057.53038343784","25185.142397031195","25011.95466429736","25166.912109375","27490","27610","169431"
"2020-12-29","2020-12-29 00:00","25312.75385468915","25941.698765014517","25294.52356743334","25896.123046875","27770","28410","319559"
"2020-12-30","2020-12-30 00:00","25923.46980030434","25932.584944397273","25695.59119798099","25832.318359375","28440","28340","183140"
"2021-01-04","2021-01-04 00:00","25959.928549218195","25959.928549218195","25403.9047986907","25650.013671875","28480","28140","247890"
"2021-01-05","2021-01-05 00:00","25495.058773780816","25640.9010835343","25449.48305198285","25513.2890625","27970","27990","161161"
"2021-01-06","2021-01-06 00:00","25458.59747570315","25549.748916718916","25367.446034687386","25440.3671875","27930","27910","251511"
"2021-01-07","2021-01-07 00:00","25732.0515042719","25950.8149602062","25722.936360274638","25804.97265625","28230","28310","195656"
"2021-01-08","2021-01-08 00:00","26051.079900935667","26424.80078125","26005.504183824163","26424.80078125","28580","28990","363992"
"2021-01-12","2021-01-12 00:00","26360.997175232438","26579.760637267562","26278.960876969264","26470.37890625","28920","29040","400835"
"2021-01-13","2021-01-13 00:00","26461.264415700647","26789.40961685987","26443.034126747356","26734.71875","29030","29330","221704"
"2021-01-14","2021-01-14 00:00","26725.602050946265","27236.050111946603","26698.25661910696","26971.7109375","29320","29590","324341"
"2021-01-15","2021-01-15 00:00","27126.670235865124","27144.90052500213","26762.064453125","26762.064453125","29760","29360","312968"
"2021-01-18","2021-01-18 00:00","26488.606107052437","26643.563541264375","26406.569818352","26552.412109375","29060","29130","194071"
"2021-01-19","2021-01-19 00:00","26707.369196201726","26989.938631383382","26680.0237669906","26907.90234375","29300","29520","211410"
"2021-01-20","2021-01-20 00:00","27090.208228883414","27099.323372971194","26689.141889021073","26816.75390625","29720","29420","211592"
"2021-01-21","2021-01-21 00:00","27008.171875","27108.438459753626","26944.36586652042","27008.171875","29630","29630","201687"
"2021-01-22","2021-01-22 00:00","26862.32848769485","26971.7102121103","26798.522481785836","26898.7890625","29470","29510","213937"
"2021-01-25","2021-01-25 00:00","26971.711748889193","27071.978335316293","26834.984585579517","27053.748046875","29590","29680","197443"
"2021-01-26","2021-01-26 00:00","26980.824626231737","27008.170056596162","26807.636900590383","26825.8671875","29600","29430","155319"
"2021-01-27","2021-01-27 00:00","26971.70852816097","27017.284243821938","26816.751094913678","26926.1328125","29590","29540","142877"
"2021-01-28","2021-01-28 00:00","26297.189405405843","26652.680007419993","26269.843974481675","26488.607421875","28850","29060","588749"
"2021-01-29","2021-01-29 00:00","26607.105825478917","26634.45125798198","25996.391166243877","26051.08203125","29190","28580","445638"
"2021-02-01","2021-02-01 00:00","25978.16022913787","26415.687138260193","25959.929941257775","26379.2265625","28500","28940","267763"
"2021-02-02","2021-02-02 00:00","26561.528252180233","26670.90997456395","26397.45566860465","26652.6796875","29140","29240","219668"
"2021-02-03","2021-02-03 00:00","26771.17574163286","26962.59375","26698.254595588234","26962.59375","29370","29580","327790"
"2021-02-04","2021-02-04 00:00","26834.984433800888","26889.67529881543","26616.22097374273","26643.56640625","29440","29230","292736"
"2021-02-05","2021-02-05 00:00","26926.1339934593","27053.746002906977","26816.75227107558","27044.630859375","29540","29670","345149"
"2021-02-08","2021-02-08 00:00","27108.43628357438","27664.46002711777","27081.090853564052","27573.30859375","29740","30250","480675"
"2021-02-09","2021-02-09 00:00","27755.612828304893","27846.764266164682","27573.30995258532","27710.037109375","30450","30400","275314"
"2021-02-10","2021-02-10 00:00","27573.310851050202","27801.189453125","27573.310851050202","27801.189453125","30250","30500","193104"
"2021-02-12","2021-02-12 00:00","27846.76472059729","27892.340440270935","27618.886122229065","27755.61328125","30550","30450","162188"
"2021-02-15","2021-02-15 00:00","27892.338088768116","28302.51953125","27892.338088768116","28302.51953125","30600","31050","332465"
"2021-02-16","2021-02-16 00:00","28393.6736817185","28895.006603867623","28348.097961523126","28575.9765625","31150","31350","421027"
"2021-02-17","2021-02-17 00:00","28530.39798125","28575.973696875","28348.09511875","28484.822265625","31300","31250","223311"
"2021-02-18","2021-02-18 00:00","28530.399482922676","28712.702355018027","28302.520892803484","28439.248046875","31300","31200","214561"
"2021-02-19","2021-02-19 00:00","28165.793423111874","28348.096293164377","28029.066270572494","28211.369140625","30900","30950","190780"
"2021-02-22","2021-02-22 00:00","28484.822394575283","28621.549542069242","28256.94381541868","28302.51953125","31250","31050","166061"
"2021-02-24","2021-02-24 00:00","28211.369874642565","28302.52131204044","27892.33984375","27892.33984375","30950","30600","264802"
"2021-02-25","2021-02-25 00:00","28393.67578125","28439.25150481541","28256.948610553773","28393.67578125","31150","31150","215793"
"2021-02-26","2021-02-26 00:00","27846.765625","27892.341346153848","27254.28125","27254.28125","30550","29900","745894"
"2021-03-01","2021-03-01 00:00","27755.612687653185","27937.915562448936","27710.036968954246","27892.33984375","30450","30600","259088"
"2021-03-02","2021-03-02 00:00","28165.795366646038","28211.371087304044","27527.735277433992","27618.88671875","30900","30300","289012"
"2021-03-03","2021-03-03 00:00","27710.037561576355","27846.76472059729","27573.31040255542","27755.61328125","30400","30450","196830"
"2021-03-04","2021-03-04 00:00","27436.579648751675","27527.731076156164","26980.82251172922","27199.5859375","30100","29840","562465"
"2021-03-05","2021-03-05 00:00","27017.286243069557","27135.783112556706","26607.104771767896","27126.66796875","29640","29760","727441"
"2021-03-08","2021-03-08 00:00","27573.310437964683","27573.310437964683","26917.020073821393","26971.7109375","30250","29590","1530425"
"2021-03-09","2021-03-09 00:00","27008.17235576923","27308.972115384615","26880.560336538463","27254.28125","29630","29900","363844"
"2021-03-10","2021-03-10 00:00","27436.582624686976","27482.158343332638","27217.81917518781","27299.85546875","30100","29950","331392"
"2021-03-11","2021-03-11 00:00","27299.854878270347","27527.733466569767","27263.39430414244","27436.58203125","29950","30100","239981"
"2021-03-12","2021-03-12 00:00","27573.31026011929","27983.491735063213","27436.58310180465","27937.916015625","30250","30650","317377"
"2021-03-15","2021-03-15 00:00","28029.067907675082","28120.219348025246","27892.34074714984","27983.4921875","30750","30700","143310"
"2021-03-16","2021-03-16 00:00","27937.916322183453","28211.370641813308","27937.916322183453","28165.794921875","30650","30900","206403"
"2021-03-17","2021-03-17 00:00","28029.069258382293","28165.79642549635","27983.49353601094","28120.220703125","30750","30850","69520"
"2021-03-18","2021-03-18 00:00","28302.52433411918","28667.130122642455","28211.372886988363","28393.67578125","31050","31150","229639"
"2021-03-19","2021-03-19 00:00","28074.643627850164","28256.94650855049","27846.765026974757","27983.4921875","30800","30700","205981"
"2021-03-22","2021-03-22 00:00","27573.312659239808","27618.88838264351","27345.434042221295","27391.009765625","30250","30050","408839"
"2021-03-23","2021-03-23 00:00","27618.882875251005","27710.034303882196","27236.046875","27236.046875","30300","29880","1062387"
"2021-03-24","2021-03-24 00:00","27035.516267598123","27117.552561060154","26670.910518877987","26707.37109375","29660","29300","662131"
"2021-03-25","2021-03-25 00:00","26743.832607560347","27090.208081005232","26698.256887370233","26999.056640625","29340","29620","326489"
"2021-03-26","2021-03-26 00:00","27327.203752859816","27482.161212432402","27199.59172732945","27391.009765625","29980","30050","289902"
"2021-03-29","2021-03-29 00:00","27755.61146048554","27801.18717716942","27436.58144369835","27573.30859375","30450","30250","161905"
"2021-03-30","2021-03-30 00:00","27755.61418269231","27892.341346153848","27664.462740384617","27846.765625","30450","30550","160443"
"2021-03-31","2021-03-31 00:00","27710.038160066008","27755.61388072401","27573.310998091994","27618.88671875","30400","30300","144122"
"2021-04-01","2021-04-01 00:00","27846.76517353996","27983.492334784834","27710.03801229508","27801.189453125","30550","30500","183432"
"2021-04-02","2021-04-02 00:00","28120.217705598745","28256.944858138126","28074.64198808562","28211.369140625","30850","30950","244895"
"2021-04-05","2021-04-05 00:00","28439.248046875","28575.975200946516","28348.096610827324","28439.248046875","31200","31200","213779"
"2021-04-06","2021-04-06 00:00","28575.975481305803","28575.975481305803","28029.066859654016","28074.642578125","31350","30800","289993"
"2021-04-07","2021-04-07 00:00","28120.220703125","28256.94787023906","27892.342091268234","28120.220703125","30850","30850","226781"
"2021-04-08","2021-04-08 00:00","28074.64498075365","28120.220703125","27892.342091268234","28120.220703125","30800","30850","135770"
"2021-04-09","2021-04-09 00:00","28256.94787023906","28439.250759724473","28120.220703125","28120.220703125","31000","30850","210018"
"2021-04-12","2021-04-12 00:00","28211.370788375407","28211.370788375407","27892.34074714984","27983.4921875","30950","30700","210300"
"2021-04-13","2021-04-13 00:00","27983.49353601094","28302.523592610414","27983.49353601094","28120.220703125","30700","30850","311260"
"2021-04-14","2021-04-14 00:00","28074.64212398374","28074.64212398374","27937.914970782524","28029.06640625","30800","30750","203763"
"2021-04-15","2021-04-15 00:00","27937.914970782524","28165.79355945122","27937.914970782524","28029.06640625","30650","30750","256672"
"2021-04-16","2021-04-16 00:00","28211.372147867707","28211.372147867707","27983.49353601094","28120.220703125","30950","30850","200231"
"2021-04-19","2021-04-19 00:00","28120.21784171748","28211.36927718496","27892.339253048784","28029.06640625","30850","30750","290548"
"2021-04-20","2021-04-20 00:00","27755.61494011279","27801.190662510347","27436.584883329884","27527.736328125","30450","30200","1042471"
"2021-04-21","2021-04-21 00:00","27053.747051487993","27208.704497537623","26862.32902989728","26953.48046875","29680","29570","1064831"
"2021-04-22","2021-04-22 00:00","27318.088005096233","27618.887772920116","27217.821415821607","27527.736328125","29970","30200","559679"
"2021-04-23","2021-04-23 00:00","27308.970021802324","27482.15774890988","27190.473155886626","27436.58203125","29960","30100","275229"
"2021-04-26","2021-04-26 00:00","27436.58144369835","27664.46002711777","27318.08458032025","27573.30859375","30100","30250","261420"
"2021-04-27","2021-04-27 00:00","27618.884901889534","27618.884901889534","27391.006313590115","27436.58203125","30300","30100","103647"
"2021-04-28","2021-04-28 00:00","27345.43104788557","27573.309639951283","27299.85532947243","27482.158203125","30000","30150","146511"
"2021-04-30","2021-04-30 00:00","27391.008594533338","27482.1600374436","27190.475420130766","27272.51171875","30050","29920","325666"
"2021-05-06","2021-05-06 00:00","27436.583243534482","27846.76472059729","27436.583243534482","27755.61328125","30100","30450","267008"
"2021-05-07","2021-05-07 00:00","27755.61328125","27892.340440270935","27618.886122229065","27755.61328125","30450","30450","175794"
"2021-05-10","2021-05-10 00:00","27801.18840635212","28074.64271854575","27710.036968954246","27892.33984375","30500","30600","219537"
"2021-05-11","2021-05-11 00:00","27664.461453345517","27710.037172379034","26980.825667842742","27126.66796875","30350","29760","714851"
"2021-05-12","2021-05-12 00:00","27126.66904721177","27272.51135391721","26370.1120811773","26643.56640625","29760","29230","1106937"
"2021-05-13","2021-05-13 00:00","26278.959905427633","26297.19019325658","25905.23900493421","25978.16015625","28830","28500","868409"
"2021-05-14","2021-05-14 00:00","26306.303243273687","26616.218111697563","26215.151811384312","26552.412109375","28860","29130","260066"
"2021-05-17","2021-05-17 00:00","26780.292343858207","26798.522631362535","26124.00199370239","26324.53515625","29380","28880","306339"
"2021-05-18","2021-05-18 00:00","26443.033620374492","26944.36655698966","26443.033620374492","26880.560546875","29010","29490","251814"
"2021-05-19","2021-05-19 00:00","26443.031975120317","26689.14085596425","26324.535106565832","26515.953125","29010","29090","247351"
"2021-05-20","2021-05-20 00:00","26370.111095386546","26643.565410236737","26288.074800931492","26543.298828125","28930","29120","355742"
"2021-05-21","2021-05-21 00:00","26771.174011541978","26871.440580873597","26652.67715687734","26789.404296875","29370","29390","229947"
"2021-05-24","2021-05-24 00:00","26707.372177196634","27035.51736435673","26680.026744933293","26816.75390625","29300","29420","244659"
"2021-05-25","2021-05-25 00:00","27008.171875","27026.402163137023","26898.79014617786","27008.171875","29630","29630","120150"
"2021-05-26","2021-05-26 00:00","26871.44349282649","27154.012946109266","26853.213205517925","27081.091796875","29480","29710","206277"
"2021-05-27","2021-05-27 00:00","27008.171694265027","27044.632270295086","26816.753670107228","26989.94140625","29630","29610","214048"
"2021-05-28","2021-05-28 00:00","27345.43343853477","27618.887772920116","27318.088005096233","27527.736328125","30000","30200","367888"
"2021-05-31","2021-05-31 00:00","27436.582624686976","27573.309780623957","27226.934318916945","27299.85546875","30100","29950","193018"
"2021-06-01","2021-06-01 00:00","27436.58619086426","27527.737640003343","27053.750104480107","27263.3984375","30100","29910","292080"
"2021-06-02","2021-06-02 00:00","27154.01600392575","27436.5854890287","27008.1736890339","27391.009765625","29790","30050","315344"
"2021-06-03","2021-06-03 00:00","27336.318294055258","27573.31205052256","27290.7425716577","27527.736328125","29990","30200","261954"
"2021-06-04","2021-06-04 00:00","27336.318897540557","27436.5854890287","27208.706872010192","27391.009765625","29990","30050","791529"
"2021-06-07","2021-06-07 00:00","27618.88838264351","27664.464106047213","27391.009765625","27391.009765625","30300","30050","110555"
"2021-06-08","2021-06-08 00:00","27482.15774890988","27618.884901889534","27345.430595930233","27436.58203125","30150","30100","122846"
"2021-06-09","2021-06-09 00:00","27391.00512947844","27391.00512947844","27263.393125547424","27318.083984375","30050","29970","289797"
"2021-06-10","2021-06-10 00:00","27254.278255208334","27436.581119791666","27226.932825520835","27345.4296875","29900","30000","266283"
"2021-06-11","2021-06-11 00:00","27436.5854890287","27527.736935836107","27263.39774009463","27391.009765625","30100","30050","239918"
"2021-06-14","2021-06-14 00:00","27573.30859375","27664.46002711777","27436.58144369835","27573.30859375","30250","30250","160229"
"2021-06-15","2021-06-15 00:00","27664.46125025531","27892.33984375","27664.46125025531","27892.33984375","30350","30600","350884"
"2021-06-16","2021-06-16 00:00","27710.037561576355","27846.76472059729","27664.46184190271","27755.61328125","30400","30450","161096"
"2021-06-17","2021-06-17 00:00","27573.309639951283","27618.885358364427","27299.85532947243","27482.158203125","30250","30150","259960"
"2021-06-18","2021-06-18 00:00","27527.733466569767","27618.884901889534","27391.006313590115","27436.58203125","30200","30100","85944"
"2021-06-21","2021-06-21 00:00","26889.67581618722","26889.67581618722","26278.961145107714","26497.724609375","29500","29070","1194001"
"2021-06-22","2021-06-22 00:00","27090.20892238139","27318.087530409495","26980.8271905279","27281.626953125","29720","29930","419113"
"2021-06-23","2021-06-23 00:00","27327.200809170423","27436.582533556695","27281.625090676145","27290.740234375","29980","29940","165629"
"2021-06-24","2021-06-24 00:00","27245.1663758405","27391.008684978493","27181.360365592634","27281.626953125","29890","29930","187913"
"2021-06-25","2021-06-25 00:00","27482.160605727444","27573.31205052256","27391.009160932328","27527.736328125","30150","30200","151255"
"2021-06-28","2021-06-28 00:00","27482.15774890988","27573.30918422965","27391.006313590115","27436.58203125","30150","30100","82614"
"2021-06-29","2021-06-29 00:00","27345.432873078207","27391.008594533338","27181.36027583974","27272.51171875","30000","29920","289608"
"2021-06-30","2021-06-30 00:00","27336.315497971733","27482.1577947265","27236.048918952827","27245.1640625","29990","29890","180693"
"2021-07-01","2021-07-01 00:00","27299.854102217912","27308.96924549077","27081.090663669253","27163.126953125","29950","29800","165023"
"2021-07-02","2021-07-02 00:00","27172.242642095403","27308.969793934193","27154.012355183564","27217.818359375","29810","29860","160976"
"2021-07-05","2021-07-05 00:00","27172.24446823321","27181.35961230172","27008.171875","27008.171875","29810","29630","1167707"
"2021-07-06","2021-07-06 00:00","27117.550598616715","27172.24145696687","27017.28402497477","27099.3203125","29750","29730","444485"
"2021-07-07","2021-07-07 00:00","26433.91683138536","26570.643987409763","26297.18967536095","26515.953125","29000","29090","475475"
"2021-07-08","2021-07-08 00:00","26788.265320141778","26862.11305362253","26612.876953125","26612.876953125","29020","28830","270790"
"2021-07-09","2021-07-09 00:00","26197.484551999827","26511.337432467757","25948.248441039996","26483.64453125","28380","28690","757885"
"2021-07-12","2021-07-12 00:00","27019.0395604601","27065.194394010592","26935.960860069205","27009.80859375","29270","29260","303525"
"2021-07-13","2021-07-13 00:00","27157.504862909733","27305.200334631878","27157.504862909733","27175.966796875","29420","29440","221234"
"2021-07-14","2021-07-14 00:00","26972.885145861746","27157.504482931297","26926.730311594358","27074.42578125","29220","29330","114464"
"2021-07-15","2021-07-15 00:00","26991.347436464446","27037.50227134212","26714.418427198394","26742.111328125","29240","28970","611940"
"2021-07-16","2021-07-16 00:00","26483.643037843834","26695.955268541085","26354.409506115077","26511.3359375","28690","28720","306207"
"2021-07-19","2021-07-19 00:00","26160.560048776457","26299.02455150463","26012.864579199737","26169.791015625","28340","28350","453030"
"2021-07-20","2021-07-20 00:00","25911.326627835853","26086.715016125443","25855.94082100756","25939.01953125","28070","28100","417704"
"2021-07-21","2021-07-21 00:00","26289.796177356486","26391.33682270442","25957.481338035966","26049.791015625","28480","28220","202356"
"2021-07-26","2021-07-26 00:00","26548.263431585172","26548.263431585172","26289.79633280757","26335.951171875","28760","28530","152676"
"2021-07-27","2021-07-27 00:00","26409.79683477858","26529.79940690445","26372.872966432154","26446.720703125","28610","28650","240167"
"2021-07-28","2021-07-28 00:00","26179.021561726484","26317.48606222927","25985.171261022584","26105.173828125","28360","28280","263250"
"2021-07-29","2021-07-29 00:00","26271.33248919577","26326.71829205423","26169.79185062193","26299.025390625","28460","28490","159982"
"2021-07-30","2021-07-30 00:00","26151.331416493616","26197.486254856645","25809.785612607182","25837.478515625","28330","27990","395786"
"2021-08-02","2021-08-02 00:00","26068.252200781524","26335.950258084165","26040.55929830194","26280.564453125","28240","28470","238943"
"2021-08-03","2021-08-03 00:00","26068.25087663197","26234.408283069424","26012.86507448615","26160.560546875","28240","28340","164518"
"2021-08-04","2021-08-04 00:00","26114.404794825186","26151.32866162593","26003.633194422957","26105.173828125","28290","28280","128017"
"2021-08-05","2021-08-05 00:00","26031.32499120338","26252.868182617876","26031.32499120338","26234.40625","28200","28420","102699"
"2021-08-06","2021-08-06 00:00","26271.333443857417","26419.028923513677","26215.94763898632","26317.48828125","28460","28510","90576"
"2021-08-10","2021-08-10 00:00","26372.874002601435","26622.110123732076","26308.257230456453","26391.3359375","28570","28590","201863"
"2021-08-11","2021-08-11 00:00","26548.263172901457","26631.34188241332","26474.41543111314","26557.494140625","28760","28770","155936"
"2021-08-12","2021-08-12 00:00","26668.264835178292","26751.343541829938","26492.87645446926","26502.107421875","28890","28710","298064"
"2021-08-13","2021-08-13 00:00","26548.261300758102","26566.723234903275","26437.489695887067","26483.64453125","28760","28690","118103"
"2021-08-16","2021-08-16 00:00","26326.718578296703","26326.718578296703","25948.24892131558","26040.55859375","28520","28210","252507"
"2021-08-17","2021-08-17 00:00","26206.716086584605","26262.101890219517","25957.479970227516","25966.7109375","28390","28130","122023"
"2021-08-18","2021-08-18 00:00","25929.787896290236","26179.02402060488","25883.63305845419","26095.9453125","28090","28270","161519"
"2021-08-19","2021-08-19 00:00","25911.324798125894","26031.327371113297","25800.55319229137","25828.24609375","28070","27980","293261"
"2021-08-20","2021-08-20 00:00","25754.39864197879","25855.939281785875","25514.39349334386","25569.779296875","27900","27700","428120"
"2021-08-23","2021-08-23 00:00","25745.167189024796","26068.25103686125","25745.167189024796","26012.865234375","27890","28180","175799"
"2021-08-24","2021-08-24 00:00","26160.55947416711","26317.485907145525","26151.328507521317","26252.869140625","28340","28440","130532"
"2021-08-25","2021-08-25 00:00","26308.25447960665","26391.333177963304","26179.020948829635","26225.17578125","28500","28410","133193"
"2021-08-26","2021-08-26 00:00","26299.023513122578","26326.716412574795","26188.251915313707","26225.17578125","28490","28410","71032"
"2021-08-27","2021-08-27 00:00","26095.944274923888","26179.022979725556","25994.40363572185","26151.330078125","28270","28330","94468"
"2021-08-30","2021-08-30 00:00","26382.10459505574","26437.490398964186","26179.02331405811","26289.794921875","28580","28480","116014"
"2021-08-31","2021-08-31 00:00","26197.483490361235","26649.80085858805","26123.635756773183","26575.953125","28380","28790","390788"
"2021-09-01","2021-09-01 00:00","26659.03242843675","26945.192402564706","26649.801461529394","26926.73046875","28880","29170","375158"
"2021-09-02","2021-09-02 00:00","26972.884726909604","27102.11826085099","26889.806026518712","27009.80859375","29220","29260","251715"
"2021-09-03","2021-09-03 00:00","27065.194801964644","27591.35991237119","27055.963835115406","27545.205078125","29320","29840","623128"
"2021-09-06","2021-09-06 00:00","27969.830414870692","28154.449757543105","27877.520743534486","28108.294921875","30300","30450","580388"
"2021-09-07","2021-09-07 00:00","28292.9140625","28477.533403853995","28200.604391823003","28292.9140625","30650","30650","433373"
"2021-09-08","2021-09-08 00:00","28246.76129032258","28616","28200.606451612904","28616","30600","31000","388772"
"2021-09-09","2021-09-09 00:00","28339.0678226626","28523.687157012195","28292.912989075205","28385.22265625","30700","30750","165390"
"2021-09-10","2021-09-10 00:00","28431.380969101127","28754.46484375","28431.380969101127","28754.46484375","30800","31150","345550"
"2021-09-13","2021-09-13 00:00","28754.4637625","28846.7734375","28569.844412500002","28846.7734375","31150","31250","150694"
"2021-09-14","2021-09-14 00:00","28939.080422247025","29169.854588293652","28846.770755828373","29077.544921875","31350","31500","341720"
"2021-09-15","2021-09-15 00:00","28800.6186","28939.0831125","28708.308925","28846.7734375","31200","31250","149643"
"2021-09-16","2021-09-16 00:00","28985.234211453302","28985.234211453302","28569.8407275312","28662.150390625","31400","31050","197327"
"2021-09-17","2021-09-17 00:00","28754.4637625","28939.0831125","28708.308925","28846.7734375","31150","31250","167810"
"2021-09-21","2021-09-21 00:00","28246.7592271615","28477.533403853995","28154.449556484502","28292.9140625","30600","30650","228973"
"2021-09-22","2021-09-22 00:00","28200.604593211207","28292.914264547413","27969.830414870692","28108.294921875","30550","30450","337404"
"2021-09-24","2021-09-24 00:00","28616","28662.154838709677","28477.535483870968","28616","31000","31000","204306"
"2021-09-27","2021-09-27 00:00","28662.154838709677","28800.61935483871","28569.845161290323","28616","31050","31000","99297"
"2021-09-28","2021-09-28 00:00","28569.841796875","28615.996630149435","28385.22246377726","28569.841796875","30950","30950","92451"
"2021-09-29","2021-09-29 00:00","28154.449757543105","28292.914264547413","27923.675579202587","28108.294921875","30500","30450","274697"
"2021-09-30","2021-09-30 00:00","28200.604593211207","28246.75942887931","27923.675579202587","28108.294921875","30550","30450","182686"
"2021-10-01","2021-10-01 00:00","27877.519031460437","28015.983529961068","27314.4300708912","27415.970703125","30200","29700","651871"
"2021-10-04","2021-10-04 00:00","27739.055864297727","27739.055864297727","26982.116569498256","27102.119140625","30050","29360","457169"
"2021-10-05","2021-10-05 00:00","26585.186128526646","26659.033867772552","26151.33066045694","26502.107421875","28800","28710","833611"
"2021-10-06","2021-10-06 00:00","26695.959556558097","26862.11698118398","25994.40598591549","26215.94921875","28920","28400","620508"
"2021-10-07","2021-10-07 00:00","26363.640127318868","26686.723952408556","26299.023362300926","26372.87109375","28560","28570","339362"
"2021-10-08","2021-10-08 00:00","26788.267161863125","26972.886508257772","26686.72652134607","26723.650390625","29020","28950","331733"
"2021-10-11","2021-10-11 00:00","26649.80122885498","27222.121172114075","26557.491560587387","27148.2734375","28870","29410","227443"
"2021-10-12","2021-10-12 00:00","27083.654978759012","27111.3478775103","26825.187923747","26889.8046875","29340","29130","195435"
"2021-10-13","2021-10-13 00:00","26705.187380997202","27019.040257234294","26659.032546256454","26815.958984375","28930","29050","179055"
"2021-10-14","2021-10-14 00:00","26926.730688343876","27222.12163178817","26889.80682041334","27175.966796875","29170","29440","163620"
"2021-10-15","2021-10-15 00:00","27489.817676204566","27683.66796875","27351.35318152926","27683.66796875","29780","29990","305185"
"2021-10-18","2021-10-18 00:00","27692.901927413965","27739.056763959656","27545.20645046776","27628.28515625","30000","29930","128692"
"2021-10-19","2021-10-19 00:00","27692.902136796358","27877.521484375","27674.44020203849","27877.521484375","30000","30200","160396"
"2021-10-20","2021-10-20 00:00","28015.98599505898","28108.295668848303","27785.21181058568","27877.521484375","30350","30200","130177"
"2021-10-21","2021-10-21 00:00","27692.903228358085","27831.367744499876","27305.20258316107","27351.357421875","30000","29630","239681"
"2021-10-22","2021-10-22 00:00","27240.583783869068","27600.591499074384","27175.96701447324","27425.203125","29510","29710","292102"
"2021-10-25","2021-10-25 00:00","27120.583853283897","27295.97224443856","27102.121917372882","27231.35546875","29380","29500","235140"
"2021-10-26","2021-10-26 00:00","27563.67020330699","27785.213433340265","27517.51536371672","27739.05859375","29860","30050","355858"
"2021-10-27","2021-10-27 00:00","27646.74750651042","27739.057180989585","27480.590092447917","27692.90234375","29950","30000","273200"
"2021-10-28","2021-10-28 00:00","27425.203582743146","27508.2822876387","27314.431976215743","27452.896484375","29710","29740","222789"
"2021-10-29","2021-10-29 00:00","27452.895409632623","27628.28377976814","27111.349636210834","27545.205078125","29740","29840","364462"
"2021-11-01","2021-11-01 00:00","28015.98806068433","28246.76226217267","27969.833220386663","28200.607421875","30350","30550","420432"
"2021-11-02","2021-11-02 00:00","28108.294921875","28200.604593211207","28015.985250538793","28108.294921875","30450","30450","141763"
"2021-11-04","2021-11-04 00:00","28523.687157012195","28523.687157012195","28292.912989075205","28385.22265625","30900","30750","176152"
"2021-11-05","2021-11-05 00:00","28385.22339267418","28385.22339267418","28062.139549180327","28154.44921875","30750","30500","134399"
"2021-11-08","2021-11-08 00:00","28292.9128385845","28339.067671926397","28062.138671875","28062.138671875","30650","30400","62233"
"2021-11-09","2021-11-09 00:00","28246.760179532284","28385.224690216266","27831.36664748034","27877.521484375","30600","30200","200350"
"2021-11-10","2021-11-10 00:00","27831.368272930533","27923.677952111066","27683.67278624168","27739.05859375","30150","30050","132642"
"2021-11-11","2021-11-11 00:00","27628.28536514383","27969.83115816432","27628.28536514383","27877.521484375","29930","30200","114398"
"2021-11-12","2021-11-12 00:00","28015.985584533293","28246.759765625","27969.83074831495","28246.759765625","30350","30600","99488"
"2021-11-15","2021-11-15 00:00","28339.0678226626","28431.3774898374","28246.758155487805","28385.22265625","30700","30750","86706"
"2021-11-16","2021-11-16 00:00","28339.072265625","28523.691628918976","28246.762583978016","28339.072265625","30700","30700","108464"
"2021-11-17","2021-11-17 00:00","28477.533403853995","28477.533403853995","28200.604391823003","28292.9140625","30850","30650","73143"
"2021-11-18","2021-11-18 00:00","28200.607421875","28292.917102470336","27969.833220386663","28200.607421875","30550","30550","140889"
"2021-11-19","2021-11-19 00:00","28200.60774315452","28339.072265625","28200.60774315452","28339.072265625","30550","30700","69411"
"2021-11-22","2021-11-22 00:00","28154.452902331028","28385.227106448496","28108.298061507532","28339.072265625","30500","30700","95787"
"2021-11-24","2021-11-24 00:00","28200.60282476756","28339.067323088842","27785.209329803718","27923.673828125","30550","30250","134190"
"2021-11-25","2021-11-25 00:00","28062.1400862069","28154.449757543105","28015.985250538793","28108.294921875","30400","30450","75806"
"2021-11-26","2021-11-26 00:00","27969.831707483994","27969.831707483994","27240.58527022616","27397.51171875","30300","29680","668439"
"2021-11-29","2021-11-29 00:00","27000.57916278584","27406.741721132024","26839.037236170887","26945.193359375","29250","29190","468602"
"2021-11-30","2021-11-30 00:00","27291.35303934247","27342.12335617534","26511.33635345563","27046.732421875","29565","29300","389590"
"2021-12-01","2021-12-01 00:00","26585.185546875","26779.035858154297","26271.332661946613","26585.185546875","28800","28800","340555"
"2021-12-02","2021-12-02 00:00","26289.794015006108","26612.877859993896","26285.178531506284","26451.3359375","28480","28655","275522"
"2021-12-03","2021-12-03 00:00","26525.182445448947","26691.33984375","26266.71538142508","26691.33984375","28735","28915","265306"
"2021-12-06","2021-12-06 00:00","26668.263751871094","26677.494718901857","26363.641839855954","26594.416015625","28890","28810","98437"
"2021-12-07","2021-12-07 00:00","26852.883159059584","27254.430225893237","26622.108982718408","27208.275390625","29090","29475","248429"
"2021-12-08","2021-12-08 00:00","27475.973861704584","27522.128697689302","27254.43064897792","27489.8203125","29765","29780","235726"
"2021-12-09","2021-12-09 00:00","27439.050115172475","27522.128820315134","27369.817860886928","27379.048828125","29725","29660","99856"
"2021-12-10","2021-12-10 00:00","27175.966666666667","27323.66213768116","27032.886679121377","27069.810546875","29440","29325","107953"
"2021-12-13","2021-12-13 00:00","27314.42997440345","27411.355123011508","27222.120309062448","27272.890625","29590","29545","80489"
"2021-12-14","2021-12-14 00:00","27166.735199926497","27300.584218070886","26949.807480864903","27079.041015625","29430","29335","121496"
"2021-12-15","2021-12-15 00:00","26991.34803290034","27148.274474952086","26986.73254931058","27092.888671875","29240","29350","69678"
"2021-12-16","2021-12-16 00:00","27614.439369126623","27688.287109375","27406.74259967807","27688.287109375","29915","29995","187794"
"2021-12-17","2021-12-17 00:00","27448.28032286271","27522.12805872378","27143.65841243578","27175.966796875","29735","29440","123418"
"2021-12-20","2021-12-20 00:00","26940.576018456304","27074.425034138203","26571.337354506242","26617.4921875","29185","28835","269638"
"2021-12-21","2021-12-21 00:00","27014.42466636467","27166.73562040363","26875.96016269289","27143.658203125","29265","29405","231018"
"2021-12-22","2021-12-22 00:00","27259.045499718708","27309.815818123196","27115.965511487877","27175.966796875","29530","29440","80686"
"2021-12-23","2021-12-23 00:00","27332.8941997548","27411.357421875","27272.892912251114","27411.357421875","29610","29695","137537"
"2021-12-24","2021-12-24 00:00","27452.89773157496","27485.20611827991","27397.511925795054","27429.8203125","29740","29715","188253"
"2021-12-27","2021-12-27 00:00","27388.2801273246","27415.973029374472","27286.739486475064","27300.5859375","29670","29575","142502"
"2021-12-28","2021-12-28 00:00","27582.12907642714","27720.59357982286","27489.81940749666","27651.361328125","29880","29955","238038"
"2021-12-29","2021-12-29 00:00","27637.515246553387","27729.824916715555","27383.663653607422","27535.974609375","29940","29830","88807"
"2021-12-30","2021-12-30 00:00","27457.512425339057","27549.822098982826","27240.584692276203","27480.58984375","29745","29770","98771"
"2022-01-04","2022-01-04 00:00","27711.362586058967","27942.13675816139","27595.975500007753","27905.212890625","30020","30230","199522"
"2022-01-05","2022-01-05 00:00","27923.675740627066","28034.447346870875","27831.366068757223","27960.599609375","30250","30290","391670"
"2022-01-06","2022-01-06 00:00","27711.36139780836","27757.516230249745","27166.734375","27166.734375","30020","29430","264613"
"2022-01-07","2022-01-07 00:00","27360.586889337297","27466.74301255841","26972.88626539932","27162.12109375","29640","29425","173376"
"2022-01-11","2022-01-11 00:00","27042.120017722802","27152.891630698625","26774.42195303123","26917.501953125","29295","29160","169828"
"2022-01-12","2022-01-12 00:00","27157.50532712296","27457.51175918669","27139.043392842115","27420.587890625","29420","29705","123659"
"2022-01-13","2022-01-13 00:00","27319.04703557627","27319.04703557627","27139.043177764564","27171.3515625","29595","29435","226357"
"2022-01-14","2022-01-14 00:00","26949.807504610613","26949.807504610613","26589.799800318844","26825.189453125","29195","29060","323987"
"2022-01-17","2022-01-17 00:00","27005.194813957583","27120.581905112762","26959.039977495515","27014.42578125","29255","29265","104930"
"2022-01-18","2022-01-18 00:00","27120.583243580677","27342.126469532323","26811.34582402317","26917.501953125","29380","29160","191232"
"2022-01-19","2022-01-19 00:00","26520.568431891166","26580.569717936167","26059.02007769884","26229.79296875","28730","28415","588011"
"2022-01-20","2022-01-20 00:00","26109.789175566693","26580.56847482563","25948.247259154316","26469.796875","28285","28675","348200"
"2022-01-21","2022-01-21 00:00","26017.481921056104","26299.026430047485","25869.786440929474","26243.640625","28185","28430","357106"
"2022-01-24","2022-01-24 00:00","25957.47985233456","26340.564992402797","25929.78695064288","26294.41015625","28120","28485","200719"
"2022-01-25","2022-01-25 00:00","26179.021583757367","26197.483517173274","25639.01003134206","25851.322265625","28360","28005","416617"
"2022-01-26","2022-01-26 00:00","25860.55355983614","25925.170327610136","25611.317455565008","25772.859375","28015","27920","289273"
"2022-01-27","2022-01-27 00:00","25897.47832132373","25929.786706326275","24872.840968385954","24960.53515625","28055","27040","511168"
"2022-01-28","2022-01-28 00:00","25288.23487671694","25519.009058837008","25071.307145524075","25495.931640625","27395","27620","290189"
"2022-01-31","2022-01-31 00:00","25435.931505914657","25869.786987960746","25297.466990368037","25763.630859375","27555","27910","235677"
"2022-02-01","2022-02-01 00:00","26017.481422617984","26132.868514256344","25759.01433734805","25819.015625","28185","27970","218132"
"2022-02-02","2022-02-02 00:00","26031.32474439314","26271.329866149958","26022.093778171726","26239.021484375","28200","28425","383414"
"2022-02-03","2022-02-03 00:00","25957.478266666665","26040.556966666667","25897.476983333334","25962.09375","28120","28125","161961"
"2022-02-04","2022-02-04 00:00","25869.784385415747","26160.559838811143","25800.55213460732","26137.482421875","28025","28315","150950"
"2022-02-07","2022-02-07 00:00","26003.63480658994","26031.327708407392","25819.01546114024","25966.7109375","28170","28130","193496"
"2022-02-08","2022-02-08 00:00","26008.251204854336","26174.408621602295","25999.020237257228","26022.09765625","28175","28190","132975"
"2022-02-09","2022-02-09 00:00","26206.715719194235","26326.71829205423","26123.637014906548","26299.025390625","28390","28490","117648"
"2022-02-10","2022-02-10 00:00","26529.799447308633","26566.72331571129","26275.94785204037","26409.796875","28740","28610","298264"
"2022-02-14","2022-02-14 00:00","25846.705861960992","25911.322626615896","25680.5484671341","25795.935546875","28000","27945","368642"
"2022-02-15","2022-02-15 00:00","25855.939744015956","25883.632646276594","25468.23911236702","25597.47265625","28010","27730","295033"
"2022-02-16","2022-02-16 00:00","26142.099568053596","26188.2544048616","26063.636345479987","26179.0234375","28320","28360","140213"
"2022-02-17","2022-02-17 00:00","26123.637130409188","26151.330031960857","25809.78424615692","25971.326171875","28300","28135","316594"
"2022-02-18","2022-02-18 00:00","25615.93187483271","25943.63118350174","25542.08414330166","25865.16796875","27750","28020","266445"
"2022-02-21","2022-02-21 00:00","25426.69897623493","25740.551858860446","25315.927370602396","25648.2421875","27545","27785","191759"
"2022-02-22","2022-02-22 00:00","25200.53952130214","25315.926607022386","25015.92018414974","25228.232421875","27300","27330","428660"
"2022-02-24","2022-02-24 00:00","25043.612303779068","25126.691002906977","24618.987841569768","24808.22265625","27130","26875","468456"
"2022-02-25","2022-02-25 00:00","25080.539595137998","25251.3125","25006.691852494972","25251.3125","27170","27355","224817"
"2022-02-28","2022-02-28 00:00","25223.616611857105","25422.082396726244","25048.22824383321","25306.6953125","27325","27415","187038"
"2022-03-01","2022-03-01 00:00","25597.47315510011","25763.630571902057","25583.626703699945","25588.2421875","27730","27720","128276"
"2022-03-02","2022-03-02 00:00","25246.695894281915","25366.69847074468","25099.00041555851","25163.6171875","27350","27260","228397"
"2022-03-03","2022-03-03 00:00","25440.547711291645","25486.702551116192","25269.77480394081","25352.853515625","27560","27465","134296"
"2022-03-04","2022-03-04 00:00","25214.385185319767","25223.616151889535","24582.063975290697","24808.22265625","27315","26875","368686"
"2022-03-07","2022-03-07 00:00","24235.902745379575","24295.9040281238","23857.433115762145","24083.591796875","26255","26090","635701"
"2022-03-08","2022-03-08 00:00","23728.201253429877","24134.363811356707","23622.045130335366","23654.353515625","25705","25625","302758"
"2022-03-09","2022-03-09 00:00","23737.430587206956","23931.2808856053","23538.96480551341","23575.888671875","25715","25540","336532"
"2022-03-10","2022-03-10 00:00","24226.67136334456","24545.139704756406","24189.747497673623","24489.75390625","26245","26530","889919"
"2022-03-11","2022-03-11 00:00","24231.289813701922","24286.675618990383","23811.280790264424","24000.515625","26250","26000","230640"
"2022-03-14","2022-03-14 00:00","24185.133100745556","24457.44662229975","24120.516332919135","24143.59375","26200","26155","271752"
"2022-03-15","2022-03-15 00:00","24055.901717318156","24254.36752196986","24051.28623348905","24175.904296875","26060","26190","221006"
"2022-03-16","2022-03-16 00:00","24383.599409402592","24655.91293678377","24295.905222618825","24568.21875","26415","26615","641265"
"2022-03-17","2022-03-17 00:00","25260.53965851906","25459.005436943382","25158.999027697315","25394.388671875","27365","27510","380400"
"2022-03-18","2022-03-18 00:00","25375.929932697512","25611.31960650027","25357.467997497293","25588.2421875","27490","27720","345259"
"2022-03-22","2022-03-22 00:00","25869.785573361587","26022.096532134277","25851.323638964896","25934.40234375","28025","28095","471383"
"2022-03-23","2022-03-23 00:00","26382.105338474168","26742.113074023673","26382.105338474168","26709.8046875","28580","28935","762428"
"2022-03-24","2022-03-24 00:00","26359.02566925827","26792.88110839507","26335.94825228291","26788.265625","28555","29020","317856"
"2022-03-25","2022-03-25 00:00","27005.19405771217","27019.04050826304","26640.570859872612","26811.34375","29255","29045","438826"
"2022-03-28","2022-03-28 00:00","26755.95935963758","26769.805810919093","26515.95420409141","26640.572265625","28985","28860","282115"
"2022-03-29","2022-03-29 00:00","26839.038976081505","26912.88671875","26746.729297745882","26912.88671875","29075","29155","230807"
"2022-03-30","2022-03-30 00:00","27166.735357085476","27185.197290729437","26663.647665287597","26931.345703125","29430","29175","532437"
"2022-03-31","2022-03-31 00:00","26677.493069773707","27009.807862338363","26677.493069773707","26769.802734375","28900","29000","272160"
"2022-04-01","2022-04-01 00:00","26529.798004811862","26668.262503793136","26345.17867283683","26617.4921875","28740","28835","267351"
"2022-04-04","2022-04-04 00:00","26594.4161843301","26682.11037167864","26515.952964070882","26663.6484375","28810","28885","214696"
"2022-04-05","2022-04-05 00:00","26875.959888049627","26880.575371458188","26594.41540012742","26714.41796875","29115","28940","179427"
"2022-04-06","2022-04-06 00:00","26442.105381342688","26465.18279920038","26165.17636705039","26299.025390625","28645","28490","187490"
"2022-04-07","2022-04-07 00:00","25920.554515934655","25948.247416058515","25768.243565253415","25851.322265625","28080","28005","357266"
"2022-04-08","2022-04-08 00:00","26077.481834304395","26146.71408696184","25731.320571017168","25943.6328125","28250","28105","205304"
"2022-04-11","2022-04-11 00:00","25837.47735116118","25962.095409124977","25689.781875055935","25786.70703125","27990","27935","227539"
"2022-04-12","2022-04-12 00:00","25555.932631784315","25657.473270740295","25297.46555080546","25320.54296875","27685","27430","223504"
"2022-04-13","2022-04-13 00:00","25399.007796447877","25851.325216773497","25375.930377043507","25832.86328125","27515","27985","342535"
"2022-04-14","2022-04-14 00:00","25888.246565645975","26155.94460465604","25860.553665058727","26132.8671875","28045","28310","237978"
"2022-04-15","2022-04-15 00:00","25819.013898725214","26169.790633852692","25754.39713172805","26068.25","27970","28240","246567"
"2022-04-18","2022-04-18 00:00","25777.477061363737","25819.01641562556","25551.318354827155","25768.24609375","27925","27915","235235"
"2022-04-19","2022-04-19 00:00","26045.174659522803","26059.021110697457","25745.168217405317","25957.48046875","28215","28120","372741"
"2022-04-20","2022-04-20 00:00","26188.253447947907","26331.333436824607","26026.711525022605","26160.560546875","28370","28340","234724"
"2022-04-21","2022-04-21 00:00","26202.100528733004","26511.337931485356","26202.100528733004","26474.4140625","28385","28680","167409"
"2022-04-22","2022-04-22 00:00","26077.480966713883","26132.86676699717","25865.16873229462","26068.25","28250","28240","294124"
"2022-04-25","2022-04-25 00:00","25555.931640625","25740.550977021063","25468.23745583687","25555.931640625","27685","27685","306849"
"2022-04-26","2022-04-26 00:00","25768.244509954682","25772.85999347787","25574.394201980816","25652.857421875","27915","27790","258250"
"2022-04-27","2022-04-27 00:00","25191.31033728174","25394.391622521827","25057.4613083735","25375.9296875","27290","27490","432121"
"2022-04-28","2022-04-28 00:00","25389.77564410529","25828.246592331066","25325.158872787808","25819.015625","27505","27970","340925"
"2022-05-02","2022-05-02 00:00","25694.396902226865","25911.324628902752","25579.00981356948","25759.013671875","27835","27905","265498"
"2022-05-06","2022-05-06 00:00","25712.858104480223","26054.403877183784","25523.62328446879","25989.787109375","27855","28155","484641"
"2022-05-09","2022-05-09 00:00","25671.318498654935","25708.242365607333","25306.6953125","25306.6953125","27810","27415","249648"
"2022-05-10","2022-05-10 00:00","25103.615899268618","25251.31137799202","24789.763006981382","25163.6171875","27195","27260","341862"
"2022-05-11","2022-05-11 00:00","25062.07332528019","25292.847481129917","24992.841078525274","25223.615234375","27150","27325","146941"
"2022-05-12","2022-05-12 00:00","24918.99600751851","25038.998581364685","24715.914728701915","24775.916015625","26995","26840","271017"
"2022-05-13","2022-05-13 00:00","24974.380640153922","25472.852846610516","24951.30322318834","25412.8515625","27055","27530","230259"
"2022-05-16","2022-05-16 00:00","25809.784445509926","25828.246380020308","25435.93027167475","25569.779296875","27960","27700","266262"
"2022-05-17","2022-05-17 00:00","25537.46814182238","25699.01005126821","25440.542996154883","25657.470703125","27665","27795","180865"
"2022-05-18","2022-05-18 00:00","25823.63081859049","26026.71209759281","25726.705662703018","25860.5546875","27975","28015","154603"
"2022-05-19","2022-05-19 00:00","25186.691927012336","25454.389953724214","25149.768061258972","25394.388671875","27285","27510","283176"
"2022-05-20","2022-05-20 00:00","25472.853731860087","25749.7827450711","25422.0834127714","25722.08984375","27595","27865","128319"
"2022-05-23","2022-05-23 00:00","25966.709233333335","26017.47955","25814.398283333332","25962.09375","28130","28125","215166"
"2022-05-24","2022-05-24 00:00","25980.558139795554","25985.17362356528","25735.9375","25735.9375","28145","27880","216641"
"2022-05-25","2022-05-25 00:00","25731.31964284711","25786.705442975213","25574.39320915082","25671.318359375","27875","27810","226015"
"2022-05-26","2022-05-26 00:00","25666.70416227868","25883.631890318076","25588.24094149847","25611.318359375","27805","27745","198546"
"2022-05-27","2022-05-27 00:00","25975.941398550887","25989.787849189775","25708.24335286575","25759.013671875","28140","27905","202372"
"2022-05-30","2022-05-30 00:00","26105.17479356492","26363.64187072893","26026.71157371156","26340.564453125","28280","28535","283336"
"2022-05-31","2022-05-31 00:00","26308.2539804715","26428.256542487685","26220.559800536594","26234.40625","28500","28420","176115"
"2022-06-01","2022-06-01 00:00","26243.64091230455","26432.875748288458","26243.64091230455","26419.029296875","28430","28620","160766"
"2022-06-02","2022-06-02 00:00","26340.564910894012","26400.566197706983","26225.17782086907","26368.2578125","28535","28565","206869"
"2022-06-03","2022-06-03 00:00","26686.724609375","26719.032992679327","26566.72204281607","26686.724609375","28910","28910","264423"
"2022-06-06","2022-06-06 00:00","26502.10750442977","26912.88555526471","26465.183634691795","26862.115234375","28710","29100","258390"
"2022-06-07","2022-06-07 00:00","26917.497586251287","27028.269181256437","26802.110508120924","26889.8046875","29160","29130","175565"
"2022-06-08","2022-06-08 00:00","27042.11781529018","27152.88941924426","27014.42491430166","27139.04296875","29295","29400","178244"
"2022-06-09","2022-06-09 00:00","27134.425992291028","27300.58338908002","27125.195025802754","27166.734375","29395","29430","282620"
"2022-06-10","2022-06-10 00:00","26954.422063577586","26982.114962957974","26732.878868534484","26769.802734375","29200","29000","247119"
"2022-06-13","2022-06-13 00:00","26128.252614001132","26169.791966328637","25920.555852363603","25971.326171875","28305","28135","518040"
"2022-06-14","2022-06-14 00:00","25435.930932604","25657.47415248514","25357.467708896093","25629.78125","27555","27765","553186"
"2022-06-15","2022-06-15 00:00","25602.0871751308","25620.54910927548","25325.158162960644","25362.08203125","27735","27475","353404"
"2022-06-16","2022-06-16 00:00","25800.553391325557","25925.171448850742","25426.69921875","25426.69921875","27950","27545","313983"
"2022-06-17","2022-06-17 00:00","24743.60594783201","25089.767195003693","24688.220148284538","24988.2265625","26805","27070","574950"
"2022-06-20","2022-06-20 00:00","25177.46308964873","25200.54050769607","24545.141835151593","24775.916015625","27275","26840","288786"
"2022-06-21","2022-06-21 00:00","25103.617014713946","25422.085404862","24992.845400749404","25251.3125","27195","27355","223912"
"2022-06-22","2022-06-22 00:00","25431.314487139094","25445.160937858043","25154.38547276008","25177.462890625","27550","27275","117966"
"2022-06-23","2022-06-23 00:00","25112.84612060323","25399.00610212821","25043.61386700848","25177.462890625","27205","27275","134359"
"2022-06-24","2022-06-24 00:00","25195.92401208171","25505.161401495425","25140.538210992687","25482.083984375","27295","27605","122144"
"2022-06-27","2022-06-27 00:00","25772.860747277755","25906.70977336498","25648.242688506893","25855.939453125","27920","28010","187396"
"2022-06-28","2022-06-28 00:00","25754.398649660543","26003.634765625","25754.398649660543","26003.634765625","27900","28170","187894"
"2022-06-29","2022-06-29 00:00","25782.09030269246","25855.93803717923","25685.16515117858","25809.783203125","27930","27960","154298"
"2022-06-30","2022-06-30 00:00","25749.780879751113","25749.780879751113","25348.233839683297","25394.388671875","27895","27510","176707"
"2022-07-01","2022-07-01 00:00","25431.312958879756","25542.084557974693","24895.91689658755","24988.2265625","27550","27070","243926"
"2022-07-04","2022-07-04 00:00","25149.768248952994","25288.232746561473","24983.61085182282","25209.76953125","27245","27310","288108"
"2022-07-05","2022-07-05 00:00","25445.160903825432","25560.54799299569","25315.927363954743","25431.314453125","27565","27550","278821"
"2022-07-06","2022-07-06 00:00","25159.001703789894","25329.77460106383","25089.769448138297","25163.6171875","27255","27260","454825"
"2022-07-07","2022-07-07 00:00","24891.30204044963","25135.92266128105","24738.991087856484","25085.15234375","26965","27175","186291"
"2022-07-08","2022-07-08 00:00","25641.80557538181","25909.78924201121","25594.790897025774","25627.701171875","27270","27255","277260"
"2022-07-11","2022-07-11 00:00","25923.896379743303","26060.238961356026","25721.733241489954","25801.658203125","27570","27440","356219"
"2022-07-12","2022-07-12 00:00","25679.415702589402","25712.32597536826","25317.40270202196","25373.8203125","27310","26985","118640"
"2022-07-13","2022-07-13 00:00","25434.94311667473","25566.584227075266","25420.83871198896","25500.763671875","27050","27120","73945"
"2022-07-14","2022-07-14 00:00","25397.32913054805","25731.13334533311","25345.61298459543","25660.611328125","27010","27290","67749"
"2022-07-15","2022-07-15 00:00","25801.655953953363","25876.879440699584","25585.38842955798","25806.357421875","27440","27445","86177"
"2022-07-19","2022-07-19 00:00","25980.313685598514","26046.134241443317","25806.35935943725","25961.5078125","27630","27610","232658"
"2022-07-20","2022-07-20 00:00","26389.339481868712","26652.621685856713","26356.429206370212","26643.21875","28065","28335","423696"
"2022-07-21","2022-07-21 00:00","26563.292558288307","26765.455669793864","26535.083752031718","26756.052734375","28250","28455","149927"
"2022-07-22","2022-07-22 00:00","26770.15784735892","26920.604818050087","26685.531426345144","26868.888671875","28470","28575","172406"
"2022-07-25","2022-07-25 00:00","26666.726266415477","26821.87470907974","26638.517458658338","26671.427734375","28360","28365","153505"
"2022-07-26","2022-07-26 00:00","26643.219638630493","26690.234319482144","26520.9814684162","26629.115234375","28335","28320","192973"
"2022-07-27","2022-07-27 00:00","26535.084280303032","26741.948863636364","26502.17400568182","26685.53125","28220","28380","138341"
"2022-07-28","2022-07-28 00:00","26981.72562982795","26986.427097963482","26624.414051527387","26779.5625","28695","28480","201870"
"2022-07-29","2022-07-29 00:00","26915.905075930477","26972.322693556882","26709.040477966995","26779.5625","28625","28480","102298"
"2022-08-01","2022-08-01 00:00","26798.36747781097","26948.814453125","26732.546926111085","26948.814453125","28500","28660","79378"
"2022-08-02","2022-08-02 00:00","26803.069198748784","26826.576538863457","26520.981117372725","26572.697265625","28505","28260","179224"
"2022-08-03","2022-08-03 00:00","26718.442767081684","26821.875063558156","26624.413406648524","26727.845703125","28415","28425","192021"
"2022-08-04","2022-08-04 00:00","26934.709992186137","26972.321735935042","26845.38210078248","26887.6953125","28645","28595","121801"
"2022-08-05","2022-08-05 00:00","26835.979683438043","27146.276575362866","26835.979683438043","27127.470703125","28540","28850","401525"
"2022-08-08","2022-08-08 00:00","27028.739340697924","27235.603931233796","27014.634936797753","27197.9921875","28745","28925","107338"
"2022-08-09","2022-08-09 00:00","27108.667100467443","27150.980316545174","26934.71276770343","26967.623046875","28830","28680","163540"
"2022-08-10","2022-08-10 00:00","26882.99331326193","26901.799184764735","26709.03900186097","26803.068359375","28590","28505","183110"
"2022-08-12","2022-08-12 00:00","27132.17174332114","27475.37890625","27127.470275335814","27475.37890625","28855","29220","470413"
"2022-08-15","2022-08-15 00:00","27597.617530906595","27832.690934065933","27597.617530906595","27809.18359375","29350","29575","414271"
"2022-08-16","2022-08-16 00:00","27818.585464415595","27865.600143246786","27691.64583157138","27795.078125","29585","29560","239373"
"2022-08-17","2022-08-17 00:00","27884.4070657342","28138.286340991264","27879.705597673885","28119.48046875","29655","29905","370765"
"2022-08-18","2022-08-18 00:00","27879.708217758605","27931.42437128227","27780.977379213426","27860.90234375","29650","29630","144016"
"2022-08-19","2022-08-19 00:00","28016.047769618963","28072.46538553362","27842.09345388211","27846.794921875","29795","29615","118931"
"2022-08-22","2022-08-22 00:00","27541.199978132954","27762.168977616097","27508.289701614187","27715.154296875","29290","29475","80918"
"2022-08-23","2022-08-23 00:00","27508.289719572935","27517.69265572729","27348.439804948855","27404.857421875","29255","29145","163783"
"2022-08-24","2022-08-24 00:00","27437.767288723295","27456.573160751206","27235.604164423243","27287.3203125","29180","29020","208911"
"2022-08-25","2022-08-25 00:00","27348.439094817895","27475.3787296056","27315.528819132192","27447.169921875","29085","29190","183149"
"2022-08-26","2022-08-26 00:00","27630.52817751877","27729.2590081684","27555.3046875","27555.3046875","29385","29305","109515"
"2022-08-29","2022-08-29 00:00","26897.097478879594","26939.41068938648","26765.456379524825","26868.888671875","28605","28575","332023"
"2022-08-30","2022-08-30 00:00","27056.950976630058","27202.696498832585","26930.01132826012","27183.890625","28775","28910","103460"
"2022-08-31","2022-08-31 00:00","26892.396656320543","27089.858310090727","26878.292252479816","27075.75390625","28600","28795","149861"
"2022-09-01","2022-09-01 00:00","26793.666198816554","26817.173538875177","26586.801606300687","26666.7265625","28495","28360","214734"
"2022-09-02","2022-09-02 00:00","26746.651936504128","26760.75634075962","26577.399085438185","26629.115234375","28445","28320","193229"
"2022-09-05","2022-09-05 00:00","26563.29302807147","26666.725319508212","26511.576882353103","26624.412109375","28250","28315","62257"
"2022-09-06","2022-09-06 00:00","26662.02444459625","26798.36701361288","26563.293618756623","26615.009765625","28355","28305","72904"
"2022-09-07","2022-09-07 00:00","26539.788065787863","26553.892470428673","26281.207314039708","26431.654296875","28225","28110","259238"
"2022-09-08","2022-09-08 00:00","26727.8462745559","27056.94904310804","26723.144806433727","27028.740234375","28425","28745","174317"
"2022-09-09","2022-09-09 00:00","27193.290423543902","27263.812442277158","27071.05225773959","27202.693359375","28920","28930","223706"
"2022-09-12","2022-09-12 00:00","27470.678798470643","27574.111099269267","27404.858243416973","27484.783203125","29215","29230","197900"
"2022-09-13","2022-09-13 00:00","27531.796459328103","27621.124350845734","27489.483247556596","27569.408203125","29280","29320","76678"
"2022-09-14","2022-09-14 00:00","26803.068536309576","27014.634592112754","26770.158260962413","26831.27734375","28505","28535","248157"
"2022-09-15","2022-09-15 00:00","26873.591500677805","26939.41205368856","26793.666543450454","26878.29296875","28580","28585","96527"
"2022-09-16","2022-09-16 00:00","26624.414007535954","26666.72722068584","26539.787581236174","26563.294921875","28315","28250","147944"
"2022-09-20","2022-09-20 00:00","26798.366477272728","26897.097301136364","26624.412168560608","26685.53125","28500","28380","104990"
"2022-09-21","2022-09-21 00:00","26464.561311383928","26478.665714285715","26304.711411830358","26328.21875","28145","28000","195728"
"2022-09-22","2022-09-22 00:00","26083.74513944983","26215.386246858732","25970.909904527914","26191.87890625","27740","27855","351602"
"2022-09-26","2022-09-26 00:00","25759.341673993888","25773.446077173663","25463.149207218634","25481.955078125","27395","27100","594138"
"2022-09-27","2022-09-27 00:00","25599.4930757735","25698.223903062983","25547.77692814567","25585.388671875","27225","27210","496307"
"2022-09-28","2022-09-28 00:00","25496.060854648993","25557.179938386857","25002.406716766243","25181.0625","27115","26780","1091294"
"2022-09-29","2022-09-29 00:00","25651.207388441842","25721.729402889538","25481.954553767373","25707.625","27280","27340","578340"
"2022-09-30","2022-09-30 00:00","25458.448153409092","25505.462831439396","25058.823390151516","25134.046875","27075","26730","762246"
"2022-10-03","2022-10-03 00:00","25011.810049755266","25472.55391909286","24884.8704122847","25453.748046875","26600","27070","311255"
"2022-10-04","2022-10-04 00:00","25923.897328032544","26220.08984375","25876.88264299803","26220.08984375","27570","27885","344467"
"2022-10-05","2022-10-05 00:00","26412.84457420341","26417.546041731748","26248.293210711578","26337.62109375","28090","28010","172532"
"2022-10-06","2022-10-06 00:00","26375.2346692496","26605.60659416818","26361.130265683158","26525.681640625","28050","28210","320578"
"2022-10-07","2022-10-07 00:00","26168.36826272983","26422.247509260087","26144.860925088138","26337.62109375","27830","28010","370189"
"2022-10-11","2022-10-11 00:00","25919.192057888074","25937.997929143574","25622.999585614005","25660.611328125","27565","27290","333957"
"2022-10-12","2022-10-12 00:00","25618.298708918508","25745.238342822122","25552.47815800552","25651.208984375","27245","27280","239813"
"2022-10-13","2022-10-13 00:00","25655.910754218923","25655.910754218923","25491.359375","25491.359375","27285","27110","178311"
"2022-10-14","2022-10-14 00:00","26093.145368303572","26398.74076450893","26017.921886160715","26328.21875","27750","28000","470297"
"2022-10-17","2022-10-17 00:00","25985.013552231096","26060.237039988595","25890.98419253422","26017.923828125","27635","27670","145083"
"2022-10-18","2022-10-18 00:00","26450.458334260908","26488.070077359753","26144.862921582815","26398.7421875","28130","28075","166625"
"2022-10-19","2022-10-19 00:00","26441.056520267273","26586.802030958646","26412.84771174636","26473.966796875","28120","28155","137017"
"2022-10-20","2022-10-20 00:00","26196.579366656963","26314.116065179292","26107.25147577999","26238.892578125","27860","27905","221942"
"2022-10-21","2022-10-21 00:00","26168.370147419457","26210.683358221966","26102.549597282217","26121.35546875","27830","27780","76582"
"2022-10-24","2022-10-24 00:00","26473.96609572625","26530.383711273884","26205.982421875","26205.982421875","28155","27870","210399"
"2022-10-25","2022-10-25 00:00","26398.742245455203","26553.890686078536","26314.11582329702","26459.861328125","28075","28140","192953"
"2022-10-26","2022-10-26 00:00","26619.712002151366","26788.96485133495","26619.712002151366","26633.81640625","28310","28325","196686"
"2022-10-27","2022-10-27 00:00","26633.816173092677","26662.024981042996","26544.48828125","26544.48828125","28325","28230","69098"
"2022-10-28","2022-10-28 00:00","26257.69974476564","26488.07168523001","26215.38653121096","26342.326171875","27925","28015","269022"
"2022-10-31","2022-10-31 00:00","26704.336767158155","26793.664654231394","26624.411815566305","26784.26171875","28400","28485","246526"
"2022-11-01","2022-11-01 00:00","26821.874289026953","26882.993371543576","26741.94933496675","26864.1875","28525","28570","232244"
"2022-11-02","2022-11-02 00:00","26798.367421096347","26897.09824843723","26788.964485159122","26887.6953125","28500","28595","163084"
"2022-11-04","2022-11-04 00:00","26469.263019442962","26558.590905298985","26262.398441671117","26417.546875","28150","28095","297663"
"2022-11-07","2022-11-07 00:00","26619.712703517755","26784.264089004002","26567.996553793506","26746.65234375","28310","28445","238069"
"2022-11-08","2022-11-08 00:00","26911.20311685774","27146.276519346015","26901.800180758208","27066.3515625","28620","28785","327751"
"2022-11-09","2022-11-09 00:00","27136.874664418545","27146.2776008927","26901.801252564605","26925.30859375","28860","28635","159239"
"2022-11-10","2022-11-10 00:00","26657.32333049643","26694.935074172616","26582.09984314406","26671.427734375","28350","28365","239172"
"2022-11-11","2022-11-11 00:00","27334.336045858305","27522.39477338399","27292.022832165025","27456.57421875","29070","29200","792958"
"2022-11-14","2022-11-14 00:00","27381.35230024213","27433.068453281736","27183.890625","27183.890625","29120","28910","108901"
"2022-11-15","2022-11-15 00:00","27127.470167999138","27240.30539920052","27103.962828165513","27197.9921875","28850","28925","190381"
"2022-11-16","2022-11-16 00:00","27193.291127904475","27315.529296875","26953.516258000753","27315.529296875","28920","29050","272874"
"2022-11-17","2022-11-17 00:00","27127.47011096132","27230.90240601178","27113.365707090805","27136.873046875","28850","28860","148984"
"2022-11-18","2022-11-18 00:00","27179.18697232073","27254.410461605825","27080.456142634044","27094.560546875","28905","28815","188022"
"2022-11-21","2022-11-21 00:00","27174.484197750695","27207.39447273067","27056.947501393643","27146.275390625","28900","28870","146242"
"2022-11-22","2022-11-22 00:00","27235.6051059404","27395.455023703562","27235.6051059404","27334.3359375","28965","29070","157581"
"2022-11-24","2022-11-24 00:00","27578.809481200962","27686.943238116684","27560.00361043301","27564.705078125","29330","29315","225366"
"2022-11-25","2022-11-25 00:00","27564.70679797121","27574.109733941863","27456.573034308694","27475.37890625","29315","29220","166552"
"2022-11-28","2022-11-28 00:00","27437.767642602303","27442.469110669917","27245.00745183008","27343.73828125","29180","29080","73192"
"2022-11-29","2022-11-29 00:00","27197.99088609062","27263.811434475283","27113.364466738916","27249.70703125","28925","28980","80121"
"2022-11-30","2022-11-30 00:00","27127.473003502248","27183.890625","27019.33922896489","27183.890625","28850","28910","114441"
"2022-12-01","2022-12-01 00:00","27644.632769647753","27668.14011043827","27428.365234375","27428.365234375","29400","29170","218592"
"2022-12-02","2022-12-02 00:00","27226.19956940692","27226.19956940692","26882.992425810527","26972.3203125","28955","28685","240115"
"2022-12-05","2022-12-05 00:00","26991.126834537557","27061.648852046364","26901.798945693066","27024.037109375","28705","28740","152930"
"2022-12-06","2022-12-06 00:00","26901.80006153496","27136.87346298144","26901.80006153496","27099.26171875","28610","28820","132176"
"2022-12-07","2022-12-07 00:00","26878.292376562775","26986.42613984088","26859.48650468832","26887.6953125","28585","28595","175356"
"2022-12-08","2022-12-08 00:00","26835.97952406546","26854.785396191648","26638.517866740523","26788.96484375","28540","28490","261064"
"2022-12-09","2022-12-09 00:00","26915.90223194926","27155.677081526454","26882.991958477884","27103.9609375","28625","28825","187814"
"2022-12-12","2022-12-12 00:00","26939.40950905663","27066.34913501554","26930.006573800416","27042.841796875","28650","28760","68032"
"2022-12-13","2022-12-13 00:00","27268.515219155845","27310.828432426948","27113.36677049513","27150.978515625","29000","28875","163159"
"2022-12-14","2022-12-14 00:00","27226.200400692655","27390.75177593428","27188.588657780285","27362.54296875","28955","29100","179868"
"2022-12-15","2022-12-15 00:00","27207.396067461174","27357.84304761648","27193.291663071614","27245.0078125","28935","28975","95045"
"2022-12-16","2022-12-16 00:00","26878.293154451338","26915.904899288773","26713.741770787565","26751.353515625","28585","28450","351617"
"2022-12-19","2022-12-19 00:00","26506.875414215145","26572.69596331039","26384.63725160968","26469.263671875","28190","28150","259090"
"2022-12-20","2022-12-20 00:00","26478.668730650155","26558.593689531735","25670.016205495354","25815.76171875","28160","27455","492027"
"2022-12-21","2022-12-21 00:00","25792.251950617778","25858.072498796533","25514.865354721598","25637.103515625","27430","27265","494903"
"2022-12-22","2022-12-22 00:00","25853.37263798182","25853.37263798182","25646.508045133814","25735.8359375","27495","27370","353777"
"2022-12-23","2022-12-23 00:00","25453.74733556726","25547.776694028904","25364.419445028696","25496.060546875","27070","27115","383367"
"2022-12-26","2022-12-26 00:00","25557.177974621904","25684.11760032367","25547.77503938474","25646.505859375","27180","27275","170173"
"2022-12-27","2022-12-27 00:00","25811.061507539558","25872.18059671952","25688.823329179624","25702.927734375","27450","27335","139531"
"2022-12-28","2022-12-28 00:00","25547.77615995081","25594.790838198787","25449.045335630057","25566.58203125","27170","27190","211035"
"2022-12-29","2022-12-29 00:00","25373.82392241629","25416.137136294692","25256.2872171985","25378.525390625","26985","26990","199792"
"2022-12-30","2022-12-30 00:00","25533.67324544271","25599.493798828127","25373.823330078125","25387.927734375","27155","27000","218022"
"2023-01-04","2023-01-04 00:00","25162.258597712756","25166.96006606061","24978.901332146463","25025.916015625","26760","26615","433455"
"2023-01-05","2023-01-05 00:00","25171.661341997664","25256.28777161215","25054.124634199765","25152.85546875","26770","26750","306430"
"2023-01-06","2023-01-06 00:00","25049.423270089286","25326.809901646204","25040.02033342634","25275.09375","26640","26880","226351"
"2023-01-10","2023-01-10 00:00","25528.968983682607","25604.192465034157","25425.536696824223","25463.1484375","27150","27080","226043"
"2023-01-11","2023-01-11 00:00","25632.40511719464","25759.34476102521","25623.0021806146","25712.330078125","27260","27345","219538"
"2023-01-12","2023-01-12 00:00","25773.447978285447","25820.46265901928","25665.31421259764","25731.134765625","27410","27365","125998"
"2023-01-13","2023-01-13 00:00","25571.28576343912","25670.01659650259","25387.928502035527","25406.734375","27195","27020","194744"
"2023-01-16","2023-01-16 00:00","25143.450402905128","25237.479761180766","25044.71957671571","25124.64453125","26740","26720","296408"
"2023-01-17","2023-01-17 00:00","25204.569478540896","25481.956085374306","25190.465074803604","25434.94140625","26805","27050","299521"
"2023-01-18","2023-01-18 00:00","25533.672798680054","26097.848960683663","25505.463990579872","26046.1328125","27155","27700","452190"
"2023-01-19","2023-01-19 00:00","25801.657800201356","25872.17982407217","25641.807879427513","25684.12109375","27440","27315","202386"
"2023-01-20","2023-01-20 00:00","25623.000935850174","25829.865530561627","25590.090659418805","25825.1640625","27250","27465","202561"
"2023-01-23","2023-01-23 00:00","26168.370797641233","26201.281073527596","26064.938501998386","26173.072265625","27830","27835","244420"
"2023-01-24","2023-01-24 00:00","26445.757158460798","26638.517343971358","26426.951286703672","26549.189453125","28125","28235","376020"
"2023-01-25","2023-01-25 00:00","26445.75797905356","26732.54753224863","26441.056510968396","26629.115234375","28125","28320","303406"
"2023-01-26","2023-01-26 00:00","26694.93424502188","26756.05332659731","26535.084339363068","26591.501953125","28390","28280","277657"
"2023-01-27","2023-01-27 00:00","26676.130684324275","26713.742430089977","26577.399851689308","26647.921875","28370","28340","136513"
"2023-01-30","2023-01-30 00:00","26629.114227176597","26737.247989045427","26586.801016010533","26676.12890625","28320","28370","224194"
"2023-01-31","2023-01-31 00:00","26704.338370267164","26751.353050496506","26563.294329579134","26572.697265625","28400","28260","253514"
"2023-02-01","2023-02-01 00:00","26756.05380253875","26793.665545715754","26586.80095824225","26615.009765625","28455","28305","240919"
"2023-02-02","2023-02-02 00:00","26727.845349889278","26741.949753767847","26591.502779063107","26671.427734375","28425","28365","524875"
"2023-02-03","2023-02-03 00:00","26746.651455373223","26873.591091389233","26718.442647369666","26760.755859375","28445","28460","216741"
"2023-02-06","2023-02-06 00:00","27024.037169387222","27071.051847830833","26901.799005433833","26930.0078125","28740","28640","290332"
"2023-02-07","2023-02-07 00:00","26986.426020018338","27056.948039234412","26911.202532854524","26920.60546875","28700","28630","152786"
"2023-02-08","2023-02-08 00:00","26882.992897727272","26911.201704545456","26709.038589015152","26840.6796875","28590","28545","198690"
"2023-02-09","2023-02-09 00:00","26699.636242361354","26882.99349072411","26671.42743492093","26831.27734375","28395","28535","233563"
"2023-02-10","2023-02-10 00:00","26878.292552879368","27042.84393286026","26850.083744882642","26915.904296875","28585","28625","141639"
"2023-02-13","2023-02-13 00:00","26798.367071840854","26807.770007655534","26520.980465307766","26676.12890625","28500","28370","244261"
"2023-02-14","2023-02-14 00:00","26939.41068938648","26953.515092888778","26798.366654363515","26868.888671875","28650","28575","150973"
"2023-02-15","2023-02-15 00:00","26939.41313522068","26962.92047652541","26699.63825391243","26737.25","28650","28435","212894"
"2023-02-16","2023-02-16 00:00","26868.88949748942","26967.620325039254","26835.979221639478","26948.814453125","28575","28660","146721"
"2023-02-17","2023-02-17 00:00","26727.846175101604","26859.487282032624","26713.741770787565","26751.353515625","28425","28450","197879"
"2023-02-20","2023-02-20 00:00","26746.6505679324","26784.262310689202","26680.83001810799","26774.859375","28445","28475","141119"
"2023-02-21","2023-02-21 00:00","26737.24893547128","26784.26361620888","26610.30929747977","26723.14453125","28435","28420","123297"
"2023-02-22","2023-02-22 00:00","26525.683606982082","26553.892416206098","26309.416069597966","26370.53515625","28210","28045","267598"
"2023-02-24","2023-02-24 00:00","26412.848343887665","26723.145245044052","26412.848343887665","26680.83203125","28090","28375","260852"
"2023-02-27","2023-02-27 00:00","26596.20412803972","26732.54669825594","26572.69678834727","26704.337890625","28285","28400","192033"
"2023-02-28","2023-02-28 00:00","26788.965204993834","26845.38282213317","26671.428502620223","26690.234375","28490","28385","141625"
"2023-03-01","2023-03-01 00:00","26652.621505710507","26793.665542607898","26577.39801936523","26770.158203125","28345","28470","198333"
"2023-03-02","2023-03-02 00:00","26793.665838941462","26868.889326118697","26671.427672278456","26765.45703125","28495","28465","158099"
"2023-03-03","2023-03-03 00:00","26948.81479763502","27221.49994387766","26920.60598940302","27160.380859375","28660","28885","395306"
"2023-03-06","2023-03-06 00:00","27418.960404374036","27536.497100208973","27409.55746870724","27489.482421875","29160","29235","465140"
"2023-03-07","2023-03-07 00:00","27451.870148173617","27639.928857871673","27451.870148173617","27560.00390625","29195","29310","275178"
"2023-03-08","2023-03-08 00:00","27484.781423242355","27710.45188309792","27484.781423242355","27668.138671875","29230","29425","339793"
"2023-03-09","2023-03-09 00:00","27879.70460508966","27954.928091376583","27795.078183016878","27856.197265625","29650","29625","519086"
"2023-03-10","2023-03-10 00:00","27578.809894044145","27658.73484600438","27362.542376975267","27371.9453125","29330","29110","403777"
"2023-03-13","2023-03-13 00:00","27183.88814327073","27183.88814327073","26897.09859350603","27099.26171875","28910","28820","419095"
"2023-03-14","2023-03-14 00:00","26680.829901387286","26690.232837035353","26389.338896297242","26497.47265625","28375","28180","662256"
"2023-03-15","2023-03-15 00:00","26718.44241917387","26727.84535509475","26389.33966194315","26516.279296875","28415","28200","319718"
"2023-03-16","2023-03-16 00:00","25966.210008089125","26347.028949000807","25933.299729244904","26290.611328125","27615","27960","444343"
"2023-03-17","2023-03-17 00:00","26488.06966122812","26629.113695632957","26347.025626823284","26591.501953125","28170","28280","315415"
"2023-03-20","2023-03-20 00:00","26549.18904251096","26652.621335575463","26238.892163317454","26276.50390625","28235","27945","234971"
"2023-03-22","2023-03-22 00:00","26629.116229998242","26788.96615087041","26558.594206084053","26737.25","28320","28435","361603"
"2023-03-23","2023-03-23 00:00","26530.38357690086","26727.845230317453","26459.861557823504","26704.337890625","28215","28400","348377"
"2023-03-24","2023-03-24 00:00","26633.816702460164","26662.025510971154","26530.384404586533","26629.115234375","28325","28320","202498"
"2023-03-27","2023-03-27 00:00","26746.65115945569","26817.17317868435","26629.11446074126","26765.45703125","28445","28465","276281"
"2023-03-28","2023-03-28 00:00","26845.382460128552","26864.18833225474","26699.636951150624","26788.96484375","28550","28490","200932"
"2023-03-29","2023-03-29 00:00","26798.365540980052","27108.662405138766","26788.962605702516","27103.9609375","28500","28825","244856"
"2023-03-30","2023-03-30 00:00","27306.124051397033","27376.646065992583","27150.975619286823","27259.109375","29040","28990","204428"
"2023-03-31","2023-03-31 00:00","27475.378667527315","27625.825641750598","27475.378667527315","27541.19921875","29220","29290","195514"
"2023-04-03","2023-04-03 00:00","27705.753139128567","27752.767822887483","27625.82817673841","27686.947265625","29465","29445","298124"
"2023-04-04","2023-04-04 00:00","27686.94583921883","27780.975201892354","27639.93115788207","27771.572265625","29445","29535","300859"
"2023-04-05","2023-04-05 00:00","27602.31735207975","27644.630562123817","27301.423413988607","27339.03515625","29355","29075","347479"
"2023-04-06","2023-04-06 00:00","27141.574995035582","27141.574995035582","26948.81480539476","27005.232421875","28865","28720","305974"
"2023-04-07","2023-04-07 00:00","27066.348956067264","27103.960696843456","26977.021071723808","27014.6328125","28785","28730","214795"
"2023-04-10","2023-04-10 00:00","27179.18643521223","27249.708455023363","27108.66441540109","27165.08203125","28905","28890","183036"
"2023-04-11","2023-04-11 00:00","27390.75218736634","27574.10943681833","27362.543379758343","27480.080078125","29130","29225","459357"
"2023-04-12","2023-04-12 00:00","27522.39399479788","27625.826292010992","27498.88665452217","27592.916015625","29270","29345","207355"
"2023-04-13","2023-04-13 00:00","27470.67701950138","27677.54160770232","27451.871147846752","27668.138671875","29215","29425","997170"
"2023-04-14","2023-04-14 00:00","27889.108542262107","28006.64524380569","27856.198265829902","27964.33203125","29660","29740","384725"
"2023-04-17","2023-04-17 00:00","28044.257933791752","28095.974084214504","27912.61682362475","28011.34765625","29825","29790","256785"
"2023-04-18","2023-04-18 00:00","28044.257155151263","28190.002665932436","28011.346878523258","28147.689453125","29825","29935","315793"
"2023-04-19","2023-04-19 00:00","28114.777462121212","28166.493607954544","28025.449573863636","28081.8671875","29900","29865","180983"
"2023-04-20","2023-04-20 00:00","27973.733781067254","28194.70277059837","27940.8235060307","28138.28515625","29750","29925","266957"
"2023-04-21","2023-04-21 00:00","28058.361624350593","28274.62915697796","28020.749879545834","28053.66015625","29840","29835","286120"
"2023-04-24","2023-04-24 00:00","28128.88079786956","28171.19400649079","28063.060251125422","28067.76171875","29915","29850","240999"
"2023-04-25","2023-04-25 00:00","28185.301021594427","28293.434786981692","28105.376064569053","28119.48046875","29975","29905","204309"
"2023-04-26","2023-04-26 00:00","27978.434895833332","28048.956912878788","27823.286458333332","27926.71875","29755","29700","252273"
"2023-04-27","2023-04-27 00:00","27818.585167221136","27954.927734375","27743.36168189487","27954.927734375","29585","29730","194646"
"2023-04-28","2023-04-28 00:00","28175.897838083736","28359.255090826144","27983.13764930325","28340.44921875","29965","30140","295257"
"2023-05-01","2023-05-01 00:00","28528.506392745643","28631.93868355652","28500.29758616086","28613.1328125","30340","30430","379333"
"2023-05-02","2023-05-02 00:00","28725.97017605056","28744.77604850624","28566.120260177282","28641.34375","30550","30460","217750"
"2023-05-08","2023-05-08 00:00","28566.118430632436","28631.93898001177","28415.67146062252","28453.283203125","30380","30260","186139"
"2023-05-09","2023-05-09 00:00","28528.50827567147","28735.37287094661","28509.70240337373","28707.1640625","30340","30530","109361"
"2023-05-10","2023-05-10 00:00","28697.759825977977","28716.56569742357","28556.71579013601","28603.73046875","30520","30420","141545"
"2023-05-11","2023-05-11 00:00","28556.71519933043","28641.341619084782","28509.70052168912","28613.1328125","30370","30430","194675"
"2023-05-12","2023-05-12 00:00","28594.32987397224","28904.62677822778","28584.92693747965","28876.41796875","30410","30710","201492"
"2023-05-15","2023-05-15 00:00","29017.45951635703","29120.891808865108","28961.041902261713","29102.0859375","30860","30950","295171"
"2023-05-16","2023-05-16 00:00","29299.54764422306","29402.97993693373","29261.93590141918","29318.353515625","31160","31180","376869"
"2023-05-17","2023-05-17 00:00","29365.37036691913","29591.040840440124","29365.37036691913","29562.83203125","31230","31440","385024"
"2023-05-18","2023-05-18 00:00","29985.96418395996","30136.411166381837","29854.32307434082","30089.396484375","31890","32000","895178"
"2023-05-19","2023-05-19 00:00","30333.86955404252","30409.09303712756","30155.21378171555","30296.2578125","32260","32220","323464"
"2023-05-22","2023-05-22 00:00","30192.82634811942","30550.137902535032","30145.811669906838","30531.33203125","32110","32470","301307"
"2023-05-23","2023-05-23 00:00","30738.200021594155","30804.020578385578","30296.26199742318","30446.708984375","32690","32380","475553"
"2023-05-24","2023-05-24 00:00","30230.438329484332","30324.467686652246","30032.97667943171","30155.21484375","32150","32070","332857"
"2023-05-25","2023-05-25 00:00","30164.61966700342","30352.678393106933","30089.396176562015","30249.24609375","32080","32170","189149"
"2023-05-26","2023-05-26 00:00","30409.09375","30568.943655303032","30333.870265151516","30409.09375","32340","32340","535426"
"2023-05-29","2023-05-29 00:00","31048.49594424564","31057.89888063093","30625.363806907342","30709.990234375","33020","32660","396835"
"2023-05-30","2023-05-30 00:00","30662.974720931008","30841.63050740684","30521.930678976405","30785.212890625","32610","32740","375763"
"2023-05-31","2023-05-31 00:00","30559.543522115237","30597.155267988608","30249.246618659912","30333.873046875","32500","32260","320561"
"2023-06-01","2023-06-01 00:00","30343.275020287532","30653.57191389444","30315.066211777812","30597.154296875","32270","32540","230774"
"2023-06-02","2023-06-02 00:00","30785.212762551233","30982.67442046619","30728.7951460041","30973.271484375","32740","32940","299397"
"2023-06-05","2023-06-05 00:00","31349.38983214153","31640.880859375","31255.36046851783","31640.880859375","33340","33650","549481"
"2023-06-06","2023-06-06 00:00","31452.81901999081","31979.383404181986","31368.192601102943","31969.98046875","33450","34000","624427"
"2023-06-07","2023-06-07 00:00","32073.413110497753","32148.636594779193","31405.8046875","31405.8046875","34110","33400","734035"
"2023-06-08","2023-06-08 00:00","31368.195687896645","31481.030924184044","30879.24299731792","31114.31640625","33360","33090","743690"
"2023-06-09","2023-06-09 00:00","31424.612321494806","31734.909211563427","31358.79176905601","31687.89453125","33420","33700","336307"
"2023-06-12","2023-06-12 00:00","31875.95194114829","31960.578362230986","31706.699098982903","31894.7578125","33900","33920","378091"
"2023-06-13","2023-06-13 00:00","32111.028255547713","32552.96627253475","32082.819445952795","32468.33984375","34150","34530","453956"
"2023-06-14","2023-06-14 00:00","32778.63234375","33079.52627232143","32618.78244419643","32910.2734375","34860","35000","598266"
"2023-06-15","2023-06-15 00:00","32919.680873106605","33182.96309659903","32806.84563446699","32900.875","35010","34990","619470"
"2023-06-16","2023-06-16 00:00","32844.45876649873","33192.367433650295","32609.385342747657","33126.546875","34930","35230","450374"
"2023-06-19","2023-06-19 00:00","33220.573534484305","33220.573534484305","32646.994427322246","32797.44140625","35330","34880","558415"
"2023-06-20","2023-06-20 00:00","32675.20441699835","32900.87489354741","32505.95155958656","32778.63671875","34750","34860","470787"
"2023-06-21","2023-06-21 00:00","32609.38465714896","33070.1285580141","32562.36997338721","33013.7109375","34680","35110","290841"
"2023-06-22","2023-06-22 00:00","32863.263391734334","33060.72506018252","32646.9958501006","32712.81640625","34950","34790","306714"
"2023-06-23","2023-06-23 00:00","32910.27685903285","32957.291540260034","32007.594979470803","32205.056640625","35000","34250","594063"
"2023-06-26","2023-06-26 00:00","32054.60931044805","32327.29445858621","31819.53590688067","32148.638671875","34090","34190","340732"
"2023-06-27","2023-06-27 00:00","32064.013146409146","32111.027828442006","31744.31330858571","31979.38671875","34100","34010","236635"
"2023-06-28","2023-06-28 00:00","32233.26518984488","32599.979700464468","32082.81821112915","32581.173828125","34280","34650","408184"
"2023-06-29","2023-06-29 00:00","32750.429340352675","32994.90570063093","32637.594097147325","32694.01171875","34830","34770","523744"
"2023-06-30","2023-06-30 00:00","32543.558717436674","32684.602745394357","32374.30588388745","32665.796875","34610","34740","328099"
"2023-07-03","2023-07-03 00:00","32966.6928226806","33211.169152797454","32966.6928226806","33192.36328125","35060","35300","342606"
"2023-07-04","2023-07-04 00:00","32947.88541368451","32985.497155024335","32788.03551299027","32844.453125","35040","34930","471788"
"2023-07-05","2023-07-05 00:00","32656.39777879682","32835.053568545496","32487.14492535071","32759.830078125","34730","34840","301463"
"2023-07-06","2023-07-06 00:00","31951.176081641897","32026.399568591023","31640.879197976745","31791.326171875","33980","33810","464212"
"2023-07-07","2023-07-07 00:00","32033.79954548008","32617.450015096056","31890.27893819746","31938.119140625","33480","33380","314471"
"2023-07-10","2023-07-10 00:00","31890.277133939348","32052.933812990344","31545.827695949003","31708.484375","33330","33140","495669"
"2023-07-11","2023-07-11 00:00","31918.982898807728","31966.823100994192","31545.82932175332","31698.91796875","33360","33130","265870"
"2023-07-12","2023-07-12 00:00","31804.16693628197","31804.16693628197","31268.356662987208","31421.4453125","33240","32840","553651"
"2023-07-13","2023-07-13 00:00","31593.670669743253","31957.256219546474","31431.01397641023","31909.416015625","33020","33350","287503"
"2023-07-14","2023-07-14 00:00","32282.56730724168","32282.56730724168","31698.916860963745","31899.845703125","33740","33340","428079"
"2023-07-18","2023-07-18 00:00","31909.4159741189","32177.321115730694","31794.599484856702","31966.82421875","33350","33410","246054"
"2023-07-19","2023-07-19 00:00","32301.704082198874","32339.97624343371","32139.047396950835","32330.408203125","33760","33790","211121"
"2023-07-20","2023-07-20 00:00","32263.434168508393","32311.27437338459","31928.552734375","31928.552734375","33720","33370","226222"
"2023-07-21","2023-07-21 00:00","31746.759405328394","31938.120221514822","31555.398589141965","31794.599609375","33180","33230","250890"
"2023-07-24","2023-07-24 00:00","32100.7779367148","32253.8665945352","32024.233607804603","32177.322265625","33550","33630","168228"
"2023-07-25","2023-07-25 00:00","32177.322627982616","32177.322627982616","31966.825721109104","32129.482421875","33630","33580","187595"
"2023-07-26","2023-07-26 00:00","32139.050463096522","32196.45871042566","31957.25767988758","32129.482421875","33590","33580","213463"
"2023-07-27","2023-07-27 00:00","31976.39358760534","32406.95544022121","31918.98534058989","32359.115234375","33420","33820","368709"
"2023-07-28","2023-07-28 00:00","31918.983178428316","32311.27283979389","31497.989395499408","32234.728515625","33360","33690","831563"
"2023-07-31","2023-07-31 00:00","32550.473573548814","32856.65086759748","32464.361209597624","32636.5859375","34020","34110","401313"
"2023-08-01","2023-08-01 00:00","32713.13363008721","32933.19858284884","32665.29342296512","32914.0625","34190","34400","280066"
"2023-08-02","2023-08-02 00:00","32588.74803351732","32598.316074631097","32100.7779367148","32177.322265625","34060","33630","442713"
"2023-08-03","2023-08-03 00:00","31842.438615058963","31928.550979102092","31622.373684726528","31641.509765625","33280","33070","398417"
"2023-08-04","2023-08-04 00:00","31497.990110460723","31775.463291871223","31402.309703077794","31670.21484375","32920","33100","255219"
"2023-08-07","2023-08-07 00:00","31402.30997748342","31785.031610359514","31306.629569264398","31737.19140625","32820","33170","319826"
"2023-08-08","2023-08-08 00:00","31890.28097517664","32014.665509433256","31698.920153243387","31823.3046875","33330","33260","198510"
"2023-08-09","2023-08-09 00:00","31765.895570635763","31890.280101484637","31651.079080621414","31679.783203125","33200","33110","178824"
"2023-08-10","2023-08-10 00:00","31536.261440233673","31966.823262081525","31507.55731877715","31938.119140625","32960","33380","276206"
"2023-08-14","2023-08-14 00:00","31947.689764132167","32091.210383018653","31497.991824954504","31545.83203125","33390","32970","295588"
"2023-08-15","2023-08-15 00:00","31823.302494434804","31871.142696621264","31689.34992831271","31698.91796875","33260","33130","142086"
"2023-08-16","2023-08-16 00:00","31411.87935715516","31478.855645763168","31249.22265625","31249.22265625","32830","32660","244039"
"2023-08-17","2023-08-17 00:00","31115.26725911258","31191.811582013226","30799.521927147416","31105.69921875","32520","32510","315373"
"2023-08-18","2023-08-18 00:00","30809.090401785714","31143.971819196428","30742.114118303572","30943.04296875","32200","32340","271084"
"2023-08-21","2023-08-21 00:00","31038.724290780145","31239.65314716312","30895.203679078015","31029.15625","32440","32430","226965"
"2023-08-22","2023-08-22 00:00","31297.060825126795","31392.74123119566","31163.108256630378","31364.037109375","32710","32780","162573"
"2023-08-23","2023-08-23 00:00","31210.947707953856","31517.125","31191.811627200972","31517.125","32620","32940","154347"
"2023-08-24","2023-08-24 00:00","31670.21285292898","31775.461294434182","31526.692250876433","31727.62109375","33100","33160","193897"
"2023-08-25","2023-08-25 00:00","31249.22210610778","31325.76643459794","31038.72520275984","31115.26953125","32660","32520","876863"
"2023-08-28","2023-08-28 00:00","31402.309703077794","31679.782884488293","31354.469499386327","31670.21484375","32820","33100","208146"
"2023-08-29","2023-08-29 00:00","31765.89525113293","31861.57565851586","31651.078762273413","31670.21484375","33200","33100","196271"
"2023-08-30","2023-08-30 00:00","31899.848377801594","32043.368991378986","31775.46384603452","31804.16796875","33340","33240","219618"
"2023-08-31","2023-08-31 00:00","31842.437667760212","32167.751033356322","31842.437667760212","32081.638671875","33280","33530","230937"
"2023-09-01","2023-09-01 00:00","31976.392727205228","32320.8422000297","31966.824686293436","32215.59375","33420","33670","282800"
"2023-09-04","2023-09-04 00:00","32263.432200143976","32397.384765625","32186.887877011963","32397.384765625","33720","33860","254986"
"2023-09-05","2023-09-05 00:00","32406.950816604327","32483.495135037407","32253.86217973817","32454.791015625","33870","33920","223815"
"2023-09-06","2023-09-06 00:00","32569.610250164522","32751.403021831127","32560.04220955049","32713.130859375","34040","34190","342079"
"2023-09-07","2023-09-07 00:00","32607.882255450797","32799.243066809075","32464.361646932084","32473.9296875","34080","33940","227960"
"2023-09-08","2023-09-08 00:00","32359.113485186084","32397.385647794228","31985.959899756675","32072.072265625","33820","33520","285449"
"2023-09-11","2023-09-11 00:00","32177.321115730694","32234.72936036179","31871.1438110315","31966.82421875","33630","33410","224491"
"2023-09-12","2023-09-12 00:00","32139.04938053569","32273.001953125","31966.82464434943","32273.001953125","33590","33730","171450"
"2023-09-13","2023-09-13 00:00","32263.435273495543","32359.11568652489","32100.778571345654","32196.458984375","33720","33650","189507"
"2023-09-14","2023-09-14 00:00","32397.383621676312","32713.128943446933","32330.407341300725","32655.720703125","33860","34130","312905"
"2023-09-15","2023-09-15 00:00","32894.922436268826","33105.4193221321","32856.65027520278","33028.875","34380","34520","373711"
"2023-09-19","2023-09-19 00:00","32732.266940603065","32808.811265515316","32607.88241262065","32713.130859375","34210","34190","169126"
"2023-09-20","2023-09-20 00:00","32741.835144744105","32741.835144744105","32473.93000621318","32483.498046874996","34220","33950","208464"
"2023-09-21","2023-09-21 00:00","32359.113163514623","32426.089447413084","32033.79978457923","32062.50390625","33820","33510","229820"
"2023-09-22","2023-09-22 00:00","31689.34882086083","32033.798264565838","31651.076660449162","31899.845703125","33120","33340","350648"
"2023-09-25","2023-09-25 00:00","32005.09815831631","32215.59506698087","31880.71362137816","32196.458984375","33450","33650","165266"
"2023-09-26","2023-09-26 00:00","32158.185117997145","32167.753158793934","31813.735649312857","31852.0078125","33610","33290","180161"
"2023-09-27","2023-09-27 00:00","31545.829243421053","31823.302415413535","31459.71687969925","31813.734375","32970","33250","221160"
"2023-09-28","2023-09-28 00:00","31813.73389071499","31880.710172590178","31383.172078660198","31564.96484375","33250","32990","254287"
"2023-09-29","2023-09-29 00:00","31727.62216941836","31737.19020987958","31421.44487465919","31584.1015625","33160","33010","273574"
"2023-10-02","2023-10-02 00:00","31823.303620756757","32110.344844034782","31488.422193599064","31497.990234375","33260","32920","226123"
"2023-10-03","2023-10-03 00:00","31306.628830177746","31325.764911369784","30885.63504395286","30952.611328125","32720","32350","412567"
"2023-10-04","2023-10-04 00:00","30445.503700007903","30560.320181591844","30206.30269670803","30263.7109375","31820","31630","636559"
"2023-10-05","2023-10-05 00:00","30493.345183870686","30799.522480978896","30292.416332643425","30770.818359375","31870","32160","376122"
"2023-10-06","2023-10-06 00:00","30742.115234375","30885.635847047153","30636.86678508209","30742.115234375","32130","32130","220115"
"2023-10-10","2023-10-10 00:00","31057.8597300057","31536.26175911854","31057.8597300057","31478.853515625","32460","32900","723301"
"2023-10-11","2023-10-11 00:00","31574.53411859701","31756.326890794993","31507.557834103016","31660.646484375","33000","33090","197334"
"2023-10-12","2023-10-12 00:00","31852.008867756653","32196.45834785255","31852.008867756653","32177.322265625","33290","33630","409765"
"2023-10-13","2023-10-13 00:00","32033.800143828452","32225.160957112974","31947.68777785042","32014.6640625","33480","33460","186834"
"2023-10-16","2023-10-16 00:00","31622.37356258108","31670.213764642474","31277.924107739047","31344.900390625","33050","32760","293990"
"2023-10-17","2023-10-17 00:00","31813.73509379713","31966.82374387255","31603.238199943436","31718.0546875","33250","33150","272004"
"2023-10-18","2023-10-18 00:00","31746.75813144961","31813.73441442735","31584.101444217948","31756.326171875","33180","33190","227997"
"2023-10-19","2023-10-19 00:00","31249.220104838092","31392.740711565762","31115.267538558932","31172.67578125","32660","32580","195893"
"2023-10-20","2023-10-20 00:00","30952.613237257985","31153.542102167543","30828.228701837783","31010.021484375","32350","32410","357560"
"2023-10-23","2023-10-23 00:00","30876.06748618462","30904.771608421546","30703.842752763077","30732.546875","32270","32120","236584"
"2023-10-24","2023-10-24 00:00","30904.770566933792","30933.47468820339","30282.847939425836","30818.658203125","32300","32210","497944"
"2023-10-25","2023-10-25 00:00","31057.85845545644","31172.674937731696","30904.769812422768","30971.74609375","32460","32370","316594"
"2023-10-26","2023-10-26 00:00","30512.48126677455","30617.729712661825","30292.416334464793","30301.984375","31890","31670","403040"
"2023-10-27","2023-10-27 00:00","30493.346172409936","30809.09152028867","30407.233804806645","30742.115234375","31870","32130","333255"
"2023-10-30","2023-10-30 00:00","30397.66501879422","30483.777384286557","30273.28049086085","30426.369140625","31770","31800","342908"
"2023-10-31","2023-10-31 00:00","30426.368702592274","30703.84187629516","30273.28005503206","30589.025390625","31800","31970","424537"
"2023-11-01","2023-11-01 00:00","31076.995298165137","31316.196308772935","31076.995298165137","31287.4921875","32480","32700","358283"
"2023-11-02","2023-11-02 00:00","31756.327210394636","31794.59937334781","31574.53443636707","31670.21484375","33190","33100","311305"
"2023-11-06","2023-11-06 00:00","32292.137632978724","32464.362367021276","32244.297429078015","32378.25","33750","33840","459593"
"2023-11-07","2023-11-07 00:00","32263.43348267734","32263.43348267734","31966.82421875","31966.82421875","33720","33410","262132"
"2023-11-08","2023-11-08 00:00","32225.16007298859","32225.16007298859","31765.894133706093","31871.142578125","33680","33310","319034"
"2023-11-09","2023-11-09 00:00","31985.960013186337","32426.0898847408","31899.847647012637","32368.681640625","33430","33830","311540"
"2023-11-10","2023-11-10 00:00","32139.04938053569","32311.274116721946","31947.688562550957","32273.001953125","33590","33730","274068"
"2023-11-13","2023-11-13 00:00","32598.31502191763","32607.88306272242","32196.457308116474","32263.43359375","34070","33720","261891"
"2023-11-14","2023-11-14 00:00","32493.064491150442","32540.904692109147","32368.67996865782","32435.65625","33960","33900","258986"
"2023-11-15","2023-11-15 00:00","32952.33151274115","33248.94076851785","32885.35522917866","33229.8046875","34440","34730","616208"
"2023-11-16","2023-11-16 00:00","33086.28515625","33306.35009511459","32923.62846230661","33086.28515625","34580","34580","613901"
"2023-11-17","2023-11-17 00:00","33000.170726499564","33268.075852722235","32952.330525388374","33258.5078125","34490","34760","339653"
"2023-11-20","2023-11-20 00:00","33229.8034863592","33555.116851903746","33038.4426830977","33076.71484375","34730","34570","322558"
"2023-11-21","2023-11-21 00:00","33153.26016371417","33162.82820416546","32952.33131423712","33048.01171875","34650","34540","290149"
"2023-11-22","2023-11-22 00:00","32866.219859948025","33287.213651458274","32847.083778515735","33134.125","34350","34630","270162"
"2023-11-24","2023-11-24 00:00","33459.43921991604","33516.847465646526","33315.91860558984","33335.0546875","34970","34840","236507"
"2023-11-27","2023-11-27 00:00","33421.16557827398","33507.27794306198","33095.852200186004","33114.98828125","34930","34610","261458"
"2023-11-28","2023-11-28 00:00","33229.80412736702","33239.37216771466","33000.171159023565","33095.8515625","34730","34590","233551"
"2023-11-29","2023-11-29 00:00","32961.899712779064","33210.66876721514","32875.78734778197","33000.171875","34450","34490","284475"
"2023-11-30","2023-11-30 00:00","32942.7631951457","33162.828125","32856.65083128967","33162.828125","34430","34660","280124"
"2023-12-01","2023-12-01 00:00","33277.64396967018","33277.64396967018","33086.28316478421","33143.69140625","34780","34640","201900"
"2023-12-04","2023-12-04 00:00","33038.44639984184","33048.01444108129","32713.132997700333","32894.92578125","34530","34380","269256"
"2023-12-05","2023-12-05 00:00","32713.13102275865","32780.10730739138","32426.089802904084","32483.498046874996","34190","33950","329722"
"2023-12-06","2023-12-06 00:00","32636.58625465003","33134.124362313996","32617.45017358603","33114.98828125","34110","34610","288758"
"2023-12-07","2023-12-07 00:00","32847.082866992474","32875.78698834435","32502.63341077001","32579.177734375","34330","34050","267935"
"2023-12-08","2023-12-08 00:00","32234.730643918163","32292.138890835202","31918.98528587444","32005.09765625","33690","33450","378132"
"2023-12-11","2023-12-11 00:00","32397.384051319565","32646.15309601369","32387.81601113902","32493.064453125","33860","33960","291788"
"2023-12-12","2023-12-12 00:00","32827.950769068106","32875.79097712562","32493.069312665488","32521.7734375","34310","33990","243687"
"2023-12-13","2023-12-13 00:00","32674.858099256082","32799.24262496336","32550.473573548814","32636.5859375","34150","34110","235403"
"2023-12-14","2023-12-14 00:00","32760.971631205673","32866.220079787236","32206.025265957447","32378.25","34240","33840","359580"
"2023-12-15","2023-12-15 00:00","32464.3621605201","32818.37966713349","32454.794119800823","32665.291015625","33930","34140","270317"
"2023-12-18","2023-12-18 00:00","32512.19925444981","32512.19925444981","32253.86217973817","32454.791015625","33980","33920","267350"
"2023-12-19","2023-12-19 00:00","32521.772172911213","32904.49382248946","32359.115471840458","32894.92578125","33990","34380","288332"
"2023-12-20","2023-12-20 00:00","33181.96793069484","33516.84938328259","33172.39988919233","33392.46484375","34680","34900","461563"
"2023-12-21","2023-12-21 00:00","32971.465270942695","33009.737430282155","32780.10447424541","32808.80859375","34460","34290","673363"
"2023-12-22","2023-12-22 00:00","32952.33275243885","33057.58120199658","32827.94822114335","32856.65234375","34440","34340","230663"
"2023-12-25","2023-12-25 00:00","33105.4229635341","33114.99100485305","32914.0621371553","32961.90234375","34600","34450","156418"
"2023-12-26","2023-12-26 00:00","33009.7425503447","33009.7425503447","32866.2219305606","32961.90234375","34500","34450","161990"
"2023-12-27","2023-12-27 00:00","33220.23331301979","33449.86626218813","33210.66527347111","33363.75390625","34720","34870","255831"
"2023-12-28","2023-12-28 00:00","33172.39672234195","33315.91733117816","33143.692600574715","33296.78125","34670","34800","242349"
"2023-12-29","2023-12-29 00:00","33220.23636757069","33382.8930548543","33057.579680287075","33162.828125","34720","34660","213836"
"2024-01-04","2024-01-04 00:00","32760.97149376992","33048.012715970006","32445.226149349826","33019.30859375","34240","34510","316322"
"2024-01-05","2024-01-05 00:00","33095.849573863634","33315.914488636365","33000.16917613636","33153.2578125","34590","34650","304422"
"2024-01-09","2024-01-09 00:00","33545.551779278474","33727.34455845882","33344.62291807915","33516.84765625","35060","35030","344928"
"2024-01-10","2024-01-10 00:00","33650.79972355769","34272.72237980769","33622.09560096154","34205.74609375","35170","35750","683803"
"2024-01-11","2024-01-11 00:00","34626.7407405022","34885.07785019923","34569.33249390286","34818.1015625","36190","36390","563498"
"2024-01-12","2024-01-12 00:00","35095.57504150854","35440.024523922475","35076.43895915221","35296.50390625","36680","36890","631843"
"2024-01-15","2024-01-15 00:00","35344.341119777586","35392.1813216181","35267.79679683275","35382.61328125","36940","36980","78233"
"2024-01-16","2024-01-16 00:00","35344.33948786834","35688.78892521627","35267.79516845769","35392.1796875","36940","36990","549245"
"2024-01-17","2024-01-17 00:00","35631.38111929658","35966.26252079372","35200.81931737167","35229.5234375","37240","36820","618214"
"2024-01-18","2024-01-18 00:00","35124.2792527876","35468.72873606201","35095.5751291814","35181.6875","36710","36770","434007"
"2024-01-19","2024-01-19 00:00","35832.31030299605","35870.58246353329","35516.56497856377","35707.92578125","37450","37320","504522"
"2024-01-22","2024-01-22 00:00","36100.217312318746","36301.14616563406","36014.10494661218","36291.578125","37730","37930","480858"
"2024-01-23","2024-01-23 00:00","36348.98509047572","36712.57062178345","36138.48820392914","36253.3046875","37990","37890","553499"
"2024-01-24","2024-01-24 00:00","36205.46993944637","36205.46993944637","35822.74826989619","35947.1328125","37840","37570","413362"
"2024-01-25","2024-01-25 00:00","35899.28770777925","36033.24027385306","35631.382575631644","35975.83203125","37520","37600","333836"
"2024-01-26","2024-01-26 00:00","35660.08737481454","35784.47190281899","35411.318318805635","35468.7265625","37270","37070","346177"
"2024-01-29","2024-01-29 00:00","35554.8390432718","35918.42458784778","35526.13492133159","35765.3359375","37160","37380","229422"
"2024-01-30","2024-01-30 00:00","35947.12770858393","35975.83182972467","35755.76690097902","35794.0390625","37570","37410","236904"
"2024-01-31","2024-01-31 00:00","35449.59106315589","36014.10546875","35411.318900064754","36014.10546875","37050","37640","218734"
"2024-02-01","2024-02-01 00:00","35679.22492773961","35870.585747947385","35650.520804708445","35688.79296875","37290","37300","347380"
"2024-02-02","2024-02-02 00:00","35975.833388859275","36167.19420475746","35803.6086545509","35899.2890625","37600","37520","263338"
"2024-02-05","2024-02-05 00:00","36205.46783940397","36205.46783940397","35927.994645074505","36119.35546875","37840","37750","200768"
"2024-02-06","2024-02-06 00:00","36004.53915101806","36205.46801686217","35794.04224394328","35889.72265625","37630","37510","226301"
"2024-02-07","2024-02-07 00:00","35669.6531908509","35918.42223134503","35583.54083067985","35870.58203125","37280","37490","277654"
"2024-02-08","2024-02-08 00:00","36109.78770833334","36674.30214256536","36033.24337826797","36597.7578125","37740","38250","354853"
"2024-02-09","2024-02-09 00:00","36731.70874955077","36999.61389281397","36607.32421875","36607.32421875","38390","38260","280757"
"2024-02-13","2024-02-13 00:00","37248.38346916265","37717.21747635221","37190.97522338433","37678.9453125","38930","39380","515343"
"2024-02-14","2024-02-14 00:00","37430.17251373275","37535.420953827605","37305.78799362066","37449.30859375","39120","39140","321470"
"2024-02-15","2024-02-15 00:00","37822.462852637975","37899.00717412068","37640.67008911657","37879.87109375","39530","39590","320550"
"2024-02-16","2024-02-16 00:00","38406.11307493742","38568.76975711827","38080.79971057572","38224.3203125","40140","39950","711102"
"2024-02-19","2024-02-19 00:00","38176.47983011535","38262.59219063441","38004.25510907723","38157.34375","39900","39880","331929"
"2024-02-20","2024-02-20 00:00","38253.02614892014","38463.52304118533","38004.25709442491","38099.9375","39980","39820","278417"
"2024-02-21","2024-02-21 00:00","37946.84729916898","38071.23182132964","37812.89473684211","37994.6875","39660","39710","349192"
"2024-02-22","2024-02-22 00:00","38511.36403015648","38874.94957876417","38358.27537811114","38827.109375","40250","40580","462117"
"2024-02-26","2024-02-26 00:00","39056.740990454375","39133.28531380656","38894.08430333097","38903.65234375","40820","40660","294047"
"2024-02-27","2024-02-27 00:00","38961.06086576234","39133.28559454027","38817.5402584474","38970.62890625","40720","40730","258710"
"2024-02-28","2024-02-28 00:00","38961.06122480334","39018.46946825836","38798.40453501413","38922.7890625","40720","40680","167765"
"2024-02-29","2024-02-29 00:00","38674.017749569706","38980.195030120485","38607.04146944923","38913.21875","40420","40670","247664"
"2024-03-01","2024-03-01 00:00","39047.17436919341","39707.36918210063","38999.334165359556","39649.9609375","40810","41440","435386"
"2024-03-04","2024-03-04 00:00","39994.40831856679","40061.38460043999","39726.503191074","39822.18359375","41800","41620","441333"
"2024-03-05","2024-03-05 00:00","39678.66426034415","39946.56939641592","39573.415814030246","39860.45703125","41470","41660","381632"
"2024-03-06","2024-03-06 00:00","39554.27846625721","39879.5918353556","39506.438264919205","39822.18359375","41340","41620","446143"
"2024-03-07","2024-03-07 00:00","40118.79120199915","40195.335521010835","39238.531533364774","39305.5078125","41930","41080","508041"
"2024-03-08","2024-03-08 00:00","39429.89652661756","39707.36971256076","39267.239831409475","39372.48828125","41210","41150","314027"
"2024-03-11","2024-03-11 00:00","38750.56621728479","38760.1342583261","38243.460042095634","38568.7734375","40500","40310","610541"
"2024-03-12","2024-03-12 00:00","38233.889748759306","38559.203125","38013.824817772955","38559.203125","39960","40300","532307"
"2024-03-13","2024-03-13 00:00","38913.22005727092","38913.22005727092","38186.04899153386","38425.25","40670","40160","373503"
"2024-03-14","2024-03-14 00:00","38329.570153535984","38568.77116547767","38128.64130350496","38559.203125","40060","40300","220529"
"2024-03-15","2024-03-15 00:00","38262.59331424303","38530.4984437251","38233.88919322709","38425.25","39990","40160","201576"
"2024-03-18","2024-03-18 00:00","38702.72568970615","39439.46484375","38664.45352585972","39439.46484375","40450","41220","445404"
"2024-03-19","2024-03-19 00:00","39295.944060351845","39688.23373809093","39114.151282863","39669.09765625","41070","41460","437795"
"2024-03-21","2024-03-21 00:00","40329.28863236945","40539.7855125384","40147.49587222354","40491.9453125","42150","42320","516765"
"2024-03-22","2024-03-22 00:00","40712.011797003885","40798.124160381805","40415.402545368845","40597.1953125","42550","42430","292921"
"2024-03-25","2024-03-25 00:00","40501.519166232116","40549.35937313766","40137.93359375","40137.93359375","42330","41950","272689"
"2024-03-26","2024-03-26 00:00","40109.22620324041","40243.17877166726","39994.40971601739","40157.06640625","41920","41970","334272"
"2024-03-27","2024-03-27 00:00","40214.47639061391","40664.17431837","40166.636185533476","40444.109375","42030","42270","496453"
"2024-03-28","2024-03-28 00:00","40367.55972965619","40444.10404770247","40023.11029844794","40109.22265625","42190","41920","264266"
"2024-03-29","2024-03-29 00:00","40300.58820911464","40424.97274062426","40243.17996380251","40310.15625","42120","42130","73246"
"2024-04-01","2024-04-01 00:00","40300.58661562275","40692.8762764111","39678.66398266561","39793.48046875","42120","41590","752957"
"2024-04-02","2024-04-02 00:00","39889.1598756232","40137.92892258079","39678.662989736","39822.18359375","41690","41620","290504"
"2024-04-03","2024-04-03 00:00","39496.87145282561","39611.68793960708","39190.69415474169","39449.03125","41280","41230","271665"
"2024-04-04","2024-04-04 00:00","39994.4116023137","40233.61262864333","39764.77861703726","39803.05078125","41800","41600","304804"
"2024-04-05","2024-04-05 00:00","39133.28395388439","39219.39631466311","38750.56235042342","38980.1953125","40900","40740","726046"
"2024-04-08","2024-04-08 00:00","39353.3545607182","39582.98755596674","39152.42568987573","39267.2421875","41130","41040","858698"
"2024-04-09","2024-04-09 00:00","39458.596516652615","39726.501633642496","39429.89239697513","39716.93359375","41240","41510","541933"
"2024-04-10","2024-04-10 00:00","39563.85256269664","39678.66906348318","39468.17214537451","39535.1484375","41350","41320","368064"
"2024-04-11","2024-04-11 00:00","39028.03620227907","39449.02997352209","39008.90012176803","39410.7578125","40790","41190","283983"
"2024-04-12","2024-04-12 00:00","39688.23090277778","39745.63914419935","39420.32577614379","39525.57421875","41480","41310","366925"
"2024-04-15","2024-04-15 00:00","38999.331598918885","39171.55632138712","38779.26667576502","39161.98828125","40760","40930","398771"
"2024-04-16","2024-04-16 00:00","38654.88296812749","38664.45100846614","38291.297435258966","38425.25","40400","40160","659785"
"2024-04-17","2024-04-17 00:00","38597.47901375063","38607.04705515215","37946.85219844695","37965.98828125","40340","39680","590471"
"2024-04-18","2024-04-18 00:00","37736.35006130533","38186.04794489594","37611.96554031219","38042.52734375","39440","39760","517439"
"2024-04-19","2024-04-19 00:00","37621.538880813954","37621.538880813954","36703.00690406977","37028.3203125","39320","38700","1281363"
"2024-04-22","2024-04-22 00:00","37171.8386784653","37478.01598546939","37018.75002496326","37430.17578125","38850","39120","425549"
"2024-04-23","2024-04-23 00:00","37755.4880833015","37803.328286144","37382.33450113","37573.6953125","39460","39270","437308"
"2024-04-24","2024-04-24 00:00","37985.116632385936","38406.110368362","37965.98055347794","38377.40625","39700","40110","313919"
"2024-04-25","2024-04-25 00:00","37870.3035663168","37994.68809041031","37573.694316555346","37602.3984375","39580","39300","296707"
"2024-04-26","2024-04-26 00:00","37745.919166955944","38080.80057908357","37525.854238986365","37899.0078125","39450","39610","300350"
"2024-04-30","2024-04-30 00:00","38320.00227198265","38568.77132543373","38138.20950215302","38329.5703125","40050","40060","312170"
"2024-05-01","2024-05-01 00:00","38042.526914287504","38396.54439311765","37994.6867144456","38205.18359375","39760","39930","232618"
"2024-05-02","2024-05-02 00:00","38013.82279438236","38329.56811333897","37908.57435473015","38205.18359375","39730","39930","231251"
"2024-05-07","2024-05-07 00:00","38855.81485821759","38884.51898148148","38501.79733796296","38750.56640625","40610","40500","257132"
"2024-05-08","2024-05-08 00:00","38654.88477981708","38721.86106532667","38119.07449574042","38186.05078125","40400","39910","275094"
"2024-05-09","2024-05-09 00:00","38253.02422543071","38406.11286665304","38023.39126359721","38042.52734375","39980","39760","189215"
"2024-05-10","2024-05-10 00:00","38434.81655299117","38712.28971207426","38080.799074161034","38205.18359375","40170","39930","328159"
"2024-05-13","2024-05-13 00:00","38157.34474592221","38243.45710868883","37927.711778544544","38128.640625","39880","39850","259697"
"2024-05-14","2024-05-14 00:00","38233.89416708323","38453.959123500375","38042.53333541614","38281.734375","39960","40010","353969"
"2024-05-15","2024-05-15 00:00","38597.47773427751","38788.83855596456","38310.436501746946","38339.140625","40340","40070","264904"
"2024-05-16","2024-05-16 00:00","38731.43087167815","38922.791696142966","38482.661799873895","38884.51953125","40480","40640","317755"
"2024-05-17","2024-05-17 00:00","38568.772991677986","38817.54205587636","38501.79670516304","38731.4296875","40310","40480","226039"
"2024-05-20","2024-05-20 00:00","38731.42718283125","39410.758044980714","38674.01894095947","39066.30859375","40480","40830","504806"
"2024-05-21","2024-05-21 00:00","39267.23623063683","39324.6444707401","38913.21875","38913.21875","41040","40670","235222"
"2024-05-22","2024-05-22 00:00","38874.94581119082","38874.94581119082","38568.768536773365","38597.47265625","40630","40340","250340"
"2024-05-23","2024-05-23 00:00","38865.37812193928","39123.71519955926","38597.473004407446","39075.875","40620","40840","262203"
"2024-05-24","2024-05-24 00:00","38415.684421263315","38731.42977267096","38329.5720526976","38616.61328125","40150","40360","290321"
"2024-05-27","2024-05-27 00:00","38740.99601391283","38865.38054050726","38635.747568332925","38855.8125","40490","40610","175244"
"2024-05-28","2024-05-28 00:00","38884.517619517006","38961.06194553967","38721.86092671883","38827.109375","40640","40580","142026"
"2024-05-29","2024-05-29 00:00","38846.24635002485","39123.71953823931","38492.22883402709","38501.796875","40600","40240","175631"
"2024-05-30","2024-05-30 00:00","38042.52770083102","38090.36790166205","37592.829813019394","37994.6875","39760","39710","426255"
"2024-05-31","2024-05-31 00:00","38090.36985191231","38501.79560012438","38061.66572994403","38463.5234375","39810","40200","227344"
"2024-06-03","2024-06-03 00:00","38721.85957578855","39008.90078835926","38702.7234949505","38903.65234375","40470","40660","240471"
"2024-06-04","2024-06-04 00:00","38645.31759401973","38846.24645499384","38549.63718403206","38798.40625","40390","40550","212998"
"2024-06-05","2024-06-05 00:00","38540.07103969637","38568.775164105275","38310.438044425086","38444.390625","40280","40180","229198"
"2024-06-06","2024-06-06 00:00","38961.06202885566","39037.606355042015","38674.02080565682","38712.29296875","40720","40460","161637"
"2024-06-07","2024-06-07 00:00","38607.04751072114","38721.864008894285","38520.93513709128","38626.18359375","40350","40370","370970"
"2024-06-10","2024-06-10 00:00","38635.748752529435","39066.31058855316","38635.748752529435","39008.90234375","40380","40770","182145"
"2024-06-11","2024-06-11 00:00","39123.7174743727","39305.51024326805","39047.17315062729","39085.4453125","40890","40850","242235"
"2024-06-12","2024-06-12 00:00","38865.38217556958","38922.79042102832","38779.26980738147","38846.24609375","40620","40600","141315"
"2024-06-13","2024-06-13 00:00","39219.39618051262","39257.6683407278","38674.0178974462","38683.5859375","40990","40430","183005"
"2024-06-14","2024-06-14 00:00","38568.773266029595","39008.903151972874","38511.365020036996","38798.40625","40310","40550","241466"
"2024-06-17","2024-06-17 00:00","38425.2512415137","38425.2512415137","37918.14508718098","38052.09765625","40160","39770","467609"
"2024-06-18","2024-06-18 00:00","38406.11491558684","38482.65924028159","38291.29842854473","38396.546875","40140","40130","220285"
"2024-06-19","2024-06-19 00:00","38607.04468683957","38760.13333987288","38415.683870547924","38482.66015625","40350","40220","249096"
"2024-06-20","2024-06-20 00:00","38367.8452086691","38607.046238648334","38224.324590681565","38587.91015625","40100","40330","141755"
"2024-06-21","2024-06-21 00:00","38587.90788438585","38760.132615831164","38501.795518663195","38578.33984375","40330","40320","132739"
"2024-06-24","2024-06-24 00:00","38453.95614263354","38874.9499396666","38367.843775058594","38779.26953125","40190","40530","195496"
"2024-06-25","2024-06-25 00:00","38740.99774944237","39190.69567342948","38721.86166757058","39142.85546875","40490","40910","164436"
"2024-06-26","2024-06-26 00:00","39353.353927925215","39764.77970446321","39200.265266887815","39659.53125","41130","41450","385329"
"2024-06-27","2024-06-27 00:00","39372.48473140967","39410.75689153741","39181.123930770984","39324.64453125","41150","41100","253377"
"2024-06-28","2024-06-28 00:00","39544.713209059024","39793.48227352443","39477.736922472184","39554.28125","41330","41340","210161"
"2024-07-01","2024-07-01 00:00","39822.18539249456","39937.00188089195","39535.14417150109","39582.984375","41620","41370","262908"
"2024-07-02","2024-07-02 00:00","39477.73658686035","40118.795324456005","39439.46442342181","40013.546875","41260","41820","367480"
"2024-07-03","2024-07-03 00:00","40185.770919421484","40664.1729541765","40137.930715945986","40520.65234375","42000","42350","493011"
"2024-07-04","2024-07-04 00:00","40664.174335846015","40922.51144339139","40568.49392564403","40855.53515625","42500","42700","378976"
"2024-07-05","2024-07-05 00:00","40386.70093887387","40539.78959441095","40157.067955568265","40262.31640625","42210","42080","317410"
"2024-07-08","2024-07-08 00:00","40871.15705020967","41123.627965701584","40793.47369159677","40812.89453125","42090","42030","181270"
"2024-07-09","2024-07-09 00:00","40968.261246646056","41774.22609221885","40958.550826819876","41618.859375","42190","42860","539476"
"2024-07-10","2024-07-10 00:00","41492.62564228461","41910.173712169526","41434.36312090532","41871.33203125","42730","43120","254234"
"2024-07-11","2024-07-11 00:00","42385.98494778499","42444.24747004999","42114.09317721501","42250.0390625","43650","43510","293936"
"2024-07-12","2024-07-12 00:00","41686.83112506624","41686.83112506624","41191.599728052875","41230.44140625","42930","42460","454711"
"2024-07-16","2024-07-16 00:00","41356.67945501793","41531.4670178708","41220.73357279904","41278.99609375","42590","42510","190623"
"2024-07-17","2024-07-17 00:00","41492.627766581034","41492.627766581034","41065.3692545919","41104.2109375","42730","42330","228549"
"2024-07-18","2024-07-18 00:00","40142.87942298972","40443.90246655834","40123.45858146917","40152.58984375","41340","41350","381272"
"2024-07-19","2024-07-19 00:00","40074.905215909086","40239.982363636365","39851.56554545454","40055.484375","41270","41250","217229"
"2024-07-22","2024-07-22 00:00","39938.95793667218","39977.79961713576","39531.12029180463","39589.3828125","41130","40770","247432"
"2024-07-23","2024-07-23 00:00","39919.53472445619","39948.66598307292","39531.117942899815","39618.51171875","41110","40800","220860"
"2024-07-24","2024-07-24 00:00","39346.621425248144","39657.35486197271","39113.57134770472","39132.9921875","40520","40300","381478"
"2024-07-25","2024-07-25 00:00","38229.92508944544","38336.7397137746","37870.639534883725","37996.875","39370","39130","913969"
"2024-07-26","2024-07-26 00:00","37899.76986842953","38132.81995217083","37637.58852422056","37686.140625","39030","38810","506248"
"2024-07-29","2024-07-29 00:00","38327.02884122793","38734.866492946094","38239.6350587169","38501.81640625","39470","39650","479598"
"2024-07-30","2024-07-30 00:00","38336.74080534904","38560.080480760145","38113.40112993794","38530.94921875","39480","39680","321049"
"2024-07-31","2024-07-31 00:00","38084.26683855459","39210.675546681145","37977.45221968052","39132.9921875","39220","40300","989262"
"2024-08-01","2024-08-01 00:00","38754.286682533115","38754.286682533115","37754.11341059602","38123.109375","39910","39260","569246"
"2024-08-02","2024-08-02 00:00","36763.649474949394","36763.649474949394","35899.422110113024","35977.10546875","37860","37050","1284818"
"2024-08-05","2024-08-05 00:00","34248.651053961694","34326.3344133129","30830.583242508757","31879.30859375","35270","32830","2390143"
"2024-08-06","2024-08-06 00:00","33918.49907795232","34947.80365918993","33297.03216097868","34268.07421875","34930","35290","1343376"
"2024-08-07","2024-08-07 00:00","33588.34444187793","35870.29325478378","33462.10897563208","35142.01171875","34590","36190","1143832"
"2024-08-08","2024-08-08 00:00","34462.28188688859","35423.61350334448","34200.10053694607","34840.98828125","35490","35880","641197"
"2024-08-09","2024-08-09 00:00","35627.53011833322","35744.05515551501","34452.569326750134","35093.45703125","36690","36140","809824"
"2024-08-13","2024-08-13 00:00","35617.82062885492","36229.57709003754","35608.110208836144","36210.15625","36680","37290","627787"
"2024-08-14","2024-08-14 00:00","36579.15291412703","36695.677956593056","36083.921483646416","36443.20703125","37670","37530","636579"
"2024-08-15","2024-08-15 00:00","36365.5253849398","36899.598521434236","36355.81496427626","36695.6796875","37450","37790","515906"
"2024-08-16","2024-08-16 00:00","37666.718094809454","38161.949500541676","37511.351379285625","38093.9765625","38790","39230","732026"
"2024-08-19","2024-08-19 00:00","37831.80046266234","38142.53393668831","37326.85856737013","37385.12109375","38960","38500","439793"
"2024-08-20","2024-08-20 00:00","37890.06266122612","38268.769079418795","37734.695925557324","38113.40234375","39020","39250","556788"
"2024-08-21","2024-08-21 00:00","37608.457672306366","38045.42658406825","37569.615991260864","37987.1640625","38730","39120","247160"
"2024-08-22","2024-08-22 00:00","38026.004375158955","38424.13159154852","37899.76891630373","38181.37109375","39160","39320","324101"
"2024-08-23","2024-08-23 00:00","38249.34707915665","38433.84507217619","38055.13866545187","38385.29296875","39390","39530","212297"
"2024-08-26","2024-08-26 00:00","38123.11017817283","38200.79354073661","37831.79756855867","38064.84765625","39260","39200","227118"
"2024-08-27","2024-08-27 00:00","38016.29572977428","38375.58128328683","37928.901946487444","38288.1875","39150","39430","161034"
"2024-08-28","2024-08-28 00:00","38249.34370257967","38395","38152.23950429945","38395","39390","39540","158335"
"2024-08-29","2024-08-29 00:00","38113.400676279416","38433.8445545768","37987.165209071354","38375.58203125","39250","39520","218312"
"2024-08-30","2024-08-30 00:00","38453.263221153844","38686.31330128205","38346.448601095086","38628.05078125","39600","39780","245327"
"2024-09-02","2024-09-02 00:00","39084.44365842276","39123.28534156156","38501.818411340675","38686.31640625","40250","39840","391108"
"2024-09-03","2024-09-03 00:00","38744.573700723864","38997.04460704437","38598.91740861588","38734.86328125","39900","39890","200709"
"2024-09-04","2024-09-04 00:00","37385.11520161819","37598.74443134172","36919.01506403957","37054.9609375","38500","38160","603384"
"2024-09-05","2024-09-05 00:00","36414.07748825748","37122.938196695555","36375.23580560333","36695.6796875","37500","37790","728755"
"2024-09-06","2024-09-06 00:00","36860.75457672575","36948.14835733442","36268.41895260028","36433.49609375","37960","37520","359262"
"2024-09-09","2024-09-09 00:00","35375.06012838562","36307.260450187714","35277.95592819791","36210.15625","36430","37290","506315"
"2024-09-10","2024-09-10 00:00","36375.23552649274","36569.44393827327","36025.66038528779","36103.34375","37460","37180","417674"
"2024-09-11","2024-09-11 00:00","36035.37046185662","36093.63298483456","35297.37850413603","35656.6640625","37110","36720","460333"
"2024-09-12","2024-09-12 00:00","36666.545508429925","36928.72684548702","36482.04753050085","36860.75390625","37760","37960","360938"
"2024-09-13","2024-09-13 00:00","36870.46650882792","36928.729031623014","36472.339269728116","36608.28515625","37970","37700","304231"
"2024-09-17","2024-09-17 00:00","36608.281616243636","36666.54413340477","35860.5793126758","36248.99609375","37700","37330","441545"
"2024-09-18","2024-09-18 00:00","36637.41572260411","36705.38866457555","36151.89470852242","36375.234375","37730","37460","258356"
"2024-09-19","2024-09-19 00:00","37258.884424019605","37433.67199754902","37016.12390522876","37142.359375","38370","38250","397100"
"2024-09-20","2024-09-20 00:00","37860.92790215889","38006.58420339828","37695.85076075424","37754.11328125","38990","38880","472759"
"2024-09-24","2024-09-24 00:00","38327.02639786877","38472.6826927682","37928.89919181034","38016.29296875","39470","39150","432354"
"2024-09-25","2024-09-25 00:00","37948.32111337135","38132.819092172285","37890.05859375","37890.05859375","39080","39020","180685"
"2024-09-26","2024-09-26 00:00","38385.2909736538","38890.2328230416","38375.580553473264","38861.1015625","39530","40020","536688"
"2024-09-27","2024-09-27 00:00","39424.30602716468","40074.90418081494","39191.25594227504","40036.0625","40600","41230","826344"
"2024-09-30","2024-09-30 00:00","38210.50390625","38744.577023109916","38074.558021958386","38210.50390625","39350","39350","715991"
"2024-10-01","2024-10-01 00:00","38569.789470397205","38987.337543717214","38521.237368848364","38870.8125","39720","40030","379534"
"2024-10-02","2024-10-02 00:00","38200.79354073661","38462.97488938935","37938.61219208386","38064.84765625","39340","39200","352646"
"2024-10-03","2024-10-03 00:00","39200.96655682885","39259.22907834011","38763.99764549437","38793.12890625","40370","39950","344320"
"2024-10-04","2024-10-04 00:00","38822.259881777856","39006.75786520802","38783.41820105572","38861.1015625","39980","40020","240708"
"2024-10-07","2024-10-07 00:00","39803.010210234934","39841.85188889825","39608.80181691834","39628.22265625","40990","40810","452393"
"2024-10-08","2024-10-08 00:00","39239.8070411172","39395.17376040893","39103.86116173694","39210.67578125","40410","40380","269194"
"2024-10-09","2024-10-09 00:00","39657.35367818561","39754.45787426344","39404.88276838326","39550.5390625","40840","40730","221929"
"2024-10-10","2024-10-10 00:00","39900.11649039933","39900.11649039933","39560.25178434822","39667.06640625","41090","40850","209028"
"2024-10-11","2024-10-11 00:00","39735.04084282842","39948.67009467159","39686.48874013679","39841.85546875","40920","41030","193378"
"2024-10-15","2024-10-15 00:00","40337.08414984612","40560.42380691075","40210.84869150525","40230.26953125","41540","41430","520196"
"2024-10-16","2024-10-16 00:00","39191.258206294566","39599.09587841161","39171.83736476518","39492.28125","40360","40670","301566"
"2024-10-17","2024-10-17 00:00","39599.09466809438","39608.80508856228","39191.257008442604","39249.51953125","40780","40420","309752"
"2024-10-18","2024-10-18 00:00","39414.595640276915","39492.27900197246","39181.545555190285","39230.09765625","40590","40400","194304"
"2024-10-21","2024-10-21 00:00","39249.51924472092","39404.885971073105","39055.310836780685","39317.4921875","40420","40490","245160"
"2024-10-22","2024-10-22 00:00","39249.51737374529","39278.64863354768","38472.68377901505","38696.0234375","40420","39850","399221"
"2024-10-23","2024-10-23 00:00","38666.894126882435","38812.55043323684","38249.34604866648","38365.87109375","39820","39510","356711"
"2024-10-24","2024-10-24 00:00","38074.558709191086","38618.34225617265","37987.16492485476","38443.5546875","39210","39590","357832"
"2024-10-25","2024-10-25 00:00","38288.18807465322","38327.029756697","37987.165038813946","38152.2421875","39430","39290","289843"
"2024-10-28","2024-10-28 00:00","38045.4244707158","39026.17686263574","38006.58279182788","38899.94140625","39180","40060","410841"
"2024-10-29","2024-10-29 00:00","38773.70818869328","39181.54584056533","38686.314406149264","39162.125","39930","40330","243027"
"2024-10-30","2024-10-30 00:00","39404.88511402027","39696.197719594595","39385.46427364865","39521.41015625","40580","40700","307508"
"2024-10-31","2024-10-31 00:00","39424.30497085492","39521.40917029053","39094.150692773874","39356.33203125","40600","40530","299718"
"2024-11-01","2024-11-01 00:00","38443.55526378327","38715.44704134981","38220.21558935361","38307.609375","39590","39450","361634"
"2024-11-05","2024-11-05 00:00","38550.367885813095","38909.65343034082","38433.84284434464","38783.41796875","39700","39940","277393"
"2024-11-06","2024-11-06 00:00","39035.89033882784","39958.38028464591","38958.20697496947","39764.171875","40200","40950","569979"
"2024-11-07","2024-11-07 00:00","40113.74363954148","40201.13741653394","39298.0683876118","39628.22265625","41310","40810","421432"
"2024-11-08","2024-11-08 00:00","40104.037925962715","40181.72129240526","39657.35856891809","39715.62109375","41300","40900","332556"
"2024-11-11","2024-11-11 00:00","39667.065322451504","39880.6945604182","39599.09238309846","39793.30078125","40850","40980","186973"
"2024-11-12","2024-11-12 00:00","39997.223359854295","40152.590092983126","39404.88768980061","39569.96484375","41190","40750","400224"
"2024-11-13","2024-11-13 00:00","39647.64659469084","39667.06743554056","38890.233801552","39026.1796875","40830","40190","492300"
"2024-11-14","2024-11-14 00:00","39200.96655682885","39375.75412136264","38793.12890625","38793.12890625","40370","39950","298557"
"2024-11-15","2024-11-15 00:00","39045.60081571691","39395.17595358456","38958.20703125","38958.20703125","40210","40120","246144"
"2024-11-18","2024-11-18 00:00","38511.5288938492","38841.6832010582","38414.424685846556","38540.66015625","39660","39690","544278"
"2024-11-19","2024-11-19 00:00","38676.6010445442","38851.38859633978","38530.94475138121","38666.890625","39830","39820","270783"
"2024-11-20","2024-11-20 00:00","38734.863042812736","38812.54639812547","38453.26087980407","38657.1796875","39890","39810","279192"
"2024-11-21","2024-11-21 00:00","38598.92199382129","38657.18451758555","38229.92600998099","38307.609375","39750","39450","250025"
"2024-11-22","2024-11-22 00:00","38482.39682783019","38705.736501572326","38356.16136006289","38598.921875","39630","39750","207107"
"2024-11-25","2024-11-25 00:00","39016.46639711825","39346.62066727804","38958.20387885476","39045.59765625","40180","40210","250323"
"2024-11-26","2024-11-26 00:00","38831.96799518327","38841.67841478697","38297.89491697995","38744.57421875","39990","39900","392254"
"2024-11-27","2024-11-27 00:00","38569.78911580743","38618.34121690991","38278.47650919257","38424.1328125","39720","39570","179772"
"2024-11-28","2024-11-28 00:00","38200.789975037675","38763.99430105501","38084.26494206858","38657.1796875","39340","39810","440999"
"2024-11-29","2024-11-29 00:00","38501.81537128596","38560.07789139383","38268.76529085446","38482.39453125","39650","39630","184841"
"2024-12-02","2024-12-02 00:00","38482.394431466004","38831.9695512068","38239.63393164601","38773.70703125","39630","39930","289847"
"2024-12-03","2024-12-03 00:00","38977.62560495022","39696.19667987955","38977.62560495022","39501.98828125","40140","40680","393016"
"2024-12-04","2024-12-04 00:00","39569.962775001535","39696.198239069025","39336.912687492324","39531.12109375","40750","40710","231843"
"2024-12-05","2024-12-05 00:00","39909.82638995164","39929.24723004408","39608.803368518915","39657.35546875","41100","40840","330595"
"2024-12-06","2024-12-06 00:00","39647.648044175716","39754.4626727542","39230.09995064166","39346.625","40830","40520","229495"
"2024-12-09","2024-12-09 00:00","39599.090403158836","39628.221661425014","39259.22572338675","39463.14453125","40780","40640","195637"
"2024-12-10","2024-12-10 00:00","39667.0687622489","39764.172969745225","39443.72908500735","39637.9375","40850","40820","267881"
"2024-12-11","2024-12-11 00:00","39647.646082851505","39696.198184349","39424.306415963045","39676.77734375","40830","40860","143579"
"2024-12-12","2024-12-12 00:00","40181.72110603083","40366.21910047612","40094.32731918833","40152.58984375","41380","41350","572417"
"2024-12-13","2024-12-13 00:00","39968.08966528219","39968.08966528219","39531.12075494747","39744.75","41160","40930","341664"
"2024-12-16","2024-12-16 00:00","39832.1466614978","39909.830028950746","39657.359084728676","39725.33203125","41020","40910","250860"
"2024-12-17","2024-12-17 00:00","39861.27532944047","40074.90457602943","39676.77734375","39676.77734375","41050","40860","209982"
"2024-12-18","2024-12-18 00:00","39521.412284044716","39676.77901538248","39404.88723554139","39414.59765625","40700","40590","199366"
"2024-12-19","2024-12-19 00:00","38686.314177018634","39200.96644895186","38647.47249611801","39084.44140625","39840","40250","491419"
"2024-12-20","2024-12-20 00:00","39259.23214855422","39336.91551664436","38997.05078125","38997.05078125","40430","40160","288799"
"2024-12-23","2024-12-23 00:00","39346.624423573536","39501.99115377521","39132.99516954624","39482.5703125","40520","40660","283652"
"2024-12-24","2024-12-24 00:00","39531.12062943126","39540.831049630084","39288.360124460545","39375.75390625","40710","40550","149377"
"2024-12-25","2024-12-25 00:00","39482.56720674261","39501.98804649015","39220.385870150865","39424.3046875","40660","40600","159920"
"2024-12-26","2024-12-26 00:00","39404.88500952744","39880.695597370424","39404.88500952744","39812.72265625","40580","41000","285076"
"2024-12-27","2024-12-27 00:00","39997.21959085745","40735.21150367735","39968.088331140876","40599.265625","41190","41810","487089"
"2024-12-30","2024-12-30 00:00","40638.10531332891","40647.815732758616","40191.426019562336","40269.109375","41850","41470","240792"
"2025-01-06","2025-01-06 00:00","40230.27369007164","40307.95705708119","39560.25464961425","39647.6484375","41430","40830","401224"
"2025-01-07","2025-01-07 00:00","40036.061599280176","40618.68679839655","39948.66781941272","40385.63671875","41230","41590","409208"
"2025-01-08","2025-01-08 00:00","40162.29837205104","40453.610981132646","40026.352487812954","40337.0859375","41360","41540","244139"
"2025-01-09","2025-01-09 00:00","40201.139930302474","40259.402451940594","39715.61891665148","39968.08984375","41400","41160","324819"
"2025-01-10","2025-01-10 00:00","39599.096106211655","39793.3045226227","39501.991898006134","39569.96484375","40780","40750","270690"
"2025-01-14","2025-01-14 00:00","39298.07075934762","39395.174961866396","38637.76218221996","38793.12890625","40470","39950","699698"
"2025-01-15","2025-01-15 00:00","39084.44388777555","39113.5751503006","38637.76452905812","38764","40250","39920","338701"
"2025-01-16","2025-01-16 00:00","39084.438860603936","39268.93683286517","38744.574174859554","38890.23046875","40250","40050","414746"
"2025-01-17","2025-01-17 00:00","38783.41900298736","38812.550264131314","38375.58134697197","38802.83984375","39940","39960","363088"
"2025-01-20","2025-01-20 00:00","39055.311923160305","39366.04538450817","39045.601502493184","39191.2578125","40220","40360","251680"
"2025-01-21","2025-01-21 00:00","39511.701634241545","39569.964158155395","38958.20765705998","39336.9140625","40690","40510","235091"
"2025-01-22","2025-01-22 00:00","39686.48559950298","40016.639871678926","39667.06475996322","39929.24609375","40870","41120","373803"
"2025-01-23","2025-01-23 00:00","40152.588752297794","40356.50758272059","39997.22202435662","40278.82421875","41350","41480","399896"
"2025-01-24","2025-01-24 00:00","40298.240633289126","40608.974055039784","40133.16350298408","40269.109375","41500","41470","410973"
"2025-01-27","2025-01-27 00:00","40502.163248737525","40589.5570318204","39841.85466544476","39900.1171875","41710","41090","261843"
"2025-01-28","2025-01-28 00:00","39482.568528437114","39696.19777281134","39210.676762869916","39375.75390625","40660","40550","417148"
"2025-01-29","2025-01-29 00:00","39715.61925607597","39793.30261892403","39463.14832681973","39754.4609375","40900","40940","321566"
"2025-01-30","2025-01-30 00:00","39599.09495529186","39929.249253594935","39531.122011523585","39841.85546875","40780","41030","203589"
"2025-01-31","2025-01-31 00:00","39987.50861236929","39997.21903213917","39764.16895766203","39929.24609375","41180","41120","221210"
"2025-02-03","2025-02-03 00:00","38851.39349778851","39200.968645481684","38734.868448557456","38831.97265625","40010","39990","693816"
"2025-02-04","2025-02-04 00:00","39511.70041895647","39569.9629410783","38890.233516323584","39094.15234375","40690","40260","342757"
"2025-02-05","2025-02-05 00:00","39298.07140284147","39434.01728859383","38997.048370104116","39171.8359375","40470","40340","243148"
"2025-02-06","2025-02-06 00:00","39220.38924207779","39501.9914426275","39171.83713853474","39414.59765625","40390","40590","308517"
"2025-02-07","2025-02-07 00:00","39220.390916612414","39336.915970090835","39084.445020887586","39152.41796875","40390","40320","168730"
"2025-02-10","2025-02-10 00:00","39065.02417864118","39230.101337735614","38938.78870403956","39152.41796875","40230","40320","189729"
"2025-02-12","2025-02-12 00:00","39366.04273510875","39434.015675203904","39132.9926547825","39288.359375","40540","40460","150495"
"2025-02-13","2025-02-13 00:00","39492.27776411512","39929.24665995608","39443.725664577236","39793.30078125","40670","40980","345212"
"2025-02-14","2025-02-14 00:00","39822.430572532285","39900.11392892835","39453.43462965098","39472.85546875","41010","40650","194271"
"2025-02-17","2025-02-17 00:00","39395.17704235308","39579.675036882225","39317.49367623556","39492.28125","40570","40670","117916"
"2025-02-18","2025-02-18 00:00","39492.27678092839","39832.14146923242","39472.85594159673","39628.22265625","40670","40810","189404"
"2025-02-19","2025-02-19 00:00","39550.5408989847","39618.513839395426","39336.91165769384","39511.69921875","40730","40690","252327"
"2025-02-20","2025-02-20 00:00","39268.942569565486","39298.07383259929","38793.13194001339","38997.05078125","40440","40160","441890"
"2025-02-21","2025-02-21 00:00","38851.38949646314","39142.70208953835","38793.1269778481","39123.28125","40010","40290","217628"
"2025-02-25","2025-02-25 00:00","38453.266080860165","38812.55164777729","38414.424397950206","38608.6328125","39600","39760","447862"
"2025-02-26","2025-02-26 00:00","38443.55520438762","38462.97604561237","38074.55922111742","38453.265625","39590","39600","471122"
"2025-02-27","2025-02-27 00:00","38618.34323322749","38725.15786122988","38414.424397950206","38608.6328125","39770","39760","205758"
"2025-02-28","2025-02-28 00:00","38006.583495082814","38064.84601449275","37181.197803442024","37521.0625","39140","38640","997894"
"2025-03-03","2025-03-03 00:00","38035.71427932619","38181.37057603028","37686.13916723639","38171.66015625","39170","39310","387456"
"2025-03-04","2025-03-04 00:00","37666.72213951296","37763.82634714253","37142.35941831324","37657.01171875","38790","38780","537260"
"2025-03-05","2025-03-05 00:00","37647.29866034111","37938.6112628199","37501.64235910172","37754.11328125","38770","38880","398994"
"2025-03-06","2025-03-06 00:00","38016.29607103577","38210.504480083204","37909.48144605968","38074.55859375","39150","39210","235687"
"2025-03-07","2025-03-07 00:00","37394.826098479905","37472.5094557346","37152.065607058976","37210.328125","38510","38320","510795"
"2025-03-10","2025-03-10 00:00","37297.7273041802","37453.09404119318","37035.54593547078","37385.12109375","38410","38500","317814"
"2025-03-11","2025-03-11 00:00","36656.83397109538","37132.64453125","36316.96928527066","37132.64453125","37750","38240","914733"
"2025-03-12","2025-03-12 00:00","37045.25516748366","37288.015686274506","36986.992642973855","37142.359375","38150","38250","279896"
"2025-03-13","2025-03-13 00:00","37472.50921707472","37657.007189379576","37103.513272465025","37132.64453125","38590","38240","294698"
"2025-03-14","2025-03-14 00:00","37006.4095016618","37491.9304869893","36870.463625770106","37433.66796875","38110","38550","237481"
"2025-03-17","2025-03-17 00:00","37841.509941536926","37899.77246646616","37695.853629213845","37734.6953125","38970","38860","241947"
"2025-03-18","2025-03-18 00:00","38259.058884757185","38336.74225305111","38152.24425335304","38191.0859375","39400","39330","261549"
"2025-03-19","2025-03-19 00:00","38142.53021523179","38453.2636589404","38123.109375","38123.109375","39280","39260","298284"
"2025-03-21","2025-03-21 00:00","37958.02993361172","38307.60503660737","37928.898675028744","38006.58203125","39090","39140","216411"
"2025-03-24","2025-03-24 00:00","38161.95110745334","38171.66152758246","37967.74270487088","37977.453125","39300","39110","157385"
"2025-03-25","2025-03-25 00:00","38317.31777731788","38443.553238824505","38026.00517384106","38123.109375","39460","39260","264917"
"2025-03-26","2025-03-26 00:00","38443.55497513126","38550.369601230384","38210.504881824076","38375.58203125","39590","39520","291935"
"2025-03-27","2025-03-27 00:00","38026.00310747068","38191.08024047042","37880.346813647375","38084.265625","39160","39220","255711"
"2025-03-28","2025-03-28 00:00","37967.74437194259","37987.16521305355","37501.64418527935","37715.2734375","39100","38840","289914"
"2025-03-31","2025-03-31 00:00","36598.572764361954","36608.28318430474","36161.603866936566","36278.12890625","37690","37360","778511"
"2025-04-01","2025-04-01 00:00","36569.4444002745","36647.12776596813","36142.18588895956","36258.7109375","37660","37340","401462"
"2025-04-02","2025-04-02 00:00","36365.5213658614","36404.3630442228","36035.367099789495","36326.6796875","37450","37410","324167"
"2025-04-03","2025-04-03 00:00","34675.91221177601","35452.74586535822","34588.518425748014","35375.0625","35710","36430","1155256"
"2025-04-04","2025-04-04 00:00","34666.20140334015","34908.961917369146","33850.52607620273","34413.73046875","35700","35440","1444053"
"2025-04-07","2025-04-07 00:00","31510.313083245597","32520.196769118495","31180.158801325615","31704.521484375","32450","32650","1370986"
"2025-04-08","2025-04-08 00:00","33034.85160320188","33831.106109804634","33034.85160320188","33549.50390625","34020","34550","675869"
"2025-04-09","2025-04-09 00:00","32704.695027777776","32801.79922916667","31801.625954861112","32772.66796875","33680","33750","803330"
"2025-04-10","2025-04-10 00:00","35326.50999705841","35462.455884897565","34695.332660662374","35074.0390625","36380","36120","922961"
"2025-04-11","2025-04-11 00:00","33365.00538578932","34258.36408645656","33199.92823457907","34200.1015625","34360","35220","629142"
"2025-04-14","2025-04-14 00:00","34559.384882384926","34908.96000342057","34462.28068209725","34598.2265625","35590","35630","414641"
"2025-04-15","2025-04-15 00:00","34947.8005451998","35054.61516203704","34860.40676778752","34870.1171875","35990","35910","301154"
"2025-04-16","2025-04-16 00:00","34821.56731954226","34879.8298415493","34238.94209947183","34471.9921875","35860","35500","391959"
"2025-04-17","2025-04-17 00:00","34578.80431728564","34967.22110265251","34520.54179948061","34938.08984375","35610","35980","449138"
"2025-04-18","2025-04-18 00:00","35064.326987153065","35345.92917010168","34831.27690471283","35336.21875","36110","36390","313760"
"2025-04-21","2025-04-21 00:00","35083.74590006964","35190.560515320336","34792.43331302229","34860.40625","36130","35900","259402"
"2025-04-22","2025-04-22 00:00","34753.59346569123","34928.38102712807","34695.330945212285","34821.56640625","35790","35860","338463"
"2025-04-23","2025-04-23 00:00","35782.9009200866","35802.32176183427","35268.24861377328","35462.45703125","36850","36520","370126"
"2025-04-24","2025-04-24 00:00","35880.00060735475","35889.71102700491","35549.84633924918","35598.3984375","36950","36660","308629"
"2025-04-25","2025-04-25 00:00","36074.20826370321","36443.20420287433","35996.524908088235","36316.96875","37150","37400","676928"
"2025-04-28","2025-04-28 00:00","36579.15291412703","36685.96753638756","36375.234089811485","36443.20703125","37670","37530","293525"
"2025-04-30","2025-04-30 00:00","36550.02028392526","36656.83490218328","36404.36398630069","36637.4140625","37640","37730","327246"
"2025-05-01","2025-05-01 00:00","36802.491571746534","37171.487529457976","36656.83527264991","37084.09375","37900","38190","541639"
"2025-05-02","2025-05-02 00:00","37258.8804140321","37608.4555234679","37249.16999432555","37433.66796875","38370","38550","499630"
"2025-05-07","2025-05-07 00:00","37579.32662821261","37637.58915011682","37355.98696091316","37404.5390625","38700","38520","226585"
"2025-05-08","2025-05-08 00:00","37559.90413121939","37705.560429556586","37307.43321410158","37666.71875","38680","38790","336177"
"2025-05-09","2025-05-09 00:00","38064.84530333928","38210.50159914287","37899.76816809521","38093.9765625","39200","39230","535365"
"2025-05-12","2025-05-12 00:00","38356.15808532375","38365.868505092185","38064.84549227065","38317.31640625","39500","39460","356114"
"2025-05-13","2025-05-13 00:00","39152.41364658836","39181.54490674206","38851.390625","38851.390625","40320","40010","656989"
"2025-05-14","2025-05-14 00:00","38967.91647078379","39026.178992295056","38511.526718945555","38793.12890625","40130","39950","201428"
"2025-05-15","2025-05-15 00:00","38433.84426701819","38521.238051354514","38288.18795979099","38443.5546875","39580","39590","160836"
"2025-05-16","2025-05-16 00:00","38414.42135745891","38443.55261733565","38123.10875869153","38404.7109375","39560","39550","146939"
"2025-05-19","2025-05-19 00:00","38239.63493522409","38297.89745670996","38093.978631509424","38132.8203125","39380","39270","136524"
"2025-05-20","2025-05-20 00:00","38385.291759483196","38579.50016706975","38103.68956848269","38142.53125","39530","39280","159166"
"2025-05-21","2025-05-21 00:00","38249.34778216136","38307.61030734363","37948.32473538629","37958.03515625","39390","39090","85311"
"2025-05-22","2025-05-22 00:00","37569.61638407258","37744.403950604836","37462.80176008065","37627.87890625","38690","38750","236056"
"2025-05-23","2025-05-23 00:00","37773.53515625","37948.32272252571","37754.1143155527","37773.53515625","38900","38900","162104"
"2025-05-26","2025-05-26 00:00","37860.92723665597","38181.37109375","37812.375137096264","38181.37109375","38990","39320","176220"
"2025-05-27","2025-05-27 00:00","38200.79263302578","38424.13229508974","38064.846751769466","38414.421875","39340","39560","115880"
"2025-05-28","2025-05-28 00:00","38783.416793120894","38841.67931208903","38365.868740515936","38395","39940","39540","269130"
"2025-05-29","2025-05-29 00:00","38822.260573848114","39123.28360481092","38763.99805172628","39094.15234375","39980","40260","418808"
"2025-05-30","2025-05-30 00:00","38472.68377901505","38763.99637703889","38404.71083947616","38696.0234375","39620","39850","211872"
"2025-06-02","2025-06-02 00:00","38278.47950039809","38278.47950039809","37977.45645003981","38113.40234375","39420","39250","166994"
"2025-06-03","2025-06-03 00:00","38268.76567673841","38395.00113824503","38123.109375","38123.109375","39410","39260","126844"
"2025-06-04","2025-06-04 00:00","38365.86977455131","38521.23649598711","38356.159354461575","38414.421875","39510","39560","118208"
"2025-06-05","2025-06-05 00:00","38229.924746863086","38385.29147176779","38171.66222502383","38210.50390625","39370","39350","89755"
"2025-06-06","2025-06-06 00:00","38220.21530237854","38414.42371346786","38220.21530237854","38375.58203125","39360","39520","91303"
"2025-06-09","2025-06-09 00:00","38676.60569680218","38831.97242819782","38676.60569680218","38754.2890625","39830","39910","171291"
"2025-06-10","2025-06-10 00:00","38929.07738183594","39152.4170625","38802.84191015625","38841.68359375","40090","40000","339411"
"2025-06-11","2025-06-11 00:00","39094.15079115399","39181.54457086595","38938.78407166604","39065.01953125","40260","40230","221300"
"2025-06-12","2025-06-12 00:00","38958.2065698511","39065.02119404561","38754.28774184341","38802.83984375","40120","39960","164774"
"2025-06-13","2025-06-13 00:00","38754.288663983585","38754.288663983585","38181.37384785353","38453.265625","39910","39600","399526"
"2025-06-16","2025-06-16 00:00","38705.733246138516","39006.7562593423","38696.022826357745","38977.625","39860","40140","218092"
"2025-06-17","2025-06-17 00:00","39016.46738213534","39239.8070411172","38987.33612226814","39210.67578125","40180","40380","217804"
"2025-06-18","2025-06-18 00:00","39006.757886402025","39521.41015625","38997.047466216216","39521.41015625","40170","40700","257280"
"2025-06-19","2025-06-19 00:00","39521.41107229177","39540.831913113536","39152.41509667823","39171.8359375","40700","40340","174875"
"2025-06-20","2025-06-20 00:00","39132.99402516456","39307.78159153005","39026.17940127453","39094.15234375","40300","40260","180881"
"2025-06-23","2025-06-23 00:00","38890.23328614982","39035.889590592335","38686.31445993031","39016.46875","40050","40180","164039"
"2025-06-24","2025-06-24 00:00","39482.56720674261","39647.64434459668","39327.20048876232","39424.3046875","40660","40600","381223"
"2025-06-25","2025-06-25 00:00","39569.9624892717","39618.51459048553","39375.75408441638","39599.09375","40750","40780","169816"
"2025-06-26","2025-06-26 00:00","39725.3287196547","40278.822666616405","39725.3287196547","40249.69140625","40910","41450","347164"
"2025-06-27","2025-06-27 00:00","40647.8199690322","41007.10552537577","40608.97828726533","40861.44921875","41860","42080","508342"
"2025-06-30","2025-06-30 00:00","41327.54744224423","41599.439201732675","41075.07652271924","41191.6015625","42560","42420","433526"
"2025-07-01","2025-07-01 00:00","41045.94465492926","41075.07591444305","40618.68618206035","40667.23828125","42270","41880","338210"
"2025-07-02","2025-07-02 00:00","40201.14233902425","40676.95296091125","40162.3006556049","40453.61328125","41400","41660","282053"
"2025-07-03","2025-07-03 00:00","40521.58127701729","40599.264634365994","40385.63540165706","40434.1875","41730","41640","129869"
"2025-07-04","2025-07-04 00:00","40686.66020770958","40725.5018880988","40414.76844498503","40541.00390625","41900","41750","196908"
"2025-07-07","2025-07-07 00:00","39783.59121481788","39880.69541597682","39550.54113203642","39589.3828125","40970","40770","208803"
"2025-07-08","2025-07-08 00:00","40234.92117830748","40561.1502689424","40234.92117830748","40462.29296875","40700","40930","160470"
"2025-07-09","2025-07-09 00:00","40699.54964383072","40739.09256308632","40314.006181088575","40571.03515625","41170","41040","123424"
"2025-07-10","2025-07-10 00:00","40561.14922773208","40561.14922773208","40284.348794298865","40412.86328125","41030","40880","150285"
"2025-07-11","2025-07-11 00:00","40650.122639774396","40709.43702105812","40234.921970788375","40314.0078125","41120","40780","138780"
"2025-07-14","2025-07-14 00:00","40155.8340592736","40343.662923657204","40027.319573116394","40215.1484375","40620","40680","136390"
"2025-07-15","2025-07-15 00:00","40254.691605002445","40412.86328125","40116.291388285834","40412.86328125","40720","40880","213996"
"2025-07-16","2025-07-16 00:00","40452.408131424374","40669.89419664709","40254.693526676456","40393.09375","40920","40860","200515"
"2025-07-17","2025-07-17 00:00","40175.606061527236","40660.00682358797","40096.52022282344","40650.12109375","40640","41120","137909"
"2025-07-18","2025-07-18 00:00","40828.06512637028","40847.836586479905","40491.950304506696","40580.921875","41300","41050","133509"
"2025-07-22","2025-07-22 00:00","40571.03505706787","41035.664357185364","40323.891812324524","40491.94921875","41040","40960","204650"
"2025-07-23","2025-07-23 00:00","41174.067390856675","42132.9832460579","41025.781433866796","42004.46875","41650","42490","489616"
"2025-07-24","2025-07-24 00:00","42518.5264967315","42854.64133069776","42390.012001391464","42627.26953125","43010","43120","391411"
"2025-07-25","2025-07-25 00:00","42459.21258729357","42528.412700939916","42172.526402187286","42202.18359375","42950","42690","170879"
"2025-07-28","2025-07-28 00:00","42251.61077563269","42251.61077563269","41777.09572714641","41796.8671875","42740","42280","159512"
"2025-07-29","2025-07-29 00:00","41589.26736411584","41589.26736411584","41332.23837636518","41411.32421875","42070","41890","113175"
"2025-07-30","2025-07-30 00:00","41520.068196070235","41520.068196070235","41312.46785508988","41381.66796875","42000","41860","121124"
"2025-07-31","2025-07-31 00:00","41510.18110761922","41925.381775997404","41450.86672642233","41875.953125","41990","42360","154503"
"2025-08-01","2025-08-01 00:00","41480.524567890236","41777.096478528154","41342.124342925876","41609.0390625","41960","42090","203123"
"2025-08-04","2025-08-04 00:00","40561.1490852512","41085.09276098075","40551.26335552046","41075.20703125","41030","41550","303427"
"2025-08-05","2025-08-05 00:00","41302.579113947715","41401.436411970564","41174.064626518004","41312.46484375","41780","41790","105682"
"2025-08-06","2025-08-06 00:00","41193.838340703034","41599.153284780026","41193.838340703034","41569.49609375","41670","42050","145989"
"2025-08-07","2025-08-07 00:00","41411.32468982768","41925.382671176696","41401.438959417115","41806.75390625","41890","42290","168469"
"2025-08-08","2025-08-08 00:00","41984.69700810991","42815.09836169626","41984.69700810991","42587.7265625","42470","43080","425035"
"2025-08-12","2025-08-12 00:00","43002.926404191276","43803.67055102794","42993.04067398342","43516.984375","43500","44020","619047"
"2025-08-13","2025-08-13 00:00","44001.38488602612","44278.18533015299","43823.44174337312","44100.2421875","44510","44610","408237"
"2025-08-14","2025-08-14 00:00","43902.52680627417","44021.15556593985","43418.126037639304","43467.5546875","44410","43970","231356"
"2025-08-15","2025-08-15 00:00","43625.72723553927","44218.87104567577","43536.7556640188","44179.328125","44130","44690","249160"
"2025-08-18","2025-08-18 00:00","44288.07158712542","44663.72933719479","44199.100014740565","44535.21484375","44800","45050","194255"
"2025-08-19","2025-08-19 00:00","44653.844362147516","44703.273014308405","44228.757953563865","44347.38671875","45170","44860","175323"
"2025-08-20","2025-08-20 00:00","44001.385348291085","44031.042539044814","43526.870296231325","43675.15625","44510","44180","273056"
"2025-08-21","2025-08-21 00:00","43605.95684282565","43734.471338168376","43368.69931296218","43447.78515625","44110","43950","145283"
"2025-08-22","2025-08-22 00:00","43477.44131015091","43536.75569120159","43121.555023846806","43398.35546875","43980","43900","132835"
"2025-08-25","2025-08-25 00:00","43922.299410076535","44011.27098214286","43477.4415497449","43596.0703125","44430","44100","187374"
"2025-08-26","2025-08-26 00:00","43437.900135092634","43497.21451852699","42923.84214532823","43220.4140625","43940","43720","270596"
"2025-08-27","2025-08-27 00:00","43309.38286149515","43428.01162075969","43072.12534296607","43348.92578125","43810","43850","140779"
"2025-08-28","2025-08-28 00:00","43180.867781929344","43655.3828125","43111.66767330446","43655.3828125","43680","44160","117601"
"2025-08-29","2025-08-29 00:00","43625.7255239054","43635.61125368648","43437.896658064885","43576.296875","44130","44080","113580"
"2025-09-01","2025-09-01 00:00","43141.327938132476","43279.72816524839","42647.04141271849","42983.15625","43640","43480","346402"
"2025-09-02","2025-09-02 00:00","43141.32614769601","43289.612099166094","42894.182895245875","43121.5546875","43640","43620","144866"
"2025-09-03","2025-09-03 00:00","42884.29568712393","43101.78174178431","42676.69536222084","42716.23828125","43380","43210","214649"
"2025-09-04","2025-09-04 00:00","42864.52701548622","43428.0136483005","42834.869824285466","43408.2421875","43360","43910","232297"
"2025-09-05","2025-09-05 00:00","43853.10057426719","44050.81518461105","43605.95731133737","43843.21484375","44360","44350","192044"
"2025-09-08","2025-09-08 00:00","44377.04311194734","44693.386480087756","44169.442776605196","44495.671875","44890","45010","258181"
"2025-09-09","2025-09-09 00:00","44732.928161621094","45029.500061035156","44288.0703125","44288.0703125","45250","44800","324177"
"2025-09-10","2025-09-10 00:00","44347.38419554935","44673.61328125","44317.7270059402","44673.61328125","44860","45190","151818"
"2025-09-11","2025-09-11 00:00","44762.584554000874","45246.98531441299","44713.155904979234","45217.328125","45280","45740","261748"
"2025-09-12","2025-09-12 00:00","45741.27423619769","45780.81715751708","45405.15940498293","45592.98828125","46270","46120","223287"
"2025-09-16","2025-09-16 00:00","45790.700157971485","45929.10037433841","45474.35680627565","45761.04296875","46320","46290","313225"
"2025-09-17","2025-09-17 00:00","45612.760777087395","45899.44696315925","45454.589088220164","45642.41796875","46140","46170","147103"
"2025-09-18","2025-09-18 00:00","45830.24460111788","46373.95975492753","45672.072920009625","46205.90234375","46360","46740","254540"
"2025-09-19","2025-09-19 00:00","46719.96087013635","46759.50379088974","45335.95864376752","45859.90234375","47260","46390","736036"
"2025-09-22","2025-09-22 00:00","46116.93194914464","46630.98992585536","46077.3890278592","46373.9609375","46650","46910","327333"
"2025-09-24","2025-09-24 00:00","46304.76101418101","46551.904273223394","46077.389215862015","46532.1328125","46840","47070","194376"
"2025-09-25","2025-09-25 00:00","46482.70331708351","46690.3036509114","46364.07455489614","46640.875","47020","47180","236672"
"2025-09-26","2025-09-26 00:00","46512.36101881412","46630.98978230525","46255.33203125","46255.33203125","47050","46790","185342"
"2025-09-29","2025-09-29 00:00","46373.95871288686","46373.95871288686","46037.84389808444","46156.47265625","46910","46690","162133"
"2025-09-30","2025-09-30 00:00","46205.90318900118","46294.87476125215","45889.55982099775","46097.16015625","46740","46630","264251"
"2025-10-01","2025-10-01 00:00","45938.986054054054","46047.72908108108","45513.899675675675","45721.5","46470","46250","243143"
"2025-10-02","2025-10-02 00:00","46077.387756007556","46294.873817074316","45830.24450479533","46126.81640625","46610","46660","139507"
"2025-10-03","2025-10-03 00:00","46275.103361842106","46957.21875","46225.67471052631","46957.21875","46810","47500","308828"
"2025-10-06","2025-10-06 00:00","48558.70592884384","49408.87871179998","48519.16300870634","49250.70703125","49120","49820","536848"
"2025-10-07","2025-10-07 00:00","49636.252399800294","49784.53835598372","49151.851609601086","49191.39453125","50210","49760","351619"
"2025-10-08","2025-10-08 00:00","49141.965642970645","49418.76609318251","48964.02249640587","48993.6796875","49710","49560","193689"
"2025-10-09","2025-10-09 00:00","49408.879434624156","49863.623022857995","49280.3649422972","49843.8515625","49980","50420","251300"
"2025-10-10","2025-10-10 00:00","49893.27853168882","49903.164261534606","49201.277442483704","49280.36328125","50470","49850","241126"
"2025-10-14","2025-10-14 00:00","48588.36359471451","49122.19302179784","47757.96226369599","48044.6484375","49150","48600","708763"
"2025-10-15","2025-10-15 00:00","48232.478356154","49023.33678380153","48133.62105269806","48914.59375","48790","49480","292221"
"2025-10-16","2025-10-16 00:00","49398.99332117016","49567.05073290918","49181.50725891966","49527.5078125","49970","50100","306554"
"2025-10-17","2025-10-17 00:00","48973.90704564436","49379.22198082228","48726.763792487094","48825.62109375","49540","49390","231018"
"2025-10-20","2025-10-20 00:00","49665.90815526368","50427.109375","49547.27939374633","50427.109375","50240","51010","348655"
"2025-10-21","2025-10-21 00:00","51049.911517403205","51247.62612436449","50407.33904477904","50555.625","51640","51140","510720"
"2025-10-22","2025-10-22 00:00","50486.42197427908","50753.33667827468","49893.278187622185","50565.5078125","51070","51150","391279"
"2025-10-23","2025-10-23 00:00","49903.16599162703","50041.56621426625","49665.90846710266","49883.39453125","50480","50460","291914"
"2025-10-27","2025-10-27 00:00","51336.59728752503","51860.540991788235","51247.62571510298","51840.76953125","51930","52440","313992"
"2025-10-28","2025-10-28 00:00","51652.938290996884","51781.452778610845","51395.90931576896","51504.65234375","52250","52100","296156"
"2025-10-29","2025-10-29 00:00","52038.48419621084","52819.45688836522","51949.512623686926","52700.828125","52640","53310","582185"
"2025-10-30","2025-10-30 00:00","52493.227694086985","53017.1713980016","52305.39881909872","52621.7421875","53100","53230","654080"
"2025-10-31","2025-10-31 00:00","53066.59755929399","53768.484375","53046.826099696635","53768.484375","53680","54390","482557"
"2025-11-04","2025-11-04 00:00","53768.486281430945","54005.74380501144","52928.19921875","52928.19921875","54390","53540","473463"
"2025-11-05","2025-11-05 00:00","51959.3989065797","51959.3989065797","50377.68204488778","51534.3125","52560","52130","1077214"
"2025-11-06","2025-11-06 00:00","52473.45660446699","52601.97109878841","51909.969975519256","52117.5703125","53080","52720","222722"
"2025-11-07","2025-11-07 00:00","51405.79519341249","51732.02427829376","50941.165890702796","51623.28125","52000","52220","294660"
"2025-11-10","2025-11-10 00:00","52127.455246211226","52295.51265929402","51741.911769138926","52265.85546875","52730","52870","229871"
"2025-11-11","2025-11-11 00:00","52770.0256108466","52858.99717894282","51890.19565967287","52166.99609375","53380","52770","233398"
"2025-11-12","2025-11-12 00:00","52107.68491229363","52394.37109375","51860.54165241745","52394.37109375","52710","53000","148353"
"2025-11-13","2025-11-13 00:00","52305.39980145919","52661.28609759462","52275.742610114576","52631.62890625","52910","53240","156261"
"2025-11-14","2025-11-14 00:00","51504.65549698795","52048.370670180724","51455.226844879515","51692.484375","52100","52290","325063"
"2025-11-17","2025-11-17 00:00","51484.88305159717","51712.25484694792","51148.76822368736","51682.59765625","52080","52280","140771"
"2025-11-18","2025-11-18 00:00","51040.02520788097","51237.739812598695","49932.823421461704","50081.109375","51630","50660","510767"
"2025-11-19","2025-11-19 00:00","50090.99287907043","50377.67904317011","49497.849091278","49863.62109375","50670","50440","353293"
"2025-11-20","2025-11-20 00:00","51613.39582098534","51890.19625825551","50931.280457712404","51079.56640625","52210","51670","647745"
"2025-11-21","2025-11-21 00:00","49843.85170625989","50288.70956559779","49636.2513719022","49962.48046875","50420","50540","454021"
"2025-11-25","2025-11-25 00:00","50753.33783143939","50773.10929144385","49774.650561218805","49913.05078125","51340","50490","282971"
"2025-11-26","2025-11-26 00:00","50259.0505328845","51040.023190653556","50229.39334334897","50842.30859375","50840","51430","245611"
"2025-11-27","2025-11-27 00:00","51267.39571521238","51623.281994762634","51227.85279526235","51435.453125","51860","52030","113257"
"2025-11-28","2025-11-28 00:00","51504.65432085811","51544.19724164188","51287.16825654739","51524.42578125","52100","52120","148218"
"2025-12-01","2025-12-01 00:00","51603.50948976851","51643.052408917756","50476.53629401495","50605.05078125","52200","51190","248393"
"2025-12-02","2025-12-02 00:00","50802.76532716276","50911.50835471652","50525.96489338954","50565.5078125","51390","51150","136747"
"2025-12-03","2025-12-03 00:00","50871.967159123844","51445.339505651085","50871.967159123844","51168.5390625","51460","51760","205895"
"2025-12-04","2025-12-04 00:00","51178.42616286966","52315.28515625","51178.42616286966","52315.28515625","51770","52920","275211"
"2025-12-05","2025-12-05 00:00","51781.45411367866","51870.42568432072","51514.53940175248","51791.33984375","52380","52390","137754"
"2025-12-08","2025-12-08 00:00","52028.596470823","52028.596470823","51504.65278605127","51860.5390625","52630","52460","119505"
"2025-12-09","2025-12-09 00:00","51929.74124661102","52087.912931352264","51722.14091038812","51959.3984375","52530","52560","102884"
"2025-12-10","2025-12-10 00:00","52176.884408346035","52424.027665301066","51633.16924304497","51880.3125","52780","52480","156916"
"2025-12-11","2025-12-11 00:00","52137.34195785302","52137.34195785302","51217.969033681555","51455.2265625","52740","52050","185951"
"2025-12-12","2025-12-12 00:00","51989.053942958984","52443.797521847766","51761.682153514594","52176.8828125","52590","52780","425292"
"2025-12-15","2025-12-15 00:00","51346.48160379057","51662.824963690706","51257.51003381866","51474.99609375","51940","52070","281266"
"2025-12-16","2025-12-16 00:00","51287.16628702982","51316.823476478756","50634.70811915318","50723.6796875","51880","51310","553274"
"2025-12-17","2025-12-17 00:00","50782.996141618845","50862.08198338115","50348.02401192618","50822.5390625","51370","51410","197042"
"2025-12-18","2025-12-18 00:00","50071.22491360366","50446.88267208677","49893.28176484851","50328.25390625","50650","50910","309258"
"2025-12-19","2025-12-19 00:00","50644.5968564495","51059.79753339091","50525.96809160909","50792.8828125","51230","51380","185723"
"2025-12-22","2025-12-22 00:00","51771.56724714767","51890.19600539969","51534.309730643654","51662.82421875","52370","52260","353081"
"2025-12-23","2025-12-23 00:00","51722.13864722753","51840.767405592735","51554.0812395435","51702.3671875","52320","52300","134541"
"2025-12-24","2025-12-24 00:00","51820.99783152278","51939.62659420463","51613.39749682954","51643.0546875","52420","52240","200775"
"2025-12-25","2025-12-25 00:00","51741.91010695507","51801.22448613767","51583.7384291348","51702.3671875","52340","52300","63165"
"2025-12-26","2025-12-26 00:00","51811.11060878706","52255.96845602908","51811.11060878706","52018.7109375","52410","52620","184262"
"2025-12-29","2025-12-29 00:00","52097.79847030057","52097.79847030057","51712.25499015983","51801.2265625","52700","52400","147905"
"2025-12-30","2025-12-30 00:00","51633.16905282396","51900.083769352066","51544.197480647934","51722.140625","52230","52320","178805"
"2026-01-05","2026-01-05 00:00","52582.19811551888","53432.37089948854","52582.19811551888","53274.19921875","53190","53890","418162"
"2026-01-06","2026-01-06 00:00","53600.4280997799","53936.542920029344","53432.370689655174","53897","54220","54520","209926"
"2026-01-07","2026-01-07 00:00","53590.54461596385","53808.03068524096","53234.658320783135","53333.515625","54210","53950","210222"
"2026-01-08","2026-01-08 00:00","53165.456205861585","53244.54204625706","52424.02645215396","52493.2265625","53780","53100","259640"
"2026-01-09","2026-01-09 00:00","52819.45666408857","53363.171827203834","52710.713631465514","53323.62890625","53430","53940","201208"
"2026-01-13","2026-01-13 00:00","55300.77503257548","55310.660762827996","54885.574361969804","55004.203125","55940","55640","407336"
"2026-01-14","2026-01-14 00:00","55360.08751548947","55953.23131029829","55251.34448644119","55844.48828125","56000","56490","343986"
"2026-01-15","2026-01-15 00:00","55429.28925423484","55607.23239790815","55152.48880852081","55587.4609375","56070","56230","252361"
"2026-01-16","2026-01-16 00:00","55538.0311036724","55577.57402364654","55162.37336391812","55419.40234375","56180","56060","180184"
"2026-01-19","2026-01-19 00:00","54816.37528197387","55053.6328125","54519.80336881622","55053.6328125","55450","55690","353694"
"2026-01-20","2026-01-20 00:00","54846.029771767746","54875.686961622705","54292.42889447521","54440.71484375","55480","55070","375689"
"2026-01-21","2026-01-21 00:00","53452.1424861713","54262.77235187614","53432.37102603216","54173.80078125","54070","54800","331932"
"2026-01-22","2026-01-22 00:00","55033.861445445575","55360.090550475164","54697.74660996055","55132.71875","55670","55770","336504"
"2026-01-23","2026-01-23 00:00","55409.51844788688","55498.49002077377","55063.51788666011","55320.546875","56050","55960","174865"
"2026-01-26","2026-01-26 00:00","54144.14575399577","54569.232163968714","54094.717101673334","54351.74609375","54770","54980","364364"
"2026-01-27","2026-01-27 00:00","54322.08544268951","54766.94328525931","54065.05646698252","54707.62890625","54950","55340","314613"
"2026-01-28","2026-01-28 00:00","54401.173295069944","54944.88845611462","54223.230151455326","54766.9453125","55030","55400","317739"
"2026-01-29","2026-01-29 00:00","55488.60366570279","55498.48939591225","54539.57356559456","54806.48828125","56130","55440","222208"
"2026-01-30","2026-01-30 00:00","54717.51567366064","55014.08757433088","54381.40085290102","54757.05859375","55350","55390","277576"
"2026-02-02","2026-02-02 00:00","55053.629702482875","55706.08787457192","54094.71390410959","54124.37109375","55690","54750","537222"
"2026-02-03","2026-02-03 00:00","55379.859410729994","56259.68937994723","55231.57346086192","56200.375","56020","56850","521489"
"2026-02-04","2026-02-04 00:00","55567.68971582602","55933.46173494816","55409.51803188131","55785.17578125","56210","56430","308736"
"2026-02-05","2026-02-05 00:00","55745.63337431968","55943.347981073784","55122.832363044254","55399.6328125","56390","56040","329734"
"2026-02-06","2026-02-06 00:00","54806.48843988296","55745.6328125","54381.40203964577","55745.6328125","55440","56390","533299"
"2026-02-09","2026-02-09 00:00","58721.23526648446","58928.83559318415","57851.29104031432","57871.0625","59400","58540","606986"
"2026-02-10","2026-02-10 00:00","58592.72434908881","59521.98301094377","58582.83861864354","59195.75390625","59270","59880","405886"
"2026-02-12","2026-02-12 00:00","59433.01049230095","59591.1821769112","59116.66712308045","59225.41015625","60120","59910","275901"
"2026-02-13","2026-02-13 00:00","58454.32332532728","58889.29545898437","58187.40860694679","58523.5234375","59130","59200","494403"
"2026-02-16","2026-02-16 00:00","59007.92507721273","59007.92507721273","58306.038215011","58414.78125","59690","59090","174132"
"2026-02-17","2026-02-17 00:00","58375.23785594863","58424.666507816495","57653.5795386778","58019.3515625","59050","58690","256483"
"2026-02-18","2026-02-18 00:00","58325.80808532581","58928.83762654698","58296.15089477395","58711.3515625","59000","59390","282701"
"2026-02-19","2026-02-19 00:00","59047.466772996566","59245.18137796223","58899.18081927232","59027.6953125","59730","59710","200209"
"2026-02-20","2026-02-20 00:00","58622.38059754782","58632.26632783408","58217.06565581098","58404.89453125","59300","59080","288500"
"2026-02-24","2026-02-24 00:00","58207.17853543836","58948.60828920159","58197.292805388184","58859.63671875","58880","59540","315035"
"2026-02-25","2026-02-25 00:00","59472.553612479474","60480.898105244254","59304.49619701868","60204.09765625","60160","60900","358806"
"2026-02-26","2026-02-26 00:00","60896.099018003275","60965.29913052373","60204.097892798694","60401.8125","61600","61100","450508"
"2026-02-27","2026-02-27 00:00","60016.26709943042","60540.210791782556","59729.580928143405","60421.58203125","60710","61120","261909"
"2026-03-02","2026-03-02 00:00","59274.83731495687","59976.724147739056","58859.63665331108","59601.06640625","59960","60290","718868"
"2026-03-03","2026-03-03 00:00","59304.496220059875","59442.89644461078","57633.807795124034","57782.09375","59990","58450","739002"
"2026-03-04","2026-03-04 00:00","56793.51921046359","57228.49133322432","55103.05936973439","55735.74609375","57450","56380","1280377"
"2026-03-05","2026-03-05 00:00","57683.2342376284","58167.63500500522","56407.9750745343","56783.6328125","58350","57440","758972"
"2026-03-06","2026-03-06 00:00","56101.51695635375","57218.60443055075","56012.545387612394","57169.17578125","56750","57830","420249"
"2026-03-09","2026-03-09 00:00","53748.71438825844","54391.286842780566","52809.57003164918","54173.80078125","54370","54800","1415378"
"2026-03-10","2026-03-10 00:00","55696.20411352041","56180.60489477041","55004.20299744898","55706.08984375","56340","56350","697514"
"2026-03-11","2026-03-11 00:00","56585.918714395266","57258.148356704645","56368.43265364812","56398.08984375","57240","57050","386961"
"2026-03-12","2026-03-12 00:00","55656.66147812113","56220.14810409856","55271.11799718921","55943.34765625","56300","56590","312697"
"2026-03-13","2026-03-13 00:00","54549.46074585945","55538.033793084156","54549.46074585945","55211.8046875","55180","55850","398879"
"2026-03-16","2026-03-16 00:00","55162.3749523628","55449.06113043064","54549.459675114325","55122.83203125","55800","55760","324823"
"2026-03-17","2026-03-17 00:00","55864.26185035842","55864.26185035842","54935.00320340502","55162.375","56510","55800","230702"
"2026-03-18","2026-03-18 00:00","55755.517868798954","56793.51953125","55725.86067844321","56793.51953125","56400","57450","288279"
"2026-03-19","2026-03-19 00:00","55142.60111844776","55379.85863491293","54628.543166106545","54786.71484375","55780","55420","530579"
"2026-03-23","2026-03-23 00:00","52453.68319166823","53125.91282925462","52068.139723052496","52918.3125","53060","53530","948110"
"2026-03-24","2026-03-24 00:00","54154.02778720101","54213.34216593836","53056.71178056003","53728.94140625","54780","54350","491265"
"2026-03-25","2026-03-25 00:00","54984.42998120301","55498.48793859649","54885.57268170426","55221.6875","55620","55860","427728"
"2026-03-26","2026-03-26 00:00","55379.86186966532","55636.89086084905","54608.774896114104","55014.08984375","56020","55650","323226"
"2026-03-27","2026-03-27 00:00","54361.63046931326","55172.26034719719","53926.65833971701","54846.03125","54990","55480","367928"
"2026-03-30","2026-03-30 00:00","52394.37164829222","54371.51774822777","52354.828726293505","53689.40234375","53000","54310","474071"
"2026-03-31","2026-03-31 00:00","52779.915144242004","53966.202804348584","52325.17154120115","52868.88671875","53390","53480","487471"
"2026-04-01","2026-04-01 00:00","54846.03214738175","55597.34765625","54470.37439294763","55597.34765625","55480","56240","524731"
"2026-04-02","2026-04-02 00:00","56061.97741570349","56111.406067983255","54055.17413314525","54312.203125","56710","54940","493324"
"2026-04-03","2026-04-03 00:00","54925.116247301674","55251.34533948327","54747.17310611171","54954.7734375","55560","55590","242974"
"2026-04-06","2026-04-06 00:00","54984.43002990832","55884.031456143784","54984.43002990832","55261.23046875","55620","55900","257261"
"2026-04-07","2026-04-07 00:00","55478.71756869973","55745.63228259048","54954.77387106233","55310.66015625","56120","55950","322820"
"2026-04-08","2026-04-08 00:00","58009.46517766282","58355.465736834296","57475.635743512554","58286.265625","58680","58960","703472"
"2026-04-09","2026-04-09 00:00","58226.94872462607","58325.806022970086","57673.34785389958","57831.51953125","58900","58500","457246"
"2026-04-10","2026-04-10 00:00","58414.78078140751","58958.49595199093","58375.237859910536","58839.8671875","59090","59520","487962"
"2026-04-13","2026-04-13 00:00","58306.03732330756","58691.58080509952","58157.75136877219","58483.98046875","58980","59160","301493"
"2026-04-14","2026-04-14 00:00","59383.57960469887","59947.0662099041","59324.26522520358","59788.89453125","60070","60480","394311"
"2026-04-15","2026-04-15 00:00","60658.841203171214","60658.841203171214","60006.383002485214","60164.5546875","61360","60860","284953"
"2026-04-16","2026-04-16 00:00","60550.097077105704","61716.613233040145","60520.43988670059","61677.0703125","61250","62390","494500"
"2026-04-17","2026-04-17 00:00","61311.298029813806","61420.04106082444","60658.83984375","60658.83984375","62020","61360","272088"
"2026-04-20","2026-04-20 00:00","60905.98427977206","61192.67045800829","60747.81259522794","60826.8984375","61610","61530","253158"
"2026-04-21","2026-04-21 00:00","61064.15466031295","61637.52700454125","61044.383200167154","61360.7265625","61770","62070","230340"
"2026-04-22","2026-04-22 00:00","61083.92738900533","61726.49985708841","61014.72727705792","61607.87109375","61790","62320","283209"
"2026-04-23","2026-04-23 00:00","61953.8701214492","62230.67056239393","60629.18229692803","61163.01171875","62670","61870","591905"
"2026-04-24","2026-04-24 00:00","61449.69851939413","61766.041883715334","61271.755376963454","61677.0703125","62160","62390","234459"
"2026-04-27","2026-04-27 00:00","62161.469390772865","62962.2135098334","61617.7542482009","62675.52734375","62880","63400","523967"
"2026-04-28","2026-04-28 00:00","62428.384149915204","62507.469988901634","61736.38305878392","61934.09765625","63150","62650","286475"
"2026-04-30","2026-04-30 00:00","61232.21197471367","61528.783876431684","60935.640072995644","61281.640625","61940","61990","421289"
"2026-05-01","2026-05-01 00:00","61736.38449978909","61756.15595999719","61400.26967625141","61518.8984375","62450","62230","164405"
"2026-05-07","2026-05-07 00:00","63990.33241843598","65354.5632038128","63921.132306134255","65127.19140625","64730","65880","551506"
"2026-05-08","2026-05-08 00:00","64583.475907488566","64880.0478158346","64267.13253858613","64850.390625","65330","65600","279514"
"2026-05-11","2026-05-11 00:00","65641.24976097599","65641.24976097599","64534.0479577788","64623.01953125","66400","65370","208275"
"2026-05-12","2026-05-12 00:00","65048.10423892742","65374.33333313481","64296.78874923768","64840.50390625","65800","65590","256886"
"2026-05-13","2026-05-13 00:00","64415.41919609139","65502.84953856684","64375.87627454683","65443.53515625","65160","66200","201654"
"2026-05-14","2026-05-14 00:00","65799.4217344917","65977.36488221117","64850.39161332114","64860.27734375","66560","65610","278547"
"2026-05-15","2026-05-15 00:00","65097.532271531774","65394.10417254103","63061.07188460155","63545.47265625","65850","64280","714753"
"2026-05-18","2026-05-18 00:00","63802.502950217684","63901.360252588645","62467.92936820972","63011.64453125","64540","63740","423660"
"2026-05-19","2026-05-19 00:00","63436.73159255849","63585.01754766031","62349.30125514515","62744.73046875","64170","63470","313297"
"2026-05-20","2026-05-20 00:00","62527.24449002013","62547.01595072844","61370.614038584186","62003.30078125","63250","62720","488890"
"2026-05-21","2026-05-21 00:00","63377.416517753365","64158.389206086315","63327.98786659305","63792.6171875","64110","64530","407574"
"2026-05-22","2026-05-22 00:00","64484.616434097006","65601.70391793159","64445.07351431525","65453.41796875","65230","66210","433565"
"2026-05-25","2026-05-25 00:00","66204.73598826467","67628.28115510207","65987.24992110896","67549.1953125","66970","68330","679448"
"2026-05-26","2026-05-26 00:00","67578.85107967923","67628.27973026413","66817.64986067172","67183.421875","68360","67960","319736"
"2026-05-27","2026-05-27 00:00","68646.5101291838","68745.36743063711","67341.59375","67341.59375","69440","68120","355358"
"2026-05-28","2026-05-28 00:00","66847.30666488025","67400.9075482333","66086.10545026981","66867.078125","67620","67640","387287"
"2026-05-29","2026-05-29 00:00","67914.96267899654","68784.90688798514","67825.99111216817","68517.9921875","68700","69310","303836"
"2026-06-01","2026-06-01 00:00","68626.73900091046","69506.56898810162","68567.4246197515","69219.8828125","69420","70020","410627"
"2026-06-02","2026-06-02 00:00","69496.6840116175","69496.6840116175","67825.99559085458","69032.0546875","70300","69830","417601"
"2026-06-03","2026-06-03 00:00","70020.62494433676","71127.8266941272","69714.16731716262","70762.0546875","70830","71580","598336"
"2026-06-04","2026-06-04 00:00","69931.65115311039","70228.22304095225","69239.65008147938","69763.59375","70740","70570","323314"
"2026-06-05","2026-06-05 00:00","69298.96826802367","69298.96826802367","68152.22357200502","68903.5390625","70100","69700","377415"
"2026-06-08","2026-06-08 00:00","66145.41811735417","66985.7051506788","65611.58870794793","66264.046875","66910","67030","783978"
"2026-06-09","2026-06-09 00:00","67252.61862892909","67707.36219161184","66135.5311814693","67618.390625","68030","68400","531890"
"2026-06-10","2026-06-10 00:00","66728.67647400402","67341.59172458005","65957.58954585997","66501.3046875","67500","67270","637032"
"2026-06-11","2026-06-11 00:00","64919.58974785188","66619.93532979653","64524.160542748476","66441.9921875","65670","67210","709015"
"2026-06-12","2026-06-12 00:00","68883.76587603126","69348.3951808782","68083.02175491207","68300.5078125","69680","69090","563517"
"2026-06-15","2026-06-15 00:00","70712.62729576907","72047.20085720187","70712.62729576907","71790.171875","71530","72620","747852"
"2026-06-16","2026-06-16 00:00","71800.05656715068","72373.42890377394","71463.94174913016","71740.7421875","72630","72570","436528"
"2026-06-17","2026-06-17 00:00","71157.48294678234","72521.71365623719","71137.71148722502","72353.65625","71980","73190","342064"
"2026-06-18","2026-06-18 00:00","72838.06137402527","73836.52014150309","72709.5468792014","73530.0625","73680","74380","488172"
"2026-06-19","2026-06-19 00:00","74637.26163657376","74637.26163657376","73114.85921378802","73777.203125","75500","74630","449694"
"2026-06-22","2026-06-22 00:00","73658.57404855535","75457.77690412334","73658.57404855535","75101.890625","74510","75970","340824"
"2026-06-23","2026-06-23 00:00","75200.75043681647","75220.52189742823","72314.1171875","72314.1171875","76070","73150","608062"
"2026-06-24","2026-06-24 00:00","71987.88628208666","72620.5730057963","70811.48440518907","71632","72820","72460","713336"
"2026-06-25","2026-06-25 00:00","73312.57321239931","75052.461681302","73065.42996397564","74864.6328125","74160","75730","535006"
"2026-06-26","2026-06-26 00:00","73391.66207276737","73757.43409548994","71028.97252058641","71730.859375","74240","72560","642689"
"2026-06-29","2026-06-29 00:00","72086.74595209477","72116.40314324347","70416.05751738495","71968.1171875","72920","72800","371068"
"2026-06-30","2026-06-30 00:00","73006.11481431097","73114.85784247042","71750.62712556115","72670","73850","73510","419420"
"2026-07-01","2026-07-01 00:00","73599.25785490163","74449.4306118555","72581.0276925034","72857.828125","74450","73700","306600"
"2026-07-02","2026-07-02 00:00","71523.25837131076","72343.77398220486","71127.82916124132","71177.2578125","72350","72000","472770"
"2026-07-03","2026-07-03 00:00","70742.28127990839","72304.2265625","70188.68042025568","72304.2265625","71560","73140","384612"
"2026-07-06","2026-07-06 00:00","72462.40588174842","72818.2921862154","71345.3183149493","72146.0625","73300","72980","311251"
"2026-07-07","2026-07-07 00:00","71216.80157613284","71671.54517309315","69753.71348156488","70248","72040","71060","496428"
"2026-07-08","2026-07-08 00:00","69950","70880","69530","69640","69950","69640","361390"
"2026-07-09","2026-07-09 00:00","70000","70850","69830","70280","70000","70280","397136"
"2026-07-10","2026-07-10 00:00","71410","71770","70850","71120","71410","71120","359471"
"2026-07-13","2026-07-13 00:00","70810","71490","69000","69510","70810","69510","375693"
"2026-07-14","2026-07-14 00:00","69250","70160","68580","70050","69250","70050","304920"
"2026-07-15","2026-07-15 00:00","70670","71190","70180","71140","70670","71140","247387"
"2026-07-16","2026-07-16 00:00","69740","70100","68820","69230","69740","69230","488825"
"2026-07-17","2026-07-17 00:00","67960","68010","64880","66960","67960","66960","833236"
"2026-07-21","2026-07-21 00:00","67050","68450","66470","68450","67050","68450","376904"
"2026-07-22","2026-07-22 00:00","69650","69920","68210","68310","69650","68310","331180"
"2026-07-23","2026-07-23 00:00","68900","69320","68500","68700","68900","68700","200405"
"2026-07-24","2026-07-24 00:00","67700","67900","66450","66880","67700","66880","320042"
"2026-07-27","2026-07-27 00:00","67500","67540","66330","67280","67500","67280","297036"
"2026-07-28","2026-07-28 00:00","65640","65690","64100","64570","65640","64570","414393"
"2026-07-29","2026-07-29 00:00","64740","65360","62580","63680","64740","63680","412230"
"2026-07-30","2026-07-30 00:00","63520","65120","63400","64080","63520","64080","393959"
"2026-07-31","2026-07-31 00:00","66820","67710","66070","66560","66820","66560","455776"
"2026-08-03","2026-08-03 00:00","65920","66110","64840","65850","65920","65850","267374"
"2026-08-04","2026-08-04 00:00","66360","66460","65050","66090","66360","66090","257102"
"2026-08-05","2026-08-05 00:00","67800","68590","67730","68550","67800","68550","407319"
"2026-08-06","2026-08-06 00:00","67810","68120","67190","67990","67810","67990","215206"
"2026-08-07","2026-08-07 00:00","68050","68210","66900","67960","68050","67960","235938"
"2026-08-10","2026-08-10 00:00","68460","69330","68340","69320","68460","69320","324673"
"2026-08-12","2026-08-12 00:00","69500","69940","69060","69940","69500","69940","181922"
"2026-08-13","2026-08-13 00:00","70690","71190","70540","70730","70690","70730","266639"
"2026-08-14","2026-08-14 00:00","71690","71990","70820","71100","71690","71100","298994"
"2026-08-17","2026-08-17 00:00","71220","71620","70840","71620","71220","71620","157812"
"2026-08-18","2026-08-18 00:00","71300","71480","69670","69780","71300","69780","287111"
"2026-08-19","2026-08-19 00:00","68070","68530","67400","67680","68070","67680","492756"
"2026-08-20","2026-08-20 00:00","68340","68630","67920","68550","68340","68550","301879"
"2026-08-21","2026-08-21 00:00","67550","68420","67500","68330","67550","68330","248412"
"2026-08-24","2026-08-24 00:00","68470","68520","67740","67820","68470","67820","201099"
"2026-08-25","2026-08-25 00:00","67410","68220","66860","68220","67410","68220","191012"
"2026-08-26","2026-08-26 00:00","67940","68740","67670","68570","67940","68570","157494"
"2026-08-27","2026-08-27 00:00","69400","69420","68050","68410","69400","68410","207288"
"2026-08-28","2026-08-28 00:00","68440","69170","68350","68660","68440","68660","199457"
"2026-08-31","2026-08-31 00:00","67050","68630","66860","68630","67050","68630","292216"
"2026-09-01","2026-09-01 00:00","68110","68870","67860","68480","68110","68480","173635"
"2026-09-02","2026-09-02 00:00","67120","67170","66480","66520","67120","66520","451308"
"2026-09-03","2026-09-03 00:00","66920","66970","65990","66480","66920","66480","275395"
"2026-09-04","2026-09-04 00:00","66800","67470","66550","67330","66800","67330","269220"
"2026-09-07","2026-09-07 00:00","68330","69010","68200","68700","68330","68700","306410"
"2026-09-08","2026-09-08 00:00","68170","69110","67510","67510","68170","67510","189867"
"2026-09-09","2026-09-09 00:00","67310","68070","67230","67350","67310","67350","196082"
"2026-09-10","2026-09-10 00:00","66860","67500","66410","67500","66860","67500","207987"
"2026-09-11","2026-09-11 00:00","65500","66320","65260","66250","65500","66250","392048"
"2026-09-14","2026-09-14 00:00","65300","65890","64900","65860","65300","65860","293863"
"2026-09-15","2026-09-15 00:00","65270","66360","65150","65840","65270","65840","204223"
"2026-09-16","2026-09-16 00:00","65940","66180","65440","66180","65940","66180","155186"
"2026-09-17","2026-09-17 00:00","67040","67070","66050","66450","67040","66450","209091"
"2026-09-18","2026-09-18 00:00","67160","67740","66660","67390","67160","67390","282462"
"2026-09-24","2026-09-24 00:00","68350","68570","67840","67860","68350","67860","229627"
"2026-09-25","2026-09-25 00:00","67800","68730","67800","68730","67800","68730","178275"
"2026-09-28","2026-09-28 00:00","68900","69360","68210","68210","68900","68210","224914"
"2026-09-29","2026-09-29 00:00","68360","68530","67380","68100","68360","68100","257780"
"2026-09-30","2026-09-30 00:00","69100","69700","68760","69620","69100","69620","247472"
"2026-10-01","2026-10-01 00:00","69880","71820","69850","71810","69880","71810","503022"
