"date","utc_time","open","high","low","close","raw_open","raw_close","volume"
"2014-07-11","2014-07-11 00:00","5282","5282","5282","5282","5282","5282","0"
"2014-07-14","2014-07-14 00:00","5280.22998046875","5280.22998046875","5280.22998046875","5280.22998046875","5280.22998046875","5280.22998046875","0"
"2014-07-15","2014-07-15 00:00","5224.89013671875","5224.89013671875","5224.89013671875","5224.89013671875","5224.89013671875","5224.89013671875","0"
"2014-07-16","2014-07-16 00:00","5270","5280","5230","5260","5270","5260","43965"
"2014-07-17","2014-07-17 00:00","5230","5270","5190","5260","5230","5260","52325"
"2014-07-18","2014-07-18 00:00","5400","5440","5350","5350","5400","5350","125707"
"2014-07-22","2014-07-22 00:00","5320","5320","5240","5270","5320","5270","71590"
"2014-07-23","2014-07-23 00:00","5250","5290","5250","5290","5250","5290","19141"
"2014-07-24","2014-07-24 00:00","5270","5350","5240","5320","5270","5320","40532"
"2014-07-25","2014-07-25 00:00","5270","5270","5180","5200","5270","5200","93805"
"2014-07-28","2014-07-28 00:00","5210","5210","5120","5150","5210","5150","60585"
"2014-07-29","2014-07-29 00:00","5120","5130","5070","5080","5120","5080","74840"
"2014-07-30","2014-07-30 00:00","5080","5100","5050","5070","5080","5070","54909"
"2014-07-31","2014-07-31 00:00","5010","5080","4985","5080","5010","5080","86276"
"2014-08-01","2014-08-01 00:00","5170","5170","5090","5120","5170","5120","110293"
"2014-08-04","2014-08-04 00:00","5150","5190","5130","5160","5150","5160","76684"
"2014-08-05","2014-08-05 00:00","5140","5280","5140","5280","5140","5280","145191"
"2014-08-06","2014-08-06 00:00","5310","5410","5300","5380","5310","5380","191986"
"2014-08-07","2014-08-07 00:00","5390","5460","5320","5330","5390","5330","159596"
"2014-08-08","2014-08-08 00:00","5460","5670","5440","5660","5460","5660","254758"
"2014-08-11","2014-08-11 00:00","5460","5500","5360","5370","5460","5370","220846"
"2014-08-12","2014-08-12 00:00","5370","5400","5300","5370","5370","5370","108180"
"2014-08-13","2014-08-13 00:00","5380","5410","5310","5320","5380","5320","80484"
"2014-08-14","2014-08-14 00:00","5260","5290","5240","5270","5260","5270","162237"
"2014-08-15","2014-08-15 00:00","5270","5290","5250","5260","5270","5260","61299"
"2014-08-18","2014-08-18 00:00","5250","5270","5230","5250","5250","5250","56833"
"2014-08-19","2014-08-19 00:00","5170","5180","5150","5160","5170","5160","186770"
"2014-08-20","2014-08-20 00:00","5140","5190","5140","5180","5140","5180","149320"
"2014-08-21","2014-08-21 00:00","5120","5120","5060","5090","5120","5090","337787"
"2014-08-22","2014-08-22 00:00","5080","5120","5050","5100","5080","5100","340566"
"2014-08-25","2014-08-25 00:00","5070","5100","5040","5060","5070","5060","215853"
"2014-08-26","2014-08-26 00:00","5080","5130","5050","5110","5080","5110","141448"
"2014-08-27","2014-08-27 00:00","5100","5160","5070","5100","5100","5100","197443"
"2014-08-28","2014-08-28 00:00","5150","5170","5130","5160","5150","5160","172936"
"2014-08-29","2014-08-29 00:00","5180","5220","5150","5160","5180","5160","273121"
"2014-09-01","2014-09-01 00:00","5150","5160","5130","5130","5150","5130","84525"
"2014-09-02","2014-09-02 00:00","5110","5110","4970","5010","5110","5010","793966"
"2014-09-03","2014-09-03 00:00","4940","4985","4910","4980","4940","4980","481594"
"2014-09-04","2014-09-04 00:00","4990","5020","4975","5010","4990","5010","324907"
"2014-09-05","2014-09-05 00:00","4930","5030","4925","4995","4930","4995","381841"
"2014-09-08","2014-09-08 00:00","4975","5020","4965","4990","4975","4990","130690"
"2014-09-09","2014-09-09 00:00","4935","4990","4920","4960","4935","4960","279004"
"2014-09-10","2014-09-10 00:00","5020","5030","4935","4950","5020","4950","203613"
"2014-09-11","2014-09-11 00:00","4905","4910","4845","4865","4905","4865","818282"
"2014-09-12","2014-09-12 00:00","4850","4870","4810","4835","4850","4835","374403"
"2014-09-16","2014-09-16 00:00","4850","4880","4835","4850","4850","4850","317370"
"2014-09-17","2014-09-17 00:00","4830","4870","4820","4870","4830","4870","99511"
"2014-09-18","2014-09-18 00:00","4800","4810","4740","4760","4800","4760","800538"
"2014-09-19","2014-09-19 00:00","4690","4700","4585","4610","4690","4610","1100644"
"2014-09-22","2014-09-22 00:00","4650","4700","4635","4670","4650","4670","422211"
"2014-09-24","2014-09-24 00:00","4750","4750","4675","4695","4750","4695","486048"
"2014-09-25","2014-09-25 00:00","4605","4625","4585","4595","4605","4595","785771"
"2014-09-26","2014-09-26 00:00","4665","4675","4595","4600","4665","4600","687874"
"2014-09-29","2014-09-29 00:00","4540","4585","4540","4565","4540","4565","235996"
"2014-09-30","2014-09-30 00:00","4610","4700","4605","4655","4610","4655","721877"
"2014-10-01","2014-10-01 00:00","4655","4695","4610","4690","4655","4690","580898"
"2014-10-02","2014-10-02 00:00","4825","4935","4780","4915","4825","4915","1918188"
"2014-10-03","2014-10-03 00:00","4950","5000","4900","4905","4950","4905","1098122"
"2014-10-06","2014-10-06 00:00","4790","4845","4740","4780","4790","4780","813480"
"2014-10-07","2014-10-07 00:00","4840","4875","4780","4845","4840","4845","680687"
"2014-10-08","2014-10-08 00:00","5010","5020","4935","4955","5010","4955","998478"
"2014-10-09","2014-10-09 00:00","4915","5050","4880","5040","4915","5040","1008872"
"2014-10-10","2014-10-10 00:00","5140","5210","5120","5150","5140","5150","1230055"
"2014-10-14","2014-10-14 00:00","5350","5410","5290","5390","5350","5390","963979"
"2014-10-15","2014-10-15 00:00","5340","5420","5290","5300","5340","5300","556188"
"2014-10-16","2014-10-16 00:00","5580","5590","5490","5530","5580","5530","658612"
"2014-10-17","2014-10-17 00:00","5490","5700","5460","5680","5490","5680","1321606"
"2014-10-20","2014-10-20 00:00","5380","5410","5240","5240","5380","5240","1166128"
"2014-10-21","2014-10-21 00:00","5250","5490","5250","5460","5250","5460","946450"
"2014-10-22","2014-10-22 00:00","5220","5320","5160","5180","5220","5180","1010182"
"2014-10-23","2014-10-23 00:00","5240","5260","5140","5190","5240","5190","615935"
"2014-10-24","2014-10-24 00:00","5050","5150","5040","5100","5050","5100","808393"
"2014-10-27","2014-10-27 00:00","5040","5080","5010","5050","5040","5050","445623"
"2014-10-28","2014-10-28 00:00","5070","5130","5050","5080","5070","5080","477526"
"2014-10-29","2014-10-29 00:00","5030","5040","4905","4940","5030","4940","1429343"
"2014-10-30","2014-10-30 00:00","4910","4915","4835","4865","4910","4865","1308613"
"2014-10-31","2014-10-31 00:00","4755","4755","4310","4400","4755","4400","3319017"
"2014-11-04","2014-11-04 00:00","4045","4150","4025","4150","4045","4150","3004166"
"2014-11-05","2014-11-05 00:00","4180","4195","4075","4095","4180","4095","1645655"
"2014-11-06","2014-11-06 00:00","4080","4215","4055","4185","4080","4185","2767507"
"2014-11-07","2014-11-07 00:00","4115","4165","4110","4140","4115","4140","1669108"
"2014-11-10","2014-11-10 00:00","4195","4220","4165","4190","4195","4190","1345875"
"2014-11-11","2014-11-11 00:00","4140","4155","3995","4015","4140","4015","2722722"
"2014-11-12","2014-11-12 00:00","3955","3995","3860","3980","3955","3980","3633977"
"2014-11-13","2014-11-13 00:00","3990","4025","3885","3895","3990","3895","2603151"
"2014-11-14","2014-11-14 00:00","3865","3935","3840","3860","3865","3860","2198192"
"2014-11-17","2014-11-17 00:00","3890","4110","3880","4080","3890","4080","5142336"
"2014-11-18","2014-11-18 00:00","3975","3975","3895","3915","3975","3915","2196167"
"2014-11-19","2014-11-19 00:00","3890","3935","3850","3925","3890","3925","3008637"
"2014-11-20","2014-11-20 00:00","3880","3935","3865","3920","3880","3920","1194648"
"2014-11-21","2014-11-21 00:00","3930","4010","3880","3890","3930","3890","2333869"
"2014-11-25","2014-11-25 00:00","3840","3895","3830","3875","3840","3875","963192"
"2014-11-26","2014-11-26 00:00","3910","3915","3865","3880","3910","3880","784072"
"2014-11-27","2014-11-27 00:00","3905","3960","3895","3935","3905","3935","1261648"
"2014-11-28","2014-11-28 00:00","3905","3910","3840","3855","3905","3855","1282500"
"2014-12-01","2014-12-01 00:00","3855","3855","3765","3795","3855","3795","2098987"
"2014-12-02","2014-12-02 00:00","3850","3850","3750","3765","3850","3765","1546556"
"2014-12-03","2014-12-03 00:00","3710","3750","3670","3735","3710","3735","2111686"
"2014-12-04","2014-12-04 00:00","3660","3700","3655","3675","3660","3675","1773037"
"2014-12-05","2014-12-05 00:00","3700","3715","3645","3660","3700","3660","1313756"
"2014-12-08","2014-12-08 00:00","3620","3680","3605","3645","3620","3645","1279138"
"2014-12-09","2014-12-09 00:00","3700","3715","3665","3705","3700","3705","1529462"
"2014-12-10","2014-12-10 00:00","3775","3900","3770","3860","3775","3860","3348231"
"2014-12-11","2014-12-11 00:00","3980","4020","3910","3920","3980","3920","4501541"
"2014-12-12","2014-12-12 00:00","3895","3915","3800","3875","3895","3875","1936336"
"2014-12-15","2014-12-15 00:00","4010","4030","3930","4005","4010","4005","2676908"
"2014-12-16","2014-12-16 00:00","4100","4180","4085","4170","4100","4170","4266666"
"2014-12-17","2014-12-17 00:00","4190","4205","4085","4120","4190","4120","2238119"
"2014-12-18","2014-12-18 00:00","3925","3955","3895","3930","3925","3930","2708804"
"2014-12-19","2014-12-19 00:00","3790","3820","3750","3750","3790","3750","2395345"
"2014-12-22","2014-12-22 00:00","3725","3770","3715","3750","3725","3750","912786"
"2014-12-24","2014-12-24 00:00","3660","3670","3640","3650","3660","3650","1509228"
"2014-12-25","2014-12-25 00:00","3675","3685","3650","3675","3675","3675","1075401"
"2014-12-26","2014-12-26 00:00","3675","3680","3645","3655","3675","3655","391117"
"2014-12-29","2014-12-29 00:00","3620","3780","3615","3700","3620","3700","1672252"
"2014-12-30","2014-12-30 00:00","3700","3810","3695","3810","3700","3810","1200656"
"2015-01-05","2015-01-05 00:00","3850","3905","3765","3835","3850","3835","2911768"
"2015-01-06","2015-01-06 00:00","3975","4060","3960","4060","3975","4060","2738382"
"2015-01-07","2015-01-07 00:00","4110","4115","4015","4050","4110","4050","1622858"
"2015-01-08","2015-01-08 00:00","3975","4000","3885","3915","3975","3915","2030033"
"2015-01-09","2015-01-09 00:00","3835","3940","3835","3905","3835","3905","1905140"
"2015-01-13","2015-01-13 00:00","4020","4080","3960","3965","4020","3965","2197816"
"2015-01-14","2015-01-14 00:00","4030","4110","3985","4105","4030","4105","2123433"
"2015-01-15","2015-01-15 00:00","4055","4080","3925","3950","4055","3950","2048264"
"2015-01-16","2015-01-16 00:00","4090","4175","4050","4055","4090","4055","3246598"
"2015-01-19","2015-01-19 00:00","3985","4030","3960","3975","3985","3975","2149025"
"2015-01-20","2015-01-20 00:00","3950","3955","3815","3820","3950","3820","2110089"
"2015-01-21","2015-01-21 00:00","3840","3895","3830","3850","3840","3850","1508166"
"2015-01-22","2015-01-22 00:00","3835","3875","3815","3825","3835","3825","914249"
"2015-01-23","2015-01-23 00:00","3745","3775","3740","3760","3745","3760","1458142"
"2015-01-26","2015-01-26 00:00","3835","3840","3770","3775","3835","3775","1272976"
"2015-01-27","2015-01-27 00:00","3695","3705","3640","3645","3695","3645","3227760"
"2015-01-28","2015-01-28 00:00","3710","3715","3605","3635","3710","3635","1859381"
"2015-01-29","2015-01-29 00:00","3690","3720","3630","3705","3690","3705","1613939"
"2015-01-30","2015-01-30 00:00","3635","3680","3620","3675","3635","3675","1854568"
"2015-02-02","2015-02-02 00:00","3725","3760","3685","3725","3725","3725","1755536"
"2015-02-03","2015-02-03 00:00","3680","3840","3675","3820","3680","3820","2931703"
"2015-02-04","2015-02-04 00:00","3715","3730","3640","3665","3715","3665","3209074"
"2015-02-05","2015-02-05 00:00","3700","3745","3675","3735","3700","3735","2194759"
"2015-02-06","2015-02-06 00:00","3665","3695","3655","3675","3665","3675","1480924"
"2015-02-09","2015-02-09 00:00","3625","3675","3610","3650","3625","3650","1942425"
"2015-02-10","2015-02-10 00:00","3685","3715","3665","3670","3685","3670","1070993"
"2015-02-12","2015-02-12 00:00","3580","3585","3535","3550","3580","3550","6242596"
"2015-02-13","2015-02-13 00:00","3565","3585","3545","3560","3565","3560","1964106"
"2015-02-16","2015-02-16 00:00","3530","3540","3505","3535","3530","3535","1642324"
"2015-02-17","2015-02-17 00:00","3555","3570","3530","3540","3555","3540","1206944"
"2015-02-18","2015-02-18 00:00","3500","3505","3455","3460","3500","3460","4529917"
"2015-02-19","2015-02-19 00:00","3445","3445","3405","3435","3445","3435","2673999"
"2015-02-20","2015-02-20 00:00","3405","3420","3390","3400","3405","3400","2208556"
"2015-02-23","2015-02-23 00:00","3335","3380","3335","3355","3335","3355","2527903"
"2015-02-24","2015-02-24 00:00","3355","3365","3305","3305","3355","3305","2957110"
"2015-02-25","2015-02-25 00:00","3300","3320","3285","3315","3300","3315","2334181"
"2015-02-26","2015-02-26 00:00","3310","3310","3235","3240","3310","3240","3396575"
"2015-02-27","2015-02-27 00:00","3215","3265","3210","3235","3215","3235","3248033"
"2015-03-02","2015-03-02 00:00","3215","3245","3185","3230","3215","3230","3324442"
"2015-03-03","2015-03-03 00:00","3190","3260","3190","3225","3190","3225","3461341"
"2015-03-04","2015-03-04 00:00","3265","3305","3255","3265","3265","3265","3629581"
"2015-03-05","2015-03-05 00:00","3280","3285","3240","3255","3280","3255","2713610"
"2015-03-06","2015-03-06 00:00","3220","3230","3170","3170","3220","3170","4011274"
"2015-03-09","2015-03-09 00:00","3200","3250","3195","3225","3200","3225","4040329"
"2015-03-10","2015-03-10 00:00","3195","3305","3180","3275","3195","3275","3926968"
"2015-03-11","2015-03-11 00:00","3310","3310","3210","3255","3310","3255","4952247"
"2015-03-12","2015-03-12 00:00","3230","3235","3150","3155","3230","3155","5202473"
"2015-03-13","2015-03-13 00:00","3090","3115","3045","3060","3090","3060","6843135"
"2015-03-16","2015-03-16 00:00","3070","3080","3035","3065","3070","3065","2810638"
"2015-03-17","2015-03-17 00:00","3010","3030","2997","3005","3010","3005","3149307"
"2015-03-18","2015-03-18 00:00","3015","3025","2970","2972","3015","2972","4168842"
"2015-03-19","2015-03-19 00:00","2991","3050","2972","2997","2991","2997","4562489"
"2015-03-20","2015-03-20 00:00","2991","3015","2969","2971","2991","2971","2711815"
"2015-03-23","2015-03-23 00:00","2941","2948","2904","2906","2941","2906","3715501"
"2015-03-24","2015-03-24 00:00","2924","2945","2904","2922","2924","2922","2368099"
"2015-03-25","2015-03-25 00:00","2919","2977","2906","2915","2919","2915","3684285"
"2015-03-26","2015-03-26 00:00","2955","3020","2952","3010","2955","3010","6815167"
"2015-03-27","2015-03-27 00:00","2992","3085","2920","3015","2992","3015","10266986"
"2015-03-30","2015-03-30 00:00","3015","3045","2962","2981","3015","2981","5214538"
"2015-03-31","2015-03-31 00:00","2924","3030","2920","3030","2924","3030","5479213"
"2015-04-01","2015-04-01 00:00","3045","3135","3040","3095","3045","3095","7155856"
"2015-04-02","2015-04-02 00:00","3075","3075","2972","3015","3075","3015","5703784"
"2015-04-03","2015-04-03 00:00","3015","3015","2974","2974","3015","2974","3622751"
"2015-04-06","2015-04-06 00:00","3020","3035","2972","2983","3020","2983","4151637"
"2015-04-07","2015-04-07 00:00","2940","2952","2901","2908","2940","2908","5814374"
"2015-04-08","2015-04-08 00:00","2879","2892","2846","2865","2879","2865","5856912"
"2015-04-09","2015-04-09 00:00","2845","2853","2815","2823","2845","2823","4427651"
"2015-04-10","2015-04-10 00:00","2802","2850","2802","2817","2802","2817","4628828"
"2015-04-13","2015-04-13 00:00","2813","2852","2808","2832","2813","2832","3168139"
"2015-04-14","2015-04-14 00:00","2851","2854","2825","2828","2851","2828","1861341"
"2015-04-15","2015-04-15 00:00","2850","2853","2825","2844","2850","2844","3219860"
"2015-04-16","2015-04-16 00:00","2843","2875","2832","2836","2843","2836","3566441"
"2015-04-17","2015-04-17 00:00","2856","2904","2853","2901","2856","2901","3816602"
"2015-04-20","2015-04-20 00:00","2939","2951","2880","2907","2939","2907","4450977"
"2015-04-21","2015-04-21 00:00","2877","2893","2826","2826","2877","2826","4692132"
"2015-04-22","2015-04-22 00:00","2799","2804","2758","2761","2799","2761","6402250"
"2015-04-23","2015-04-23 00:00","2735","2764","2727","2741","2735","2741","4707522"
"2015-04-24","2015-04-24 00:00","2760","2792","2757","2790","2760","2790","3047068"
"2015-04-27","2015-04-27 00:00","2775","2822","2775","2805","2775","2805","3697863"
"2015-04-28","2015-04-28 00:00","2772","2788","2760","2777","2772","2777","3704835"
"2015-04-30","2015-04-30 00:00","2854","2937","2854","2929","2854","2929","9229131"
"2015-05-01","2015-05-01 00:00","2930","2967","2921","2924","2930","2924","5003169"
"2015-05-07","2015-05-07 00:00","2989","3010","2950","2998","2989","2998","6029827"
"2015-05-08","2015-05-08 00:00","2975","2997","2946","2966","2975","2966","3889111"
"2015-05-11","2015-05-11 00:00","2892","2909","2878","2898","2892","2898","2832391"
"2015-05-12","2015-05-12 00:00","2907","2942","2899","2901","2907","2901","3578112"
"2015-05-13","2015-05-13 00:00","2918","2937","2848","2858","2918","2858","4555065"
"2015-05-14","2015-05-14 00:00","2886","2918","2869","2907","2886","2907","3172852"
"2015-05-15","2015-05-15 00:00","2867","2895","2858","2875","2867","2875","2792146"
"2015-05-18","2015-05-18 00:00","2859","2862","2820","2820","2859","2820","3040031"
"2015-05-19","2015-05-19 00:00","2789","2801","2760","2774","2789","2774","5387559"
"2015-05-20","2015-05-20 00:00","2740","2744","2708","2728","2740","2728","5287982"
"2015-05-21","2015-05-21 00:00","2724","2738","2698","2735","2724","2735","5820699"
"2015-05-22","2015-05-22 00:00","2726","2750","2707","2708","2726","2708","3628240"
"2015-05-25","2015-05-25 00:00","2690","2697","2671","2673","2690","2673","4088257"
"2015-05-26","2015-05-26 00:00","2667","2682","2657","2661","2667","2661","4158416"
"2015-05-27","2015-05-27 00:00","2685","2686","2646","2662","2685","2662","4605590"
"2015-05-28","2015-05-28 00:00","2620","2658","2610","2636","2620","2636","5883110"
"2015-05-29","2015-05-29 00:00","2648","2651","2614","2628","2648","2628","5360166"
"2015-06-01","2015-06-01 00:00","2658","2671","2624","2632","2658","2632","5054276"
"2015-06-02","2015-06-02 00:00","2620","2659","2618","2641","2620","2641","4491893"
"2015-06-03","2015-06-03 00:00","2665","2676","2647","2660","2665","2660","4765875"
"2015-06-04","2015-06-04 00:00","2633","2666","2633","2660","2633","2660","2618284"
"2015-06-05","2015-06-05 00:00","2670","2683","2653","2659","2670","2659","3911260"
"2015-06-08","2015-06-08 00:00","2634","2685","2633","2661","2634","2661","5326811"
"2015-06-09","2015-06-09 00:00","2698","2754","2689","2754","2698","2754","7592955"
"2015-06-10","2015-06-10 00:00","2744","2776","2706","2760","2744","2760","10959880"
"2015-06-11","2015-06-11 00:00","2725","2730","2676","2676","2725","2676","7204549"
"2015-06-12","2015-06-12 00:00","2663","2689","2659","2669","2663","2669","4291337"
"2015-06-15","2015-06-15 00:00","2717","2717","2670","2677","2717","2677","3835772"
"2015-06-16","2015-06-16 00:00","2692","2714","2680","2711","2692","2711","4216959"
"2015-06-17","2015-06-17 00:00","2696","2744","2691","2725","2696","2725","5447887"
"2015-06-18","2015-06-18 00:00","2724","2781","2723","2780","2724","2780","6673701"
"2015-06-19","2015-06-19 00:00","2734","2759","2724","2727","2734","2727","5721530"
"2015-06-22","2015-06-22 00:00","2733","2733","2661","2662","2733","2662","5817255"
"2015-06-23","2015-06-23 00:00","2629","2633","2564","2564","2629","2564","8967089"
"2015-06-24","2015-06-24 00:00","2542","2555","2525","2543","2542","2543","6878981"
"2015-06-25","2015-06-25 00:00","2567","2571","2546","2568","2567","2568","4514310"
"2015-06-26","2015-06-26 00:00","2564","2595","2561","2576","2564","2576","6725084"
"2015-06-29","2015-06-29 00:00","2701","2735","2664","2725","2701","2725","12277101"
"2015-06-30","2015-06-30 00:00","2714","2729","2691","2694","2714","2694","5642060"
"2015-07-01","2015-07-01 00:00","2682","2696","2665","2665","2682","2665","3439776"
"2015-07-02","2015-07-02 00:00","2614","2633","2600","2622","2614","2622","3846689"
"2015-07-03","2015-07-03 00:00","2635","2644","2608","2613","2635","2613","4080267"
"2015-07-06","2015-07-06 00:00","2703","2751","2675","2722","2703","2722","8196325"
"2015-07-07","2015-07-07 00:00","2658","2666","2641","2655","2658","2655","4666674"
"2015-07-08","2015-07-08 00:00","2676","2816","2670","2813","2676","2813","11846487"
"2015-07-09","2015-07-09 00:00","2913","2999","2785","2791","2913","2791","16838580"
"2015-07-10","2015-07-10 00:00","2790","2823","2749","2798","2790","2798","8535791"
"2015-07-13","2015-07-13 00:00","2760","2767","2707","2714","2760","2714","7002843"
"2015-07-14","2015-07-14 00:00","2645","2655","2624","2641","2645","2641","5478461"
"2015-07-15","2015-07-15 00:00","2615","2636","2610","2617","2615","2617","5716161"
"2015-07-16","2015-07-16 00:00","2586","2605","2581","2581","2586","2581","5456127"
"2015-07-17","2015-07-17 00:00","2573","2583","2569","2570","2573","2570","3861642"
"2015-07-21","2015-07-21 00:00","2544","2555","2521","2522","2544","2522","4831682"
"2015-07-22","2015-07-22 00:00","2568","2586","2561","2580","2568","2580","5099439"
"2015-07-23","2015-07-23 00:00","2561","2568","2554","2561","2561","2561","2181079"
"2015-07-24","2015-07-24 00:00","2580","2598","2572","2598","2580","2598","3495716"
"2015-07-27","2015-07-27 00:00","2633","2661","2605","2642","2633","2642","6075435"
"2015-07-28","2015-07-28 00:00","2691","2715","2621","2640","2691","2640","10035129"
"2015-07-29","2015-07-29 00:00","2648","2680","2646","2654","2648","2654","4914681"
"2015-07-30","2015-07-30 00:00","2615","2616","2581","2595","2615","2595","4203461"
"2015-07-31","2015-07-31 00:00","2600","2612","2584","2584","2600","2584","2905159"
"2015-08-03","2015-08-03 00:00","2594","2631","2588","2594","2594","2594","4377989"
"2015-08-04","2015-08-04 00:00","2616","2622","2592","2604","2616","2604","4598414"
"2015-08-05","2015-08-05 00:00","2606","2609","2548","2570","2606","2570","5138766"
"2015-08-06","2015-08-06 00:00","2533","2560","2525","2559","2533","2559","3601177"
"2015-08-07","2015-08-07 00:00","2571","2584","2540","2542","2571","2542","4063880"
"2015-08-10","2015-08-10 00:00","2570","2573","2526","2528","2570","2528","3581054"
"2015-08-11","2015-08-11 00:00","2500","2584","2493","2545","2500","2545","7777554"
"2015-08-12","2015-08-12 00:00","2565","2651","2552","2626","2565","2626","10599601"
"2015-08-13","2015-08-13 00:00","2620","2653","2562","2576","2620","2576","7677804"
"2015-08-14","2015-08-14 00:00","2595","2604","2571","2588","2595","2588","3417788"
"2015-08-17","2015-08-17 00:00","2571","2587","2552","2567","2571","2567","2809254"
"2015-08-18","2015-08-18 00:00","2561","2587","2557","2587","2561","2587","2102332"
"2015-08-19","2015-08-19 00:00","2601","2669","2590","2668","2601","2668","6647121"
"2015-08-20","2015-08-20 00:00","2673","2715","2657","2714","2673","2714","7604372"
"2015-08-21","2015-08-21 00:00","2814","2877","2803","2873","2814","2873","11128564"
"2015-08-24","2015-08-24 00:00","2995","3155","2976","3125","2995","3125","18699300"
"2015-08-25","2015-08-25 00:00","3310","3420","3035","3380","3310","3380","23795244"
"2015-08-26","2015-08-26 00:00","3390","3430","3135","3165","3390","3165","17779534"
"2015-08-27","2015-08-27 00:00","3040","3130","3010","3095","3040","3095","8118500"
"2015-08-28","2015-08-28 00:00","2950","2970","2885","2907","2950","2907","12704693"
"2015-08-31","2015-08-31 00:00","2946","3025","2940","2984","2946","2984","10784659"
"2015-09-01","2015-09-01 00:00","3030","3210","3015","3210","3030","3210","9878265"
"2015-09-02","2015-09-02 00:00","3315","3315","3095","3225","3315","3225","21152603"
"2015-09-03","2015-09-03 00:00","3120","3205","3095","3205","3120","3205","7963005"
"2015-09-04","2015-09-04 00:00","3165","3405","3155","3340","3165","3340","17645442"
"2015-09-07","2015-09-07 00:00","3380","3460","3250","3310","3380","3310","17194170"
"2015-09-08","2015-09-08 00:00","3285","3475","3265","3460","3285","3460","13151427"
"2015-09-09","2015-09-09 00:00","3210","3250","2950","2965","3210","2965","14594002"
"2015-09-10","2015-09-10 00:00","3145","3200","3080","3085","3145","3085","11090849"
"2015-09-11","2015-09-11 00:00","3155","3165","3075","3100","3155","3100","4790483"
"2015-09-14","2015-09-14 00:00","3070","3220","3070","3200","3070","3200","5141866"
"2015-09-15","2015-09-15 00:00","3165","3200","3075","3185","3165","3185","9373420"
"2015-09-16","2015-09-16 00:00","3105","3160","3085","3120","3105","3120","5413443"
"2015-09-17","2015-09-17 00:00","3055","3090","3025","3045","3055","3045","4878021"
"2015-09-18","2015-09-18 00:00","3090","3165","3080","3140","3090","3140","6223990"
"2015-09-24","2015-09-24 00:00","3240","3325","3240","3325","3240","3325","5862068"
"2015-09-25","2015-09-25 00:00","3310","3375","3220","3230","3310","3230","7561600"
"2015-09-28","2015-09-28 00:00","3205","3295","3185","3250","3205","3250","6004947"
"2015-09-29","2015-09-29 00:00","3385","3535","3380","3520","3385","3520","10566115"
"2015-09-30","2015-09-30 00:00","3400","3420","3300","3355","3400","3355","8177736"
"2015-10-01","2015-10-01 00:00","3295","3335","3160","3200","3295","3200","7819598"
"2015-10-02","2015-10-02 00:00","3260","3275","3185","3210","3260","3210","4932066"
"2015-10-05","2015-10-05 00:00","3135","3155","3075","3110","3135","3110","6019430"
"2015-10-06","2015-10-06 00:00","2991","3075","2979","3070","2991","3070","7481829"
"2015-10-07","2015-10-07 00:00","3050","3095","2977","2991","3050","2991","8920218"
"2015-10-08","2015-10-08 00:00","3000","3060","2967","3060","3000","3060","6591420"
"2015-10-09","2015-10-09 00:00","3030","3040","2948","2948","3030","2948","7832480"
"2015-10-13","2015-10-13 00:00","2981","3020","2974","3000","2981","3000","4715019"
"2015-10-14","2015-10-14 00:00","3055","3150","3050","3130","3055","3130","6777115"
"2015-10-15","2015-10-15 00:00","3170","3185","3030","3070","3170","3070","6620113"
"2015-10-16","2015-10-16 00:00","3000","3015","2960","3010","3000","3010","5834505"
"2015-10-19","2015-10-19 00:00","2995","3065","2986","3040","2995","3040","4549756"
"2015-10-20","2015-10-20 00:00","3005","3045","3000","3020","3005","3020","2714473"
"2015-10-21","2015-10-21 00:00","3035","3035","2905","2925","3035","2925","8510695"
"2015-10-22","2015-10-22 00:00","2959","2967","2908","2943","2959","2943","5364135"
"2015-10-23","2015-10-23 00:00","2811","2842","2810","2833","2811","2833","7727717"
"2015-10-26","2015-10-26 00:00","2783","2819","2770","2812","2783","2812","6240441"
"2015-10-27","2015-10-27 00:00","2814","2865","2812","2860","2814","2860","6355774"
"2015-10-28","2015-10-28 00:00","2842","2848","2819","2826","2842","2826","5043294"
"2015-10-29","2015-10-29 00:00","2776","2848","2772","2819","2776","2819","6061621"
"2015-10-30","2015-10-30 00:00","2812","2859","2736","2769","2812","2769","10208381"
"2015-11-02","2015-11-02 00:00","2838","2872","2827","2860","2838","2860","7609089"
"2015-11-04","2015-11-04 00:00","2769","2798","2746","2794","2769","2794","7408954"
"2015-11-05","2015-11-05 00:00","2773","2792","2750","2760","2773","2760","6117602"
"2015-11-06","2015-11-06 00:00","2748","2759","2728","2731","2748","2731","5004259"
"2015-11-09","2015-11-09 00:00","2696","2717","2675","2707","2696","2707","5658648"
"2015-11-10","2015-11-10 00:00","2747","2749","2696","2700","2747","2700","3562074"
"2015-11-11","2015-11-11 00:00","2710","2722","2700","2710","2710","2710","2609883"
"2015-11-12","2015-11-12 00:00","2732","2739","2717","2731","2732","2731","3022109"
"2015-11-13","2015-11-13 00:00","2783","2787","2729","2729","2783","2729","3561307"
"2015-11-16","2015-11-16 00:00","2829","2829","2760","2772","2829","2772","3434838"
"2015-11-17","2015-11-17 00:00","2672","2718","2668","2716","2672","2716","2214411"
"2015-11-18","2015-11-18 00:00","2684","2741","2683","2717","2684","2717","2540200"
"2015-11-19","2015-11-19 00:00","2680","2730","2675","2684","2680","2684","3808623"
"2015-11-20","2015-11-20 00:00","2698","2701","2670","2670","2698","2670","1915224"
"2015-11-24","2015-11-24 00:00","2670","2678","2660","2661","2670","2661","1125206"
"2015-11-25","2015-11-25 00:00","2674","2683","2666","2675","2674","2675","1130307"
"2015-11-26","2015-11-26 00:00","2661","2670","2659","2663","2661","2663","948857"
"2015-11-27","2015-11-27 00:00","2658","2693","2656","2658","2658","2658","1483812"
"2015-11-30","2015-11-30 00:00","2666","2684","2663","2679","2666","2679","1401393"
"2015-12-01","2015-12-01 00:00","2667","2671","2650","2655","2667","2655","1267233"
"2015-12-02","2015-12-02 00:00","2655","2656","2647","2648","2655","2648","863172"
"2015-12-03","2015-12-03 00:00","2656","2659","2642","2645","2656","2645","900884"
"2015-12-04","2015-12-04 00:00","2695","2698","2649","2649","2695","2649","2363013"
"2015-12-07","2015-12-07 00:00","2601","2610","2588","2599","2601","2599","1098192"
"2015-12-08","2015-12-08 00:00","2593","2650","2589","2643","2593","2643","1227484"
"2015-12-09","2015-12-09 00:00","2654","2689","2647","2672","2654","2672","1554523"
"2015-12-10","2015-12-10 00:00","2720","2739","2711","2737","2720","2737","3083302"
"2015-12-11","2015-12-11 00:00","2733","2740","2677","2691","2733","2691","1406595"
"2015-12-14","2015-12-14 00:00","2800","2850","2763","2766","2800","2766","4769340"
"2015-12-15","2015-12-15 00:00","2769","2865","2765","2854","2769","2854","3790044"
"2015-12-16","2015-12-16 00:00","2754","2770","2712","2712","2754","2712","2579783"
"2015-12-17","2015-12-17 00:00","2610","2634","2582","2624","2610","2624","3427770"
"2015-12-18","2015-12-18 00:00","2636","2727","2478","2715","2636","2715","6082672"
"2015-12-21","2015-12-21 00:00","2765","2823","2726","2739","2765","2739","4462602"
"2015-12-22","2015-12-22 00:00","2744","2773","2737","2751","2744","2751","2174669"
"2015-12-24","2015-12-24 00:00","2697","2785","2695","2779","2697","2779","2548829"
"2015-12-25","2015-12-25 00:00","2767","2794","2757","2790","2767","2790","1907220"
"2015-12-28","2015-12-28 00:00","2763","2783","2736","2749","2763","2749","1865816"
"2015-12-29","2015-12-29 00:00","2755","2777","2718","2720","2755","2720","1718044"
"2015-12-30","2015-12-30 00:00","2693","2710","2683","2708","2693","2708","1846269"
"2016-01-04","2016-01-04 00:00","2758","2889","2726","2868","2758","2868","7269724"
"2016-01-05","2016-01-05 00:00","2885","2908","2837","2893","2885","2893","7366455"
"2016-01-06","2016-01-06 00:00","2889","2992","2863","2946","2889","2946","7193492"
"2016-01-07","2016-01-07 00:00","2967","3085","2954","3080","2967","3080","8453457"
"2016-01-08","2016-01-08 00:00","3145","3165","3005","3100","3145","3100","8133549"
"2016-01-12","2016-01-12 00:00","3170","3290","3155","3265","3170","3265","5233628"
"2016-01-13","2016-01-13 00:00","3165","3175","3075","3075","3165","3075","3140445"
"2016-01-14","2016-01-14 00:00","3275","3355","3225","3245","3275","3245","6392252"
"2016-01-15","2016-01-15 00:00","3110","3315","3110","3280","3110","3280","6152795"
"2016-01-18","2016-01-18 00:00","3430","3470","3320","3350","3430","3350","6389274"
"2016-01-19","2016-01-19 00:00","3380","3415","3290","3310","3380","3310","4835440"
"2016-01-20","2016-01-20 00:00","3320","3570","3320","3560","3320","3560","7243951"
"2016-01-21","2016-01-21 00:00","3515","3730","3410","3725","3515","3725","12886675"
"2016-01-22","2016-01-22 00:00","3450","3525","3270","3295","3450","3295","9328302"
"2016-01-25","2016-01-25 00:00","3225","3310","3190","3235","3225","3235","5755964"
"2016-01-26","2016-01-26 00:00","3360","3405","3335","3385","3360","3385","3801820"
"2016-01-27","2016-01-27 00:00","3245","3280","3160","3195","3245","3195","6033265"
"2016-01-28","2016-01-28 00:00","3240","3280","3165","3230","3240","3230","4967862"
"2016-01-29","2016-01-29 00:00","3210","3350","2910","3040","3210","3040","12192454"
"2016-02-01","2016-02-01 00:00","2955","2992","2923","2932","2955","2932","6916958"
"2016-02-02","2016-02-02 00:00","2982","2997","2936","2975","2982","2975","6775639"
"2016-02-03","2016-02-03 00:00","3085","3200","3070","3155","3085","3155","7782925"
"2016-02-04","2016-02-04 00:00","3210","3255","3150","3215","3210","3215","8309629"
"2016-02-05","2016-02-05 00:00","3315","3375","3270","3300","3315","3300","6990025"
"2016-02-08","2016-02-08 00:00","3370","3405","3185","3220","3370","3220","6082505"
"2016-02-09","2016-02-09 00:00","3480","3595","3450","3565","3480","3565","8452955"
"2016-02-10","2016-02-10 00:00","3540","3865","3535","3750","3540","3750","15143312"
"2016-02-12","2016-02-12 00:00","4065","4145","3935","4100","4065","4100","17809271"
"2016-02-15","2016-02-15 00:00","3715","3785","3410","3480","3715","3480","12010441"
"2016-02-16","2016-02-16 00:00","3550","3570","3340","3475","3550","3475","9955515"
"2016-02-17","2016-02-17 00:00","3500","3660","3400","3570","3500","3570","10533854"
"2016-02-18","2016-02-18 00:00","3360","3440","3335","3395","3360","3395","7568087"
"2016-02-19","2016-02-19 00:00","3485","3565","3465","3485","3485","3485","7335793"
"2016-02-22","2016-02-22 00:00","3555","3565","3395","3430","3555","3430","6599841"
"2016-02-23","2016-02-23 00:00","3385","3480","3325","3455","3385","3455","8230030"
"2016-02-24","2016-02-24 00:00","3550","3590","3475","3520","3550","3520","7877310"
"2016-02-25","2016-02-25 00:00","3480","3495","3375","3395","3480","3395","7023788"
"2016-02-26","2016-02-26 00:00","3325","3390","3265","3385","3325","3385","8160618"
"2016-02-29","2016-02-29 00:00","3325","3445","3270","3445","3325","3445","7539886"
"2016-03-01","2016-03-01 00:00","3460","3525","3415","3425","3460","3425","7290940"
"2016-03-02","2016-03-02 00:00","3240","3260","3115","3140","3240","3140","10229949"
"2016-03-03","2016-03-03 00:00","3160","3165","3060","3060","3160","3060","5928824"
"2016-03-04","2016-03-04 00:00","3075","3095","3030","3040","3075","3040","4508417"
"2016-03-07","2016-03-07 00:00","3035","3085","3030","3080","3035","3080","2723206"
"2016-03-08","2016-03-08 00:00","3085","3200","3075","3125","3085","3125","6607063"
"2016-03-09","2016-03-09 00:00","3180","3230","3145","3175","3180","3175","6063415"
"2016-03-10","2016-03-10 00:00","3110","3155","3085","3095","3110","3095","4195274"
"2016-03-11","2016-03-11 00:00","3185","3205","3035","3060","3185","3060","5322671"
"2016-03-14","2016-03-14 00:00","2990","2995","2934","2957","2990","2957","6768523"
"2016-03-15","2016-03-15 00:00","2956","3025","2934","3000","2956","3000","5644682"
"2016-03-16","2016-03-16 00:00","3040","3055","3000","3040","3040","3040","2768337"
"2016-03-17","2016-03-17 00:00","2999","3105","2946","3065","2999","3065","7082453"
"2016-03-18","2016-03-18 00:00","3085","3180","3065","3135","3085","3135","7033134"
"2016-03-22","2016-03-22 00:00","3030","3090","2988","3010","3030","3010","4781205"
"2016-03-23","2016-03-23 00:00","3010","3045","2980","3025","3010","3025","3653712"
"2016-03-24","2016-03-24 00:00","3045","3085","3010","3070","3045","3070","4071124"
"2016-03-25","2016-03-25 00:00","3040","3065","3020","3025","3040","3025","2859745"
"2016-03-28","2016-03-28 00:00","2985","3045","2965","3010","2985","3010","5536603"
"2016-03-29","2016-03-29 00:00","2991","3005","2934","2945","2991","2945","6425695"
"2016-03-30","2016-03-30 00:00","2960","3025","2955","3015","2960","3015","4889552"
"2016-03-31","2016-03-31 00:00","2970","3065","2962","3065","2970","3065","6051397"
"2016-04-01","2016-04-01 00:00","3075","3305","3070","3275","3075","3275","9213334"
"2016-04-04","2016-04-04 00:00","3315","3335","3245","3305","3315","3305","6709082"
"2016-04-05","2016-04-05 00:00","3325","3475","3320","3460","3325","3460","8386941"
"2016-04-06","2016-04-06 00:00","3465","3515","3415","3460","3465","3460","8458498"
"2016-04-07","2016-04-07 00:00","3460","3505","3395","3455","3460","3455","7953908"
"2016-04-08","2016-04-08 00:00","3555","3575","3325","3410","3555","3410","10871207"
"2016-04-11","2016-04-11 00:00","3440","3550","3435","3445","3440","3445","7710791"
"2016-04-12","2016-04-12 00:00","3455","3475","3355","3365","3455","3365","6461529"
"2016-04-13","2016-04-13 00:00","3260","3280","3165","3180","3260","3180","8762695"
"2016-04-14","2016-04-14 00:00","3075","3090","2973","2981","3075","2981","12156443"
"2016-04-15","2016-04-15 00:00","3035","3040","2965","3000","3035","3000","10889906"
"2016-04-18","2016-04-18 00:00","3195","3210","3140","3205","3195","3205","7635663"
"2016-04-19","2016-04-19 00:00","2995","3005","2958","2967","2995","2967","11294173"
"2016-04-20","2016-04-20 00:00","2895","2968","2886","2956","2895","2956","10223820"
"2016-04-21","2016-04-21 00:00","2841","2859","2786","2799","2841","2799","13279060"
"2016-04-22","2016-04-22 00:00","2841","2847","2725","2730","2841","2730","13732777"
"2016-04-25","2016-04-25 00:00","2706","2778","2706","2767","2706","2767","9227743"
"2016-04-26","2016-04-26 00:00","2787","2842","2769","2796","2787","2796","8723182"
"2016-04-27","2016-04-27 00:00","2782","2833","2768","2807","2782","2807","6243636"
"2016-04-28","2016-04-28 00:00","2762","3025","2721","3020","2762","3020","16936036"
"2016-05-02","2016-05-02 00:00","3230","3280","3195","3205","3230","3205","9492788"
"2016-05-06","2016-05-06 00:00","3175","3270","3155","3220","3175","3220","6393158"
"2016-05-09","2016-05-09 00:00","3165","3205","3145","3170","3165","3170","3930828"
"2016-05-10","2016-05-10 00:00","3150","3175","3035","3035","3150","3035","6020618"
"2016-05-11","2016-05-11 00:00","2975","3055","2948","3035","2975","3035","6952683"
"2016-05-12","2016-05-12 00:00","3090","3115","3005","3010","3090","3010","5409339"
"2016-05-13","2016-05-13 00:00","2986","3100","2960","3090","2986","3090","6033140"
"2016-05-16","2016-05-16 00:00","3090","3095","3010","3070","3090","3070","4902502"
"2016-05-17","2016-05-17 00:00","3005","3055","3000","3000","3005","3000","4403607"
"2016-05-18","2016-05-18 00:00","3025","3055","2949","2999","3025","2999","9138550"
"2016-05-19","2016-05-19 00:00","2940","3025","2931","3005","2940","3005","7633905"
"2016-05-20","2016-05-20 00:00","3020","3040","2956","2968","3020","2968","5955143"
"2016-05-23","2016-05-23 00:00","2987","3085","2981","2999","2987","2999","6224026"
"2016-05-24","2016-05-24 00:00","3020","3070","3015","3060","3020","3060","3146858"
"2016-05-25","2016-05-25 00:00","2950","2971","2941","2956","2950","2956","7871079"
"2016-05-26","2016-05-26 00:00","2899","2967","2885","2957","2899","2957","7808699"
"2016-05-27","2016-05-27 00:00","2930","2946","2908","2930","2930","2930","5214270"
"2016-05-30","2016-05-30 00:00","2880","2906","2848","2851","2880","2851","5901319"
"2016-05-31","2016-05-31 00:00","2868","2877","2786","2794","2868","2794","6584161"
"2016-06-01","2016-06-01 00:00","2840","2900","2820","2889","2840","2889","7083739"
"2016-06-02","2016-06-02 00:00","2927","3030","2926","3015","2927","3015","10050402"
"2016-06-03","2016-06-03 00:00","2996","3025","2963","2987","2996","2987","5724034"
"2016-06-06","2016-06-06 00:00","3095","3105","3010","3015","3095","3015","5313519"
"2016-06-07","2016-06-07 00:00","2988","3030","2965","2976","2988","2976","5202589"
"2016-06-08","2016-06-08 00:00","2964","3010","2925","2925","2964","2925","6747551"
"2016-06-09","2016-06-09 00:00","2950","3005","2937","2977","2950","2977","6488358"
"2016-06-10","2016-06-10 00:00","2981","3040","2977","3000","2981","3000","4247241"
"2016-06-13","2016-06-13 00:00","3105","3205","3100","3200","3105","3200","8193928"
"2016-06-14","2016-06-14 00:00","3220","3315","3185","3270","3220","3270","9910736"
"2016-06-15","2016-06-15 00:00","3300","3325","3215","3245","3300","3245","7303659"
"2016-06-16","2016-06-16 00:00","3270","3465","3250","3450","3270","3450","10403857"
"2016-06-17","2016-06-17 00:00","3330","3380","3290","3370","3330","3370","8019724"
"2016-06-20","2016-06-20 00:00","3240","3260","3175","3210","3240","3210","6127144"
"2016-06-21","2016-06-21 00:00","3250","3290","3115","3130","3250","3130","7239283"
"2016-06-22","2016-06-22 00:00","3155","3205","3130","3170","3155","3170","3968635"
"2016-06-23","2016-06-23 00:00","3150","3175","3085","3100","3150","3100","4481086"
"2016-06-24","2016-06-24 00:00","3055","3635","3035","3605","3055","3605","31385249"
"2016-06-27","2016-06-27 00:00","3500","3550","3415","3420","3500","3420","9696220"
"2016-06-28","2016-06-28 00:00","3525","3550","3340","3400","3525","3400","11544213"
"2016-06-29","2016-06-29 00:00","3310","3375","3270","3295","3310","3295","7776905"
"2016-06-30","2016-06-30 00:00","3215","3285","3205","3280","3215","3280","6326665"
"2016-07-01","2016-07-01 00:00","3235","3275","3210","3245","3235","3245","6649607"
"2016-07-04","2016-07-04 00:00","3295","3295","3190","3210","3295","3210","6820687"
"2016-07-05","2016-07-05 00:00","3245","3280","3235","3255","3245","3255","5166945"
"2016-07-06","2016-07-06 00:00","3355","3460","3345","3375","3355","3375","12612491"
"2016-07-07","2016-07-07 00:00","3370","3430","3345","3410","3370","3410","7196318"
"2016-07-08","2016-07-08 00:00","3400","3490","3355","3475","3400","3475","9956567"
"2016-07-11","2016-07-11 00:00","3300","3310","3160","3210","3300","3210","10395264"
"2016-07-12","2016-07-12 00:00","3055","3065","2990","3050","3055","3050","11195664"
"2016-07-13","2016-07-13 00:00","2923","3010","2919","3000","2923","3000","15948853"
"2016-07-14","2016-07-14 00:00","2991","2998","2932","2939","2991","2939","11646286"
"2016-07-15","2016-07-15 00:00","2912","2932","2861","2897","2912","2897","17821325"
"2016-07-19","2016-07-19 00:00","2850","2893","2818","2823","2850","2823","9685631"
"2016-07-20","2016-07-20 00:00","2850","2878","2830","2840","2850","2840","6227160"
"2016-07-21","2016-07-21 00:00","2762","2885","2745","2885","2762","2885","10392377"
"2016-07-22","2016-07-22 00:00","2864","2873","2829","2856","2864","2856","8730892"
"2016-07-25","2016-07-25 00:00","2838","2854","2798","2851","2838","2851","7001153"
"2016-07-26","2016-07-26 00:00","2878","2954","2874","2925","2878","2925","14392659"
"2016-07-27","2016-07-27 00:00","2851","2876","2789","2820","2851","2820","11906399"
"2016-07-28","2016-07-28 00:00","2859","2901","2845","2887","2859","2887","8826368"
"2016-07-29","2016-07-29 00:00","2895","3010","2805","2858","2895","2858","24979907"
"2016-08-01","2016-08-01 00:00","2926","2941","2822","2838","2926","2838","10237818"
"2016-08-02","2016-08-02 00:00","2888","2922","2868","2921","2888","2921","8411893"
"2016-08-03","2016-08-03 00:00","3000","3040","2959","3035","3000","3035","11069632"
"2016-08-04","2016-08-04 00:00","2999","3095","2958","2961","2999","2961","13267354"
"2016-08-05","2016-08-05 00:00","2957","2974","2926","2965","2957","2965","6401319"
"2016-08-08","2016-08-08 00:00","2865","2875","2820","2820","2865","2820","6361871"
"2016-08-09","2016-08-09 00:00","2821","2826","2776","2778","2821","2778","6237328"
"2016-08-10","2016-08-10 00:00","2803","2816","2760","2798","2803","2798","6516957"
"2016-08-12","2016-08-12 00:00","2751","2759","2719","2725","2751","2725","7239254"
"2016-08-15","2016-08-15 00:00","2741","2748","2720","2745","2741","2745","3600598"
"2016-08-16","2016-08-16 00:00","2734","2828","2733","2828","2734","2828","5227577"
"2016-08-17","2016-08-17 00:00","2825","2829","2772","2779","2825","2779","5010659"
"2016-08-18","2016-08-18 00:00","2818","2865","2785","2863","2818","2863","7724606"
"2016-08-19","2016-08-19 00:00","2834","2877","2820","2848","2834","2848","5483160"
"2016-08-22","2016-08-22 00:00","2822","2846","2814","2827","2822","2827","4544949"
"2016-08-23","2016-08-23 00:00","2842","2876","2804","2861","2842","2861","6197939"
"2016-08-24","2016-08-24 00:00","2825","2844","2809","2830","2825","2830","3862560"
"2016-08-25","2016-08-25 00:00","2830","2849","2814","2835","2830","2835","3537518"
"2016-08-26","2016-08-26 00:00","2856","2913","2856","2903","2856","2903","6453366"
"2016-08-29","2016-08-29 00:00","2792","2793","2760","2766","2792","2766","6216246"
"2016-08-30","2016-08-30 00:00","2781","2788","2763","2766","2781","2766","2691963"
"2016-08-31","2016-08-31 00:00","2730","2736","2711","2716","2730","2716","6214831"
"2016-09-01","2016-09-01 00:00","2719","2728","2702","2714","2719","2714","4275483"
"2016-09-02","2016-09-02 00:00","2718","2731","2701","2707","2718","2707","4547545"
"2016-09-05","2016-09-05 00:00","2645","2681","2635","2677","2645","2677","6303607"
"2016-09-06","2016-09-06 00:00","2671","2673","2653","2657","2671","2657","3144721"
"2016-09-07","2016-09-07 00:00","2709","2713","2676","2676","2709","2676","4186056"
"2016-09-08","2016-09-08 00:00","2682","2734","2680","2693","2682","2693","3737927"
"2016-09-09","2016-09-09 00:00","2686","2715","2676","2687","2686","2687","4641015"
"2016-09-12","2016-09-12 00:00","2755","2809","2743","2791","2755","2791","8200441"
"2016-09-13","2016-09-13 00:00","2750","2790","2744","2767","2750","2767","6164466"
"2016-09-14","2016-09-14 00:00","2800","2813","2772","2805","2800","2805","6807697"
"2016-09-15","2016-09-15 00:00","2833","2892","2833","2876","2833","2876","7847112"
"2016-09-16","2016-09-16 00:00","2857","2873","2831","2833","2857","2833","4385265"
"2016-09-20","2016-09-20 00:00","2873","2877","2811","2847","2873","2847","5773107"
"2016-09-21","2016-09-21 00:00","2854","2889","2731","2737","2854","2737","10126363"
"2016-09-23","2016-09-23 00:00","2745","2761","2734","2759","2745","2759","3977891"
"2016-09-26","2016-09-26 00:00","2769","2833","2767","2827","2769","2827","3964975"
"2016-09-27","2016-09-27 00:00","2869","2909","2778","2780","2869","2780","8711662"
"2016-09-28","2016-09-28 00:00","2798","2834","2792","2813","2798","2813","5290856"
"2016-09-29","2016-09-29 00:00","2754","2762","2707","2725","2754","2725","6859580"
"2016-09-30","2016-09-30 00:00","2798","2820","2790","2810","2798","2810","7258767"
"2016-10-03","2016-10-03 00:00","2760","2768","2737","2756","2760","2756","5158146"
"2016-10-04","2016-10-04 00:00","2730","2742","2706","2720","2730","2720","5726015"
"2016-10-05","2016-10-05 00:00","2691","2713","2674","2681","2691","2681","6113599"
"2016-10-06","2016-10-06 00:00","2646","2660","2631","2658","2646","2658","6229995"
"2016-10-07","2016-10-07 00:00","2659","2679","2654","2666","2659","2666","4908644"
"2016-10-11","2016-10-11 00:00","2639","2642","2597","2613","2639","2613","6513357"
"2016-10-12","2016-10-12 00:00","2663","2669","2636","2664","2663","2664","4831556"
"2016-10-13","2016-10-13 00:00","2640","2701","2625","2692","2640","2692","6664490"
"2016-10-14","2016-10-14 00:00","2692","2704","2662","2662","2692","2662","4932739"
"2016-10-17","2016-10-17 00:00","2664","2675","2634","2647","2664","2647","4581693"
"2016-10-18","2016-10-18 00:00","2660","2667","2630","2631","2660","2631","4066514"
"2016-10-19","2016-10-19 00:00","2634","2640","2614","2619","2634","2619","2943539"
"2016-10-20","2016-10-20 00:00","2620","2622","2549","2549","2620","2549","9419615"
"2016-10-21","2016-10-21 00:00","2533","2569","2528","2561","2533","2561","5553683"
"2016-10-24","2016-10-24 00:00","2540","2564","2540","2546","2540","2546","4130666"
"2016-10-25","2016-10-25 00:00","2518","2524","2502","2505","2518","2505","5956439"
"2016-10-26","2016-10-26 00:00","2519","2525","2499","2500","2519","2500","4036291"
"2016-10-27","2016-10-27 00:00","2508","2530","2491","2512","2508","2512","5139854"
"2016-10-28","2016-10-28 00:00","2483","2493","2477","2482","2483","2482","5002154"
"2016-10-31","2016-10-31 00:00","2506","2516","2487","2488","2506","2488","4449409"
"2016-11-01","2016-11-01 00:00","2495","2512","2471","2485","2495","2485","5330368"
"2016-11-02","2016-11-02 00:00","2540","2585","2526","2568","2540","2568","9863711"
"2016-11-04","2016-11-04 00:00","2615","2669","2610","2641","2615","2641","11422764"
"2016-11-07","2016-11-07 00:00","2551","2589","2549","2549","2551","2549","6579659"
"2016-11-08","2016-11-08 00:00","2533","2566","2532","2553","2533","2553","4419808"
"2016-11-09","2016-11-09 00:00","2519","2870","2475","2820","2519","2820","56362713"
"2016-11-10","2016-11-10 00:00","2494","2528","2427","2454","2494","2454","21432927"
"2016-11-11","2016-11-11 00:00","2404","2450","2368","2434","2404","2434","13386255"
"2016-11-14","2016-11-14 00:00","2405","2409","2346","2356","2405","2356","11809603"
"2016-11-15","2016-11-15 00:00","2350","2371","2341","2356","2350","2356","7654981"
"2016-11-16","2016-11-16 00:00","2309","2317","2296","2300","2309","2300","9529228"
"2016-11-17","2016-11-17 00:00","2325","2326","2297","2300","2325","2300","6835425"
"2016-11-18","2016-11-18 00:00","2251","2272","2251","2269","2251","2269","8712996"
"2016-11-21","2016-11-21 00:00","2258","2266","2234","2239","2258","2239","7677526"
"2016-11-22","2016-11-22 00:00","2247","2254","2223","2225","2247","2225","6509377"
"2016-11-24","2016-11-24 00:00","2175","2189","2172","2186","2175","2186","6142235"
"2016-11-25","2016-11-25 00:00","2172","2195","2148","2169","2172","2169","10404170"
"2016-11-28","2016-11-28 00:00","2191","2212","2174","2177","2191","2177","8335138"
"2016-11-29","2016-11-29 00:00","2208","2208","2185","2192","2208","2192","5575503"
"2016-11-30","2016-11-30 00:00","2180","2196","2174","2192","2180","2192","4141569"
"2016-12-01","2016-12-01 00:00","2130","2154","2086","2142","2130","2142","18572882"
"2016-12-02","2016-12-02 00:00","2160","2186","2149","2158","2160","2158","10319768"
"2016-12-05","2016-12-05 00:00","2179","2208","2174","2200","2179","2200","8012090"
"2016-12-06","2016-12-06 00:00","2151","2186","2144","2175","2151","2175","6881752"
"2016-12-07","2016-12-07 00:00","2157","2163","2142","2145","2157","2145","6091175"
"2016-12-08","2016-12-08 00:00","2101","2118","2082","2083","2101","2083","9906270"
"2016-12-09","2016-12-09 00:00","2070","2072","2019","2024","2070","2024","13864271"
"2016-12-12","2016-12-12 00:00","1983","2017","1968","1992","1983","1992","10548871"
"2016-12-13","2016-12-13 00:00","2009","2015","1971","1971","2009","1971","9597025"
"2016-12-14","2016-12-14 00:00","1971","1988","1967","1973","1971","1973","6124672"
"2016-12-15","2016-12-15 00:00","1955","1986","1935","1964","1955","1964","15219933"
"2016-12-16","2016-12-16 00:00","1937","1951","1933","1939","1937","1939","7737912"
"2016-12-19","2016-12-19 00:00","1959","1962","1943","1944","1959","1944","5502977"
"2016-12-20","2016-12-20 00:00","1948","1950","1920","1922","1948","1922","8284650"
"2016-12-21","2016-12-21 00:00","1910","1948","1903","1930","1910","1930","9223982"
"2016-12-22","2016-12-22 00:00","1943","1957","1939","1939","1943","1939","7398174"
"2016-12-26","2016-12-26 00:00","1938","1943","1935","1941","1938","1941","3181843"
"2016-12-27","2016-12-27 00:00","1948","1949","1924","1937","1948","1937","6610130"
"2016-12-28","2016-12-28 00:00","1932","1942","1926","1932","1932","1932","3814496"
"2016-12-29","2016-12-29 00:00","1953","1998","1952","1988","1953","1988","9010604"
"2016-12-30","2016-12-30 00:00","2017","2019","1978","1994","2017","1994","10100302"
"2017-01-04","2017-01-04 00:00","1956","1958","1892","1893","1956","1893","14686266"
"2017-01-05","2017-01-05 00:00","1890","1916","1887","1904","1890","1904","7832423"
"2017-01-06","2017-01-06 00:00","1940","1942","1915","1915","1940","1915","7698588"
"2017-01-10","2017-01-10 00:00","1926","1959","1912","1946","1926","1946","8788931"
"2017-01-11","2017-01-11 00:00","1935","1944","1929","1935","1935","1935","4893757"
"2017-01-12","2017-01-12 00:00","1956","1995","1952","1980","1956","1980","12021312"
"2017-01-13","2017-01-13 00:00","1973","1978","1948","1950","1973","1950","7616298"
"2017-01-16","2017-01-16 00:00","1964","1996","1958","1986","1964","1986","9313126"
"2017-01-17","2017-01-17 00:00","1998","2046","1995","2045","1998","2045","15250929"
"2017-01-18","2017-01-18 00:00","2057","2083","2018","2027","2057","2027","17810044"
"2017-01-19","2017-01-19 00:00","1989","2012","1980","1987","1989","1987","10890895"
"2017-01-20","2017-01-20 00:00","1993","1998","1968","1972","1993","1972","9188524"
"2017-01-23","2017-01-23 00:00","2015","2030","1999","2029","2015","2029","10039583"
"2017-01-24","2017-01-24 00:00","2046","2052","2023","2046","2046","2046","10883162"
"2017-01-25","2017-01-25 00:00","1981","2007","1975","1993","1981","1993","9082126"
"2017-01-26","2017-01-26 00:00","1953","1956","1918","1921","1953","1921","12673326"
"2017-01-27","2017-01-27 00:00","1907","1919","1902","1909","1907","1909","7963579"
"2017-01-30","2017-01-30 00:00","1922","1938","1919","1925","1922","1925","6592190"
"2017-01-31","2017-01-31 00:00","1972","1990","1959","1988","1972","1988","11625238"
"2017-02-01","2017-02-01 00:00","2012","2016","1965","1966","2012","1966","11233625"
"2017-02-02","2017-02-02 00:00","1963","2024","1962","2014","1963","2014","10333354"
"2017-02-03","2017-02-03 00:00","1990","2035","1982","2013","1990","2013","11572649"
"2017-02-06","2017-02-06 00:00","1977","2018","1976","2000","1977","2000","7699625"
"2017-02-07","2017-02-07 00:00","2028","2036","2000","2015","2028","2015","8799682"
"2017-02-08","2017-02-08 00:00","2009","2022","1995","1997","2009","1997","7036066"
"2017-02-09","2017-02-09 00:00","2008","2022","1997","2015","2008","2015","7255857"
"2017-02-10","2017-02-10 00:00","1949","1954","1911","1913","1949","1913","15154874"
"2017-02-13","2017-02-13 00:00","1887","1907","1886","1897","1887","1897","8111591"
"2017-02-14","2017-02-14 00:00","1891","1942","1890","1938","1891","1938","10698090"
"2017-02-15","2017-02-15 00:00","1898","1903","1890","1899","1898","1899","7038717"
"2017-02-16","2017-02-16 00:00","1906","1936","1903","1918","1906","1918","8338523"
"2017-02-17","2017-02-17 00:00","1940","1954","1932","1942","1940","1942","8833600"
"2017-02-20","2017-02-20 00:00","1953","1965","1930","1937","1953","1937","5272273"
"2017-02-21","2017-02-21 00:00","1932","1935","1908","1911","1932","1911","4940005"
"2017-02-22","2017-02-22 00:00","1902","1922","1901","1911","1902","1911","4952786"
"2017-02-23","2017-02-23 00:00","1913","1935","1912","1914","1913","1914","5595058"
"2017-02-24","2017-02-24 00:00","1936","1942","1908","1928","1936","1928","8212835"
"2017-02-27","2017-02-27 00:00","1954","1985","1949","1960","1954","1960","11169498"
"2017-02-28","2017-02-28 00:00","1939","1961","1930","1960","1939","1960","6347681"
"2017-03-01","2017-03-01 00:00","1938","1952","1900","1903","1938","1903","16966194"
"2017-03-02","2017-03-02 00:00","1859","1870","1850","1870","1859","1870","9602021"
"2017-03-03","2017-03-03 00:00","1875","1902","1867","1887","1875","1887","10464680"
"2017-03-06","2017-03-06 00:00","1898","1913","1898","1906","1898","1906","5640868"
"2017-03-07","2017-03-07 00:00","1912","1915","1905","1912","1912","1912","5545350"
"2017-03-08","2017-03-08 00:00","1916","1941","1914","1930","1916","1930","5299035"
"2017-03-09","2017-03-09 00:00","1910","1929","1910","1915","1910","1915","4487385"
"2017-03-10","2017-03-10 00:00","1891","1894","1855","1856","1891","1856","12383008"
"2017-03-13","2017-03-13 00:00","1870","1874","1848","1855","1870","1855","5080514"
"2017-03-14","2017-03-14 00:00","1850","1860","1850","1857","1850","1857","2482467"
"2017-03-15","2017-03-15 00:00","1872","1878","1862","1862","1872","1862","4288095"
"2017-03-16","2017-03-16 00:00","1886","1888","1856","1860","1886","1860","6692053"
"2017-03-17","2017-03-17 00:00","1878","1883","1870","1874","1878","1874","4647706"
"2017-03-21","2017-03-21 00:00","1895","1910","1881","1887","1895","1887","6601464"
"2017-03-22","2017-03-22 00:00","1957","1972","1941","1970","1957","1970","11221616"
"2017-03-23","2017-03-23 00:00","1962","1983","1955","1958","1962","1958","6187655"
"2017-03-24","2017-03-24 00:00","1963","1966","1914","1921","1963","1921","8896075"
"2017-03-27","2017-03-27 00:00","1961","1990","1957","1981","1961","1981","8988102"
"2017-03-28","2017-03-28 00:00","1944","1953","1934","1937","1944","1937","7572215"
"2017-03-29","2017-03-29 00:00","1905","1915","1896","1908","1905","1908","6934729"
"2017-03-30","2017-03-30 00:00","1914","1938","1903","1933","1914","1933","4905755"
"2017-03-31","2017-03-31 00:00","1909","1959","1903","1957","1909","1957","8721168"
"2017-04-03","2017-04-03 00:00","1948","1962","1929","1944","1948","1944","6453530"
"2017-04-04","2017-04-04 00:00","1959","2005","1954","1980","1959","1980","12297603"
"2017-04-05","2017-04-05 00:00","1963","1991","1956","1972","1963","1972","7154091"
"2017-04-06","2017-04-06 00:00","1994","2041","1986","2026","1994","2026","14279223"
"2017-04-07","2017-04-07 00:00","1999","2047","1987","2011","1999","2011","18931676"
"2017-04-10","2017-04-10 00:00","1986","1993","1972","1985","1986","1985","9736468"
"2017-04-11","2017-04-11 00:00","2005","2013","1991","1995","2005","1995","9519580"
"2017-04-12","2017-04-12 00:00","2029","2056","2026","2038","2029","2038","15540185"
"2017-04-13","2017-04-13 00:00","2072","2090","2056","2063","2072","2063","14496759"
"2017-04-14","2017-04-14 00:00","2080","2094","2066","2085","2080","2085","9531019"
"2017-04-17","2017-04-17 00:00","2106","2109","2078","2080","2106","2080","11343353"
"2017-04-18","2017-04-18 00:00","2047","2078","2036","2062","2047","2062","9499093"
"2017-04-19","2017-04-19 00:00","2084","2087","2053","2061","2084","2061","9220203"
"2017-04-20","2017-04-20 00:00","2059","2063","2041","2062","2059","2062","8562895"
"2017-04-21","2017-04-21 00:00","2028","2039","2013","2017","2028","2017","8371660"
"2017-04-24","2017-04-24 00:00","1962","1973","1958","1962","1962","1962","12966899"
"2017-04-25","2017-04-25 00:00","1969","1969","1914","1921","1969","1921","10673266"
"2017-04-26","2017-04-26 00:00","1897","1904","1881","1881","1897","1881","11031762"
"2017-04-27","2017-04-27 00:00","1896","1897","1882","1887","1896","1887","6264439"
"2017-04-28","2017-04-28 00:00","1891","1904","1884","1897","1891","1897","7816928"
"2017-05-01","2017-05-01 00:00","1894","1895","1875","1875","1894","1875","6263617"
"2017-05-02","2017-05-02 00:00","1869","1870","1845","1847","1869","1847","10411584"
"2017-05-08","2017-05-08 00:00","1796","1798","1756","1762","1796","1762","17956758"
"2017-05-09","2017-05-09 00:00","1759","1772","1759","1770","1759","1770","7135236"
"2017-05-10","2017-05-10 00:00","1764","1768","1754","1761","1764","1761","6873127"
"2017-05-11","2017-05-11 00:00","1753","1761","1745","1749","1753","1749","6400459"
"2017-05-12","2017-05-12 00:00","1760","1778","1753","1763","1760","1763","6918561"
"2017-05-15","2017-05-15 00:00","1785","1787","1767","1768","1785","1768","5447981"
"2017-05-16","2017-05-16 00:00","1753","1767","1744","1758","1753","1758","7430570"
"2017-05-17","2017-05-17 00:00","1781","1785","1770","1777","1781","1777","8462329"
"2017-05-18","2017-05-18 00:00","1827","1842","1813","1822","1827","1822","15723614"
"2017-05-19","2017-05-19 00:00","1815","1834","1808","1814","1815","1814","9459670"
"2017-05-22","2017-05-22 00:00","1800","1811","1792","1799","1800","1799","5578647"
"2017-05-23","2017-05-23 00:00","1807","1817","1797","1812","1807","1812","5400462"
"2017-05-24","2017-05-24 00:00","1780","1797","1780","1787","1780","1787","5283895"
"2017-05-25","2017-05-25 00:00","1791","1792","1768","1775","1791","1775","7497926"
"2017-05-26","2017-05-26 00:00","1779","1798","1778","1795","1779","1795","5109410"
"2017-05-29","2017-05-29 00:00","1796","1809","1788","1797","1796","1797","4231485"
"2017-05-30","2017-05-30 00:00","1800","1819","1797","1801","1800","1801","6311868"
"2017-05-31","2017-05-31 00:00","1810","1816","1800","1803","1810","1803","4374054"
"2017-06-01","2017-06-01 00:00","1799","1799","1761","1765","1799","1765","12259664"
"2017-06-02","2017-06-02 00:00","1749","1749","1698","1705","1749","1705","20720841"
"2017-06-05","2017-06-05 00:00","1718","1723","1701","1708","1718","1708","6650312"
"2017-06-06","2017-06-06 00:00","1717","1748","1713","1744","1717","1744","9409362"
"2017-06-07","2017-06-07 00:00","1747","1754","1734","1744","1747","1744","6957851"
"2017-06-08","2017-06-08 00:00","1729","1757","1727","1752","1729","1752","7767165"
"2017-06-09","2017-06-09 00:00","1742","1751","1720","1736","1742","1736","8228294"
"2017-06-12","2017-06-12 00:00","1754","1766","1746","1755","1754","1755","7639132"
"2017-06-13","2017-06-13 00:00","1764","1764","1749","1754","1764","1754","5047352"
"2017-06-14","2017-06-14 00:00","1742","1758","1737","1758","1742","1758","4182520"
"2017-06-15","2017-06-15 00:00","1767","1781","1743","1768","1767","1768","10699155"
"2017-06-16","2017-06-16 00:00","1751","1757","1735","1749","1751","1749","8643323"
"2017-06-19","2017-06-19 00:00","1745","1748","1724","1726","1745","1726","7423133"
"2017-06-20","2017-06-20 00:00","1700","1700","1683","1698","1700","1698","11162414"
"2017-06-21","2017-06-21 00:00","1706","1717","1701","1715","1706","1715","7136994"
"2017-06-22","2017-06-22 00:00","1712","1719","1704","1716","1712","1716","4640067"
"2017-06-23","2017-06-23 00:00","1713","1722","1712","1714","1713","1714","4266281"
"2017-06-26","2017-06-26 00:00","1716","1718","1703","1710","1716","1710","3396597"
"2017-06-27","2017-06-27 00:00","1697","1705","1694","1701","1697","1701","5538078"
"2017-06-28","2017-06-28 00:00","1708","1713","1695","1710","1708","1710","6280961"
"2017-06-29","2017-06-29 00:00","1687","1699","1685","1697","1687","1697","6355589"
"2017-06-30","2017-06-30 00:00","1726","1740","1724","1726","1726","1726","10770237"
"2017-07-03","2017-07-03 00:00","1724","1727","1715","1722","1724","1722","5394371"
"2017-07-04","2017-07-04 00:00","1699","1736","1697","1725","1699","1725","8197883"
"2017-07-05","2017-07-05 00:00","1730","1751","1717","1718","1730","1718","9075727"
"2017-07-06","2017-07-06 00:00","1721","1741","1718","1734","1721","1734","7518127"
"2017-07-07","2017-07-07 00:00","1757","1757","1735","1742","1757","1742","10019006"
"2017-07-10","2017-07-10 00:00","1720","1727","1709","1716","1720","1716","7915730"
"2017-07-11","2017-07-11 00:00","1719","1720","1698","1698","1719","1698","7594404"
"2017-07-12","2017-07-12 00:00","1709","1720","1706","1713","1709","1713","6192975"
"2017-07-13","2017-07-13 00:00","1702","1721","1700","1713","1702","1713","6389364"
"2017-07-14","2017-07-14 00:00","1709","1714","1704","1709","1709","1709","5728182"
"2017-07-18","2017-07-18 00:00","1717","1741","1717","1731","1717","1731","8539541"
"2017-07-19","2017-07-19 00:00","1736","1740","1726","1727","1736","1727","4512343"
"2017-07-20","2017-07-20 00:00","1722","1727","1705","1706","1722","1706","8252744"
"2017-07-21","2017-07-21 00:00","1715","1717","1708","1713","1715","1713","5468799"
"2017-07-24","2017-07-24 00:00","1735","1748","1731","1735","1735","1735","9299696"
"2017-07-25","2017-07-25 00:00","1733","1741","1725","1738","1733","1738","3892256"
"2017-07-26","2017-07-26 00:00","1713","1726","1710","1721","1713","1721","7122991"
"2017-07-27","2017-07-27 00:00","1724","1728","1700","1716","1724","1716","11701762"
"2017-07-28","2017-07-28 00:00","1724","1742","1722","1738","1724","1738","8440153"
"2017-07-31","2017-07-31 00:00","1739","1745","1733","1740","1739","1740","6986209"
"2017-08-01","2017-08-01 00:00","1742","1742","1730","1733","1742","1733","6641690"
"2017-08-02","2017-08-02 00:00","1717","1725","1711","1714","1717","1714","7923824"
"2017-08-03","2017-08-03 00:00","1719","1732","1717","1726","1719","1726","6074345"
"2017-08-04","2017-08-04 00:00","1735","1740","1732","1736","1735","1736","5185725"
"2017-08-07","2017-08-07 00:00","1718","1723","1715","1720","1718","1720","6325279"
"2017-08-08","2017-08-08 00:00","1719","1734","1717","1731","1719","1731","6099755"
"2017-08-09","2017-08-09 00:00","1743","1788","1740","1775","1743","1775","19698438"
"2017-08-10","2017-08-10 00:00","1762","1784","1757","1775","1762","1775","10741043"
"2017-08-11","2017-08-11 00:00","1775","1775","1775","1775","1775","1775","0"
"2017-08-14","2017-08-14 00:00","1805","1819","1799","1810","1805","1810","15709972"
"2017-08-15","2017-08-15 00:00","1781","1786","1756","1769","1781","1769","11887497"
"2017-08-16","2017-08-16 00:00","1772","1776","1766","1774","1772","1774","5905788"
"2017-08-17","2017-08-17 00:00","1780","1783","1773","1778","1780","1778","7163978"
"2017-08-18","2017-08-18 00:00","1820","1828","1808","1821","1820","1821","15657202"
"2017-08-21","2017-08-21 00:00","1814","1841","1814","1834","1814","1834","9930024"
"2017-08-22","2017-08-22 00:00","1838","1841","1827","1834","1838","1834","9629484"
"2017-08-23","2017-08-23 00:00","1805","1833","1803","1828","1805","1828","10239806"
"2017-08-24","2017-08-24 00:00","1840","1842","1828","1842","1840","1842","9349349"
"2017-08-25","2017-08-25 00:00","1831","1836","1817","1821","1831","1821","9945781"
"2017-08-28","2017-08-28 00:00","1817","1829","1807","1823","1817","1823","6268468"
"2017-08-29","2017-08-29 00:00","1850","1854","1836","1836","1850","1836","14776610"
"2017-08-30","2017-08-30 00:00","1816","1824","1805","1809","1816","1809","11011729"
"2017-08-31","2017-08-31 00:00","1795","1797","1777","1783","1795","1783","9223448"
"2017-09-01","2017-09-01 00:00","1770","1789","1768","1777","1770","1777","10989911"
"2017-09-04","2017-09-04 00:00","1792","1814","1788","1806","1792","1806","10803878"
"2017-09-05","2017-09-05 00:00","1800","1837","1800","1833","1800","1833","16031982"
"2017-09-06","2017-09-06 00:00","1850","1855","1833","1835","1850","1835","12721858"
"2017-09-07","2017-09-07 00:00","1822","1836","1812","1828","1822","1828","11749167"
"2017-09-08","2017-09-08 00:00","1839","1860","1837","1850","1839","1850","14367441"
"2017-09-11","2017-09-11 00:00","1818","1822","1797","1801","1818","1801","13761377"
"2017-09-12","2017-09-12 00:00","1765","1770","1754","1758","1765","1758","12943364"
"2017-09-13","2017-09-13 00:00","1740","1745","1737","1741","1740","1741","10090269"
"2017-09-14","2017-09-14 00:00","1742","1754","1732","1751","1742","1751","10610867"
"2017-09-15","2017-09-15 00:00","1755","1756","1728","1732","1755","1732","12817408"
"2017-09-18","2017-09-18 00:00","1732","1732","1732","1732","1732","1732","0"
"2017-09-19","2017-09-19 00:00","1694","1695","1661","1662","1694","1662","19726615"
"2017-09-20","2017-09-20 00:00","1663","1669","1657","1663","1663","1663","9963933"
"2017-09-21","2017-09-21 00:00","1636","1658","1633","1653","1636","1653","13452172"
"2017-09-22","2017-09-22 00:00","1650","1671","1644","1662","1650","1662","13543147"
"2017-09-25","2017-09-25 00:00","1643","1652","1638","1647","1643","1647","8079821"
"2017-09-26","2017-09-26 00:00","1654","1663","1649","1661","1654","1661","9859990"
"2017-09-27","2017-09-27 00:00","1648","1655","1644","1644","1648","1644","7444797"
"2017-09-28","2017-09-28 00:00","1625","1642","1624","1631","1625","1631","13472518"
"2017-09-29","2017-09-29 00:00","1638","1644","1630","1633","1638","1633","7787032"
"2017-10-02","2017-10-02 00:00","1626","1631","1624","1624","1626","1624","5587326"
"2017-10-03","2017-10-03 00:00","1615","1618","1588","1591","1615","1591","17425191"
"2017-10-04","2017-10-04 00:00","1585","1594","1579","1588","1585","1588","11994682"
"2017-10-05","2017-10-05 00:00","1586","1592","1583","1586","1586","1586","7843286"
"2017-10-06","2017-10-06 00:00","1576","1582","1574","1577","1576","1577","8602389"
"2017-10-09","2017-10-09 00:00","1577","1577","1577","1577","1577","1577","0"
"2017-10-10","2017-10-10 00:00","1581","1583","1557","1558","1581","1558","12064480"
"2017-10-11","2017-10-11 00:00","1561","1562","1545","1549","1561","1549","9648040"
"2017-10-12","2017-10-12 00:00","1536","1543","1533","1538","1536","1538","12519070"
"2017-10-13","2017-10-13 00:00","1539","1542","1500","1508","1539","1508","21767641"
"2017-10-16","2017-10-16 00:00","1499","1503","1480","1493","1499","1493","14584945"
"2017-10-17","2017-10-17 00:00","1478","1498","1474","1481","1478","1481","15432952"
"2017-10-18","2017-10-18 00:00","1477","1485","1472","1476","1477","1476","12770771"
"2017-10-19","2017-10-19 00:00","1465","1477","1459","1467","1465","1467","18716051"
"2017-10-20","2017-10-20 00:00","1477","1478","1460","1465","1477","1465","16265584"
"2017-10-23","2017-10-23 00:00","1431","1444","1428","1432","1431","1432","26076610"
"2017-10-24","2017-10-24 00:00","1438","1440","1417","1417","1438","1417","25772953"
"2017-10-25","2017-10-25 00:00","1405","1439","1402","1429","1405","1429","26943594"
"2017-10-26","2017-10-26 00:00","1429","1432","1419","1425","1429","1425","17403247"
"2017-10-27","2017-10-27 00:00","1410","1417","1389","1391","1410","1391","24156299"
"2017-10-30","2017-10-30 00:00","1385","1402","1381","1391","1385","1391","15026437"
"2017-10-31","2017-10-31 00:00","1407","1412","1388","1390","1407","1390","17931909"
"2017-11-01","2017-11-01 00:00","1367","1369","1333","1339","1367","1339","29344067"
"2017-11-02","2017-11-02 00:00","1328","1340","1324","1324","1328","1324","22546727"
"2017-11-03","2017-11-03 00:00","1324","1324","1324","1324","1324","1324","0"
"2017-11-06","2017-11-06 00:00","1313","1337","1310","1322","1313","1322","21875486"
"2017-11-07","2017-11-07 00:00","1324","1326","1274","1275","1324","1275","35543363"
"2017-11-08","2017-11-08 00:00","1287","1297","1277","1277","1287","1277","24140441"
"2017-11-09","2017-11-09 00:00","1268","1324","1226","1282","1268","1282","68724463"
"2017-11-10","2017-11-10 00:00","1312","1325","1300","1304","1312","1304","28978749"
"2017-11-13","2017-11-13 00:00","1312","1339","1312","1337","1312","1337","19426454"
"2017-11-14","2017-11-14 00:00","1343","1345","1319","1338","1343","1338","24573041"
"2017-11-15","2017-11-15 00:00","1353","1384","1346","1378","1353","1378","36007592"
"2017-11-16","2017-11-16 00:00","1386","1387","1335","1339","1386","1339","30812717"
"2017-11-17","2017-11-17 00:00","1309","1345","1291","1331","1309","1331","39459580"
"2017-11-20","2017-11-20 00:00","1346","1356","1332","1349","1346","1349","15000572"
"2017-11-21","2017-11-21 00:00","1325","1332","1313","1332","1325","1332","12654742"
"2017-11-22","2017-11-22 00:00","1305","1320","1300","1317","1305","1317","17330686"
"2017-11-23","2017-11-23 00:00","1317","1317","1317","1317","1317","1317","0"
"2017-11-24","2017-11-24 00:00","1332","1336","1314","1315","1332","1315","18735884"
"2017-11-27","2017-11-27 00:00","1302","1331","1301","1322","1302","1322","14597167"
"2017-11-28","2017-11-28 00:00","1326","1337","1311","1321","1326","1321","14765211"
"2017-11-29","2017-11-29 00:00","1305","1317","1304","1310","1305","1310","12509820"
"2017-11-30","2017-11-30 00:00","1312","1320","1292","1292","1312","1292","16007545"
"2017-12-01","2017-12-01 00:00","1268","1301","1264","1283","1268","1283","22860608"
"2017-12-04","2017-12-04 00:00","1279","1298","1279","1295","1279","1295","13293020"
"2017-12-05","2017-12-05 00:00","1310","1319","1300","1305","1310","1305","18948936"
"2017-12-06","2017-12-06 00:00","1318","1366","1316","1357","1318","1357","26351318"
"2017-12-07","2017-12-07 00:00","1338","1340","1315","1316","1338","1316","20899461"
"2017-12-08","2017-12-08 00:00","1299","1311","1280","1280","1299","1280","19722794"
"2017-12-11","2017-12-11 00:00","1272","1284","1268","1269","1272","1269","9175104"
"2017-12-12","2017-12-12 00:00","1267","1279","1261","1273","1267","1273","9445721"
"2017-12-13","2017-12-13 00:00","1273","1295","1273","1286","1273","1286","11357445"
"2017-12-14","2017-12-14 00:00","1293","1301","1284","1297","1293","1297","9359090"
"2017-12-15","2017-12-15 00:00","1302","1320","1287","1309","1302","1309","19974666"
"2017-12-18","2017-12-18 00:00","1285","1289","1267","1268","1285","1268","20980910"
"2017-12-19","2017-12-19 00:00","1263","1274","1259","1272","1263","1272","8550773"
"2017-12-20","2017-12-20 00:00","1277","1281","1266","1268","1277","1268","8632009"
"2017-12-21","2017-12-21 00:00","1274","1290","1269","1274","1274","1274","10881922"
"2017-12-22","2017-12-22 00:00","1275","1281","1268","1270","1275","1270","8738199"
"2017-12-25","2017-12-25 00:00","1269","1273","1264","1265","1269","1265","4139896"
"2017-12-26","2017-12-26 00:00","1268","1272","1264","1269","1268","1269","6509087"
"2017-12-27","2017-12-27 00:00","1269","1270","1262","1264","1269","1264","5103654"
"2017-12-28","2017-12-28 00:00","1264","1285","1260","1281","1264","1281","9018022"
"2017-12-29","2017-12-29 00:00","1272","1284","1268","1280","1272","1280","9616814"
"2018-01-01","2018-01-01 00:00","1280","1280","1280","1280","1280","1280","0"
"2018-01-02","2018-01-02 00:00","1280","1280","1280","1280","1280","1280","0"
"2018-01-03","2018-01-03 00:00","1280","1280","1280","1280","1280","1280","0"
"2018-01-04","2018-01-04 00:00","1235","1237","1200","1201","1235","1201","27498579"
"2018-01-05","2018-01-05 00:00","1185","1197","1175","1177","1185","1177","23740796"
"2018-01-08","2018-01-08 00:00","1177","1177","1177","1177","1177","1177","0"
"2018-01-09","2018-01-09 00:00","1151","1170","1150","1165","1151","1165","16134561"
"2018-01-10","2018-01-10 00:00","1165","1173","1162","1167","1165","1167","11439263"
"2018-01-11","2018-01-11 00:00","1181","1188","1174","1178","1181","1178","16532889"
"2018-01-12","2018-01-12 00:00","1173","1190","1173","1183","1173","1183","13431820"
"2018-01-15","2018-01-15 00:00","1165","1181","1165","1177","1165","1177","10930270"
"2018-01-16","2018-01-16 00:00","1177","1178","1152","1152","1177","1152","14537107"
"2018-01-17","2018-01-17 00:00","1170","1175","1159","1162","1170","1162","16469926"
"2018-01-18","2018-01-18 00:00","1136","1178","1136","1171","1136","1171","27516349"
"2018-01-19","2018-01-19 00:00","1165","1175","1161","1167","1165","1167","14095886"
"2018-01-22","2018-01-22 00:00","1168","1179","1166","1167","1168","1167","14196634"
"2018-01-23","2018-01-23 00:00","1154","1157","1135","1135","1154","1135","20152509"
"2018-01-24","2018-01-24 00:00","1146","1156","1141","1154","1146","1154","17396101"
"2018-01-25","2018-01-25 00:00","1173","1182","1163","1180","1173","1180","18540333"
"2018-01-26","2018-01-26 00:00","1170","1187","1166","1183","1170","1183","18078506"
"2018-01-29","2018-01-29 00:00","1174","1189","1168","1183","1174","1183","13653256"
"2018-01-30","2018-01-30 00:00","1189","1223","1188","1217","1189","1217","33337238"
"2018-01-31","2018-01-31 00:00","1227","1236","1207","1236","1227","1236","28562680"
"2018-02-01","2018-02-01 00:00","1218","1223","1194","1198","1218","1198","26091134"
"2018-02-02","2018-02-02 00:00","1211","1233","1210","1218","1211","1218","33195389"
"2018-02-05","2018-02-05 00:00","1263","1282","1260","1277","1263","1277","43279215"
"2018-02-06","2018-02-06 00:00","1389","1461","1372","1401","1389","1401","106566311"
"2018-02-07","2018-02-07 00:00","1311","1393","1299","1393","1311","1393","76907227"
"2018-02-08","2018-02-08 00:00","1382","1393","1349","1359","1382","1359","57263149"
"2018-02-09","2018-02-09 00:00","1455","1458","1420","1422","1455","1422","67522082"
"2018-02-12","2018-02-12 00:00","1422","1422","1422","1422","1422","1422","0"
"2018-02-13","2018-02-13 00:00","1385","1446","1383","1444","1385","1444","44794429"
"2018-02-14","2018-02-14 00:00","1439","1483","1423","1455","1439","1455","59764034"
"2018-02-15","2018-02-15 00:00","1420","1432","1395","1409","1420","1409","41331214"
"2018-02-16","2018-02-16 00:00","1395","1405","1357","1377","1395","1377","49629062"
"2018-02-19","2018-02-19 00:00","1353","1361","1321","1321","1353","1321","31291204"
"2018-02-20","2018-02-20 00:00","1333","1361","1332","1351","1333","1351","28810461"
"2018-02-21","2018-02-21 00:00","1346","1361","1322","1343","1346","1343","33319146"
"2018-02-22","2018-02-22 00:00","1368","1387","1364","1373","1368","1373","28952283"
"2018-02-23","2018-02-23 00:00","1365","1373","1351","1354","1365","1354","21421091"
"2018-02-26","2018-02-26 00:00","1318","1332","1307","1317","1318","1317","20697135"
"2018-02-27","2018-02-27 00:00","1289","1298","1275","1289","1289","1289","23840156"
"2018-02-28","2018-02-28 00:00","1303","1324","1291","1324","1303","1324","24481375"
"2018-03-01","2018-03-01 00:00","1346","1378","1344","1367","1346","1367","31345910"
"2018-03-02","2018-03-02 00:00","1435","1449","1424","1437","1435","1437","44625743"
"2018-03-05","2018-03-05 00:00","1455","1470","1438","1454","1455","1454","33332829"
"2018-03-06","2018-03-06 00:00","1398","1405","1383","1401","1398","1401","30352350"
"2018-03-07","2018-03-07 00:00","1421","1431","1392","1423","1421","1423","35703757"
"2018-03-08","2018-03-08 00:00","1393","1419","1390","1410","1393","1410","20118368"
"2018-03-09","2018-03-09 00:00","1380","1411","1339","1396","1380","1396","42041852"
"2018-03-12","2018-03-12 00:00","1336","1367","1329","1345","1336","1345","29960402"
"2018-03-13","2018-03-13 00:00","1359","1364","1331","1331","1359","1331","17766441"
"2018-03-14","2018-03-14 00:00","1356","1366","1341","1353","1356","1353","21045483"
"2018-03-15","2018-03-15 00:00","1364","1383","1348","1351","1364","1351","25351505"
"2018-03-16","2018-03-16 00:00","1345","1373","1344","1366","1345","1366","19313956"
"2018-03-19","2018-03-19 00:00","1385","1407","1368","1392","1385","1392","27109986"
"2018-03-20","2018-03-20 00:00","1417","1425","1404","1405","1417","1405","27906138"
"2018-03-21","2018-03-21 00:00","1405","1405","1405","1405","1405","1405","0"
"2018-03-22","2018-03-22 00:00","1407","1408","1377","1377","1407","1377","22497691"
"2018-03-23","2018-03-23 00:00","1460","1512","1453","1504","1460","1504","51965401"
"2018-03-26","2018-03-26 00:00","1533","1544","1482","1482","1533","1482","36682504"
"2018-03-27","2018-03-27 00:00","1449","1454","1401","1404","1449","1404","32945308"
"2018-03-28","2018-03-28 00:00","1440","1449","1416","1417","1440","1417","35727678"
"2018-03-29","2018-03-29 00:00","1387","1419","1378","1400","1387","1400","27718683"
"2018-03-30","2018-03-30 00:00","1367","1377","1349","1356","1367","1356","25040752"
"2018-04-02","2018-04-02 00:00","1361","1366","1339","1366","1361","1366","17027585"
"2018-04-03","2018-04-03 00:00","1408","1409","1372","1379","1408","1379","27615727"
"2018-04-04","2018-04-04 00:00","1360","1385","1360","1375","1360","1375","22397726"
"2018-04-05","2018-04-05 00:00","1345","1357","1320","1330","1345","1330","23914683"
"2018-04-06","2018-04-06 00:00","1334","1344","1319","1340","1334","1340","29695328"
"2018-04-09","2018-04-09 00:00","1345","1348","1320","1327","1345","1327","18593848"
"2018-04-10","2018-04-10 00:00","1337","1345","1296","1311","1337","1311","28484714"
"2018-04-11","2018-04-11 00:00","1306","1325","1306","1324","1306","1324","14178338"
"2018-04-12","2018-04-12 00:00","1328","1338","1322","1329","1328","1329","15833257"
"2018-04-13","2018-04-13 00:00","1311","1319","1298","1314","1311","1314","16050220"
"2018-04-16","2018-04-16 00:00","1308","1316","1302","1306","1308","1306","12462726"
"2018-04-17","2018-04-17 00:00","1310","1316","1301","1305","1310","1305","11403633"
"2018-04-18","2018-04-18 00:00","1297","1298","1264","1268","1297","1268","18873352"
"2018-04-19","2018-04-19 00:00","1258","1266","1246","1265","1258","1265","14588053"
"2018-04-20","2018-04-20 00:00","1270","1278","1256","1266","1270","1266","12847834"
"2018-04-23","2018-04-23 00:00","1267","1279","1262","1275","1267","1275","9934101"
"2018-04-24","2018-04-24 00:00","1258","1269","1252","1252","1258","1252","9550917"
"2018-04-25","2018-04-25 00:00","1273","1277","1260","1261","1273","1261","11381632"
"2018-04-26","2018-04-26 00:00","1248","1254","1242","1248","1248","1248","8489411"
"2018-04-27","2018-04-27 00:00","1242","1245","1230","1232","1242","1232","10535130"
"2018-04-30","2018-04-30 00:00","1232","1232","1232","1232","1232","1232","0"
"2018-05-01","2018-05-01 00:00","1233","1238","1226","1228","1233","1228","5924583"
"2018-05-02","2018-05-02 00:00","1221","1237","1221","1232","1221","1232","6834156"
"2018-05-03","2018-05-03 00:00","1232","1232","1232","1232","1232","1232","0"
"2018-05-04","2018-05-04 00:00","1232","1232","1232","1232","1232","1232","0"
"2018-05-07","2018-05-07 00:00","1227","1246","1227","1232","1227","1232","7278308"
"2018-05-08","2018-05-08 00:00","1238","1238","1221","1226","1238","1226","8041322"
"2018-05-09","2018-05-09 00:00","1233","1244","1231","1239","1233","1239","6968959"
"2018-05-10","2018-05-10 00:00","1229","1238","1224","1228","1229","1228","6635840"
"2018-05-11","2018-05-11 00:00","1219","1221","1199","1199","1219","1199","12044133"
"2018-05-14","2018-05-14 00:00","1200","1203","1187","1188","1200","1188","6280263"
"2018-05-15","2018-05-15 00:00","1187","1196","1185","1196","1187","1196","6432893"
"2018-05-16","2018-05-16 00:00","1203","1206","1197","1203","1203","1203","5262387"
"2018-05-17","2018-05-17 00:00","1194","1196","1187","1190","1194","1190","6884791"
"2018-05-18","2018-05-18 00:00","1183","1189","1180","1183","1183","1183","6652650"
"2018-05-21","2018-05-21 00:00","1182","1182","1170","1173","1182","1173","7158924"
"2018-05-22","2018-05-22 00:00","1174","1180","1172","1180","1174","1180","3729423"
"2018-05-23","2018-05-23 00:00","1187","1211","1180","1206","1187","1206","15989937"
"2018-05-24","2018-05-24 00:00","1213","1241","1211","1234","1213","1234","14878240"
"2018-05-25","2018-05-25 00:00","1241","1248","1224","1230","1241","1230","17533366"
"2018-05-28","2018-05-28 00:00","1227","1237","1221","1230","1227","1230","8086870"
"2018-05-29","2018-05-29 00:00","1234","1255","1233","1242","1234","1242","13828227"
"2018-05-30","2018-05-30 00:00","1284","1290","1272","1280","1284","1280","18326646"
"2018-05-31","2018-05-31 00:00","1260","1270","1252","1258","1260","1258","11095657"
"2018-06-01","2018-06-01 00:00","1266","1269","1244","1263","1266","1263","13418369"
"2018-06-04","2018-06-04 00:00","1238","1241","1223","1226","1238","1226","9691142"
"2018-06-05","2018-06-05 00:00","1218","1228","1213","1220","1218","1220","8399123"
"2018-06-06","2018-06-06 00:00","1220","1225","1207","1211","1220","1211","7269535"
"2018-06-07","2018-06-07 00:00","1194","1197","1186","1188","1194","1188","7882798"
"2018-06-08","2018-06-08 00:00","1191","1204","1183","1204","1191","1204","13456549"
"2018-06-11","2018-06-11 00:00","1203","1206","1186","1191","1203","1191","8699102"
"2018-06-12","2018-06-12 00:00","1172","1192","1170","1181","1172","1181","14252665"
"2018-06-13","2018-06-13 00:00","1180","1182","1172","1174","1180","1174","8354350"
"2018-06-14","2018-06-14 00:00","1186","1197","1181","1197","1186","1197","10395169"
"2018-06-15","2018-06-15 00:00","1180","1194","1180","1184","1180","1184","10966007"
"2018-06-18","2018-06-18 00:00","1190","1211","1189","1202","1190","1202","10080737"
"2018-06-19","2018-06-19 00:00","1213","1245","1209","1243","1213","1243","18859173"
"2018-06-20","2018-06-20 00:00","1236","1257","1210","1214","1236","1214","25363953"
"2018-06-21","2018-06-21 00:00","1216","1220","1188","1196","1216","1196","17142324"
"2018-06-22","2018-06-22 00:00","1225","1228","1215","1215","1225","1215","14564821"
"2018-06-25","2018-06-25 00:00","1212","1239","1211","1236","1212","1236","12693646"
"2018-06-26","2018-06-26 00:00","1255","1262","1232","1234","1255","1234","18055361"
"2018-06-27","2018-06-27 00:00","1234","1248","1231","1242","1234","1242","11912633"
"2018-06-28","2018-06-28 00:00","1247","1266","1237","1240","1247","1240","20803270"
"2018-06-29","2018-06-29 00:00","1234","1255","1231","1236","1234","1236","12881863"
"2018-07-02","2018-07-02 00:00","1245","1295","1235","1292","1245","1292","21532723"
"2018-07-03","2018-07-03 00:00","1281","1321","1277","1294","1281","1294","30624950"
"2018-07-04","2018-07-04 00:00","1311","1317","1295","1302","1311","1302","16423075"
"2018-07-05","2018-07-05 00:00","1306","1334","1299","1322","1306","1322","21578378"
"2018-07-06","2018-07-06 00:00","1308","1312","1282","1292","1308","1292","25242788"
"2018-07-09","2018-07-09 00:00","1280","1284","1255","1262","1280","1262","16354111"
"2018-07-10","2018-07-10 00:00","1243","1246","1231","1243","1243","1243","14788802"
"2018-07-11","2018-07-11 00:00","1267","1295","1263","1276","1267","1276","26688117"
"2018-07-12","2018-07-12 00:00","1262","1264","1239","1244","1262","1244","13639122"
"2018-07-13","2018-07-13 00:00","1214","1218","1188","1198","1214","1198","25338513"
"2018-07-16","2018-07-16 00:00","1198","1198","1198","1198","1198","1198","0"
"2018-07-17","2018-07-17 00:00","1198","1201","1173","1187","1198","1187","15565491"
"2018-07-18","2018-07-18 00:00","1165","1177","1162","1176","1165","1176","15076964"
"2018-07-19","2018-07-19 00:00","1169","1182","1164","1181","1169","1181","16312304"
"2018-07-20","2018-07-20 00:00","1185","1204","1169","1187","1185","1187","28249697"
"2018-07-23","2018-07-23 00:00","1212","1225","1207","1221","1212","1221","19808649"
"2018-07-24","2018-07-24 00:00","1201","1217","1201","1206","1201","1206","11340086"
"2018-07-25","2018-07-25 00:00","1196","1203","1191","1197","1196","1197","9964959"
"2018-07-26","2018-07-26 00:00","1193","1203","1192","1199","1193","1199","9498604"
"2018-07-27","2018-07-27 00:00","1193","1198","1186","1186","1193","1186","10451363"
"2018-07-30","2018-07-30 00:00","1195","1205","1193","1202","1195","1202","11513366"
"2018-07-31","2018-07-31 00:00","1209","1223","1186","1200","1209","1200","23884503"
"2018-08-01","2018-08-01 00:00","1190","1193","1178","1179","1190","1179","13966279"
"2018-08-02","2018-08-02 00:00","1188","1210","1179","1206","1188","1206","21300319"
"2018-08-03","2018-08-03 00:00","1192","1207","1192","1203","1192","1203","12313207"
"2018-08-06","2018-08-06 00:00","1201","1207","1192","1205","1201","1205","10700350"
"2018-08-07","2018-08-07 00:00","1199","1202","1187","1188","1199","1188","9740949"
"2018-08-08","2018-08-08 00:00","1189","1194","1174","1189","1189","1189","12489616"
"2018-08-09","2018-08-09 00:00","1196","1205","1190","1193","1196","1193","9675437"
"2018-08-10","2018-08-10 00:00","1194","1230","1193","1226","1194","1226","21115348"
"2018-08-13","2018-08-13 00:00","1246","1276","1244","1272","1246","1272","26632842"
"2018-08-14","2018-08-14 00:00","1252","1254","1218","1218","1252","1218","22120177"
"2018-08-15","2018-08-15 00:00","1217","1244","1215","1232","1217","1232","14163988"
"2018-08-16","2018-08-16 00:00","1259","1270","1229","1232","1259","1232","31224519"
"2018-08-17","2018-08-17 00:00","1219","1229","1217","1225","1219","1225","12196243"
"2018-08-20","2018-08-20 00:00","1229","1239","1224","1234","1229","1234","11212140"
"2018-08-21","2018-08-21 00:00","1242","1249","1221","1229","1242","1229","13322525"
"2018-08-22","2018-08-22 00:00","1232","1238","1213","1218","1232","1218","15296876"
"2018-08-23","2018-08-23 00:00","1210","1215","1204","1211","1210","1211","12361845"
"2018-08-24","2018-08-24 00:00","1201","1206","1189","1190","1201","1190","13042099"
"2018-08-27","2018-08-27 00:00","1181","1183","1164","1168","1181","1168","13951331"
"2018-08-28","2018-08-28 00:00","1151","1167","1148","1166","1151","1166","19514148"
"2018-08-29","2018-08-29 00:00","1165","1165","1150","1160","1165","1160","17975056"
"2018-08-30","2018-08-30 00:00","1144","1164","1143","1158","1144","1158","18419513"
"2018-08-31","2018-08-31 00:00","1176","1180","1157","1161","1176","1161","23000819"
"2018-09-03","2018-09-03 00:00","1165","1178","1164","1176","1165","1176","11520333"
"2018-09-04","2018-09-04 00:00","1171","1186","1171","1176","1171","1176","14796598"
"2018-09-05","2018-09-05 00:00","1180","1190","1177","1188","1180","1188","13658395"
"2018-09-06","2018-09-06 00:00","1200","1205","1193","1198","1200","1198","15307616"
"2018-09-07","2018-09-07 00:00","1212","1232","1212","1217","1212","1217","22354678"
"2018-09-10","2018-09-10 00:00","1222","1223","1207","1208","1222","1208","16094658"
"2018-09-11","2018-09-11 00:00","1201","1202","1178","1180","1201","1180","17736472"
"2018-09-12","2018-09-12 00:00","1174","1194","1173","1185","1174","1185","14522703"
"2018-09-13","2018-09-13 00:00","1180","1182","1158","1162","1180","1162","20491661"
"2018-09-14","2018-09-14 00:00","1144","1148","1133","1133","1144","1133","25267021"
"2018-09-17","2018-09-17 00:00","1133","1133","1133","1133","1133","1133","0"
"2018-09-18","2018-09-18 00:00","1138","1139","1095","1100","1138","1100","32923753"
"2018-09-19","2018-09-19 00:00","1068","1077","1061","1077","1068","1077","30698136"
"2018-09-20","2018-09-20 00:00","1069","1086","1066","1076","1069","1076","23111648"
"2018-09-21","2018-09-21 00:00","1059","1068","1048","1056","1059","1056","23898555"
"2018-09-24","2018-09-24 00:00","1056","1056","1056","1056","1056","1056","0"
"2018-09-25","2018-09-25 00:00","1058","1064","1052","1054","1058","1054","20212272"
"2018-09-26","2018-09-26 00:00","1047","1048","1031","1031","1047","1031","20992843"
"2018-09-27","2018-09-27 00:00","1039","1053","1025","1050","1039","1050","30462259"
"2018-09-28","2018-09-28 00:00","1025","1031","1008","1021","1025","1021","37149886"
"2018-10-01","2018-10-01 00:00","1015","1021","1005","1010","1015","1010","20204164"
"2018-10-02","2018-10-02 00:00","1000","1014","995","1009","1000","1009","28783344"
"2018-10-03","2018-10-03 00:00","1013","1028","1008","1023","1013","1023","28643869"
"2018-10-04","2018-10-04 00:00","1011","1038","1009","1035","1011","1035","27285439"
"2018-10-05","2018-10-05 00:00","1050","1055","1036","1048","1050","1048","34256551"
"2018-10-08","2018-10-08 00:00","1048","1048","1048","1048","1048","1048","0"
"2018-10-09","2018-10-09 00:00","1070","1079","1066","1075","1070","1075","29550214"
"2018-10-10","2018-10-10 00:00","1072","1086","1065","1073","1072","1073","27946403"
"2018-10-11","2018-10-11 00:00","1147","1170","1133","1157","1147","1157","66498105"
"2018-10-12","2018-10-12 00:00","1167","1175","1144","1145","1167","1145","36140510"
"2018-10-15","2018-10-15 00:00","1165","1191","1163","1190","1165","1190","37609868"
"2018-10-16","2018-10-16 00:00","1187","1190","1160","1160","1187","1160","25119598"
"2018-10-17","2018-10-17 00:00","1126","1137","1117","1130","1126","1130","26641204"
"2018-10-18","2018-10-18 00:00","1127","1148","1125","1147","1127","1147","16955020"
"2018-10-19","2018-10-19 00:00","1182","1191","1157","1159","1182","1159","28667418"
"2018-10-22","2018-10-22 00:00","1174","1186","1145","1149","1174","1149","28282818"
"2018-10-23","2018-10-23 00:00","1171","1214","1170","1212","1171","1212","30182549"
"2018-10-24","2018-10-24 00:00","1191","1221","1188","1201","1191","1201","39905244"
"2018-10-25","2018-10-25 00:00","1275","1299","1265","1293","1275","1293","48971926"
"2018-10-26","2018-10-26 00:00","1266","1328","1265","1301","1266","1301","55946013"
"2018-10-29","2018-10-29 00:00","1283","1311","1266","1307","1283","1307","40341929"
"2018-10-30","2018-10-30 00:00","1323","1323","1252","1270","1323","1270","48116431"
"2018-10-31","2018-10-31 00:00","1242","1255","1215","1215","1242","1215","29839212"
"2018-11-01","2018-11-01 00:00","1227","1246","1219","1242","1227","1242","23622691"
"2018-11-02","2018-11-02 00:00","1223","1227","1167","1175","1223","1175","42625728"
"2018-11-05","2018-11-05 00:00","1204","1214","1194","1211","1204","1211","23160720"
"2018-11-06","2018-11-06 00:00","1194","1200","1182","1183","1194","1183","18551003"
"2018-11-07","2018-11-07 00:00","1180","1200","1152","1189","1180","1189","38894055"
"2018-11-08","2018-11-08 00:00","1141","1150","1136","1146","1141","1146","23795036"
"2018-11-09","2018-11-09 00:00","1150","1173","1146","1170","1150","1170","17274516"
"2018-11-12","2018-11-12 00:00","1184","1192","1162","1167","1184","1167","20531911"
"2018-11-13","2018-11-13 00:00","1226","1251","1214","1217","1226","1217","40518414"
"2018-11-14","2018-11-14 00:00","1212","1221","1196","1214","1212","1214","28354960"
"2018-11-15","2018-11-15 00:00","1233","1238","1214","1216","1233","1216","25135791"
"2018-11-16","2018-11-16 00:00","1213","1233","1208","1231","1213","1231","27464479"
"2018-11-19","2018-11-19 00:00","1232","1232","1210","1214","1232","1214","18127670"
"2018-11-20","2018-11-20 00:00","1244","1248","1228","1241","1244","1241","21189600"
"2018-11-21","2018-11-21 00:00","1278","1281","1242","1246","1278","1246","26890946"
"2018-11-22","2018-11-22 00:00","1237","1252","1227","1230","1237","1230","18896353"
"2018-11-23","2018-11-23 00:00","1230","1230","1230","1230","1230","1230","0"
"2018-11-26","2018-11-26 00:00","1230","1234","1211","1212","1230","1212","15810788"
"2018-11-27","2018-11-27 00:00","1195","1213","1192","1196","1195","1196","19441820"
"2018-11-28","2018-11-28 00:00","1184","1189","1170","1172","1184","1172","15183382"
"2018-11-29","2018-11-29 00:00","1153","1167","1146","1166","1153","1166","18060454"
"2018-11-30","2018-11-30 00:00","1163","1167","1154","1155","1163","1155","14037446"
"2018-12-03","2018-12-03 00:00","1125","1135","1119","1130","1125","1130","22091749"
"2018-12-04","2018-12-04 00:00","1135","1186","1131","1183","1135","1183","32763307"
"2018-12-05","2018-12-05 00:00","1220","1220","1190","1199","1220","1199","34677040"
"2018-12-06","2018-12-06 00:00","1213","1265","1210","1245","1213","1245","41841283"
"2018-12-07","2018-12-07 00:00","1228","1243","1216","1224","1228","1224","29225794"
"2018-12-10","2018-12-10 00:00","1268","1280","1263","1273","1268","1273","28124298"
"2018-12-11","2018-12-11 00:00","1267","1293","1265","1282","1267","1282","32079046"
"2018-12-12","2018-12-12 00:00","1255","1261","1223","1225","1255","1225","29080309"
"2018-12-13","2018-12-13 00:00","1210","1218","1196","1203","1210","1203","21867258"
"2018-12-14","2018-12-14 00:00","1219","1254","1209","1252","1219","1252","35504611"
"2018-12-17","2018-12-17 00:00","1249","1253","1228","1234","1249","1234","18875630"
"2018-12-18","2018-12-18 00:00","1264","1282","1254","1280","1264","1280","38360902"
"2018-12-19","2018-12-19 00:00","1283","1308","1272","1293","1283","1293","44113960"
"2018-12-20","2018-12-20 00:00","1323","1384","1313","1370","1323","1370","60624583"
"2018-12-21","2018-12-21 00:00","1380","1420","1375","1398","1380","1398","55214610"
"2018-12-24","2018-12-24 00:00","1398","1398","1398","1398","1398","1398","0"
"2018-12-25","2018-12-25 00:00","1508","1545","1497","1541","1508","1541","47654209"
"2018-12-26","2018-12-26 00:00","1505","1568","1469","1502","1505","1502","58619951"
"2018-12-27","2018-12-27 00:00","1385","1423","1366","1390","1385","1390","61661052"
"2018-12-28","2018-12-28 00:00","1401","1413","1386","1398","1401","1398","43681070"
"2018-12-31","2018-12-31 00:00","1398","1398","1398","1398","1398","1398","0"
"2019-01-04","2019-01-04 00:00","1482","1503","1462","1464","1482","1464","50253974"
"2019-01-07","2019-01-07 00:00","1365","1390","1351","1388","1365","1388","34679471"
"2019-01-08","2019-01-08 00:00","1364","1376","1342","1358","1364","1358","33615027"
"2019-01-09","2019-01-09 00:00","1340","1345","1322","1332","1340","1332","29924794"
"2019-01-10","2019-01-10 00:00","1352","1375","1341","1366","1352","1366","37642973"
"2019-01-11","2019-01-11 00:00","1345","1348","1334","1338","1345","1338","28678103"
"2019-01-15","2019-01-15 00:00","1358","1362","1310","1314","1358","1314","32105725"
"2019-01-16","2019-01-16 00:00","1310","1343","1310","1327","1310","1327","24594877"
"2019-01-17","2019-01-17 00:00","1314","1341","1311","1333","1314","1333","22409406"
"2019-01-18","2019-01-18 00:00","1321","1326","1295","1297","1321","1297","28577698"
"2019-01-21","2019-01-21 00:00","1271","1296","1268","1290","1271","1290","23103704"
"2019-01-22","2019-01-22 00:00","1284","1311","1279","1306","1284","1306","20897562"
"2019-01-23","2019-01-23 00:00","1324","1325","1293","1306","1324","1306","25822525"
"2019-01-24","2019-01-24 00:00","1315","1321","1301","1308","1315","1308","21239740"
"2019-01-25","2019-01-25 00:00","1304","1305","1274","1281","1304","1281","29534472"
"2019-01-28","2019-01-28 00:00","1285","1302","1283","1301","1285","1301","20015747"
"2019-01-29","2019-01-29 00:00","1311","1328","1294","1298","1311","1298","28677680"
"2019-01-30","2019-01-30 00:00","1291","1314","1291","1308","1291","1308","20890291"
"2019-01-31","2019-01-31 00:00","1273","1294","1270","1281","1273","1281","26949757"
"2019-02-01","2019-02-01 00:00","1281","1287","1263","1283","1281","1283","24342874"
"2019-02-04","2019-02-04 00:00","1277","1279","1264","1269","1277","1269","13569318"
"2019-02-05","2019-02-05 00:00","1259","1277","1258","1276","1259","1276","13477799"
"2019-02-06","2019-02-06 00:00","1262","1272","1259","1269","1262","1269","15004203"
"2019-02-07","2019-02-07 00:00","1268","1296","1265","1285","1268","1285","23370774"
"2019-02-08","2019-02-08 00:00","1315","1340","1309","1337","1315","1337","36847360"
"2019-02-12","2019-02-12 00:00","1321","1323","1264","1265","1321","1265","39264441"
"2019-02-13","2019-02-13 00:00","1244","1251","1224","1231","1244","1231","34819129"
"2019-02-14","2019-02-14 00:00","1232","1238","1221","1233","1232","1233","24037680"
"2019-02-15","2019-02-15 00:00","1249","1266","1247","1260","1249","1260","26919001"
"2019-02-18","2019-02-18 00:00","1214","1225","1211","1214","1214","1214","26442458"
"2019-02-19","2019-02-19 00:00","1216","1221","1206","1209","1216","1209","22190974"
"2019-02-20","2019-02-20 00:00","1206","1210","1189","1197","1206","1197","26931029"
"2019-02-21","2019-02-21 00:00","1200","1209","1182","1191","1200","1191","26297126"
"2019-02-22","2019-02-22 00:00","1202","1205","1193","1195","1202","1195","18168106"
"2019-02-25","2019-02-25 00:00","1180","1188","1177","1183","1180","1183","18611356"
"2019-02-26","2019-02-26 00:00","1181","1197","1174","1193","1181","1193","19804028"
"2019-02-27","2019-02-27 00:00","1187","1187","1178","1178","1187","1178","10640247"
"2019-02-28","2019-02-28 00:00","1182","1201","1181","1200","1182","1200","19419795"
"2019-03-01","2019-03-01 00:00","1188","1188","1169","1172","1188","1172","20114018"
"2019-03-04","2019-03-04 00:00","1152","1159","1145","1148","1152","1148","15693196"
"2019-03-05","2019-03-05 00:00","1162","1167","1152","1162","1162","1162","18661557"
"2019-03-06","2019-03-06 00:00","1165","1179","1163","1173","1165","1173","13601413"
"2019-03-07","2019-03-07 00:00","1189","1195","1187","1191","1189","1191","16923804"
"2019-03-08","2019-03-08 00:00","1206","1241","1204","1239","1206","1239","33769254"
"2019-03-11","2019-03-11 00:00","1231","1247","1221","1226","1231","1226","24599756"
"2019-03-12","2019-03-12 00:00","1188","1190","1173","1177","1188","1177","21951477"
"2019-03-13","2019-03-13 00:00","1188","1214","1183","1207","1188","1207","23016753"
"2019-03-14","2019-03-14 00:00","1180","1200","1176","1199","1180","1199","17693767"
"2019-03-15","2019-03-15 00:00","1193","1193","1176","1182","1193","1182","23816326"
"2019-03-18","2019-03-18 00:00","1170","1179","1165","1171","1170","1171","11590366"
"2019-03-19","2019-03-19 00:00","1171","1186","1169","1172","1171","1172","13393481"
"2019-03-20","2019-03-20 00:00","1174","1179","1166","1167","1174","1167","13333475"
"2019-03-22","2019-03-22 00:00","1166","1180","1160","1173","1166","1173","15808420"
"2019-03-25","2019-03-25 00:00","1218","1247","1217","1240","1218","1240","31383370"
"2019-03-26","2019-03-26 00:00","1212","1213","1180","1181","1212","1181","29633650"
"2019-03-27","2019-03-27 00:00","1171","1182","1166","1172","1171","1172","19822026"
"2019-03-28","2019-03-28 00:00","1187","1210","1186","1203","1187","1203","31726720"
"2019-03-29","2019-03-29 00:00","1178","1191","1175","1184","1178","1184","22635495"
"2019-04-01","2019-04-01 00:00","1146","1153","1132","1150","1146","1150","35663888"
"2019-04-02","2019-04-02 00:00","1126","1149","1124","1146","1126","1146","20531937"
"2019-04-03","2019-04-03 00:00","1145","1153","1128","1130","1145","1130","24878522"
"2019-04-04","2019-04-04 00:00","1128","1134","1121","1129","1128","1129","15822973"
"2019-04-05","2019-04-05 00:00","1126","1126","1115","1118","1126","1118","17651462"
"2019-04-08","2019-04-08 00:00","1107","1125","1107","1123","1107","1123","18632029"
"2019-04-09","2019-04-09 00:00","1123","1129","1117","1122","1123","1122","14022586"
"2019-04-10","2019-04-10 00:00","1143","1145","1131","1132","1143","1132","15572607"
"2019-04-11","2019-04-11 00:00","1134","1136","1126","1128","1134","1128","13735078"
"2019-04-12","2019-04-12 00:00","1117","1130","1111","1112","1117","1112","22555557"
"2019-04-15","2019-04-15 00:00","1089","1090","1077","1081","1089","1081","25642269"
"2019-04-16","2019-04-16 00:00","1084","1085","1072","1075","1084","1075","14299714"
"2019-04-17","2019-04-17 00:00","1072","1080","1064","1070","1072","1070","16141258"
"2019-04-18","2019-04-18 00:00","1070","1092","1068","1090","1070","1090","20783109"
"2019-04-19","2019-04-19 00:00","1073","1081","1072","1078","1073","1078","12205314"
"2019-04-22","2019-04-22 00:00","1077","1087","1069","1074","1077","1074","14319873"
"2019-04-23","2019-04-23 00:00","1073","1085","1070","1071","1073","1071","14098020"
"2019-04-24","2019-04-24 00:00","1061","1084","1061","1076","1061","1076","18439436"
"2019-04-25","2019-04-25 00:00","1077","1081","1064","1066","1077","1066","21029957"
"2019-04-26","2019-04-26 00:00","1079","1088","1069","1070","1079","1070","26579468"
"2019-05-07","2019-05-07 00:00","1083","1107","1080","1104","1083","1104","29886443"
"2019-05-08","2019-05-08 00:00","1134","1143","1132","1136","1134","1136","31024663"
"2019-05-09","2019-05-09 00:00","1145","1165","1139","1155","1145","1155","41881752"
"2019-05-10","2019-05-10 00:00","1155","1181","1135","1160","1155","1160","72381831"
"2019-05-13","2019-05-13 00:00","1180","1185","1168","1180","1180","1180","25861005"
"2019-05-14","2019-05-14 00:00","1220","1227","1189","1191","1220","1191","36054248"
"2019-05-15","2019-05-15 00:00","1184","1203","1178","1179","1184","1179","22083720"
"2019-05-16","2019-05-16 00:00","1184","1205","1183","1194","1184","1194","22734597"
"2019-05-17","2019-05-17 00:00","1169","1177","1155","1171","1169","1171","31327181"
"2019-05-20","2019-05-20 00:00","1165","1167","1151","1163","1165","1163","21358603"
"2019-05-21","2019-05-21 00:00","1175","1181","1163","1168","1175","1168","24529580"
"2019-05-22","2019-05-22 00:00","1155","1168","1154","1167","1155","1167","18334854"
"2019-05-23","2019-05-23 00:00","1179","1190","1174","1182","1179","1182","21901901"
"2019-05-24","2019-05-24 00:00","1208","1209","1186","1188","1208","1188","24111987"
"2019-05-27","2019-05-27 00:00","1179","1187","1172","1178","1179","1178","14939486"
"2019-05-28","2019-05-28 00:00","1176","1177","1166","1171","1176","1171","14415769"
"2019-05-29","2019-05-29 00:00","1193","1210","1190","1199","1193","1199","25865085"
"2019-05-30","2019-05-30 00:00","1210","1220","1203","1207","1210","1207","23713352"
"2019-05-31","2019-05-31 00:00","1222","1246","1218","1245","1222","1245","41583985"
"2019-06-03","2019-06-03 00:00","1275","1280","1262","1270","1275","1270","29683050"
"2019-06-04","2019-06-04 00:00","1264","1282","1259","1267","1264","1267","23607580"
"2019-06-05","2019-06-05 00:00","1224","1231","1218","1221","1224","1221","22643057"
"2019-06-06","2019-06-06 00:00","1223","1225","1213","1221","1223","1221","15833010"
"2019-06-07","2019-06-07 00:00","1209","1216","1205","1205","1209","1205","15146326"
"2019-06-10","2019-06-10 00:00","1181","1186","1175","1180","1181","1180","17749817"
"2019-06-11","2019-06-11 00:00","1184","1186","1168","1170","1184","1170","13747146"
"2019-06-12","2019-06-12 00:00","1178","1180","1165","1178","1178","1178","12817397"
"2019-06-13","2019-06-13 00:00","1186","1202","1181","1192","1186","1192","19927525"
"2019-06-14","2019-06-14 00:00","1189","1196","1180","1180","1189","1180","15993172"
"2019-06-17","2019-06-17 00:00","1184","1188","1172","1177","1184","1177","16461131"
"2019-06-18","2019-06-18 00:00","1182","1202","1177","1197","1182","1197","15875992"
"2019-06-19","2019-06-19 00:00","1159","1163","1152","1153","1159","1153","21832689"
"2019-06-20","2019-06-20 00:00","1145","1151","1138","1142","1145","1142","17050850"
"2019-06-21","2019-06-21 00:00","1138","1167","1137","1163","1138","1163","19797936"
"2019-06-24","2019-06-24 00:00","1167","1170","1156","1159","1167","1159","13679921"
"2019-06-25","2019-06-25 00:00","1166","1178","1156","1171","1166","1171","16605112"
"2019-06-26","2019-06-26 00:00","1180","1183","1172","1178","1180","1178","14807366"
"2019-06-27","2019-06-27 00:00","1170","1174","1151","1151","1170","1151","20775315"
"2019-06-28","2019-06-28 00:00","1157","1164","1151","1158","1157","1158","14650143"
"2019-07-01","2019-07-01 00:00","1115","1125","1103","1104","1115","1104","24755070"
"2019-07-02","2019-07-02 00:00","1109","1111","1100","1105","1109","1105","11834630"
"2019-07-03","2019-07-03 00:00","1109","1123","1108","1117","1109","1117","14785331"
"2019-07-04","2019-07-04 00:00","1105","1111","1103","1110","1105","1110","7527469"
"2019-07-05","2019-07-05 00:00","1109","1114","1105","1105","1109","1105","8265639"
"2019-07-08","2019-07-08 00:00","1112","1129","1112","1125","1112","1125","13374855"
"2019-07-09","2019-07-09 00:00","1118","1128","1109","1125","1118","1125","15134720"
"2019-07-10","2019-07-10 00:00","1125","1127","1117","1122","1125","1122","9442115"
"2019-07-11","2019-07-11 00:00","1123","1125","1113","1114","1123","1114","12432435"
"2019-07-12","2019-07-12 00:00","1109","1119","1106","1109","1109","1109","10154756"
"2019-07-16","2019-07-16 00:00","1115","1127","1112","1124","1115","1124","14265141"
"2019-07-17","2019-07-17 00:00","1129","1140","1129","1132","1129","1132","12889604"
"2019-07-18","2019-07-18 00:00","1146","1182","1144","1179","1146","1179","29427596"
"2019-07-19","2019-07-19 00:00","1163","1167","1127","1130","1163","1130","25068757"
"2019-07-22","2019-07-22 00:00","1138","1145","1131","1137","1138","1137","16869941"
"2019-07-23","2019-07-23 00:00","1132","1135","1105","1114","1132","1114","24081968"
"2019-07-24","2019-07-24 00:00","1101","1106","1100","1104","1101","1104","15352687"
"2019-07-25","2019-07-25 00:00","1095","1099","1091","1096","1095","1096","13512606"
"2019-07-26","2019-07-26 00:00","1106","1115","1103","1109","1106","1109","12197533"
"2019-07-29","2019-07-29 00:00","1108","1122","1108","1115","1108","1115","14468626"
"2019-07-30","2019-07-30 00:00","1106","1107","1093","1104","1106","1104","15741356"
"2019-07-31","2019-07-31 00:00","1120","1126","1115","1119","1120","1119","18052980"
"2019-08-01","2019-08-01 00:00","1138","1145","1117","1121","1138","1121","21134193"
"2019-08-02","2019-08-02 00:00","1166","1180","1155","1167","1166","1167","43565392"
"2019-08-05","2019-08-05 00:00","1186","1229","1181","1209","1186","1209","45273168"
"2019-08-06","2019-08-06 00:00","1278","1280","1219","1221","1278","1221","69751307"
"2019-08-07","2019-08-07 00:00","1225","1244","1223","1229","1225","1229","34024035"
"2019-08-08","2019-08-08 00:00","1227","1237","1209","1217","1227","1217","29825318"
"2019-08-09","2019-08-09 00:00","1199","1210","1198","1210","1199","1210","16944607"
"2019-08-13","2019-08-13 00:00","1240","1248","1232","1238","1240","1238","21248589"
"2019-08-14","2019-08-14 00:00","1208","1222","1205","1213","1208","1213","23091217"
"2019-08-15","2019-08-15 00:00","1259","1267","1240","1243","1259","1243","33247215"
"2019-08-16","2019-08-16 00:00","1252","1254","1234","1237","1252","1237","20098194"
"2019-08-19","2019-08-19 00:00","1215","1230","1213","1221","1215","1221","15644484"
"2019-08-20","2019-08-20 00:00","1216","1219","1207","1209","1216","1209","15426101"
"2019-08-21","2019-08-21 00:00","1228","1231","1213","1215","1228","1215","12765382"
"2019-08-22","2019-08-22 00:00","1204","1219","1200","1213","1204","1213","14007093"
"2019-08-23","2019-08-23 00:00","1214","1217","1202","1202","1214","1202","14874458"
"2019-08-26","2019-08-26 00:00","1262","1266","1247","1254","1262","1254","37702745"
"2019-08-27","2019-08-27 00:00","1230","1233","1222","1233","1230","1233","22950436"
"2019-08-28","2019-08-28 00:00","1230","1234","1225","1227","1230","1227","14862644"
"2019-08-29","2019-08-29 00:00","1226","1241","1224","1231","1226","1231","15558076"
"2019-08-30","2019-08-30 00:00","1205","1209","1195","1198","1205","1198","27614804"
"2019-09-02","2019-09-02 00:00","1211","1212","1204","1208","1211","1208","18716923"
"2019-09-03","2019-09-03 00:00","1214","1215","1205","1209","1214","1209","16821565"
"2019-09-04","2019-09-04 00:00","1214","1217","1201","1205","1214","1205","21579183"
"2019-09-05","2019-09-05 00:00","1190","1191","1146","1152","1190","1152","40040168"
"2019-09-06","2019-09-06 00:00","1142","1148","1137","1144","1142","1144","23618055"
"2019-09-09","2019-09-09 00:00","1142","1144","1127","1129","1142","1129","19080458"
"2019-09-10","2019-09-10 00:00","1124","1126","1116","1121","1124","1121","16209816"
"2019-09-11","2019-09-11 00:00","1114","1116","1097","1101","1114","1101","25192645"
"2019-09-12","2019-09-12 00:00","1081","1084","1076","1081","1081","1081","27180080"
"2019-09-13","2019-09-13 00:00","1068","1076","1057","1057","1068","1057","37746609"
"2019-09-17","2019-09-17 00:00","1065","1071","1054","1059","1065","1059","24750986"
"2019-09-18","2019-09-18 00:00","1057","1063","1055","1061","1057","1061","16513247"
"2019-09-19","2019-09-19 00:00","1051","1058","1032","1053","1051","1053","40612001"
"2019-09-20","2019-09-20 00:00","1045","1053","1038","1051","1045","1051","22896514"
"2019-09-24","2019-09-24 00:00","1050","1050","1041","1046","1050","1046","18803109"
"2019-09-25","2019-09-25 00:00","1060","1067","1054","1055","1060","1055","23452536"
"2019-09-26","2019-09-26 00:00","1042","1058","1039","1056","1042","1056","22463258"
"2019-09-27","2019-09-27 00:00","1046","1067","1045","1054","1046","1054","25018181"
"2019-09-30","2019-09-30 00:00","1066","1074","1060","1066","1066","1066","25649981"
"2019-10-01","2019-10-01 00:00","1057","1059","1046","1051","1057","1051","22283419"
"2019-10-02","2019-10-02 00:00","1067","1068","1060","1062","1067","1062","21927217"
"2019-10-03","2019-10-03 00:00","1098","1110","1095","1104","1098","1104","44116913"
"2019-10-04","2019-10-04 00:00","1104","1110","1095","1097","1104","1097","24853216"
"2019-10-07","2019-10-07 00:00","1091","1104","1089","1099","1091","1099","15549669"
"2019-10-08","2019-10-08 00:00","1088","1089","1073","1077","1088","1077","23379407"
"2019-10-09","2019-10-09 00:00","1100","1100","1090","1090","1100","1090","19358202"
"2019-10-10","2019-10-10 00:00","1092","1105","1075","1081","1092","1081","33351165"
"2019-10-11","2019-10-11 00:00","1062","1068","1054","1057","1062","1057","31607065"
"2019-10-15","2019-10-15 00:00","1029","1033","1015","1017","1029","1017","44170600"
"2019-10-16","2019-10-16 00:00","990","996","978","994","990","994","41904084"
"2019-10-17","2019-10-17 00:00","994","996","987","993","994","993","21991603"
"2019-10-18","2019-10-18 00:00","986","992","975","988","986","988","29429432"
"2019-10-21","2019-10-21 00:00","986","988","981","983","986","983","14465556"
"2019-10-23","2019-10-23 00:00","974","991","973","976","974","976","22744781"
"2019-10-24","2019-10-24 00:00","965","968","962","965","965","965","18309121"
"2019-10-25","2019-10-25 00:00","965","970","961","962","965","962","17790951"
"2019-10-28","2019-10-28 00:00","958","960","955","956","958","956","10477747"
"2019-10-29","2019-10-29 00:00","950","951","946","948","950","948","13281986"
"2019-10-30","2019-10-30 00:00","951","961","949","959","951","959","13935819"
"2019-10-31","2019-10-31 00:00","951","956","946","952","951","952","16679196"
"2019-11-01","2019-11-01 00:00","969","970","957","958","969","958","21652584"
"2019-11-05","2019-11-05 00:00","930","933","917","921","930","921","30424974"
"2019-11-06","2019-11-06 00:00","919","924","917","920","919","920","15100880"
"2019-11-07","2019-11-07 00:00","922","924","917","919","922","919","11284586"
"2019-11-08","2019-11-08 00:00","901","920","896","912","901","912","27039114"
"2019-11-11","2019-11-11 00:00","909","918","906","916","909","916","12934684"
"2019-11-12","2019-11-12 00:00","918","919","900","901","918","901","16037026"
"2019-11-13","2019-11-13 00:00","908","922","907","917","908","917","20341213"
"2019-11-14","2019-11-14 00:00","916","938","913","931","916","931","23341799"
"2019-11-15","2019-11-15 00:00","929","933","915","917","929","917","21219839"
"2019-11-18","2019-11-18 00:00","919","921","908","911","919","911","14859459"
"2019-11-19","2019-11-19 00:00","915","923","911","918","915","918","15016190"
"2019-11-20","2019-11-20 00:00","929","936","918","931","929","931","24252988"
"2019-11-21","2019-11-21 00:00","936","964","933","938","936","938","35988607"
"2019-11-22","2019-11-22 00:00","939","940","924","932","939","932","18464683"
"2019-11-25","2019-11-25 00:00","918","922","914","918","918","918","15575195"
"2019-11-26","2019-11-26 00:00","905","914","892","911","905","911","30984926"
"2019-11-27","2019-11-27 00:00","905","909","901","906","905","906","12029133"
"2019-11-28","2019-11-28 00:00","905","912","903","910","905","910","15217131"
"2019-11-29","2019-11-29 00:00","904","919","902","918","904","918","15614964"
"2019-12-02","2019-12-02 00:00","910","912","897","898","910","898","24204651"
"2019-12-03","2019-12-03 00:00","924","925","909","910","924","910","23991883"
"2019-12-04","2019-12-04 00:00","929","937","927","931","929","931","27635944"
"2019-12-05","2019-12-05 00:00","914","919","910","915","914","915","17246413"
"2019-12-06","2019-12-06 00:00","912","913","907","910","912","910","12648604"
"2019-12-09","2019-12-09 00:00","897","911","896","906","897","906","14293216"
"2019-12-10","2019-12-10 00:00","911","914","904","906","911","906","12881947"
"2019-12-11","2019-12-11 00:00","907","913","905","908","907","908","9464264"
"2019-12-12","2019-12-12 00:00","904","911","902","905","904","905","12746044"
"2019-12-13","2019-12-13 00:00","875","875","857","858","875","858","56650774"
"2019-12-16","2019-12-16 00:00","865","865","858","863","865","863","13527389"
"2019-12-17","2019-12-17 00:00","854","861","853","856","854","856","12341351"
"2019-12-18","2019-12-18 00:00","859","866","857","864","859","864","16463398"
"2019-12-19","2019-12-19 00:00","867","873","864","870","867","870","17980488"
"2019-12-20","2019-12-20 00:00","867","880","867","873","867","873","16551735"
"2019-12-23","2019-12-23 00:00","867","874","866","874","867","874","13877926"
"2019-12-24","2019-12-24 00:00","872","875","871","872","872","872","9576715"
"2019-12-25","2019-12-25 00:00","873","875","872","874","873","874","6213991"
"2019-12-26","2019-12-26 00:00","876","877","865","867","876","867","17063380"
"2019-12-27","2019-12-27 00:00","860","869","860","866","860","866","13087926"
"2019-12-30","2019-12-30 00:00","872","882","872","881","872","881","18523945"
"2020-01-06","2020-01-06 00:00","911","920","910","918","911","918","38861518"
"2020-01-07","2020-01-07 00:00","906","909","886","888","906","888","33948931"
"2020-01-08","2020-01-08 00:00","914","934","906","914","914","914","78602506"
"2020-01-09","2020-01-09 00:00","885","887","869","873","885","873","35366482"
"2020-01-10","2020-01-10 00:00","868","871","859","863","868","863","24756581"
"2020-01-14","2020-01-14 00:00","854","856","848","852","854","852","25265789"
"2020-01-15","2020-01-15 00:00","858","862","853","858","858","858","15452958"
"2020-01-16","2020-01-16 00:00","855","860","854","856","855","856","12358722"
"2020-01-17","2020-01-17 00:00","844","852","843","849","844","849","14826115"
"2020-01-20","2020-01-20 00:00","848","849","844","845","848","845","9525780"
"2020-01-21","2020-01-21 00:00","847","863","847","863","847","863","25381976"
"2020-01-22","2020-01-22 00:00","865","865","849","851","865","851","20958938"
"2020-01-23","2020-01-23 00:00","863","868","857","867","863","867","22416040"
"2020-01-24","2020-01-24 00:00","860","869","860","863","860","863","19680267"
"2020-01-27","2020-01-27 00:00","900","901","889","900","900","900","45865750"
"2020-01-28","2020-01-28 00:00","913","916","905","907","913","907","38607975"
"2020-01-29","2020-01-29 00:00","902","909","894","895","902","895","31124312"
"2020-01-30","2020-01-30 00:00","904","933","900","928","904","928","47122557"
"2020-01-31","2020-01-31 00:00","910","913","890","908","910","908","54547386"
"2020-02-03","2020-02-03 00:00","942","942","921","925","942","925","51924454"
"2020-02-04","2020-02-04 00:00","935","936","914","918","935","918","36270317"
"2020-02-05","2020-02-05 00:00","897","905","891","897","897","897","34486945"
"2020-02-06","2020-02-06 00:00","871","873","846","855","871","855","62310929"
"2020-02-07","2020-02-07 00:00","849","864","848","858","849","858","28496586"
"2020-02-10","2020-02-10 00:00","872","873","860","867","872","867","30750991"
"2020-02-12","2020-02-12 00:00","856","865","854","854","856","854","19590311"
"2020-02-13","2020-02-13 00:00","854","861","851","858","854","858","21609813"
"2020-02-14","2020-02-14 00:00","868","874","863","869","868","869","23164578"
"2020-02-17","2020-02-17 00:00","881","893","876","880","881","880","36429266"
"2020-02-18","2020-02-18 00:00","887","908","887","904","887","904","37784970"
"2020-02-19","2020-02-19 00:00","893","900","882","888","893","888","34690531"
"2020-02-20","2020-02-20 00:00","863","886","857","880","863","880","45848237"
"2020-02-21","2020-02-21 00:00","887","890","873","889","887","889","30189946"
"2020-02-25","2020-02-25 00:00","954","957","936","946","954","946","88018319"
"2020-02-26","2020-02-26 00:00","969","987","959","961","969","961","78677070"
"2020-02-27","2020-02-27 00:00","976","1011","974","1001","976","1001","79463236"
"2020-02-28","2020-02-28 00:00","1054","1097","1052","1081","1054","1081","122551391"
"2020-03-02","2020-03-02 00:00","1110","1110","1027","1052","1110","1052","114309369"
"2020-03-03","2020-03-03 00:00","1022","1079","1015","1079","1022","1079","87009594"
"2020-03-04","2020-03-04 00:00","1101","1104","1063","1079","1101","1079","79147992"
"2020-03-05","2020-03-05 00:00","1049","1067","1049","1055","1049","1055","53180970"
"2020-03-06","2020-03-06 00:00","1085","1126","1081","1114","1085","1114","96968905"
"2020-03-09","2020-03-09 00:00","1200","1249","1195","1231","1200","1231","155388477"
"2020-03-10","2020-03-10 00:00","1261","1325","1183","1199","1261","1199","164437052"
"2020-03-11","2020-03-11 00:00","1221","1257","1184","1255","1221","1255","120581836"
"2020-03-12","2020-03-12 00:00","1307","1395","1287","1367","1307","1367","229802119"
"2020-03-13","2020-03-13 00:00","1575","1650","1420","1531","1575","1531","275508799"
"2020-03-16","2020-03-16 00:00","1491","1622","1448","1622","1491","1622","154885091"
"2020-03-17","2020-03-17 00:00","1690","1724","1495","1601","1690","1601","222449868"
"2020-03-18","2020-03-18 00:00","1577","1660","1522","1653","1577","1653","137315151"
"2020-03-19","2020-03-19 00:00","1573","1730","1565","1674","1573","1674","154014906"
"2020-03-23","2020-03-23 00:00","1688","1706","1592","1625","1688","1625","138160494"
"2020-03-24","2020-03-24 00:00","1465","1492","1382","1387","1465","1387","109199608"
"2020-03-25","2020-03-25 00:00","1242","1264","1152","1157","1242","1157","103063497"
"2020-03-26","2020-03-26 00:00","1239","1287","1210","1260","1239","1260","107764908"
"2020-03-27","2020-03-27 00:00","1179","1245","1171","1209","1179","1209","142369742"
"2020-03-30","2020-03-30 00:00","1243","1249","1191","1194","1243","1194","120150354"
"2020-03-31","2020-03-31 00:00","1172","1214","1149","1212","1172","1212","116139602"
"2020-04-01","2020-04-01 00:00","1242","1335","1219","1312","1242","1312","131527342"
"2020-04-02","2020-04-02 00:00","1330","1363","1296","1344","1330","1344","169334590"
"2020-04-03","2020-04-03 00:00","1241","1370","1219","1343","1241","1343","132005374"
"2020-04-06","2020-04-06 00:00","1341","1348","1211","1226","1341","1226","152918680"
"2020-04-07","2020-04-07 00:00","1166","1230","1145","1174","1166","1174","156978340"
"2020-04-08","2020-04-08 00:00","1165","1201","1112","1126","1165","1126","140314705"
"2020-04-09","2020-04-09 00:00","1125","1148","1116","1128","1125","1128","81647330"
"2020-04-10","2020-04-10 00:00","1100","1135","1100","1107","1100","1107","73635701"
"2020-04-13","2020-04-13 00:00","1134","1161","1119","1160","1134","1160","61617587"
"2020-04-14","2020-04-14 00:00","1147","1151","1076","1088","1147","1088","89244734"
"2020-04-15","2020-04-15 00:00","1094","1105","1082","1092","1094","1092","61186877"
"2020-04-16","2020-04-16 00:00","1126","1139","1115","1123","1126","1123","59332976"
"2020-04-17","2020-04-17 00:00","1078","1086","1049","1055","1078","1055","93662189"
"2020-04-20","2020-04-20 00:00","1085","1087","1064","1076","1085","1076","53095155"
"2020-04-21","2020-04-21 00:00","1102","1130","1091","1119","1102","1119","70270107"
"2020-04-22","2020-04-22 00:00","1140","1169","1136","1136","1140","1136","91116784"
"2020-04-23","2020-04-23 00:00","1118","1126","1101","1103","1118","1103","55294933"
"2020-04-24","2020-04-24 00:00","1112","1129","1108","1119","1112","1119","50353877"
"2020-04-27","2020-04-27 00:00","1093","1097","1054","1060","1093","1060","70828611"
"2020-04-28","2020-04-28 00:00","1057","1073","1051","1060","1057","1060","48673994"
"2020-04-30","2020-04-30 00:00","1002","1015","995","1013","1002","1013","75272660"
"2020-05-01","2020-05-01 00:00","1039","1079","1038","1067","1039","1067","73873669"
"2020-05-07","2020-05-07 00:00","1093","1093","1059","1066","1093","1066","44545736"
"2020-05-08","2020-05-08 00:00","1036","1042","1010","1011","1036","1011","66942698"
"2020-05-11","2020-05-11 00:00","995","998","975","988","995","988","47180410"
"2020-05-12","2020-05-12 00:00","987","999","983","989","987","989","49533447"
"2020-05-13","2020-05-13 00:00","1019","1023","995","1000","1019","1000","46421432"
"2020-05-14","2020-05-14 00:00","1015","1037","1008","1036","1015","1036","56836225"
"2020-05-15","2020-05-15 00:00","1007","1044","1005","1021","1007","1021","65933090"
"2020-05-18","2020-05-18 00:00","1012","1026","1004","1010","1012","1010","40471720"
"2020-05-19","2020-05-19 00:00","962","981","958","977","962","977","60397932"
"2020-05-20","2020-05-20 00:00","980","981","957","965","980","965","47529945"
"2020-05-21","2020-05-21 00:00","955","975","951","968","955","968","47182699"
"2020-05-22","2020-05-22 00:00","967","990","963","983","967","983","54749583"
"2020-05-25","2020-05-25 00:00","955","966","950","950","955","950","40317086"
"2020-05-26","2020-05-26 00:00","931","933","896","901","931","901","81542455"
"2020-05-27","2020-05-27 00:00","904","913","885","888","904","888","66951609"
"2020-05-28","2020-05-28 00:00","867","877","848","848","867","848","114804927"
"2020-05-29","2020-05-29 00:00","859","864","844","851","859","851","78141281"
"2020-06-01","2020-06-01 00:00","845","848","827","835","845","835","66884304"
"2020-06-02","2020-06-02 00:00","828","832","810","814","828","814","67599022"
"2020-06-03","2020-06-03 00:00","784","806","779","794","784","794","100031453"
"2020-06-04","2020-06-04 00:00","775","802","775","790","775","790","103407126"
"2020-06-05","2020-06-05 00:00","793","799","777","777","793","777","72127815"
"2020-06-08","2020-06-08 00:00","757","766","756","757","757","757","65944301"
"2020-06-09","2020-06-09 00:00","759","772","755","760","759","760","70907180"
"2020-06-10","2020-06-10 00:00","773","775","755","759","773","759","59613506"
"2020-06-11","2020-06-11 00:00","782","804","771","804","782","804","109921668"
"2020-06-12","2020-06-12 00:00","847","853","810","815","847","815","210819779"
"2020-06-15","2020-06-15 00:00","829","873","818","873","829","873","134080362"
"2020-06-16","2020-06-16 00:00","818","827","781","786","818","786","147124541"
"2020-06-17","2020-06-17 00:00","789","804","787","792","789","792","62547200"
"2020-06-18","2020-06-18 00:00","798","817","795","799","798","799","95083233"
"2020-06-19","2020-06-19 00:00","787","801","785","791","787","791","60777657"
"2020-06-22","2020-06-22 00:00","801","804","784","793","801","793","58861528"
"2020-06-23","2020-06-23 00:00","778","808","775","784","778","784","97038485"
"2020-06-24","2020-06-24 00:00","785","790","777","785","785","785","47863162"
"2020-06-25","2020-06-25 00:00","803","813","794","805","803","805","81044454"
"2020-06-26","2020-06-26 00:00","790","795","781","785","790","785","67749657"
"2020-06-29","2020-06-29 00:00","806","823","800","819","806","819","101019112"
"2020-06-30","2020-06-30 00:00","790","800","787","800","790","800","60454572"
"2020-07-01","2020-07-01 00:00","795","818","794","813","795","813","56618478"
"2020-07-02","2020-07-02 00:00","808","815","800","811","808","811","79328358"
"2020-07-03","2020-07-03 00:00","801","810","797","798","801","798","62273475"
"2020-07-06","2020-07-06 00:00","797","798","767","769","797","769","86552085"
"2020-07-07","2020-07-07 00:00","772","781","766","776","772","776","51370846"
"2020-07-08","2020-07-08 00:00","784","787","771","786","784","786","53980033"
"2020-07-09","2020-07-09 00:00","781","784","769","778","781","778","57884988"
"2020-07-10","2020-07-10 00:00","780","796","777","795","780","795","64452284"
"2020-07-13","2020-07-13 00:00","773","778","763","764","773","764","58636265"
"2020-07-14","2020-07-14 00:00","774","779","769","775","774","775","42564039"
"2020-07-15","2020-07-15 00:00","760","760","749","750","760","750","66951965"
"2020-07-16","2020-07-16 00:00","752","764","751","761","752","761","52673419"
"2020-07-17","2020-07-17 00:00","759","770","755","766","759","766","50761030"
"2020-07-20","2020-07-20 00:00","762","775","760","765","762","765","45261132"
"2020-07-21","2020-07-21 00:00","759","759","751","753","759","753","34873516"
"2020-07-22","2020-07-22 00:00","759","764","755","761","759","761","38045127"
"2020-07-27","2020-07-27 00:00","782","784","763","766","782","766","45663123"
"2020-07-28","2020-07-28 00:00","765","770","756","768","765","768","30168594"
"2020-07-29","2020-07-29 00:00","775","788","774","786","775","786","51534365"
"2020-07-30","2020-07-30 00:00","777","790","776","790","777","790","33217663"
"2020-07-31","2020-07-31 00:00","794","835","792","834","794","834","121013759"
"2020-08-03","2020-08-03 00:00","814","819","796","798","814","798","74666585"
"2020-08-04","2020-08-04 00:00","778","780","768","769","778","769","55901038"
"2020-08-05","2020-08-05 00:00","776","785","771","774","776","774","50746758"
"2020-08-06","2020-08-06 00:00","776","785","768","780","776","780","34193631"
"2020-08-07","2020-08-07 00:00","781","795","779","786","781","786","49016589"
"2020-08-11","2020-08-11 00:00","771","774","757","758","771","758","48556355"
"2020-08-12","2020-08-12 00:00","757","763","749","752","757","752","64428357"
"2020-08-13","2020-08-13 00:00","730","732","720","724","730","724","78879345"
"2020-08-14","2020-08-14 00:00","719","726","719","722","719","722","46493881"
"2020-08-17","2020-08-17 00:00","728","736","723","732","728","732","46398143"
"2020-08-18","2020-08-18 00:00","733","743","731","735","733","735","32970360"
"2020-08-19","2020-08-19 00:00","740","742","729","732","740","732","28954983"
"2020-08-20","2020-08-20 00:00","739","749","734","747","739","747","37237335"
"2020-08-21","2020-08-21 00:00","736","744","730","742","736","742","43814121"
"2020-08-24","2020-08-24 00:00","743","748","738","739","743","739","27209925"
"2020-08-25","2020-08-25 00:00","722","724","711","720","722","720","59420456"
"2020-08-26","2020-08-26 00:00","722","726","716","720","722","720","31755492"
"2020-08-27","2020-08-27 00:00","717","728","716","727","717","727","25727410"
"2020-08-28","2020-08-28 00:00","722","765","714","745","722","745","146947384"
"2020-08-31","2020-08-31 00:00","725","728","715","727","725","727","70918733"
"2020-09-01","2020-09-01 00:00","731","734","723","729","731","729","33039687"
"2020-09-02","2020-09-02 00:00","720","726","719","722","720","722","26638199"
"2020-09-03","2020-09-03 00:00","702","711","701","708","702","708","50258652"
"2020-09-04","2020-09-04 00:00","730","730","720","723","730","723","72393214"
"2020-09-07","2020-09-07 00:00","727","731","722","731","727","731","38033147"
"2020-09-08","2020-09-08 00:00","723","728","718","718","723","718","28246891"
"2020-09-09","2020-09-09 00:00","738","743","732","734","738","734","50627752"
"2020-09-10","2020-09-10 00:00","722","727","719","721","722","721","31996469"
"2020-09-11","2020-09-11 00:00","723","724","709","710","723","710","47606916"
"2020-09-14","2020-09-14 00:00","704","704","699","700","704","700","28034486"
"2020-09-15","2020-09-15 00:00","706","712","705","707","706","707","23585032"
"2020-09-16","2020-09-16 00:00","708","710","703","706","708","706","18537078"
"2020-09-17","2020-09-17 00:00","709","717","707","714","709","714","32699342"
"2020-09-18","2020-09-18 00:00","714","716","709","711","714","711","22010607"
"2020-09-23","2020-09-23 00:00","719","724","711","711","719","711","37563669"
"2020-09-24","2020-09-24 00:00","722","731","718","728","722","728","53455213"
"2020-09-25","2020-09-25 00:00","720","724","715","719","720","719","26364921"
"2020-09-28","2020-09-28 00:00","710","715","703","704","710","704","45780117"
"2020-09-29","2020-09-29 00:00","699","703","686","690","699","690","66937087"
"2020-09-30","2020-09-30 00:00","694","713","691","710","694","710","60240360"
"2020-10-02","2020-10-02 00:00","700","726","700","722","700","722","72341611"
"2020-10-05","2020-10-05 00:00","705","706","699","703","705","703","44343604"
"2020-10-06","2020-10-06 00:00","698","703","696","697","698","697","37038848"
"2020-10-07","2020-10-07 00:00","705","706","696","697","705","697","31043080"
"2020-10-08","2020-10-08 00:00","693","694","680","683","693","683","58297094"
"2020-10-09","2020-10-09 00:00","679","689","678","686","679","686","33724238"
"2020-10-12","2020-10-12 00:00","686","692","686","687","686","687","27208449"
"2020-10-13","2020-10-13 00:00","682","692","682","686","682","686","19570999"
"2020-10-14","2020-10-14 00:00","690","691","682","685","690","685","27890824"
"2020-10-15","2020-10-15 00:00","688","694","686","690","688","690","34826402"
"2020-10-16","2020-10-16 00:00","691","698","689","695","691","695","27813707"
"2020-10-19","2020-10-19 00:00","688","689","679","681","688","681","46056675"
"2020-10-20","2020-10-20 00:00","685","690","681","687","685","687","37389278"
"2020-10-21","2020-10-21 00:00","685","685","679","682","685","682","30076699"
"2020-10-22","2020-10-22 00:00","688","694","687","692","688","692","30250530"
"2020-10-23","2020-10-23 00:00","687","693","686","688","687","688","25263038"
"2020-10-26","2020-10-26 00:00","690","692","686","691","690","691","22993891"
"2020-10-27","2020-10-27 00:00","697","706","691","691","697","691","36508400"
"2020-10-28","2020-10-28 00:00","698","700","693","695","698","695","27901965"
"2020-10-29","2020-10-29 00:00","709","710","698","701","709","701","37042626"
"2020-10-30","2020-10-30 00:00","703","724","702","720","703","720","60433018"
"2020-11-02","2020-11-02 00:00","714","714","697","700","714","700","52552048"
"2020-11-04","2020-11-04 00:00","677","687","670","675","677","675","94917324"
"2020-11-05","2020-11-05 00:00","665","667","649","651","665","651","82417085"
"2020-11-06","2020-11-06 00:00","651","655","638","640","651","640","70021683"
"2020-11-09","2020-11-09 00:00","630","630","607","612","630","612","79803845"
"2020-11-10","2020-11-10 00:00","594","615","591","610","594","610","98924370"
"2020-11-11","2020-11-11 00:00","595","599","586","588","595","588","63675521"
"2020-11-12","2020-11-12 00:00","585","591","578","580","585","580","59203936"
"2020-11-13","2020-11-13 00:00","586","595","583","587","586","587","46680019"
"2020-11-16","2020-11-16 00:00","573","574","561","562","573","562","70245901"
"2020-11-17","2020-11-17 00:00","554","565","554","558","554","558","40042451"
"2020-11-18","2020-11-18 00:00","564","574","563","570","564","570","48094801"
"2020-11-19","2020-11-19 00:00","575","582","573","575","575","575","62591075"
"2020-11-20","2020-11-20 00:00","582","584","577","579","582","579","49138625"
"2020-11-24","2020-11-24 00:00","559","560","545","550","559","550","65530798"
"2020-11-25","2020-11-25 00:00","535","547","527","544","535","544","87444636"
"2020-11-26","2020-11-26 00:00","546","547","533","534","546","534","57651193"
"2020-11-27","2020-11-27 00:00","537","540","529","530","537","530","50557696"
"2020-11-30","2020-11-30 00:00","521","540","521","537","521","537","54957550"
"2020-12-01","2020-12-01 00:00","530","531","521","523","530","523","44290763"
"2020-12-02","2020-12-02 00:00","520","528","520","524","520","524","36559473"
"2020-12-03","2020-12-03 00:00","525","527","521","523","525","523","31214353"
"2020-12-04","2020-12-04 00:00","527","530","523","525","527","525","37391759"
"2020-12-07","2020-12-07 00:00","520","536","520","534","520","534","47394800"
"2020-12-08","2020-12-08 00:00","539","543","534","537","539","537","45594790"
"2020-12-09","2020-12-09 00:00","533","534","522","523","533","523","51208281"
"2020-12-10","2020-12-10 00:00","527","530","521","524","527","524","26995533"
"2020-12-11","2020-12-11 00:00","525","533","522","529","525","529","44018342"
"2020-12-14","2020-12-14 00:00","527","527","520","525","527","525","47585974"
"2020-12-15","2020-12-15 00:00","529","531","525","527","529","527","33604161"
"2020-12-16","2020-12-16 00:00","522","526","520","524","522","524","26559562"
"2020-12-17","2020-12-17 00:00","523","528","521","522","523","522","36794933"
"2020-12-18","2020-12-18 00:00","525","527","522","525","525","525","34162967"
"2020-12-21","2020-12-21 00:00","521","534","519","527","521","527","52588469"
"2020-12-22","2020-12-22 00:00","532","540","528","538","532","538","56076515"
"2020-12-23","2020-12-23 00:00","530","538","530","534","530","534","42553823"
"2020-12-24","2020-12-24 00:00","528","530","524","527","528","527","54721321"
"2020-12-25","2020-12-25 00:00","527","529","526","526","527","526","17803525"
"2020-12-28","2020-12-28 00:00","525","528","520","520","525","520","56858491"
"2020-12-29","2020-12-29 00:00","516","516","489","490","516","490","108316992"
"2020-12-30","2020-12-30 00:00","490","499","490","494","490","494","63037033"
"2021-01-04","2021-01-04 00:00","489","510","489","501","489","501","90661026"
"2021-01-05","2021-01-05 00:00","507","509","501","506","507","506","62570057"
"2021-01-06","2021-01-06 00:00","507","512","504","509","507","509","47839465"
"2021-01-07","2021-01-07 00:00","497","498","488","494","497","494","96329258"
"2021-01-08","2021-01-08 00:00","486","486","470","470","486","470","110246239"
"2021-01-12","2021-01-12 00:00","472","476","464","467","472","467","59357640"
"2021-01-13","2021-01-13 00:00","469","470","457","458","469","458","60392766"
"2021-01-14","2021-01-14 00:00","459","460","441","450","459","450","115200431"
"2021-01-15","2021-01-15 00:00","445","458","444","456","445","456","67547581"
"2021-01-18","2021-01-18 00:00","467","470","461","465","467","465","36983527"
"2021-01-19","2021-01-19 00:00","458","460","449","452","458","452","53903715"
"2021-01-20","2021-01-20 00:00","446","460","446","456","446","456","82314145"
"2021-01-21","2021-01-21 00:00","448","451","445","448","448","448","45063880"
"2021-01-22","2021-01-22 00:00","454","456","449","451","454","451","38251292"
"2021-01-25","2021-01-25 00:00","450","454","446","446","450","446","40464496"
"2021-01-26","2021-01-26 00:00","450","455","448","455","450","455","49227663"
"2021-01-27","2021-01-27 00:00","450","455","447","451","450","451","40675214"
"2021-01-28","2021-01-28 00:00","470","470","459","466","470","466","53697941"
"2021-01-29","2021-01-29 00:00","461","484","460","483","461","483","91773505"
"2021-02-01","2021-02-01 00:00","484","485","467","467","484","467","89221442"
"2021-02-02","2021-02-02 00:00","463","468","458","459","463","459","45384307"
"2021-02-03","2021-02-03 00:00","455","457","448","449","455","449","50461819"
"2021-02-04","2021-02-04 00:00","452","460","450","458","452","458","42932710"
"2021-02-05","2021-02-05 00:00","450","453","444","444","450","444","56543289"
"2021-02-08","2021-02-08 00:00","442","444","425","426","442","426","79198002"
"2021-02-09","2021-02-09 00:00","422","427","419","422","422","422","56655901"
"2021-02-10","2021-02-10 00:00","425","427","420","420","425","420","42462543"
"2021-02-12","2021-02-12 00:00","418","425","417","422","418","422","32067342"
"2021-02-15","2021-02-15 00:00","416","417","405","405","416","405","91020913"
"2021-02-16","2021-02-16 00:00","402","403","388","396","402","396","107628382"
"2021-02-17","2021-02-17 00:00","399","403","396","399","399","399","44364947"
"2021-02-18","2021-02-18 00:00","397","404","392","401","397","401","48878678"
"2021-02-19","2021-02-19 00:00","408","412","402","407","408","407","66266930"
"2021-02-22","2021-02-22 00:00","399","405","394","403","399","403","55752687"
"2021-02-24","2021-02-24 00:00","407","416","404","415","407","415","59527305"
"2021-02-25","2021-02-25 00:00","400","404","400","401","400","401","43757949"
"2021-02-26","2021-02-26 00:00","417","433","416","432","417","432","153279292"
"2021-03-01","2021-03-01 00:00","416","419","412","413","416","413","61975560"
"2021-03-02","2021-03-02 00:00","405","423","403","419","405","419","67083477"
"2021-03-03","2021-03-03 00:00","417","423","414","416","417","416","57322177"
"2021-03-04","2021-03-04 00:00","427","440","423","433","427","433","110876442"
"2021-03-05","2021-03-05 00:00","440","453","435","437","440","437","150038976"
"2021-03-08","2021-03-08 00:00","423","443","423","439","423","439","107128683"
"2021-03-09","2021-03-09 00:00","438","444","429","430","438","430","139147696"
"2021-03-10","2021-03-10 00:00","426","433","424","429","426","429","66890357"
"2021-03-11","2021-03-11 00:00","429","431","423","425","429","425","49430138"
"2021-03-12","2021-03-12 00:00","421","425","408","409","421","409","63506096"
"2021-03-15","2021-03-15 00:00","406","411","404","408","406","408","52752523"
"2021-03-16","2021-03-16 00:00","408","409","400","403","408","403","26235714"
"2021-03-17","2021-03-17 00:00","406","407","402","404","406","404","24135901"
"2021-03-18","2021-03-18 00:00","398","401","388","395","398","395","68030965"
"2021-03-19","2021-03-19 00:00","403","412","400","406","403","406","63816761"
"2021-03-22","2021-03-22 00:00","419","426","418","424","419","424","75656602"
"2021-03-23","2021-03-23 00:00","418","429","414","429","418","429","48534817"
"2021-03-24","2021-03-24 00:00","436","448","433","447","436","447","79653047"
"2021-03-25","2021-03-25 00:00","445","447","433","436","445","436","64147351"
"2021-03-26","2021-03-26 00:00","425","430","420","422","425","422","57010234"
"2021-03-29","2021-03-29 00:00","413","423","411","418","413","418","73081497"
"2021-03-30","2021-03-30 00:00","411","415","408","410","411","410","55323663"
"2021-03-31","2021-03-31 00:00","415","418","412","417","415","417","47355897"
"2021-04-01","2021-04-01 00:00","410","414","405","410","410","410","45807764"
"2021-04-02","2021-04-02 00:00","400","403","397","397","400","397","53443799"
"2021-04-05","2021-04-05 00:00","392","394","388","391","392","391","43403018"
"2021-04-06","2021-04-06 00:00","389","403","387","402","389","402","54032430"
"2021-04-07","2021-04-07 00:00","401","407","397","400","401","400","81594907"
"2021-04-08","2021-04-08 00:00","402","407","400","401","402","401","31919272"
"2021-04-09","2021-04-09 00:00","397","400","391","399","397","399","78006738"
"2021-04-12","2021-04-12 00:00","397","406","396","406","397","406","26328826"
"2021-04-13","2021-04-13 00:00","404","406","396","399","404","399","32534643"
"2021-04-14","2021-04-14 00:00","401","406","400","404","401","404","30862591"
"2021-04-15","2021-04-15 00:00","406","406","399","402","406","402","23863171"
"2021-04-16","2021-04-16 00:00","398","404","398","401","398","401","25816944"
"2021-04-19","2021-04-19 00:00","402","406","398","403","402","403","34268793"
"2021-04-20","2021-04-20 00:00","411","421","410","417","411","417","78109156"
"2021-04-21","2021-04-21 00:00","432","438","426","435","432","435","82474990"
"2021-04-22","2021-04-22 00:00","424","427","414","414","424","414","61054260"
"2021-04-23","2021-04-23 00:00","422","427","418","419","422","419","94316133"
"2021-04-26","2021-04-26 00:00","417","423","412","415","417","415","38728047"
"2021-04-27","2021-04-27 00:00","413","419","413","419","413","419","38318243"
"2021-04-28","2021-04-28 00:00","421","423","415","417","421","417","36175756"
"2021-04-30","2021-04-30 00:00","420","426","417","423","420","423","49675545"
"2021-05-06","2021-05-06 00:00","419","419","406","409","419","409","58398822"
"2021-05-07","2021-05-07 00:00","409","412","405","408","409","408","43733909"
"2021-05-10","2021-05-10 00:00","407","409","399","403","407","403","73689652"
"2021-05-11","2021-05-11 00:00","411","431","409","429","411","429","122287119"
"2021-05-12","2021-05-12 00:00","426","451","421","443","426","443","142112608"
"2021-05-13","2021-05-13 00:00","454","467","453","464","454","464","122076313"
"2021-05-14","2021-05-14 00:00","450","456","441","443","450","443","75194047"
"2021-05-17","2021-05-17 00:00","435","458","435","452","435","452","66209469"
"2021-05-18","2021-05-18 00:00","446","447","429","431","446","431","75679628"
"2021-05-19","2021-05-19 00:00","449","450","437","443","449","443","61673520"
"2021-05-20","2021-05-20 00:00","449","451","438","441","449","441","62661387"
"2021-05-21","2021-05-21 00:00","435","439","431","434","435","434","54481884"
"2021-05-24","2021-05-24 00:00","438","438","426","433","438","433","45220965"
"2021-05-25","2021-05-25 00:00","427","431","426","427","427","427","31922491"
"2021-05-26","2021-05-26 00:00","432","432","422","425","432","425","37026359"
"2021-05-27","2021-05-27 00:00","427","433","425","427","427","427","38220267"
"2021-05-28","2021-05-28 00:00","413","417","407","408","413","408","67067889"
"2021-05-31","2021-05-31 00:00","412","420","409","417","412","417","47822163"
"2021-06-01","2021-06-01 00:00","412","425","410","418","412","418","44064085"
"2021-06-02","2021-06-02 00:00","421","426","412","415","421","415","53059482"
"2021-06-03","2021-06-03 00:00","416","417","408","411","416","411","39988580"
"2021-06-04","2021-06-04 00:00","417","420","413","414","417","414","37264446"
"2021-06-07","2021-06-07 00:00","407","414","405","413","407","413","34989949"
"2021-06-08","2021-06-08 00:00","411","415","407","412","411","412","33244583"
"2021-06-09","2021-06-09 00:00","414","418","413","417","414","417","22332658"
"2021-06-10","2021-06-10 00:00","419","419","412","413","419","413","22037619"
"2021-06-11","2021-06-11 00:00","412","418","410","414","412","414","40298279"
"2021-06-14","2021-06-14 00:00","409","413","406","407","409","407","31889632"
"2021-06-15","2021-06-15 00:00","405","406","399","400","405","400","71125908"
"2021-06-16","2021-06-16 00:00","404","405","400","403","404","403","25465572"
"2021-06-17","2021-06-17 00:00","407","416","407","412","407","412","42983084"
"2021-06-18","2021-06-18 00:00","408","414","407","414","408","414","29742720"
"2021-06-21","2021-06-21 00:00","429","447","429","441","429","441","97384580"
"2021-06-22","2021-06-22 00:00","422","424","413","414","422","414","65197627"
"2021-06-23","2021-06-23 00:00","413","414","409","413","413","413","32315267"
"2021-06-24","2021-06-24 00:00","415","417","411","414","415","414","32484592"
"2021-06-25","2021-06-25 00:00","407","411","405","407","407","407","33600399"
"2021-06-28","2021-06-28 00:00","407","410","406","408","407","408","19604760"
"2021-06-29","2021-06-29 00:00","411","417","411","415","411","415","59850851"
"2021-06-30","2021-06-30 00:00","412","416","408","414","412","414","44573826"
"2021-07-01","2021-07-01 00:00","413","420","413","417","413","417","54279970"
"2021-07-02","2021-07-02 00:00","418","418","413","415","418","415","34125755"
"2021-07-05","2021-07-05 00:00","416","421","416","419","416","419","38578890"
"2021-07-06","2021-07-06 00:00","418","421","415","418","418","418","30696037"
"2021-07-07","2021-07-07 00:00","432","434","425","427","432","427","52961354"
"2021-07-08","2021-07-08 00:00","429","435","426","435","429","435","56742325"
"2021-07-09","2021-07-09 00:00","445","457","437","438","445","438","136655329"
"2021-07-12","2021-07-12 00:00","422","424","419","420","422","420","54185680"
"2021-07-13","2021-07-13 00:00","416","417","412","417","416","417","39302836"
"2021-07-14","2021-07-14 00:00","422","424","416","419","422","419","32103709"
"2021-07-15","2021-07-15 00:00","421","431","420","430","421","430","45662296"
"2021-07-16","2021-07-16 00:00","440","443","431","437","440","437","51183041"
"2021-07-19","2021-07-19 00:00","448","454","443","449","448","449","59621977"
"2021-07-20","2021-07-20 00:00","457","460","451","456","457","456","56078234"
"2021-07-21","2021-07-21 00:00","444","456","440","452","444","452","57725242"
"2021-07-26","2021-07-26 00:00","436","445","435","443","436","443","52666935"
"2021-07-27","2021-07-27 00:00","440","442","435","438","440","438","40460409"
"2021-07-28","2021-07-28 00:00","447","454","442","449","447","449","56936553"
"2021-07-29","2021-07-29 00:00","444","448","442","444","444","444","41403773"
"2021-07-30","2021-07-30 00:00","448","460","446","460","448","460","78266858"
"2021-08-02","2021-08-02 00:00","450","452","441","443","450","443","60738003"
"2021-08-03","2021-08-03 00:00","450","452","444","447","450","447","43680992"
"2021-08-04","2021-08-04 00:00","449","453","447","449","449","449","35119272"
"2021-08-05","2021-08-05 00:00","452","452","444","444","452","444","39252833"
"2021-08-06","2021-08-06 00:00","444","445","438","441","444","441","31777319"
"2021-08-10","2021-08-10 00:00","439","442","431","440","439","440","52194426"
"2021-08-11","2021-08-11 00:00","434","437","431","434","434","434","36480494"
"2021-08-12","2021-08-12 00:00","430","436","427","435","430","435","35579795"
"2021-08-13","2021-08-13 00:00","434","438","433","435","434","435","27906782"
"2021-08-16","2021-08-16 00:00","441","454","441","451","441","451","68610511"
"2021-08-17","2021-08-17 00:00","444","454","442","454","444","454","41744583"
"2021-08-18","2021-08-18 00:00","455","456","445","448","455","448","54671319"
"2021-08-19","2021-08-19 00:00","455","459","450","457","455","457","61916903"
"2021-08-20","2021-08-20 00:00","460","469","456","467","460","467","93493146"
"2021-08-23","2021-08-23 00:00","460","460","448","451","460","451","73311575"
"2021-08-24","2021-08-24 00:00","445","445","439","442","445","442","43498738"
"2021-08-25","2021-08-25 00:00","440","445","437","442","440","442","32060110"
"2021-08-26","2021-08-26 00:00","440","444","439","443","440","443","23399258"
"2021-08-27","2021-08-27 00:00","448","451","444","445","448","445","46887352"
"2021-08-30","2021-08-30 00:00","437","445","435","440","437","440","35924450"
"2021-08-31","2021-08-31 00:00","443","446","428","431","443","431","92870588"
"2021-09-01","2021-09-01 00:00","429","429","419","419","429","419","77899353"
"2021-09-02","2021-09-02 00:00","417","421","414","416","417","416","52508177"
"2021-09-03","2021-09-03 00:00","415","416","398","399","415","399","97896944"
"2021-09-06","2021-09-06 00:00","387","390","383","385","387","385","81473732"
"2021-09-07","2021-09-07 00:00","378","380","374","377","378","377","78739632"
"2021-09-08","2021-09-08 00:00","380","381","369","372","380","372","104969328"
"2021-09-09","2021-09-09 00:00","377","378","373","375","377","375","72780487"
"2021-09-10","2021-09-10 00:00","374","375","366","367","374","367","67121903"
"2021-09-13","2021-09-13 00:00","367","370","364","365","367","365","33019794"
"2021-09-14","2021-09-14 00:00","361","363","356","358","361","358","66934700"
"2021-09-15","2021-09-15 00:00","364","367","361","362","364","362","54868371"
"2021-09-16","2021-09-16 00:00","360","371","360","367","360","367","52270565"
"2021-09-17","2021-09-17 00:00","366","367","362","362","366","362","43735573"
"2021-09-21","2021-09-21 00:00","378","379","373","378","378","378","83213264"
"2021-09-22","2021-09-22 00:00","380","386","377","384","380","384","76528499"
"2021-09-24","2021-09-24 00:00","368","372","367","367","368","367","43601356"
"2021-09-27","2021-09-27 00:00","367","369","363","369","367","369","31892596"
"2021-09-28","2021-09-28 00:00","369","374","369","370","369","370","38837240"
"2021-09-29","2021-09-29 00:00","379","386","377","380","379","380","61759394"
"2021-09-30","2021-09-30 00:00","379","387","378","383","379","383","49005119"
"2021-10-01","2021-10-01 00:00","388","404","384","400","388","400","113267269"
"2021-10-04","2021-10-04 00:00","392","413","392","409","392","409","92439030"
"2021-10-05","2021-10-05 00:00","425","439","423","429","425","429","120099244"
"2021-10-06","2021-10-06 00:00","421","445","416","437","421","437","138209413"
"2021-10-07","2021-10-07 00:00","432","435","421","432","432","432","93540154"
"2021-10-08","2021-10-08 00:00","419","422","412","421","419","421","85626852"
"2021-10-11","2021-10-11 00:00","422","425","404","407","422","407","87120033"
"2021-10-12","2021-10-12 00:00","409","417","407","416","409","416","75496853"
"2021-10-13","2021-10-13 00:00","420","422","410","416","420","416","50498103"
"2021-10-14","2021-10-14 00:00","413","415","403","404","413","404","43973512"
"2021-10-15","2021-10-15 00:00","396","400","390","390","396","390","68652441"
"2021-10-18","2021-10-18 00:00","389","394","388","391","389","391","38700542"
"2021-10-19","2021-10-19 00:00","389","391","384","387","389","387","37449012"
"2021-10-20","2021-10-20 00:00","381","386","378","385","381","385","38229223"
"2021-10-21","2021-10-21 00:00","388","400","385","399","388","399","55051722"
"2021-10-22","2021-10-22 00:00","403","404","391","396","403","396","66672914"
"2021-10-25","2021-10-25 00:00","405","406","400","401","405","401","34051785"
"2021-10-26","2021-10-26 00:00","393","394","386","387","393","387","49050283"
"2021-10-27","2021-10-27 00:00","390","395","387","389","390","389","39235325"
"2021-10-28","2021-10-28 00:00","397","399","393","395","397","395","49512889"
"2021-10-29","2021-10-29 00:00","395","405","390","393","395","393","59191472"
"2021-11-01","2021-11-01 00:00","379","380","372","372","379","372","83589681"
"2021-11-02","2021-11-02 00:00","376","378","373","376","376","376","47248028"
"2021-11-04","2021-11-04 00:00","367","371","366","369","367","369","40415622"
"2021-11-05","2021-11-05 00:00","369","376","368","373","369","373","38161807"
"2021-11-08","2021-11-08 00:00","370","376","369","376","370","376","30097085"
"2021-11-09","2021-11-09 00:00","372","383","368","382","372","382","43703902"
"2021-11-10","2021-11-10 00:00","384","388","381","386","384","386","56420548"
"2021-11-11","2021-11-11 00:00","389","389","380","383","389","383","38904285"
"2021-11-12","2021-11-12 00:00","378","379","371","372","378","372","76148894"
"2021-11-15","2021-11-15 00:00","369","371","367","369","369","369","32975608"
"2021-11-16","2021-11-16 00:00","370","372","364","368","370","368","46867780"
"2021-11-17","2021-11-17 00:00","366","373","365","371","366","371","29871335"
"2021-11-18","2021-11-18 00:00","374","378","370","374","374","374","52936765"
"2021-11-19","2021-11-19 00:00","374","374","369","369","374","369","30842382"
"2021-11-22","2021-11-22 00:00","373","375","367","369","373","369","52692743"
"2021-11-24","2021-11-24 00:00","372","383","369","380","372","380","51671951"
"2021-11-25","2021-11-25 00:00","376","377","373","375","376","375","17148107"
"2021-11-26","2021-11-26 00:00","379","398","379","395","379","395","72561510"
"2021-11-29","2021-11-29 00:00","403","410","393","407","403","407","108828911"
"2021-11-30","2021-11-30 00:00","396","421","394","420","396","420","95156078"
"2021-12-01","2021-12-01 00:00","418","427","410","416","418","416","132639948"
"2021-12-02","2021-12-02 00:00","424","425","415","420","424","420","80173129"
"2021-12-03","2021-12-03 00:00","418","426","412","412","418","412","70104159"
"2021-12-06","2021-12-06 00:00","414","423","412","415","414","415","32915762"
"2021-12-07","2021-12-07 00:00","407","414","394","396","407","396","61723278"
"2021-12-08","2021-12-08 00:00","388","395","387","388","388","388","38370332"
"2021-12-09","2021-12-09 00:00","389","391","386","391","389","391","24569065"
"2021-12-10","2021-12-10 00:00","397","401","392","400","397","400","34201954"
"2021-12-13","2021-12-13 00:00","392","395","389","393","392","393","25165739"
"2021-12-14","2021-12-14 00:00","397","403","392","400","397","400","47370760"
"2021-12-15","2021-12-15 00:00","402","402","396","398","402","398","24797820"
"2021-12-16","2021-12-16 00:00","382","390","381","381","382","381","50612667"
"2021-12-17","2021-12-17 00:00","388","397","385","396","388","396","49538496"
"2021-12-20","2021-12-20 00:00","402","414","398","412","402","412","91648206"
"2021-12-21","2021-12-21 00:00","400","404","394","395","400","395","59296813"
"2021-12-22","2021-12-22 00:00","391","396","390","394","391","394","26567703"
"2021-12-23","2021-12-23 00:00","389","392","387","387","389","387","20546482"
"2021-12-24","2021-12-24 00:00","387","388","385","387","387","387","18387474"
"2021-12-27","2021-12-27 00:00","388","391","386","390","388","390","33219396"
"2021-12-28","2021-12-28 00:00","382","385","377","379","382","379","50679550"
"2021-12-29","2021-12-29 00:00","380","388","377","384","380","384","46761276"
"2021-12-30","2021-12-30 00:00","386","392","382","385","386","385","47971648"
"2022-01-04","2022-01-04 00:00","379","382","371","373","379","373","60179417"
"2022-01-05","2022-01-05 00:00","373","375","369","371","373","371","36918441"
"2022-01-06","2022-01-06 00:00","379","393","376","393","379","393","84163264"
"2022-01-07","2022-01-07 00:00","387","399","383","392","387","392","59088563"
"2022-01-11","2022-01-11 00:00","396","404","393","400","396","400","68044679"
"2022-01-12","2022-01-12 00:00","393","393","383","384","393","384","51908435"
"2022-01-13","2022-01-13 00:00","387","393","387","392","387","392","51436522"
"2022-01-14","2022-01-14 00:00","398","409","398","402","398","402","94238072"
"2022-01-17","2022-01-17 00:00","396","398","392","396","396","396","40545104"
"2022-01-18","2022-01-18 00:00","393","402","386","399","393","399","86024140"
"2022-01-19","2022-01-19 00:00","410","425","408","421","410","421","116928814"
"2022-01-20","2022-01-20 00:00","424","428","407","411","424","411","101966290"
"2022-01-21","2022-01-21 00:00","426","430","416","418","426","418","116485319"
"2022-01-24","2022-01-24 00:00","426","428","415","416","426","416","65900483"
"2022-01-25","2022-01-25 00:00","420","438","419","431","420","431","129669397"
"2022-01-26","2022-01-26 00:00","430","439","428","434","430","434","65348978"
"2022-01-27","2022-01-27 00:00","429","465","427","461","429","461","158466325"
"2022-01-28","2022-01-28 00:00","449","457","439","441","449","441","105934999"
"2022-01-31","2022-01-31 00:00","443","448","427","431","443","431","63025230"
"2022-02-01","2022-02-01 00:00","423","432","419","430","423","430","69826061"
"2022-02-02","2022-02-02 00:00","423","423","414","415","423","415","52609652"
"2022-02-03","2022-02-03 00:00","423","426","421","423","423","423","47432746"
"2022-02-04","2022-02-04 00:00","427","429","417","418","427","418","63307274"
"2022-02-07","2022-02-07 00:00","422","429","421","424","422","424","49397743"
"2022-02-08","2022-02-08 00:00","422","423","416","423","422","423","41792047"
"2022-02-09","2022-02-09 00:00","416","419","411","412","416","412","38152675"
"2022-02-10","2022-02-10 00:00","405","414","404","409","405","409","42824894"
"2022-02-14","2022-02-14 00:00","425","432","424","428","425","428","61101822"
"2022-02-15","2022-02-15 00:00","426","440","425","434","426","434","63268529"
"2022-02-16","2022-02-16 00:00","418","419","414","415","418","415","58123476"
"2022-02-17","2022-02-17 00:00","416","427","415","421","416","421","73872522"
"2022-02-18","2022-02-18 00:00","432","436","422","425","432","425","82893305"
"2022-02-21","2022-02-21 00:00","441","444","429","432","441","432","62863986"
"2022-02-22","2022-02-22 00:00","448","454","443","446","448","446","104816955"
"2022-02-24","2022-02-24 00:00","453","470","449","463","453","463","134964910"
"2022-02-25","2022-02-25 00:00","452","454","444","444","452","444","95618463"
"2022-02-28","2022-02-28 00:00","445","452","438","442","445","442","97927108"
"2022-03-01","2022-03-01 00:00","431","433","426","433","431","433","60387532"
"2022-03-02","2022-03-02 00:00","445","449","440","447","445","447","70896764"
"2022-03-03","2022-03-03 00:00","436","443","435","439","436","439","35726652"
"2022-03-04","2022-03-04 00:00","445","467","444","458","445","458","119675852"
"2022-03-07","2022-03-07 00:00","478","494","477","486","478","486","95591056"
"2022-03-08","2022-03-08 00:00","497","504","482","503","497","503","121168660"
"2022-03-09","2022-03-09 00:00","499","507","490","506","499","506","90822131"
"2022-03-10","2022-03-10 00:00","476","479","463","466","476","466","96575584"
"2022-03-11","2022-03-11 00:00","474","492","473","483","474","483","84055612"
"2022-03-14","2022-03-14 00:00","476","479","465","479","476","479","68765689"
"2022-03-15","2022-03-15 00:00","483","483","473","478","483","478","68679298"
"2022-03-16","2022-03-16 00:00","470","473","459","462","470","462","60961127"
"2022-03-17","2022-03-17 00:00","436","439","427","429","436","429","81182204"
"2022-03-18","2022-03-18 00:00","431","432","422","424","431","424","56300011"
"2022-03-22","2022-03-22 00:00","414","414","408","411","414","411","62019259"
"2022-03-23","2022-03-23 00:00","396","397","385","386","396","386","96822843"
"2022-03-24","2022-03-24 00:00","396","398","384","384","396","384","80241162"
"2022-03-25","2022-03-25 00:00","378","389","377","383","378","383","91105238"
"2022-03-28","2022-03-28 00:00","385","393","385","388","385","388","52704263"
"2022-03-29","2022-03-29 00:00","383","386","380","381","383","381","55721100"
"2022-03-30","2022-03-30 00:00","373","388","372","381","373","381","73441877"
"2022-03-31","2022-03-31 00:00","387","388","377","386","387","386","60240321"
"2022-04-01","2022-04-01 00:00","391","397","387","389","391","389","65415502"
"2022-04-04","2022-04-04 00:00","390","392","387","387","390","387","26455259"
"2022-04-05","2022-04-05 00:00","382","390","381","387","382","387","41416004"
"2022-04-06","2022-04-06 00:00","394","402","393","397","394","397","50761071"
"2022-04-07","2022-04-07 00:00","409","414","408","410","409","410","47624568"
"2022-04-08","2022-04-08 00:00","404","416","402","408","404","408","44552088"
"2022-04-11","2022-04-11 00:00","412","417","407","414","412","414","40826818"
"2022-04-12","2022-04-12 00:00","421","430","417","429","421","429","63313562"
"2022-04-13","2022-04-13 00:00","425","427","410","411","425","411","52984230"
"2022-04-14","2022-04-14 00:00","409","410","400","401","409","401","42392801"
"2022-04-15","2022-04-15 00:00","411","414","400","404","411","404","47444165"
"2022-04-18","2022-04-18 00:00","412","420","411","412","412","412","36322682"
"2022-04-19","2022-04-19 00:00","404","414","403","406","404","406","35444003"
"2022-04-20","2022-04-20 00:00","400","405","394","400","400","400","62115049"
"2022-04-21","2022-04-21 00:00","399","400","389","390","399","390","44513482"
"2022-04-22","2022-04-22 00:00","403","409","400","403","403","403","61636806"
"2022-04-25","2022-04-25 00:00","419","422","412","418","419","418","61322950"
"2022-04-26","2022-04-26 00:00","411","418","411","414","411","414","39756856"
"2022-04-27","2022-04-27 00:00","430","435","423","425","430","425","78202160"
"2022-04-28","2022-04-28 00:00","423","426","408","409","423","409","64847786"
"2022-05-02","2022-05-02 00:00","413","417","406","411","413","411","58736523"
"2022-05-06","2022-05-06 00:00","413","419","402","404","413","404","50226276"
"2022-05-09","2022-05-09 00:00","414","425","412","424","414","424","51336260"
"2022-05-10","2022-05-10 00:00","431","442","426","429","431","429","85967718"
"2022-05-11","2022-05-11 00:00","434","436","425","428","434","428","50586873"
"2022-05-12","2022-05-12 00:00","440","446","434","443","440","443","63186445"
"2022-05-13","2022-05-13 00:00","436","437","418","420","436","420","59207085"
"2022-05-16","2022-05-16 00:00","409","420","407","416","409","416","48598147"
"2022-05-17","2022-05-17 00:00","416","420","410","412","416","412","28872452"
"2022-05-18","2022-05-18 00:00","407","410","400","406","407","406","48731994"
"2022-05-19","2022-05-19 00:00","428","428","418","420","428","420","57137411"
"2022-05-20","2022-05-20 00:00","418","420","408","409","418","409","43425554"
"2022-05-23","2022-05-23 00:00","401","407","400","401","401","401","42069325"
"2022-05-24","2022-05-24 00:00","401","409","401","409","401","409","34496372"
"2022-05-25","2022-05-25 00:00","409","414","407","411","409","411","28978484"
"2022-05-26","2022-05-26 00:00","410","414","403","412","410","412","37956994"
"2022-05-27","2022-05-27 00:00","401","410","400","407","401","407","38432257"
"2022-05-30","2022-05-30 00:00","397","400","388","389","397","389","78116458"
"2022-05-31","2022-05-31 00:00","391","393","386","393","391","393","41721282"
"2022-06-01","2022-06-01 00:00","391","392","386","388","391","388","41166016"
"2022-06-02","2022-06-02 00:00","390","393","387","389","390","389","32335511"
"2022-06-03","2022-06-03 00:00","381","383","377","378","381","378","49981064"
"2022-06-06","2022-06-06 00:00","384","385","372","374","384","374","50808757"
"2022-06-07","2022-06-07 00:00","372","376","369","373","372","373","59123211"
"2022-06-08","2022-06-08 00:00","369","370","365","365","369","365","59239286"
"2022-06-09","2022-06-09 00:00","366","367","361","365","366","365","41689695"
"2022-06-10","2022-06-10 00:00","371","377","370","377","371","377","66656018"
"2022-06-13","2022-06-13 00:00","393","400","393","399","393","399","106926610"
"2022-06-14","2022-06-14 00:00","415","418","408","409","415","409","119583339"
"2022-06-15","2022-06-15 00:00","410","419","409","419","410","419","77660971"
"2022-06-16","2022-06-16 00:00","401","416","398","414","401","414","71042956"
"2022-06-17","2022-06-17 00:00","436","438","426","429","436","429","101050012"
"2022-06-20","2022-06-20 00:00","422","445","422","436","422","436","76746871"
"2022-06-21","2022-06-21 00:00","428","429","414","420","428","420","67526530"
"2022-06-22","2022-06-22 00:00","414","424","413","422","414","422","46582483"
"2022-06-23","2022-06-23 00:00","424","427","414","422","424","422","66812297"
"2022-06-24","2022-06-24 00:00","422","424","411","411","422","411","50359035"
"2022-06-27","2022-06-27 00:00","403","407","398","400","403","400","49772283"
"2022-06-28","2022-06-28 00:00","402","403","396","396","402","396","43075317"
"2022-06-29","2022-06-29 00:00","402","405","399","401","402","401","51409064"
"2022-06-30","2022-06-30 00:00","403","416","402","414","403","414","56703818"
"2022-07-01","2022-07-01 00:00","413","431","408","428","413","428","86780359"
"2022-07-04","2022-07-04 00:00","421","428","416","419","421","419","98047127"
"2022-07-05","2022-07-05 00:00","412","416","408","411","412","411","87214470"
"2022-07-06","2022-07-06 00:00","419","424","415","421","419","421","79153402"
"2022-07-07","2022-07-07 00:00","415","421","407","408","415","408","75090604"
"2022-07-08","2022-07-08 00:00","405","407","396","406","405","406","117358635"
"2022-07-11","2022-07-11 00:00","396","403","391","399","396","399","74056587"
"2022-07-12","2022-07-12 00:00","403","415","402","414","403","414","59592503"
"2022-07-13","2022-07-13 00:00","412","412","406","408","412","408","58680638"
"2022-07-14","2022-07-14 00:00","412","414","401","403","412","403","48330242"
"2022-07-15","2022-07-15 00:00","399","406","396","399","399","399","49357811"
"2022-07-19","2022-07-19 00:00","394","400","391","393","394","393","51434052"
"2022-07-20","2022-07-20 00:00","381","383","372","372","381","372","113728851"
"2022-07-21","2022-07-21 00:00","375","377","369","370","375","370","93906581"
"2022-07-22","2022-07-22 00:00","370","372","365","366","370","366","74147208"
"2022-07-25","2022-07-25 00:00","373","374","368","373","373","373","67197595"
"2022-07-26","2022-07-26 00:00","373","377","371","373","373","373","60545215"
"2022-07-27","2022-07-27 00:00","376","377","370","371","376","371","64911164"
"2022-07-28","2022-07-28 00:00","364","374","363","369","364","369","87915178"
"2022-07-29","2022-07-29 00:00","365","372","363","369","365","369","85412777"
"2022-08-01","2022-08-01 00:00","369","371","364","365","369","365","68396309"
"2022-08-02","2022-08-02 00:00","368","376","367","375","368","375","92301382"
"2022-08-03","2022-08-03 00:00","370","374","367","371","370","371","73031308"
"2022-08-04","2022-08-04 00:00","364","367","363","366","364","366","64779554"
"2022-08-05","2022-08-05 00:00","368","368","358","358","368","358","104069623"
"2022-08-08","2022-08-08 00:00","362","363","356","357","362","357","80993317"
"2022-08-09","2022-08-09 00:00","360","365","358","364","360","364","35216073"
"2022-08-10","2022-08-10 00:00","366","371","365","367","366","367","50118123"
"2022-08-12","2022-08-12 00:00","359","359","349","349","359","349","146363192"
"2022-08-15","2022-08-15 00:00","346","346","340","340","346","340","60079191"
"2022-08-16","2022-08-16 00:00","340","344","339","341","340","341","55662866"
"2022-08-17","2022-08-17 00:00","339","339","332","332","339","332","101933746"
"2022-08-18","2022-08-18 00:00","338","341","337","339","338","339","77315397"
"2022-08-19","2022-08-19 00:00","336","340","334","339","336","339","68518078"
"2022-08-22","2022-08-22 00:00","347","348","341","342","347","342","60348715"
"2022-08-23","2022-08-23 00:00","347","352","347","350","347","350","63968957"
"2022-08-24","2022-08-24 00:00","350","355","348","353","350","353","52513611"
"2022-08-25","2022-08-25 00:00","351","353","348","349","351","349","39584435"
"2022-08-26","2022-08-26 00:00","344","346","341","345","344","345","45813753"
"2022-08-29","2022-08-29 00:00","363","367","361","364","363","364","129831991"
"2022-08-30","2022-08-30 00:00","358","363","354","355","358","355","94325318"
"2022-08-31","2022-08-31 00:00","362","364","357","359","362","359","94855177"
"2022-09-01","2022-09-01 00:00","365","371","364","369","365","369","117538299"
"2022-09-02","2022-09-02 00:00","366","372","366","370","366","370","75932582"
"2022-09-05","2022-09-05 00:00","371","373","368","369","371","369","86285955"
"2022-09-06","2022-09-06 00:00","369","372","364","370","369","370","78379702"
"2022-09-07","2022-09-07 00:00","372","380","371","374","372","374","110425487"
"2022-09-08","2022-09-08 00:00","367","367","357","357","367","357","113510594"
"2022-09-09","2022-09-09 00:00","354","357","352","353","354","353","99795902"
"2022-09-12","2022-09-12 00:00","346","348","343","346","346","346","73706891"
"2022-09-13","2022-09-13 00:00","345","346","342","344","345","344","46433034"
"2022-09-14","2022-09-14 00:00","363","364","357","362","363","362","152405975"
"2022-09-15","2022-09-15 00:00","361","364","359","361","361","361","40341207"
"2022-09-16","2022-09-16 00:00","368","371","367","369","368","369","93123001"
"2022-09-20","2022-09-20 00:00","362","368","360","365","362","365","57320464"
"2022-09-21","2022-09-21 00:00","372","377","371","376","372","376","100938847"
"2022-09-22","2022-09-22 00:00","383","386","379","380","383","380","97677204"
"2022-09-26","2022-09-26 00:00","393","401","392","400","393","400","136503865"
"2022-09-27","2022-09-27 00:00","396","399","393","396","396","396","50746118"
"2022-09-28","2022-09-28 00:00","399","416","397","410","399","410","141949402"
"2022-09-29","2022-09-29 00:00","392","400","391","393","392","393","88373873"
"2022-09-30","2022-09-30 00:00","400","413","398","410","400","410","115732903"
"2022-10-03","2022-10-03 00:00","415","419","399","400","415","400","131503576"
"2022-10-04","2022-10-04 00:00","386","387","375","375","386","375","114901364"
"2022-10-05","2022-10-05 00:00","371","375","370","372","371","372","70916112"
"2022-10-06","2022-10-06 00:00","371","372","364","366","371","366","85440215"
"2022-10-07","2022-10-07 00:00","376","377","370","373","376","373","95441240"
"2022-10-11","2022-10-11 00:00","385","393","383","391","385","391","124572635"
"2022-10-12","2022-10-12 00:00","393","395","388","392","393","392","81852474"
"2022-10-13","2022-10-13 00:00","391","397","391","397","391","397","52140913"
"2022-10-14","2022-10-14 00:00","377","380","368","370","377","370","110609249"
"2022-10-17","2022-10-17 00:00","379","383","378","380","379","380","113842288"
"2022-10-18","2022-10-18 00:00","367","376","366","368","367","368","93578624"
"2022-10-19","2022-10-19 00:00","367","368","362","365","367","365","88151107"
"2022-10-20","2022-10-20 00:00","373","376","370","372","373","372","125073114"
"2022-10-21","2022-10-21 00:00","375","376","373","376","375","376","47560413"
"2022-10-24","2022-10-24 00:00","365","373","364","373","365","373","64615501"
"2022-10-25","2022-10-25 00:00","368","371","363","367","368","367","109106221"
"2022-10-26","2022-10-26 00:00","361","362","356","360","361","360","110655184"
"2022-10-27","2022-10-27 00:00","362","364","360","364","362","364","69568327"
"2022-10-28","2022-10-28 00:00","371","373","365","369","371","369","105223700"
"2022-10-31","2022-10-31 00:00","359","361","356","356","359","356","88001790"
"2022-11-01","2022-11-01 00:00","355","358","353","353","355","353","50102696"
"2022-11-02","2022-11-02 00:00","356","357","353","353","356","353","46409665"
"2022-11-04","2022-11-04 00:00","364","371","362","366","364","366","114257031"
"2022-11-07","2022-11-07 00:00","361","362","355","358","361","358","75737680"
"2022-11-08","2022-11-08 00:00","353","353","346","349","353","349","112048568"
"2022-11-09","2022-11-09 00:00","346","353","346","351","346","351","59189756"
"2022-11-10","2022-11-10 00:00","359","361","357","359","359","359","71613483"
"2022-11-11","2022-11-11 00:00","340","342","335","338","340","338","144926445"
"2022-11-14","2022-11-14 00:00","340","345","338","345","340","345","82062582"
"2022-11-15","2022-11-15 00:00","345","347","342","343","345","343","61145625"
"2022-11-16","2022-11-16 00:00","344","350","341","343","344","343","101852123"
"2022-11-17","2022-11-17 00:00","346","346","342","344","346","344","50075029"
"2022-11-18","2022-11-18 00:00","344","347","342","346","344","346","61802943"
"2022-11-21","2022-11-21 00:00","344","348","343","346","344","346","55718271"
"2022-11-22","2022-11-22 00:00","343","343","338","341","343","341","76500726"
"2022-11-24","2022-11-24 00:00","334","335","331","335","334","335","91157829"
"2022-11-25","2022-11-25 00:00","334","337","334","336","334","336","50365777"
"2022-11-28","2022-11-28 00:00","337","342","337","339","337","339","88033351"
"2022-11-29","2022-11-29 00:00","343","346","341","342","343","342","92258601"
"2022-11-30","2022-11-30 00:00","346","348","343","343","346","343","68685632"
"2022-12-01","2022-12-01 00:00","332","338","331","337","332","337","80892001"
"2022-12-02","2022-12-02 00:00","342","351","342","349","342","349","82776887"
"2022-12-05","2022-12-05 00:00","348","351","346","347","348","347","57979243"
"2022-12-06","2022-12-06 00:00","350","350","344","346","350","346","47005947"
"2022-12-07","2022-12-07 00:00","350","352","347","350","350","350","58018645"
"2022-12-08","2022-12-08 00:00","352","358","351","353","352","353","72110294"
"2022-12-09","2022-12-09 00:00","350","352","343","345","350","345","63383114"
"2022-12-12","2022-12-12 00:00","349","350","345","346","349","346","54395460"
"2022-12-13","2022-12-13 00:00","340","345","339","343","340","343","57193634"
"2022-12-14","2022-12-14 00:00","342","343","337","338","342","338","62163881"
"2022-12-15","2022-12-15 00:00","342","343","338","341","342","341","65565883"
"2022-12-16","2022-12-16 00:00","351","355","349","354","351","354","86785205"
"2022-12-19","2022-12-19 00:00","360","364","358","362","360","362","97760743"
"2022-12-20","2022-12-20 00:00","360","383","358","378","360","378","172503278"
"2022-12-21","2022-12-21 00:00","379","388","377","384","379","384","132541694"
"2022-12-22","2022-12-22 00:00","378","384","377","380","378","380","66846950"
"2022-12-23","2022-12-23 00:00","388","392","386","389","388","389","83795793"
"2022-12-26","2022-12-26 00:00","387","387","382","383","387","383","32618800"
"2022-12-27","2022-12-27 00:00","379","382","376","382","379","382","40641624"
"2022-12-28","2022-12-28 00:00","386","390","384","385","386","385","33500056"
"2022-12-29","2022-12-29 00:00","392","396","390","391","392","391","61487919"
"2022-12-30","2022-12-30 00:00","386","392","384","391","386","391","48137926"
"2023-01-04","2023-01-04 00:00","398","404","397","402","398","402","69732222"
"2023-01-05","2023-01-05 00:00","397","401","394","399","397","399","51294721"
"2023-01-06","2023-01-06 00:00","402","402","392","394","402","394","58752369"
"2023-01-10","2023-01-10 00:00","387","390","383","387","387","387","72591067"
"2023-01-11","2023-01-11 00:00","383","383","378","380","383","380","33265466"
"2023-01-12","2023-01-12 00:00","378","382","377","379","378","379","32332091"
"2023-01-13","2023-01-13 00:00","385","390","381","389","385","389","58377826"
"2023-01-16","2023-01-16 00:00","397","401","394","398","397","398","60819850"
"2023-01-17","2023-01-17 00:00","395","396","386","388","395","388","46480317"
"2023-01-18","2023-01-18 00:00","385","386","367","369","385","369","80825518"
"2023-01-19","2023-01-19 00:00","375","381","374","380","375","380","47911531"
"2023-01-20","2023-01-20 00:00","381","383","375","375","381","375","44241921"
"2023-01-23","2023-01-23 00:00","367","369","364","365","367","365","48718540"
"2023-01-24","2023-01-24 00:00","357","358","352","354","357","354","68396223"
"2023-01-25","2023-01-25 00:00","357","357","349","352","357","352","69826612"
"2023-01-26","2023-01-26 00:00","351","355","348","352","351","352","41039020"
"2023-01-27","2023-01-27 00:00","351","354","350","352","351","352","39241317"
"2023-01-30","2023-01-30 00:00","352","354","349","351","352","351","64656871"
"2023-01-31","2023-01-31 00:00","351","354","349","353","351","353","40051634"
"2023-02-01","2023-02-01 00:00","349","354","348","352","349","352","60867493"
"2023-02-02","2023-02-02 00:00","349","354","349","351","349","351","43401081"
"2023-02-03","2023-02-03 00:00","349","350","346","348","349","348","52664879"
"2023-02-06","2023-02-06 00:00","342","345","340","344","342","344","79276403"
"2023-02-07","2023-02-07 00:00","343","345","341","344","343","344","22668063"
"2023-02-08","2023-02-08 00:00","346","350","344","347","346","347","45897209"
"2023-02-09","2023-02-09 00:00","350","351","345","346","350","346","40496671"
"2023-02-10","2023-02-10 00:00","346","347","341","344","346","344","75677529"
"2023-02-13","2023-02-13 00:00","348","355","347","351","348","351","45822573"
"2023-02-14","2023-02-14 00:00","344","348","343","346","344","346","32881462"
"2023-02-15","2023-02-15 00:00","344","350","343","348","344","348","47187673"
"2023-02-16","2023-02-16 00:00","345","347","342","343","345","343","58051635"
"2023-02-17","2023-02-17 00:00","349","350","345","349","349","349","47039581"
"2023-02-20","2023-02-20 00:00","348","351","347","347","348","347","39326980"
"2023-02-21","2023-02-21 00:00","349","353","347","349","349","349","32229708"
"2023-02-22","2023-02-22 00:00","354","360","353","358","354","358","53558601"
"2023-02-24","2023-02-24 00:00","357","358","348","349","357","349","101316894"
"2023-02-27","2023-02-27 00:00","352","353","348","350","352","350","39195882"
"2023-02-28","2023-02-28 00:00","347","350","345","350","347","350","29157810"
"2023-03-01","2023-03-01 00:00","351","353","346","348","351","348","40582373"
"2023-03-02","2023-03-02 00:00","346","351","344","348","346","348","53671728"
"2023-03-03","2023-03-03 00:00","343","344","335","337","343","337","119718781"
"2023-03-06","2023-03-06 00:00","331","332","327","329","331","329","77434876"
"2023-03-07","2023-03-07 00:00","329","330","325","328","329","328","69859140"
"2023-03-08","2023-03-08 00:00","329","330","323","324","329","324","76890672"
"2023-03-09","2023-03-09 00:00","320","322","317","320","320","320","57363873"
"2023-03-10","2023-03-10 00:00","327","332","324","331","327","331","102484124"
"2023-03-13","2023-03-13 00:00","336","344","336","338","336","338","153578542"
"2023-03-14","2023-03-14 00:00","350","357","349","354","350","354","151299830"
"2023-03-15","2023-03-15 00:00","346","357","346","353","346","353","70873154"
"2023-03-16","2023-03-16 00:00","367","369","357","360","367","360","114648129"
"2023-03-17","2023-03-17 00:00","353","358","349","350","353","350","68766480"
"2023-03-20","2023-03-20 00:00","351","360","349","359","351","359","96115606"
"2023-03-22","2023-03-22 00:00","349","351","344","346","349","346","72607046"
"2023-03-23","2023-03-23 00:00","351","354","346","347","351","347","58389509"
"2023-03-24","2023-03-24 00:00","349","352","347","348","349","348","37155327"
"2023-03-27","2023-03-27 00:00","345","349","343","345","345","345","45906266"
"2023-03-28","2023-03-28 00:00","342","347","342","344","342","344","21539933"
"2023-03-29","2023-03-29 00:00","344","345","336","336","344","336","59331378"
"2023-03-30","2023-03-30 00:00","331","335","329","332","331","332","54993943"
"2023-03-31","2023-03-31 00:00","326","327","323","325","326","325","109014084"
"2023-04-03","2023-04-03 00:00","322","324","320","322","322","322","65547182"
"2023-04-04","2023-04-04 00:00","322","324","319","319","322","319","67368599"
"2023-04-05","2023-04-05 00:00","324","331","322","330","324","330","65536050"
"2023-04-06","2023-04-06 00:00","334","340","334","339","334","339","54139921"
"2023-04-07","2023-04-07 00:00","336","339","335","337","336","337","40070908"
"2023-04-10","2023-04-10 00:00","333","336","331","334","333","334","31731725"
"2023-04-11","2023-04-11 00:00","328","330","323","327","328","327","51806743"
"2023-04-12","2023-04-12 00:00","326","326","322","323","326","323","28968937"
"2023-04-13","2023-04-13 00:00","327","327","321","322","327","322","42949209"
"2023-04-14","2023-04-14 00:00","317","318","314","314","317","314","105026155"
"2023-04-17","2023-04-17 00:00","313","317","312","313","313","313","48515942"
"2023-04-18","2023-04-18 00:00","314","314","309","311","314","311","53494928"
"2023-04-19","2023-04-19 00:00","311","314","310","313","311","313","28764591"
"2023-04-20","2023-04-20 00:00","315","316","309","311","315","311","50756618"
"2023-04-21","2023-04-21 00:00","312","314","308","313","312","313","45392200"
"2023-04-24","2023-04-24 00:00","312","313","310","312","312","312","22252716"
"2023-04-25","2023-04-25 00:00","310","312","307","311","310","311","46974869"
"2023-04-26","2023-04-26 00:00","315","318","312","315","315","315","69171166"
"2023-04-27","2023-04-27 00:00","319","320","314","315","319","315","37095931"
"2023-04-28","2023-04-28 00:00","309","315","306","306","309","306","124639190"
"2023-05-01","2023-05-01 00:00","303","303","299","301","303","301","63498158"
"2023-05-02","2023-05-02 00:00","298","302","297","300","298","300","50991188"
"2023-05-08","2023-05-08 00:00","301","305","299","304","301","304","52749594"
"2023-05-09","2023-05-09 00:00","303","303","297","297","303","297","51982473"
"2023-05-10","2023-05-10 00:00","298","302","298","301","298","301","33307706"
"2023-05-11","2023-05-11 00:00","302","303","299","300","302","300","33461823"
"2023-05-12","2023-05-12 00:00","301","301","294","295","301","295","66554435"
"2023-05-15","2023-05-15 00:00","291","294","289","290","291","290","57966615"
"2023-05-16","2023-05-16 00:00","286","287","284","286","286","286","58856670"
"2023-05-17","2023-05-17 00:00","285","285","280","281","285","281","70442742"
"2023-05-18","2023-05-18 00:00","273","276","270","272","273","272","95330172"
"2023-05-19","2023-05-19 00:00","267","270","265","267","267","267","98402689"
"2023-05-22","2023-05-22 00:00","270","270","262","263","270","263","67805264"
"2023-05-23","2023-05-23 00:00","259","268","258","264","259","264","134414155"
"2023-05-24","2023-05-24 00:00","268","272","266","270","268","270","75922396"
"2023-05-25","2023-05-25 00:00","269","271","266","268","269","268","60565550"
"2023-05-26","2023-05-26 00:00","265","267","262","265","265","265","85838264"
"2023-05-29","2023-05-29 00:00","253","262","253","259","253","259","86266688"
"2023-05-30","2023-05-30 00:00","261","263","257","258","261","258","46782379"
"2023-05-31","2023-05-31 00:00","262","268","261","266","262","266","73035084"
"2023-06-01","2023-06-01 00:00","266","267","260","262","266","262","63460340"
"2023-06-02","2023-06-02 00:00","258","259","254","254","258","254","73003694"
"2023-06-05","2023-06-05 00:00","248","251","243","244","248","244","101795788"
"2023-06-06","2023-06-06 00:00","247","248","238","239","247","239","106784174"
"2023-06-07","2023-06-07 00:00","238","249","236","248","238","248","176154333"
"2023-06-08","2023-06-08 00:00","248","256","246","252","248","252","101638562"
"2023-06-09","2023-06-09 00:00","247","248","241","242","247","242","104855401"
"2023-06-12","2023-06-12 00:00","239","243","238","239","239","239","83339513"
"2023-06-13","2023-06-13 00:00","236","237","229","231","236","231","136543437"
"2023-06-14","2023-06-14 00:00","226","229","222","224","226","224","136598265"
"2023-06-15","2023-06-15 00:00","224","226","220","224","224","224","107951332"
"2023-06-16","2023-06-16 00:00","225","229","220","221","225","221","81541213"
"2023-06-19","2023-06-19 00:00","220","228","220","226","220","226","109221020"
"2023-06-20","2023-06-20 00:00","227","230","224","225","227","225","76437495"
"2023-06-21","2023-06-21 00:00","228","229","221","222","228","222","64216422"
"2023-06-22","2023-06-22 00:00","225","228","222","227","225","227","66629950"
"2023-06-23","2023-06-23 00:00","224","237","223","234","224","234","198144141"
"2023-06-26","2023-06-26 00:00","237","240","232","234","237","234","100555706"
"2023-06-27","2023-06-27 00:00","236","241","235","238","236","238","102140011"
"2023-06-28","2023-06-28 00:00","234","236","228","228","234","228","96340938"
"2023-06-29","2023-06-29 00:00","226","228","222","227","226","227","127674264"
"2023-06-30","2023-06-30 00:00","229","232","226","227","229","227","84967288"
"2023-07-03","2023-07-03 00:00","222","223","219","220","222","220","94743117"
"2023-07-04","2023-07-04 00:00","223","226","222","224","223","224","84816822"
"2023-07-05","2023-07-05 00:00","228","230","224","226","228","226","81922615"
"2023-07-06","2023-07-06 00:00","230","235","228","232","230","232","117381011"
"2023-07-07","2023-07-07 00:00","238","240","233","238","238","238","97574453"
"2023-07-10","2023-07-10 00:00","238","243","235","240","238","240","145547690"
"2023-07-11","2023-07-11 00:00","237","243","236","241","237","241","84402506"
"2023-07-12","2023-07-12 00:00","239","248","239","244","239","244","88961594"
"2023-07-13","2023-07-13 00:00","242","245","236","237","242","237","117588136"
"2023-07-14","2023-07-14 00:00","231","240","231","237","231","237","105217931"
"2023-07-18","2023-07-18 00:00","237","239","233","235","237","235","77226693"
"2023-07-19","2023-07-19 00:00","231","234","230","230","231","230","75799939"
"2023-07-20","2023-07-20 00:00","231","237","230","236","231","236","59964562"
"2023-07-21","2023-07-21 00:00","238","242","236","238","238","238","76104295"
"2023-07-24","2023-07-24 00:00","234","235","231","233","234","233","59590057"
"2023-07-25","2023-07-25 00:00","232","236","232","233","232","233","38584484"
"2023-07-26","2023-07-26 00:00","234","236","232","233","234","233","28444633"
"2023-07-27","2023-07-27 00:00","235","237","229","229","235","229","50686418"
"2023-07-28","2023-07-28 00:00","236","242","230","231","236","231","131367278"
"2023-07-31","2023-07-31 00:00","227","229","222","226","227","226","122007037"
"2023-08-01","2023-08-01 00:00","224","226","221","221","224","221","70311152"
"2023-08-02","2023-08-02 00:00","226","233","226","232","226","232","96484869"
"2023-08-03","2023-08-03 00:00","236","240","235","240","236","240","114589350"
"2023-08-04","2023-08-04 00:00","241","243","237","239","241","239","94800066"
"2023-08-07","2023-08-07 00:00","244","245","237","238","244","238","87314703"
"2023-08-08","2023-08-08 00:00","236","239","234","237","236","237","64881398"
"2023-08-09","2023-08-09 00:00","238","240","236","239","238","239","63153055"
"2023-08-10","2023-08-10 00:00","241","242","234","235","241","235","50764197"
"2023-08-14","2023-08-14 00:00","235","242","232","240","235","240","91932708"
"2023-08-15","2023-08-15 00:00","236","239","235","238","236","238","36168260"
"2023-08-16","2023-08-16 00:00","243","245","241","245","243","245","77021960"
"2023-08-17","2023-08-17 00:00","247","253","246","247","247","247","87220611"
"2023-08-18","2023-08-18 00:00","252","254","247","251","252","251","79604224"
"2023-08-21","2023-08-21 00:00","248","251","245","248","248","248","94415457"
"2023-08-22","2023-08-22 00:00","244","247","242","243","244","243","39637036"
"2023-08-23","2023-08-23 00:00","245","246","240","241","245","241","32913882"
"2023-08-24","2023-08-24 00:00","239","241","236","237","239","237","56746590"
"2023-08-25","2023-08-25 00:00","245","248","243","247","245","247","78958039"
"2023-08-28","2023-08-28 00:00","242","243","237","238","242","238","52933676"
"2023-08-29","2023-08-29 00:00","236","238","235","238","236","238","22847317"
"2023-08-30","2023-08-30 00:00","234","237","232","236","234","236","46878686"
"2023-08-31","2023-08-31 00:00","235","236","230","231","235","231","59703570"
"2023-09-01","2023-09-01 00:00","233","234","228","230","233","230","35901164"
"2023-09-04","2023-09-04 00:00","229","230","227","228","229","228","28833839"
"2023-09-05","2023-09-05 00:00","227","229","225","226","227","226","35536189"
"2023-09-06","2023-09-06 00:00","224","225","222","222","224","222","45714026"
"2023-09-07","2023-09-07 00:00","224","226","221","226","224","226","37393754"
"2023-09-08","2023-09-08 00:00","227","233","227","231","227","231","77235021"
"2023-09-11","2023-09-11 00:00","229","235","229","233","229","233","70126813"
"2023-09-12","2023-09-12 00:00","230","233","228","229","230","229","37624028"
"2023-09-13","2023-09-13 00:00","229","231","227","229","229","229","38280664"
"2023-09-14","2023-09-14 00:00","226","228","221","222","226","222","57438776"
"2023-09-15","2023-09-15 00:00","219","220","216","217","219","217","94704328"
"2023-09-19","2023-09-19 00:00","221","224","220","221","221","221","46520857"
"2023-09-20","2023-09-20 00:00","221","226","221","225","221","225","32891647"
"2023-09-21","2023-09-21 00:00","227","232","225","230","227","230","66348034"
"2023-09-22","2023-09-22 00:00","236","237","231","233","236","233","63284385"
"2023-09-25","2023-09-25 00:00","231","234","228","229","231","229","27410680"
"2023-09-26","2023-09-26 00:00","229","235","229","235","229","235","40153183"
"2023-09-27","2023-09-27 00:00","238","240","234","234","238","234","60691934"
"2023-09-28","2023-09-28 00:00","234","241","233","239","234","239","83255944"
"2023-09-29","2023-09-29 00:00","236","241","235","238","236","238","43434793"
"2023-10-02","2023-10-02 00:00","234","240","229","239","234","239","60899658"
"2023-10-03","2023-10-03 00:00","242","249","242","247","242","247","114465691"
"2023-10-04","2023-10-04 00:00","255","260","253","258","255","258","142720403"
"2023-10-05","2023-10-05 00:00","254","258","249","250","254","250","57008748"
"2023-10-06","2023-10-06 00:00","250","252","247","250","250","250","49216969"
"2023-10-10","2023-10-10 00:00","244","245","237","238","244","238","64477445"
"2023-10-11","2023-10-11 00:00","236","238","233","236","236","236","49253657"
"2023-10-12","2023-10-12 00:00","232","233","227","227","232","227","52004390"
"2023-10-13","2023-10-13 00:00","230","231","226","229","230","229","52365294"
"2023-10-16","2023-10-16 00:00","235","241","234","240","235","240","76136404"
"2023-10-17","2023-10-17 00:00","232","236","229","233","232","233","65378009"
"2023-10-18","2023-10-18 00:00","233","236","232","232","233","232","45951645"
"2023-10-19","2023-10-19 00:00","240","243","238","242","240","242","72563763"
"2023-10-20","2023-10-20 00:00","245","247","241","244","245","244","53002335"
"2023-10-23","2023-10-23 00:00","246","249","245","248","246","248","43944006"
"2023-10-24","2023-10-24 00:00","245","256","245","247","245","247","95283706"
"2023-10-25","2023-10-25 00:00","243","246","241","245","243","245","45249403"
"2023-10-26","2023-10-26 00:00","252","256","250","255","252","255","70617518"
"2023-10-27","2023-10-27 00:00","252","254","246","248","252","248","60939283"
"2023-10-30","2023-10-30 00:00","254","256","251","254","254","254","43823367"
"2023-10-31","2023-10-31 00:00","253","256","248","249","253","249","71086920"
"2023-11-01","2023-11-01 00:00","242","242","238","238","242","238","54610932"
"2023-11-02","2023-11-02 00:00","232","234","230","232","232","232","39412288"
"2023-11-06","2023-11-06 00:00","224","225","220","222","224","222","83516165"
"2023-11-07","2023-11-07 00:00","223","228","223","228","223","228","38064811"
"2023-11-08","2023-11-08 00:00","224","231","224","229","224","229","42106074"
"2023-11-09","2023-11-09 00:00","227","229","221","221","227","221","61756797"
"2023-11-10","2023-11-10 00:00","225","228","222","223","225","223","56446339"
"2023-11-13","2023-11-13 00:00","218","225","218","224","218","224","47838880"
"2023-11-14","2023-11-14 00:00","220","222","219","221","220","221","33918601"
"2023-11-15","2023-11-15 00:00","214","215","209","211","214","211","130590762"
"2023-11-16","2023-11-16 00:00","212","214","209","211","212","211","43257986"
"2023-11-17","2023-11-17 00:00","213","214","209","209","213","209","29483660"
"2023-11-20","2023-11-20 00:00","210","213","206","212","210","212","60410664"
"2023-11-21","2023-11-21 00:00","211","214","211","212","211","212","49528885"
"2023-11-22","2023-11-22 00:00","214","215","209","211","214","211","43156036"
"2023-11-24","2023-11-24 00:00","207","209","206","208","207","208","42926775"
"2023-11-27","2023-11-27 00:00","207","212","206","211","207","211","33418479"
"2023-11-28","2023-11-28 00:00","210","214","210","211","210","211","30551454"
"2023-11-29","2023-11-29 00:00","214","215","210","213","214","213","50998736"
"2023-11-30","2023-11-30 00:00","214","215","210","211","214","211","31621419"
"2023-12-01","2023-12-01 00:00","210","212","209","211","210","211","26346964"
"2023-12-04","2023-12-04 00:00","212","217","212","215","212","215","51974532"
"2023-12-05","2023-12-05 00:00","216","221","215","219","216","219","58259485"
"2023-12-06","2023-12-06 00:00","217","218","210","211","217","211","60068815"
"2023-12-07","2023-12-07 00:00","215","219","214","219","215","219","54568133"
"2023-12-08","2023-12-08 00:00","222","227","221","226","222","226","94740891"
"2023-12-11","2023-12-11 00:00","219","220","216","219","219","219","44594577"
"2023-12-12","2023-12-12 00:00","213","219","213","219","213","219","55172058"
"2023-12-13","2023-12-13 00:00","216","218","214","216","216","216","61055313"
"2023-12-14","2023-12-14 00:00","215","223","213","221","215","221","63921304"
"2023-12-15","2023-12-15 00:00","219","219","214","216","219","216","54483705"
"2023-12-18","2023-12-18 00:00","218","222","218","218","218","218","40124318"
"2023-12-19","2023-12-19 00:00","218","221","212","212","218","212","81190887"
"2023-12-20","2023-12-20 00:00","209","210","204","206","209","206","92065461"
"2023-12-21","2023-12-21 00:00","212","214","211","213","212","213","55588982"
"2023-12-22","2023-12-22 00:00","211","214","210","214","211","214","26645685"
"2023-12-25","2023-12-25 00:00","210","213","209","211","210","211","22393742"
"2023-12-26","2023-12-26 00:00","211","213","211","211","211","211","22194309"
"2023-12-27","2023-12-27 00:00","209","209","205","206","209","206","68254126"
"2023-12-28","2023-12-28 00:00","208","209","207","207","208","207","30817813"
"2023-12-29","2023-12-29 00:00","208","211","206","208","208","208","33597885"
"2024-01-04","2024-01-04 00:00","214","218","210","210","214","210","71977108"
"2024-01-05","2024-01-05 00:00","209","211","206","209","209","209","69687417"
"2024-01-09","2024-01-09 00:00","204","207","201","204","204","204","108436789"
"2024-01-10","2024-01-10 00:00","202","203","195","196","202","196","153642457"
"2024-01-11","2024-01-11 00:00","191","192","188","188","191","188","117921016"
"2024-01-12","2024-01-12 00:00","186","186","181","183","186","183","129952762"
"2024-01-15","2024-01-15 00:00","183","184","182","183","183","183","11140380"
"2024-01-16","2024-01-16 00:00","183","184","179","182","183","182","71137071"
"2024-01-17","2024-01-17 00:00","180","185","176","184","180","184","146270292"
"2024-01-18","2024-01-18 00:00","185","186","181","184","185","184","59277505"
"2024-01-19","2024-01-19 00:00","178","182","178","179","178","179","75754921"
"2024-01-22","2024-01-22 00:00","175","176","173","173","175","173","84301695"
"2024-01-23","2024-01-23 00:00","172","175","169","173","172","173","109887147"
"2024-01-24","2024-01-24 00:00","174","178","174","176","174","176","73679599"
"2024-01-25","2024-01-25 00:00","177","180","175","176","177","176","50959436"
"2024-01-26","2024-01-26 00:00","179","182","178","181","179","181","87932706"
"2024-01-29","2024-01-29 00:00","180","181","176","179","180","179","58381308"
"2024-01-30","2024-01-30 00:00","176","179","176","178","176","178","51514971"
"2024-01-31","2024-01-31 00:00","181","182","175","175","181","175","48415424"
"2024-02-01","2024-02-01 00:00","179","180","177","178","179","178","38312091"
"2024-02-02","2024-02-02 00:00","176","178","173","177","176","177","60956556"
"2024-02-05","2024-02-05 00:00","173","177","173","175","173","175","39410453"
"2024-02-06","2024-02-06 00:00","176","178","175","177","176","177","36543350"
"2024-02-07","2024-02-07 00:00","179","180","176","177","179","177","36723097"
"2024-02-08","2024-02-08 00:00","174","176","168","170","174","170","124160380"
"2024-02-09","2024-02-09 00:00","168","170","165","169","168","169","104161805"
"2024-02-13","2024-02-13 00:00","159","159","159","159","159","159","1373128"
"2024-02-14","2024-02-14 00:00","161","163","160","161","161","161","70892478"
"2024-02-15","2024-02-15 00:00","158","160","157","157","158","157","56575324"
"2024-02-16","2024-02-16 00:00","153","157","151","155","153","155","140097757"
"2024-02-19","2024-02-19 00:00","155","157","154","155","155","155","42887392"
"2024-02-20","2024-02-20 00:00","154","157","152","156","154","156","51456476"
"2024-02-21","2024-02-21 00:00","157","159","156","157","157","157","43020271"
"2024-02-22","2024-02-22 00:00","152","154","149","150","152","150","120971668"
"2024-02-26","2024-02-26 00:00","148","150","147","149","148","149","46087410"
"2024-02-27","2024-02-27 00:00","149","150","147","149","149","149","57449853"
"2024-02-28","2024-02-28 00:00","149","150","148","149","149","149","32812291"
"2024-02-29","2024-02-29 00:00","151","152","148","149","151","149","62949787"
"2024-03-01","2024-03-01 00:00","148","149","143","143","148","143","89396410"
"2024-03-04","2024-03-04 00:00","140","143","140","142","140","142","56232349"
"2024-03-05","2024-03-05 00:00","143","145","141","142","143","142","60678286"
"2024-03-06","2024-03-06 00:00","145","145","141","142","145","142","39329003"
"2024-03-07","2024-03-07 00:00","140","147","139","145","140","145","114071082"
"2024-03-08","2024-03-08 00:00","145","147","142","145","145","145","81165190"
"2024-03-11","2024-03-11 00:00","150","154","149","151","150","151","111624027"
"2024-03-12","2024-03-12 00:00","154","156","151","151","154","151","85767702"
"2024-03-13","2024-03-13 00:00","148","155","148","152","148","152","97552440"
"2024-03-14","2024-03-14 00:00","154","155","151","152","154","152","41690773"
"2024-03-15","2024-03-15 00:00","153","154","151","152","153","152","41615941"
"2024-03-18","2024-03-18 00:00","150","151","144","144","150","144","72285230"
"2024-03-19","2024-03-19 00:00","145","147","142","142","145","142","87799238"
"2024-03-21","2024-03-21 00:00","137","139","136","136","137","136","101462264"
"2024-03-22","2024-03-22 00:00","135","137","134","135","135","135","77964271"
"2024-03-25","2024-03-25 00:00","137","139","135","138","137","138","26798644"
"2024-03-26","2024-03-26 00:00","139","140","137","138","139","138","33921399"
"2024-03-27","2024-03-27 00:00","139","139","134","137","139","137","45698436"
"2024-03-28","2024-03-28 00:00","137","140","136","138","137","138","42847725"
"2024-03-29","2024-03-29 00:00","137","138","136","137","137","137","12704757"
"2024-04-01","2024-04-01 00:00","137","142","134","142","137","142","64517627"
"2024-04-02","2024-04-02 00:00","141","142","138","141","141","141","36302676"
"2024-04-03","2024-04-03 00:00","144","146","142","143","144","143","60007896"
"2024-04-04","2024-04-04 00:00","139","142","137","141","139","141","81164580"
"2024-04-05","2024-04-05 00:00","146","149","145","147","146","147","82585078"
"2024-04-08","2024-04-08 00:00","144","146","142","145","144","145","65778840"
"2024-04-09","2024-04-09 00:00","143","144","141","141","143","141","38517823"
"2024-04-10","2024-04-10 00:00","143","143","141","143","143","143","49456518"
"2024-04-11","2024-04-11 00:00","146","147","143","143","146","143","40446698"
"2024-04-12","2024-04-12 00:00","141","144","140","142","141","142","60634413"
"2024-04-15","2024-04-15 00:00","146","148","145","145","146","145","70838418"
"2024-04-16","2024-04-16 00:00","149","152","148","151","149","151","105766495"
"2024-04-17","2024-04-17 00:00","149","155","149","155","149","155","63137588"
"2024-04-18","2024-04-18 00:00","156","158","152","154","156","154","77602267"
"2024-04-19","2024-04-19 00:00","157","165","157","161","157","161","129118302"
"2024-04-22","2024-04-22 00:00","160","162","157","158","160","158","104833210"
"2024-04-23","2024-04-23 00:00","155","159","155","158","155","158","21528990"
"2024-04-24","2024-04-24 00:00","153","154","149","150","153","150","112682621"
"2024-04-25","2024-04-25 00:00","154","157","153","157","154","157","52925442"
"2024-04-26","2024-04-26 00:00","155","157","152","153","155","153","61635022"
"2024-04-30","2024-04-30 00:00","150","152","148","150","150","150","50737742"
"2024-05-01","2024-05-01 00:00","153","153","149","152","153","152","40839870"
"2024-05-02","2024-05-02 00:00","152","154","150","151","152","151","57224102"
"2024-05-07","2024-05-07 00:00","146","149","145","146","146","146","50797817"
"2024-05-08","2024-05-08 00:00","148","152","147","151","148","151","43772603"
"2024-05-09","2024-05-09 00:00","151","153","149","152","151","152","30428213"
"2024-05-10","2024-05-10 00:00","149","152","146","151","149","151","50581564"
"2024-05-13","2024-05-13 00:00","151","154","150","151","151","151","54803957"
"2024-05-14","2024-05-14 00:00","151","153","148","150","151","150","78430840"
"2024-05-15","2024-05-15 00:00","148","151","146","150","148","150","38913034"
"2024-05-16","2024-05-16 00:00","147","149","145","145","147","145","67166989"
"2024-05-17","2024-05-17 00:00","148","149","146","146","148","146","44698054"
"2024-05-20","2024-05-20 00:00","147","148","141","144","147","144","79374606"
"2024-05-21","2024-05-21 00:00","142","146","142","146","142","146","46928704"
"2024-05-22","2024-05-22 00:00","146","148","146","148","146","148","40117101"
"2024-05-23","2024-05-23 00:00","146","148","143","144","146","144","90808175"
"2024-05-24","2024-05-24 00:00","149","150","146","147","149","147","56742144"
"2024-05-27","2024-05-27 00:00","146","148","145","145","146","145","60563079"
"2024-05-28","2024-05-28 00:00","146","147","144","145","146","145","45432950"
"2024-05-29","2024-05-29 00:00","146","149","143","148","146","148","61831866"
"2024-05-30","2024-05-30 00:00","151","156","151","152","151","152","90631838"
"2024-05-31","2024-05-31 00:00","152","152","148","148","152","148","69248366"
"2024-06-03","2024-06-03 00:00","146","147","144","144","146","144","62206387"
"2024-06-04","2024-06-04 00:00","147","148","145","146","147","146","44428809"
"2024-06-05","2024-06-05 00:00","148","150","147","148","148","148","51659387"
"2024-06-06","2024-06-06 00:00","145","147","143","146","145","146","52706725"
"2024-06-07","2024-06-07 00:00","148","148","146","146","148","146","22258754"
"2024-06-10","2024-06-10 00:00","146","147","143","144","146","144","65548042"
"2024-06-11","2024-06-11 00:00","143","144","141","144","143","144","38973465"
"2024-06-12","2024-06-12 00:00","145","146","144","145","145","145","28780182"
"2024-06-13","2024-06-13 00:00","143","147","142","147","143","147","39529371"
"2024-06-14","2024-06-14 00:00","147","148","144","146","147","146","33696775"
"2024-06-17","2024-06-17 00:00","148","153","148","151","148","151","85378339"
"2024-06-18","2024-06-18 00:00","148","150","147","149","148","149","27236016"
"2024-06-19","2024-06-19 00:00","147","149","145","148","147","148","43056061"
"2024-06-20","2024-06-20 00:00","148","150","146","147","148","147","21646494"
"2024-06-21","2024-06-21 00:00","147","148","145","147","147","147","52953285"
"2024-06-24","2024-06-24 00:00","148","149","144","145","148","145","40929238"
"2024-06-25","2024-06-25 00:00","145","146","142","143","145","143","64912788"
"2024-06-26","2024-06-26 00:00","142","143","138","140","142","140","70611570"
"2024-06-27","2024-06-27 00:00","141","143","140","141","141","141","33050023"
"2024-06-28","2024-06-28 00:00","140","141","138","139","140","139","26299447"
"2024-07-01","2024-07-01 00:00","137","140","137","140","137","140","27475564"
"2024-07-02","2024-07-02 00:00","140","141","135","137","140","137","77130437"
"2024-07-03","2024-07-03 00:00","136","136","131","132","136","132","155447817"
"2024-07-04","2024-07-04 00:00","131","133","130","130","131","130","55329306"
"2024-07-05","2024-07-05 00:00","130","132","129","131","130","131","61318877"
"2024-07-08","2024-07-08 00:00","131","132","129","131","131","131","27437739"
"2024-07-09","2024-07-09 00:00","130","131","125","127","130","127","93244489"
"2024-07-10","2024-07-10 00:00","126","128","124","124","126","124","61480460"
"2024-07-11","2024-07-11 00:00","121","123","121","122","121","122","63781561"
"2024-07-12","2024-07-12 00:00","125","129","125","128","125","128","106089042"
"2024-07-16","2024-07-16 00:00","127","129","126","128","127","128","39815932"
"2024-07-17","2024-07-17 00:00","126","129","126","129","126","129","32512148"
"2024-07-18","2024-07-18 00:00","134","136","133","134","134","134","82810901"
"2024-07-19","2024-07-19 00:00","135","137","134","135","135","135","68972339"
"2024-07-22","2024-07-22 00:00","136","140","136","138","136","138","56690996"
"2024-07-23","2024-07-23 00:00","137","139","136","139","137","139","49897594"
"2024-07-24","2024-07-24 00:00","140","142","138","142","140","142","52885480"
"2024-07-25","2024-07-25 00:00","148","152","147","150","148","150","282127031"
"2024-07-26","2024-07-26 00:00","150","153","149","153","150","153","103386443"
"2024-07-29","2024-07-29 00:00","148","148","144","145","148","145","90966247"
"2024-07-30","2024-07-30 00:00","148","149","145","145","148","145","37325873"
"2024-07-31","2024-07-31 00:00","149","150","140","141","149","141","204907963"
"2024-08-01","2024-08-01 00:00","144","151","144","148","144","148","99414521"
"2024-08-02","2024-08-02 00:00","160","166","159","165","160","165","180134757"
"2024-08-05","2024-08-05 00:00","181","215","180","209","181","209","332473662"
"2024-08-06","2024-08-06 00:00","173","180","159","168","173","168","203374492"
"2024-08-07","2024-08-07 00:00","176","177","152","159","176","159","311181966"
"2024-08-08","2024-08-08 00:00","165","169","157","163","165","163","114897187"
"2024-08-09","2024-08-09 00:00","155","166","154","159","155","159","134049961"
"2024-08-13","2024-08-13 00:00","155","155","149","149","155","149","72521522"
"2024-08-14","2024-08-14 00:00","147","151","145","148","147","148","126421515"
"2024-08-15","2024-08-15 00:00","148","149","144","146","148","146","53612554"
"2024-08-16","2024-08-16 00:00","138","140","134","135","138","135","87978685"
"2024-08-19","2024-08-19 00:00","136","141","134","140","136","140","73201344"
"2024-08-20","2024-08-20 00:00","136","137","133","134","136","134","42428315"
"2024-08-21","2024-08-21 00:00","138","138","134","135","138","135","35358768"
"2024-08-22","2024-08-22 00:00","134","136","131","134","134","134","47597564"
"2024-08-23","2024-08-23 00:00","134","135","131","131","134","131","44149075"
"2024-08-26","2024-08-26 00:00","134","136","133","134","134","134","27430017"
"2024-08-27","2024-08-27 00:00","135","136","132","133","135","133","17420868"
"2024-08-28","2024-08-28 00:00","133","134","132","132","133","132","11736412"
"2024-08-29","2024-08-29 00:00","135","135","131","132","135","132","23636849"
"2024-08-30","2024-08-30 00:00","131","133","129","130","131","130","39794428"
"2024-09-02","2024-09-02 00:00","127","132","127","130","127","130","29079144"
"2024-09-03","2024-09-03 00:00","129","131","127","129","129","129","21336071"
"2024-09-04","2024-09-04 00:00","139","142","137","141","139","141","96159462"
"2024-09-05","2024-09-05 00:00","146","146","140","143","146","143","86140930"
"2024-09-06","2024-09-06 00:00","142","147","141","145","142","145","62170199"
"2024-09-09","2024-09-09 00:00","154","155","146","147","154","147","99449041"
"2024-09-10","2024-09-10 00:00","146","149","144","147","146","147","45537885"
"2024-09-11","2024-09-11 00:00","149","155","148","152","149","152","46106825"
"2024-09-12","2024-09-12 00:00","144","145","141","141","144","141","55521343"
"2024-09-13","2024-09-13 00:00","142","145","141","143","142","143","34545504"
"2024-09-17","2024-09-17 00:00","144","150","143","147","144","147","66303363"
"2024-09-18","2024-09-18 00:00","143","148","142","145","143","145","43325512"
"2024-09-19","2024-09-19 00:00","140","141","137","139","140","139","103715857"
"2024-09-20","2024-09-20 00:00","134","136","132","135","134","135","59140891"
"2024-09-24","2024-09-24 00:00","131","134","129","133","131","133","40199168"
"2024-09-25","2024-09-25 00:00","133","134","132","133","133","133","22544142"
"2024-09-26","2024-09-26 00:00","130","131","126","127","130","127","84585295"
"2024-09-27","2024-09-27 00:00","123","125","118","118","123","118","138538458"
"2024-09-30","2024-09-30 00:00","129","131","126","130","129","130","117589403"
"2024-10-01","2024-10-01 00:00","127","128","124","126","127","126","57841593"
"2024-10-02","2024-10-02 00:00","129","132","127","130","129","130","58959281"
"2024-10-03","2024-10-03 00:00","123","126","122","126","123","126","58694464"
"2024-10-04","2024-10-04 00:00","126","126","124","124","126","124","36629685"
"2024-10-07","2024-10-07 00:00","119","121","118","120","119","120","64261299"
"2024-10-08","2024-10-08 00:00","122","124","121","122","122","122","49232826"
"2024-10-09","2024-10-09 00:00","120","122","119","120","120","120","24928133"
"2024-10-10","2024-10-10 00:00","119","121","118","119","119","119","21136707"
"2024-10-11","2024-10-11 00:00","119","120","117","119","119","119","60013590"
"2024-10-15","2024-10-15 00:00","116","117","114","117","116","117","61387561"
"2024-10-16","2024-10-16 00:00","121","123","119","120","121","120","47735520"
"2024-10-17","2024-10-17 00:00","120","123","119","123","120","123","37928281"
"2024-10-18","2024-10-18 00:00","121","123","120","122","121","122","15136569"
"2024-10-21","2024-10-21 00:00","122","124","121","121","122","121","25821233"
"2024-10-22","2024-10-22 00:00","122","127","121","125","122","125","38489689"
"2024-10-23","2024-10-23 00:00","125","129","124","127","125","127","40266875"
"2024-10-24","2024-10-24 00:00","130","131","126","127","130","127","48714099"
"2024-10-25","2024-10-25 00:00","128","131","127","128","128","128","42877039"
"2024-10-28","2024-10-28 00:00","130","130","123","123","130","123","67468912"
"2024-10-29","2024-10-29 00:00","124","126","122","122","124","122","23856923"
"2024-10-30","2024-10-30 00:00","120","121","119","120","120","120","37082285"
"2024-10-31","2024-10-31 00:00","120","123","120","121","120","121","34113815"
"2024-11-01","2024-11-01 00:00","126","129","125","128","126","128","57791824"
"2024-11-05","2024-11-05 00:00","126","127","123","124","126","124","22007157"
"2024-11-06","2024-11-06 00:00","123","124","116","118","123","118","140851810"
"2024-11-07","2024-11-07 00:00","116","121","115","118","116","118","78678545"
"2024-11-08","2024-11-08 00:00","116","119","115","118","116","118","81549189"
"2024-11-11","2024-11-11 00:00","118","119","117","118","118","118","58577932"
"2024-11-12","2024-11-12 00:00","117","121","115","118","117","118","73474850"
"2024-11-13","2024-11-13 00:00","119","123","118","122","119","122","62630165"
"2024-11-14","2024-11-14 00:00","121","124","120","124","121","124","29317826"
"2024-11-15","2024-11-15 00:00","122","123","119","123","122","123","28149107"
"2024-11-18","2024-11-18 00:00","125","127","123","125","125","125","53282230"
"2024-11-19","2024-11-19 00:00","124","126","123","124","124","124","38764320"
"2024-11-20","2024-11-20 00:00","124","126","123","124","124","124","26603886"
"2024-11-21","2024-11-21 00:00","125","128","124","127","125","127","28104580"
"2024-11-22","2024-11-22 00:00","126","127","124","125","126","125","16380189"
"2024-11-25","2024-11-25 00:00","122","123","120","122","122","122","29077486"
"2024-11-26","2024-11-26 00:00","123","127","123","125","123","125","29478706"
"2024-11-27","2024-11-27 00:00","125","127","124","126","125","126","25265272"
"2024-11-28","2024-11-28 00:00","127","129","123","125","127","125","35046641"
"2024-11-29","2024-11-29 00:00","125","127","125","125","125","125","9673834"
"2024-12-02","2024-12-02 00:00","126","128","123","124","126","124","25562409"
"2024-12-03","2024-12-03 00:00","123","123","117","118","123","118","67027769"
"2024-12-04","2024-12-04 00:00","118","120","117","119","118","119","15948876"
"2024-12-05","2024-12-05 00:00","117","119","116","118","117","118","22334576"
"2024-12-06","2024-12-06 00:00","118","121","117","120","118","120","24151913"
"2024-12-09","2024-12-09 00:00","118","121","118","119","118","119","14087796"
"2024-12-10","2024-12-10 00:00","118","120","117","118","118","118","12740704"
"2024-12-11","2024-12-11 00:00","118","120","117","117","118","117","12291042"
"2024-12-12","2024-12-12 00:00","115","116","113","114","115","114","60565533"
"2024-12-13","2024-12-13 00:00","115","119","115","117","115","117","44622097"
"2024-12-16","2024-12-16 00:00","1169500","1179500","1163500","1175500","1169500","1175500","4811"
"2024-12-17","2024-12-17 00:00","1167000","1177500","1154500","1177500","1167000","1177500","9345"
"2024-12-18","2024-12-18 00:00","11875","11940","11770","11925","11875","11925","1118400"
"2024-12-19","2024-12-19 00:00","12375","12395","12055","12120","12375","12120","1042370"
"2024-12-20","2024-12-20 00:00","12020","12190","11985","12180","12020","12180","729417"
"2024-12-23","2024-12-23 00:00","11970","12100","11865","11880","11970","11880","801217"
"2024-12-24","2024-12-24 00:00","11830","12000","11830","11970","11830","11970","441442"
"2024-12-25","2024-12-25 00:00","11870","12035","11870","11930","11870","11930","819323"
"2024-12-26","2024-12-26 00:00","11920","11925","11635","11670","11920","11670","791638"
"2024-12-27","2024-12-27 00:00","11570","11590","11130","11215","11570","11215","2427985"
"2024-12-30","2024-12-30 00:00","11210","11450","11195","11410","11210","11410","1331296"
"2025-01-06","2025-01-06 00:00","11435","11820","11380","11780","11435","11780","1623750"
"2025-01-07","2025-01-07 00:00","11550","11585","11185","11325","11550","11325","2153839"
"2025-01-08","2025-01-08 00:00","11450","11530","11295","11365","11450","11365","789666"
"2025-01-09","2025-01-09 00:00","11425","11715","11405","11585","11425","11585","1454650"
"2025-01-10","2025-01-10 00:00","11770","11845","11670","11810","11770","11810","1149628"
"2025-01-14","2025-01-14 00:00","11960","12360","11905","12265","11960","12265","1683661"
"2025-01-15","2025-01-15 00:00","12070","12360","12050","12255","12070","12255","948445"
"2025-01-16","2025-01-16 00:00","12080","12290","11960","12190","12080","12190","1127336"
"2025-01-17","2025-01-17 00:00","12275","12520","12240","12270","12275","12270","926261"
"2025-01-20","2025-01-20 00:00","12080","12100","11900","11980","12080","11980","1219338"
"2025-01-21","2025-01-21 00:00","11820","12150","11780","11925","11820","11925","1219461"
"2025-01-22","2025-01-22 00:00","11710","11710","11500","11535","11710","11535","1296216"
"2025-01-23","2025-01-23 00:00","11435","11515","11305","11355","11435","11355","1337681"
"2025-01-24","2025-01-24 00:00","11330","11435","11160","11350","11330","11350","2491941"
"2025-01-27","2025-01-27 00:00","11210","11595","11170","11560","11210","11560","1906171"
"2025-01-28","2025-01-28 00:00","11805","11970","11685","11885","11805","11885","1858258"
"2025-01-29","2025-01-29 00:00","11670","11820","11625","11645","11670","11645","1363661"
"2025-01-30","2025-01-30 00:00","11725","11765","11540","11585","11725","11585","977723"
"2025-01-31","2025-01-31 00:00","11505","11625","11495","11520","11505","11520","991439"
"2025-02-03","2025-02-03 00:00","12120","12235","11965","12195","12120","12195","2040785"
"2025-02-04","2025-02-04 00:00","11745","12130","11740","11985","11745","11985","1057967"
"2025-02-05","2025-02-05 00:00","11885","12065","11795","11970","11885","11970","835293"
"2025-02-06","2025-02-06 00:00","11920","11965","11750","11800","11920","11800","881865"
"2025-02-07","2025-02-07 00:00","11940","12010","11855","11970","11940","11970","720742"
"2025-02-10","2025-02-10 00:00","12030","12100","11920","11975","12030","11975","762314"
"2025-02-12","2025-02-12 00:00","11850","11985","11795","11880","11850","11880","618255"
"2025-02-13","2025-02-13 00:00","11760","11795","11505","11565","11760","11565","1316023"
"2025-02-14","2025-02-14 00:00","11560","11780","11510","11760","11560","11760","931314"
"2025-02-17","2025-02-17 00:00","11810","11860","11710","11745","11810","11745","632946"
"2025-02-18","2025-02-18 00:00","11760","11765","11555","11650","11760","11650","938267"
"2025-02-19","2025-02-19 00:00","11735","11860","11680","11745","11735","11745","784600"
"2025-02-20","2025-02-20 00:00","11900","12180","11875","12055","11900","12055","1090520"
"2025-02-21","2025-02-21 00:00","12150","12180","11965","11975","12150","11975","1067313"
"2025-02-25","2025-02-25 00:00","12365","12385","12165","12300","12365","12300","844882"
"2025-02-26","2025-02-26 00:00","12410","12640","12375","12375","12410","12375","880356"
"2025-02-27","2025-02-27 00:00","12285","12415","12215","12265","12285","12265","769031"
"2025-02-28","2025-02-28 00:00","12650","13205","12645","13000","12650","13000","1793436"
"2025-03-03","2025-03-03 00:00","12635","12850","12515","12535","12635","12535","1147788"
"2025-03-04","2025-03-04 00:00","12835","13200","12795","12855","12835","12855","1995591"
"2025-03-05","2025-03-05 00:00","12870","12965","12665","12825","12870","12825","1402590"
"2025-03-06","2025-03-06 00:00","12630","12685","12475","12580","12630","12580","1166989"
"2025-03-07","2025-03-07 00:00","13125","13195","12980","13170","13125","13170","1462400"
"2025-03-10","2025-03-10 00:00","13070","13275","12980","13030","13070","13030","1949729"
"2025-03-11","2025-03-11 00:00","13550","13770","13200","13210","13550","13210","1489266"
"2025-03-12","2025-03-12 00:00","13250","13300","13090","13200","13250","13200","844625"
"2025-03-13","2025-03-13 00:00","12955","13220","12825","13195","12955","13195","1321664"
"2025-03-14","2025-03-14 00:00","13280","13395","12945","12985","13280","12985","1246482"
"2025-03-17","2025-03-17 00:00","12700","12790","12655","12750","12700","12750","867151"
"2025-03-18","2025-03-18 00:00","12420","12480","12355","12455","12420","12455","1050852"
"2025-03-19","2025-03-19 00:00","12485","12500","12275","12500","12485","12500","1092139"
"2025-03-21","2025-03-21 00:00","12605","12630","12375","12580","12605","12580","887979"
"2025-03-24","2025-03-24 00:00","12480","12600","12465","12595","12480","12595","706118"
"2025-03-25","2025-03-25 00:00","12370","12575","12275","12480","12370","12480","943320"
"2025-03-26","2025-03-26 00:00","12280","12440","12210","12330","12280","12330","1141389"
"2025-03-27","2025-03-27 00:00","12580","12650","12455","12525","12580","12525","1380348"
"2025-03-28","2025-03-28 00:00","12585","12915","12580","12750","12585","12750","1113009"
"2025-03-31","2025-03-31 00:00","13525","13835","13520","13740","13525","13740","2167714"
"2025-04-01","2025-04-01 00:00","13520","13845","13450","13790","13520","13790","1735978"
"2025-04-02","2025-04-02 00:00","13685","13935","13660","13695","13685","13695","1479999"
"2025-04-03","2025-04-03 00:00","14895","14950","14355","14450","14895","14450","2351830"
"2025-04-04","2025-04-04 00:00","15010","15675","14800","15210","15010","15210","3131483"
"2025-04-07","2025-04-07 00:00","17945","18030","16885","17620","17945","17620","3882150"
"2025-04-08","2025-04-08 00:00","15620","15915","15160","15480","15620","15480","2930872"
"2025-04-09","2025-04-09 00:00","16265","17100","16175","16640","16265","16640","4188613"
"2025-04-10","2025-04-10 00:00","13740","14175","13600","13705","13740","13705","3365601"
"2025-04-11","2025-04-11 00:00","15030","15220","14390","14435","15030","14435","2268231"
"2025-04-14","2025-04-14 00:00","14140","14205","13825","14095","14140","14095","1777763"
"2025-04-15","2025-04-15 00:00","13825","13880","13720","13870","13825","13870","1067527"
"2025-04-16","2025-04-16 00:00","13925","14375","13870","14170","13925","14170","1561554"
"2025-04-17","2025-04-17 00:00","14085","14155","13775","13775","14085","13775","1856539"
"2025-04-18","2025-04-18 00:00","13710","13885","13470","13475","13710","13475","1220692"
"2025-04-21","2025-04-21 00:00","13660","13890","13585","13820","13660","13820","1235114"
"2025-04-22","2025-04-22 00:00","13915","13970","13785","13865","13915","13865","1096055"
"2025-04-23","2025-04-23 00:00","13160","13515","13100","13335","13160","13335","1656365"
"2025-04-24","2025-04-24 00:00","13045","13290","13030","13220","13045","13220","1376892"
"2025-04-25","2025-04-25 00:00","12880","12955","12625","12720","12880","12720","2007402"
"2025-04-28","2025-04-28 00:00","12530","12675","12465","12635","12530","12635","1219618"
"2025-04-30","2025-04-30 00:00","12570","12660","12480","12480","12570","12480","1062702"
"2025-05-01","2025-05-01 00:00","12370","12490","12145","12205","12370","12205","1683266"
"2025-05-02","2025-05-02 00:00","12090","12090","11850","11945","12090","11945","1909367"
"2025-05-07","2025-05-07 00:00","11880","12015","11835","11970","11880","11970","1290468"
"2025-05-08","2025-05-08 00:00","11885","12050","11790","11795","11885","11795","1548705"
"2025-05-09","2025-05-09 00:00","11575","11675","11480","11535","11575","11535","1807308"
"2025-05-12","2025-05-12 00:00","11395","11570","11385","11415","11395","11415","1075045"
"2025-05-13","2025-05-13 00:00","10920","11095","10895","11090","10920","11090","2062178"
"2025-05-14","2025-05-14 00:00","11035","11295","11000","11140","11035","11140","1159691"
"2025-05-15","2025-05-15 00:00","11345","11435","11290","11345","11345","11345","1075818"
"2025-05-16","2025-05-16 00:00","11360","11525","11335","11370","11360","11370","1019475"
"2025-05-19","2025-05-19 00:00","11460","11545","11410","11520","11460","11520","1348418"
"2025-05-20","2025-05-20 00:00","11365","11535","11245","11520","11365","11520","1249078"
"2025-05-21","2025-05-21 00:00","11460","11625","11410","11625","11460","11625","886088"
"2025-05-22","2025-05-22 00:00","11880","11925","11760","11840","11880","11840","1166005"
"2025-05-23","2025-05-23 00:00","11745","11755","11630","11725","11745","11725","1290523"
"2025-05-26","2025-05-26 00:00","11685","11720","11480","11480","11685","11480","1360480"
"2025-05-27","2025-05-27 00:00","11485","11560","11340","11345","11485","11345","746569"
"2025-05-28","2025-05-28 00:00","11115","11370","11090","11350","11115","11350","1138339"
"2025-05-29","2025-05-29 00:00","11105","11135","10925","10930","11105","10930","1989149"
"2025-05-30","2025-05-30 00:00","11275","11325","11120","11160","11275","11160","1329081"
"2025-06-02","2025-06-02 00:00","11400","11585","11400","11490","11400","11490","1163658"
"2025-06-03","2025-06-03 00:00","11410","11500","11335","11500","11410","11500","1054212"
"2025-06-04","2025-06-04 00:00","11350","11360","11255","11325","11350","11325","860601"
"2025-06-05","2025-06-05 00:00","11440","11465","11340","11440","11440","11440","1053405"
"2025-06-06","2025-06-06 00:00","11440","11445","11320","11330","11440","11330","1391328"
"2025-06-09","2025-06-09 00:00","11160","11160","11070","11125","11160","11125","1241538"
"2025-06-10","2025-06-10 00:00","11010","11090","10890","11060","11010","11060","1975443"
"2025-06-11","2025-06-11 00:00","10930","11005","10870","10940","10930","10940","885119"
"2025-06-12","2025-06-12 00:00","11005","11115","10940","11085","11005","11085","1195304"
"2025-06-13","2025-06-13 00:00","11130","11440","11110","11280","11130","11280","2466979"
"2025-06-16","2025-06-16 00:00","11140","11140","10960","10980","11140","10980","1533289"
"2025-06-17","2025-06-17 00:00","10955","10970","10825","10840","10955","10840","1484987"
"2025-06-18","2025-06-18 00:00","10960","10965","10670","10670","10960","10670","1608280"
"2025-06-19","2025-06-19 00:00","10675","10875","10665","10860","10675","10860","1237374"
"2025-06-20","2025-06-20 00:00","10880","10945","10785","10910","10880","10910","1075430"
"2025-06-23","2025-06-23 00:00","11015","11135","10935","10940","11015","10940","1304803"
"2025-06-24","2025-06-24 00:00","10680","10775","10585","10715","10680","10715","1281212"
"2025-06-25","2025-06-25 00:00","10640","10750","10620","10625","10640","10625","1114352"
"2025-06-26","2025-06-26 00:00","10560","10560","10260","10280","10560","10280","2557723"
"2025-06-27","2025-06-27 00:00","10070","10095","9890","9967","10070","9967","3338976"
"2025-06-30","2025-06-30 00:00","9729","9864","9604","9790","9729","9790","3083148"
"2025-07-01","2025-07-01 00:00","9873","10075","9852","10050","9873","10050","2489179"
"2025-07-02","2025-07-02 00:00","10295","10305","10045","10140","10295","10140","2093936"
"2025-07-03","2025-07-03 00:00","10115","10190","10085","10160","10115","10160","914958"
"2025-07-04","2025-07-04 00:00","10040","10180","10020","10125","10040","10125","1200131"
"2025-07-07","2025-07-07 00:00","10160","10260","10105","10240","10160","10240","1049254"
"2025-07-08","2025-07-08 00:00","10275","10280","10115","10160","10275","10160","1148683"
"2025-07-09","2025-07-09 00:00","10035","10235","10020","10105","10035","10105","960141"
"2025-07-10","2025-07-10 00:00","10125","10255","10115","10190","10125","10190","865805"
"2025-07-11","2025-07-11 00:00","10070","10275","10040","10250","10070","10250","1311641"
"2025-07-14","2025-07-14 00:00","10325","10385","10220","10295","10325","10295","1060341"
"2025-07-15","2025-07-15 00:00","10255","10340","10185","10185","10255","10185","1426984"
"2025-07-16","2025-07-16 00:00","10165","10265","10055","10180","10165","10180","1552246"
"2025-07-17","2025-07-17 00:00","10305","10350","10065","10070","10305","10070","1374262"
"2025-07-18","2025-07-18 00:00","9980","10145","9969","10100","9980","10100","1288954"
"2025-07-22","2025-07-22 00:00","10100","10225","9878","10140","10100","10140","2150432"
"2025-07-23","2025-07-23 00:00","9840","9879","9320","9380","9840","9380","6400641"
"2025-07-24","2025-07-24 00:00","9170","9208","9000","9101","9170","9101","3382417"
"2025-07-25","2025-07-25 00:00","9170","9294","9146","9275","9170","9275","1636737"
"2025-07-28","2025-07-28 00:00","9263","9470","9262","9459","9263","9459","1702446"
"2025-07-29","2025-07-29 00:00","9557","9675","9551","9630","9557","9630","2214892"
"2025-07-30","2025-07-30 00:00","9588","9680","9588","9643","9588","9643","1747592"
"2025-07-31","2025-07-31 00:00","9600","9618","9395","9430","9600","9430","2032988"
"2025-08-01","2025-08-01 00:00","9624","9656","9462","9542","9624","9542","1992180"
"2025-08-04","2025-08-04 00:00","9980","9991","9779","9795","9980","9795","2474360"
"2025-08-05","2025-08-05 00:00","9682","9735","9627","9670","9682","9670","1219482"
"2025-08-06","2025-08-06 00:00","9728","9729","9529","9547","9728","9547","1834389"
"2025-08-07","2025-08-07 00:00","9622","9629","9383","9449","9622","9449","1899289"
"2025-08-08","2025-08-08 00:00","9360","9370","8987","9091","9360","9091","5385548"
"2025-08-12","2025-08-12 00:00","8855","8885","8570","8689","8855","8689","6154850"
"2025-08-13","2025-08-13 00:00","8470","8569","8391","8448","8470","8448","4786400"
"2025-08-14","2025-08-14 00:00","8536","8720","8489","8699","8536","8699","3056517"
"2025-08-15","2025-08-15 00:00","8628","8669","8395","8402","8628","8402","3192251"
"2025-08-18","2025-08-18 00:00","8369","8401","8228","8280","8369","8280","2753848"
"2025-08-19","2025-08-19 00:00","8237","8390","8213","8358","8237","8358","2546249"
"2025-08-20","2025-08-20 00:00","8470","8653","8460","8592","8470","8592","3580288"
"2025-08-21","2025-08-21 00:00","8629","8718","8575","8694","8629","8694","2421498"
"2025-08-22","2025-08-22 00:00","8680","8818","8651","8700","8680","8700","1848251"
"2025-08-25","2025-08-25 00:00","8490","8674","8457","8619","8490","8619","1647000"
"2025-08-26","2025-08-26 00:00","8688","8896","8662","8790","8688","8790","2323144"
"2025-08-27","2025-08-27 00:00","8749","8843","8692","8735","8749","8735","1546505"
"2025-08-28","2025-08-28 00:00","8800","8829","8600","8600","8800","8600","2143645"
"2025-08-29","2025-08-29 00:00","8618","8685","8607","8641","8618","8641","1269225"
"2025-09-01","2025-09-01 00:00","8841","9003","8748","8858","8841","8858","3153535"
"2025-09-02","2025-09-02 00:00","8803","8902","8736","8811","8803","8811","2112745"
"2025-09-03","2025-09-03 00:00","8911","8992","8816","8973","8911","8973","3188192"
"2025-09-04","2025-09-04 00:00","8913","8929","8680","8698","8913","8698","2752955"
"2025-09-05","2025-09-05 00:00","8452","8609","8429","8515","8452","8515","2158077"
"2025-09-08","2025-09-08 00:00","8350","8390","8185","8262","8350","8262","3480651"
"2025-09-09","2025-09-09 00:00","8181","8340","8062","8332","8181","8332","3815962"
"2025-09-10","2025-09-10 00:00","8320","8331","8192","8192","8320","8192","6853801"
"2025-09-11","2025-09-11 00:00","8162","8186","7986","7995","8162","7995","4464172"
"2025-09-12","2025-09-12 00:00","7845","7930","7806","7854","7845","7854","3312639"
"2025-09-16","2025-09-16 00:00","7792","7907","7750","7810","7792","7810","3188700"
"2025-09-17","2025-09-17 00:00","7854","7907","7760","7833","7854","7833","2589402"
"2025-09-18","2025-09-18 00:00","7782","7834","7591","7652","7782","7652","4048917"
"2025-09-19","2025-09-19 00:00","7480","8000","7469","7746","7480","7746","5085715"
"2025-09-22","2025-09-22 00:00","7676","7683","7496","7586","7676","7586","3057041"
"2025-09-24","2025-09-24 00:00","7607","7684","7528","7536","7607","7536","2239184"
"2025-09-25","2025-09-25 00:00","7550","7588","7484","7498","7550","7498","1854447"
"2025-09-26","2025-09-26 00:00","7548","7627","7503","7622","7548","7622","2615986"
"2025-09-29","2025-09-29 00:00","7599","7697","7590","7659","7599","7659","1720190"
"2025-09-30","2025-09-30 00:00","7635","7744","7612","7677","7635","7677","1767437"
"2025-10-01","2025-10-01 00:00","7726","7869","7692","7792","7726","7792","2910748"
"2025-10-02","2025-10-02 00:00","7680","7764","7601","7665","7680","7665","3047058"
"2025-10-03","2025-10-03 00:00","7618","7624","7385","7386","7618","7386","4195919"
"2025-10-06","2025-10-06 00:00","6836","6864","6621","6676","6836","6676","8218652"
"2025-10-07","2025-10-07 00:00","6570","6689","6522","6679","6570","6679","3646738"
"2025-10-08","2025-10-08 00:00","6692","6739","6616","6731","6692","6731","3036561"
"2025-10-09","2025-10-09 00:00","6631","6655","6498","6501","6631","6501","4287377"
"2025-10-10","2025-10-10 00:00","6496","6660","6483","6630","6496","6630","4721914"
"2025-10-14","2025-10-14 00:00","6792","7057","6678","6982","6792","6982","7232071"
"2025-10-15","2025-10-15 00:00","6917","6950","6691","6714","6917","6714","4276455"
"2025-10-16","2025-10-16 00:00","6587","6649","6541","6550","6587","6550","3278442"
"2025-10-17","2025-10-17 00:00","6690","6764","6590","6749","6690","6749","4905901"
"2025-10-20","2025-10-20 00:00","6508","6539","6293","6293","6508","6293","4887878"
"2025-10-21","2025-10-21 00:00","6157","6296","6087","6252","6157","6252","5460514"
"2025-10-22","2025-10-22 00:00","6277","6426","6210","6250","6277","6250","4605159"
"2025-10-23","2025-10-23 00:00","6446","6480","6386","6417","6446","6417","3163728"
"2025-10-27","2025-10-27 00:00","6044","6064","5928","5933","6044","5933","5478739"
"2025-10-28","2025-10-28 00:00","5975","6033","5945","6006","5975","6006","2522859"
"2025-10-29","2025-10-29 00:00","5893","5906","5708","5729","5893","5729","5205739"
"2025-10-30","2025-10-30 00:00","5787","5823","5667","5747","5787","5747","4348386"
"2025-10-31","2025-10-31 00:00","5660","5664","5500","5500","5660","5500","6149033"
"2025-11-04","2025-11-04 00:00","5503","5670","5452","5667","5503","5667","3794688"
"2025-11-05","2025-11-05 00:00","5894","6227","5887","5965","5894","5965","9564048"
"2025-11-06","2025-11-06 00:00","5737","5893","5736","5844","5737","5844","3896151"
"2025-11-07","2025-11-07 00:00","5998","6110","5931","5955","5998","5955","5897055"
"2025-11-10","2025-11-10 00:00","5855","5928","5800","5809","5855","5809","3384443"
"2025-11-11","2025-11-11 00:00","5709","5888","5678","5828","5709","5828","3406454"
"2025-11-12","2025-11-12 00:00","5832","5895","5776","5776","5832","5776","3312787"
"2025-11-13","2025-11-13 00:00","5802","5805","5717","5730","5802","5730","2307588"
"2025-11-14","2025-11-14 00:00","5964","5982","5853","5933","5964","5933","3535585"
"2025-11-17","2025-11-17 00:00","5978","6056","5926","5937","5978","5937","4061927"
"2025-11-18","2025-11-18 00:00","6046","6339","6034","6305","6046","6305","6160655"
"2025-11-19","2025-11-19 00:00","6293","6445","6219","6349","6293","6349","5008806"
"2025-11-20","2025-11-20 00:00","5895","6079","5835","6016","5895","6016","5956322"
"2025-11-21","2025-11-21 00:00","6349","6357","6223","6302","6349","6302","4363421"
"2025-11-25","2025-11-25 00:00","6157","6349","6152","6310","6157","6310","3167069"
"2025-11-26","2025-11-26 00:00","6221","6233","6028","6087","6221","6087","3639756"
"2025-11-27","2025-11-27 00:00","5946","5963","5891","5929","5946","5929","2839034"
"2025-11-28","2025-11-28 00:00","5920","5969","5900","5907","5920","5907","1814753"
"2025-12-01","2025-12-01 00:00","5897","6153","5881","6126","5897","6126","3677328"
"2025-12-02","2025-12-02 00:00","6075","6144","6047","6135","6075","6135","1805117"
"2025-12-03","2025-12-03 00:00","6059","6061","5921","5988","6059","5988","3663608"
"2025-12-04","2025-12-04 00:00","5982","5987","5720","5720","5982","5720","4787813"
"2025-12-05","2025-12-05 00:00","5820","5896","5816","5830","5820","5830","3514286"
"2025-12-08","2025-12-08 00:00","5781","5901","5780","5813","5781","5813","2324725"
"2025-12-09","2025-12-09 00:00","5803","5854","5766","5798","5803","5798","3283055"
"2025-12-10","2025-12-10 00:00","5746","5870","5695","5812","5746","5812","2846519"
"2025-12-11","2025-12-11 00:00","5762","5965","5762","5911","5762","5911","3258578"
"2025-12-12","2025-12-12 00:00","5811","5841","5682","5743","5811","5743","4883159"
"2025-12-15","2025-12-15 00:00","5921","5949","5857","5896","5921","5896","2559466"
"2025-12-16","2025-12-16 00:00","5945","6094","5940","6072","5945","6072","3364549"
"2025-12-17","2025-12-17 00:00","6055","6163","6041","6044","6055","6044","3421789"
"2025-12-18","2025-12-18 00:00","6244","6270","6138","6167","6244","6167","2978234"
"2025-12-19","2025-12-19 00:00","6087","6123","5989","6048","6087","6048","2871593"
"2025-12-22","2025-12-22 00:00","5848","5880","5792","5843","5848","5843","3883283"
"2025-12-23","2025-12-23 00:00","5832","5871","5806","5840","5832","5840","4649291"
"2025-12-24","2025-12-24 00:00","5813","5858","5784","5844","5813","5844","3550268"
"2025-12-25","2025-12-25 00:00","5827","5865","5817","5841","5827","5841","1992199"
"2025-12-26","2025-12-26 00:00","5811","5815","5714","5769","5811","5769","5456323"
"2025-12-29","2025-12-29 00:00","5756","5841","5756","5818","5756","5818","2943169"
"2025-12-30","2025-12-30 00:00","5855","5875","5797","5842","5855","5842","2481540"
"2026-01-05","2026-01-05 00:00","5584","5627","5452","5489","5584","5489","6833759"
"2026-01-06","2026-01-06 00:00","5429","5458","5351","5355","5429","5355","4190811"
"2026-01-07","2026-01-07 00:00","5420","5489","5373","5464","5420","5464","2642429"
"2026-01-08","2026-01-08 00:00","5505","5655","5487","5642","5505","5642","4143521"
"2026-01-09","2026-01-09 00:00","5570","5596","5454","5469","5570","5469","4120542"
"2026-01-13","2026-01-13 00:00","5075","5142","5054","5126","5075","5126","5031074"
"2026-01-14","2026-01-14 00:00","5044","5075","4942","4966","5044","4966","6157882"
"2026-01-15","2026-01-15 00:00","5036","5086","5004","5011","5036","5011","4368062"
"2026-01-16","2026-01-16 00:00","5020","5086","5010","5040","5020","5040","3057435"
"2026-01-19","2026-01-19 00:00","5166","5203","5110","5110","5166","5110","4039232"
"2026-01-20","2026-01-20 00:00","5144","5249","5141","5221","5144","5221","3254019"
"2026-01-21","2026-01-21 00:00","5394","5394","5253","5272","5394","5272","4023671"
"2026-01-22","2026-01-22 00:00","5118","5165","5041","5086","5118","5086","3706754"
"2026-01-23","2026-01-23 00:00","5036","5099","5018","5051","5036","5051","2749515"
"2026-01-26","2026-01-26 00:00","5251","5279","5189","5235","5251","5235","5199299"
"2026-01-27","2026-01-27 00:00","5237","5288","5149","5155","5237","5155","2857432"
"2026-01-28","2026-01-28 00:00","5220","5253","5113","5143","5220","5143","3831440"
"2026-01-29","2026-01-29 00:00","5043","5190","5042","5137","5043","5137","4263788"
"2026-01-30","2026-01-30 00:00","5158","5222","5097","5150","5158","5150","3168888"
"2026-02-02","2026-02-02 00:00","5094","5277","4973","5267","5094","5267","7976629"
"2026-02-03","2026-02-03 00:00","5024","5048","4849","4855","5024","4855","8531227"
"2026-02-04","2026-02-04 00:00","4969","4996","4906","4927","4969","4927","4267821"
"2026-02-05","2026-02-05 00:00","4945","5051","4907","5004","4945","5004","3887154"
"2026-02-06","2026-02-06 00:00","5148","5186","4944","4944","5148","4944","4390825"
"2026-02-09","2026-02-09 00:00","4481","4567","4382","4553","4481","4553","8948862"
"2026-02-10","2026-02-10 00:00","4447","4447","4299","4351","4447","4351","10290666"
"2026-02-12","2026-02-12 00:00","4318","4364","4294","4342","4318","4342","5166589"
"2026-02-13","2026-02-13 00:00","4412","4507","4397","4450","4412","4450","6789487"
"2026-02-16","2026-02-16 00:00","4380","4487","4380","4470","4380","4470","4291332"
"2026-02-17","2026-02-17 00:00","4471","4588","4468","4526","4471","4526","4783915"
"2026-02-18","2026-02-18 00:00","4478","4489","4387","4422","4478","4422","4477881"
"2026-02-19","2026-02-19 00:00","4376","4395","4341","4371","4376","4371","4124256"
"2026-02-20","2026-02-20 00:00","4439","4495","4437","4468","4439","4468","3972127"
"2026-02-24","2026-02-24 00:00","4498","4503","4383","4398","4498","4398","4071588"
"2026-02-25","2026-02-25 00:00","4311","4333","4158","4196","4311","4196","7295684"
"2026-02-26","2026-02-26 00:00","4126","4199","4092","4174","4126","4174","4888118"
"2026-02-27","2026-02-27 00:00","4225","4262","4148","4159","4225","4159","5419797"
"2026-03-02","2026-03-02 00:00","4324","4380","4226","4271","4324","4271","7896702"
"2026-03-03","2026-03-03 00:00","4320","4562","4300","4533","4320","4533","7819339"
"2026-03-04","2026-03-04 00:00","4743","4965","4628","4873","4743","4873","15400649"
"2026-03-05","2026-03-05 00:00","4505","4750","4437","4687","4505","4687","11585641"
"2026-03-06","2026-03-06 00:00","4757","4814","4611","4621","4757","4621","8354109"
"2026-03-09","2026-03-09 00:00","5192","5319","5063","5098","5192","5098","13851106"
"2026-03-10","2026-03-10 00:00","4788","4941","4713","4808","4788","4808","7443486"
"2026-03-11","2026-03-11 00:00","4668","4692","4541","4676","4668","4676","6215178"
"2026-03-12","2026-03-12 00:00","4780","4874","4715","4756","4780","4756","5808558"
"2026-03-13","2026-03-13 00:00","4955","4969","4830","4883","4955","4883","6011175"
"2026-03-16","2026-03-16 00:00","4894","5004","4841","4892","4894","4892","5363913"
"2026-03-17","2026-03-17 00:00","4808","4937","4771","4894","4808","4894","4152621"
"2026-03-18","2026-03-18 00:00","4771","4782","4600","4600","4771","4600","8420595"
"2026-03-19","2026-03-19 00:00","4850","4962","4839","4936","4850","4936","7928442"
"2026-03-23","2026-03-23 00:00","5302","5433","5236","5275","5302","5275","9301936"
"2026-03-24","2026-03-24 00:00","5026","5247","5014","5115","5026","5115","8553983"
"2026-03-25","2026-03-25 00:00","4853","4887","4773","4823","4853","4823","7536322"
"2026-03-26","2026-03-26 00:00","4802","4936","4752","4872","4802","4872","7209383"
"2026-03-27","2026-03-27 00:00","4950","5062","4836","4891","4950","4891","8900094"
"2026-03-30","2026-03-30 00:00","5355","5369","5126","5126","5355","5126","9879536"
"2026-03-31","2026-03-31 00:00","5285","5371","5052","5246","5285","5246","13846372"
"2026-04-01","2026-04-01 00:00","4878","4937","4713","4713","4878","4713","11379644"
"2026-04-02","2026-04-02 00:00","4643","4970","4626","4931","4643","4931","12973687"
"2026-04-03","2026-04-03 00:00","4764","4846","4750","4804","4764","4804","6936241"
"2026-04-06","2026-04-06 00:00","4792","4800","4640","4750","4792","4750","10199109"
"2026-04-07","2026-04-07 00:00","4712","4802","4668","4739","4712","4739","7221465"
"2026-04-08","2026-04-08 00:00","4319","4368","4219","4232","4319","4232","15557661"
"2026-04-09","2026-04-09 00:00","4238","4321","4225","4292","4238","4292","9250610"
"2026-04-10","2026-04-10 00:00","4191","4209","4135","4148","4191","4148","8456604"
"2026-04-13","2026-04-13 00:00","4226","4249","4170","4207","4226","4207","6388979"
"2026-04-14","2026-04-14 00:00","4075","4081","3989","4013","4075","4013","9185768"
"2026-04-15","2026-04-15 00:00","3908","3984","3907","3967","3908","3967","7550254"
"2026-04-16","2026-04-16 00:00","3913","3916","3758","3767","3913","3767","12284036"
"2026-04-17","2026-04-17 00:00","3807","3889","3797","3889","3807","3889","6319387"
"2026-04-20","2026-04-20 00:00","3858","3880","3823","3867","3858","3867","7576390"
"2026-04-21","2026-04-21 00:00","3839","3842","3766","3800","3839","3800","6866987"
"2026-04-22","2026-04-22 00:00","3839","3846","3757","3772","3839","3772","6676559"
"2026-04-23","2026-04-23 00:00","3727","3892","3697","3826","3727","3826","9903931"
"2026-04-24","2026-04-24 00:00","3794","3813","3749","3759","3794","3759","5394559"
"2026-04-27","2026-04-27 00:00","3704","3768","3604","3645","3704","3645","8433908"
"2026-04-28","2026-04-28 00:00","3674","3753","3660","3725","3674","3725","6570364"
"2026-04-30","2026-04-30 00:00","3823","3851","3781","3808","3823","3808","8098886"
"2026-05-01","2026-05-01 00:00","3759","3797","3753","3783","3759","3783","4556214"
"2026-05-07","2026-05-07 00:00","3462","3485","3304","3330","3462","3330","11705514"
"2026-05-08","2026-05-08 00:00","3396","3424","3360","3366","3396","3366","6763217"
"2026-05-11","2026-05-11 00:00","3296","3398","3289","3389","3296","3389","6359766"
"2026-05-12","2026-05-12 00:00","3348","3423","3309","3361","3348","3361","6383725"
"2026-05-13","2026-05-13 00:00","3410","3414","3295","3302","3410","3302","6172931"
"2026-05-14","2026-05-14 00:00","3263","3367","3247","3367","3263","3367","6606856"
"2026-05-15","2026-05-15 00:00","3335","3550","3305","3500","3335","3500","10294397"
"2026-05-18","2026-05-18 00:00","3476","3617","3463","3568","3476","3568","10520045"
"2026-05-19","2026-05-19 00:00","3513","3632","3488","3588","3513","3588","8673210"
"2026-05-20","2026-05-20 00:00","3610","3747","3610","3677","3610","3677","9843421"
"2026-05-21","2026-05-21 00:00","3498","3510","3410","3454","3498","3454","9011837"
"2026-05-22","2026-05-22 00:00","3372","3382","3258","3269","3372","3269","8783707"
"2026-05-25","2026-05-25 00:00","3199","3220","3055","3064","3199","3064","10082539"
"2026-05-26","2026-05-26 00:00","3061","3131","3058","3096","3061","3096","6974247"
"2026-05-27","2026-05-27 00:00","2961","3084","2952","3084","2961","3084","9058221"
"2026-05-28","2026-05-28 00:00","3133","3200","3078","3123","3133","3123","9833641"
"2026-05-29","2026-05-29 00:00","3030","3038","2946","2958","3030","2958","10455043"
"2026-06-01","2026-06-01 00:00","2961","2966","2885","2907","2961","2907","8697645"
"2026-06-02","2026-06-02 00:00","2892","3028","2891","2928","2892","2928","10090053"
"2026-06-03","2026-06-03 00:00","2834","2869","2749","2776","2834","2776","11617764"
"2026-06-04","2026-06-04 00:00","2826","2899","2822","2854","2826","2854","9693204"
"2026-06-05","2026-06-05 00:00","2903","2990","2901","2927","2903","2927","9602456"
"2026-06-08","2026-06-08 00:00","3195","3208","3091","3154","3195","3154","12275227"
"2026-06-09","2026-06-09 00:00","3071","3164","3010","3023","3071","3023","9148035"
"2026-06-10","2026-06-10 00:00","3093","3171","3047","3123","3093","3123","9081117"
"2026-06-11","2026-06-11 00:00","3281","3312","3112","3128","3281","3128","13954993"
"2026-06-12","2026-06-12 00:00","2907","2977","2856","2950","2907","2950","14006633"
"2026-06-15","2026-06-15 00:00","2713","2717","2630","2657","2713","2657","13663595"
"2026-06-16","2026-06-16 00:00","2656","2679","2609","2656","2656","2656","10454806"
"2026-06-17","2026-06-17 00:00","2705","2706","2600","2611","2705","2611","11186311"
"2026-06-18","2026-06-18 00:00","2574","2588","2505","2526","2574","2526","15798590"
"2026-06-19","2026-06-19 00:00","2476","2558","2458","2510","2476","2510","13610157"
"2026-06-22","2026-06-22 00:00","2518","2519","2398","2424","2518","2424","12970306"
"2026-06-23","2026-06-23 00:00","2418","2602","2414","2601","2418","2601","16360711"
"2026-06-24","2026-06-24 00:00","2623","2708","2577","2650","2623","2650","20148214"
"2026-06-25","2026-06-25 00:00","2515","2543","2397","2412","2515","2412","17110636"
"2026-06-26","2026-06-26 00:00","2508","2660","2482","2611","2508","2611","22272630"
"2026-06-29","2026-06-29 00:00","2584","2710","2584","2600","2584","2600","20312048"
"2026-06-30","2026-06-30 00:00","2540","2613","2513","2552","2540","2552","12372933"
"2026-07-01","2026-07-01 00:00","2460","2553","2419","2532","2460","2532","16400393"
"2026-07-02","2026-07-02 00:00","2632","2658","2569","2649","2632","2649","16577042"
"2026-07-03","2026-07-03 00:00","2687","2738","2566","2566","2687","2566","21016443"
"2026-07-06","2026-07-06 00:00","2552","2635","2527","2575","2552","2575","16031056"
"2026-07-07","2026-07-07 00:00","2593","2702","2558","2679","2593","2679","15284069"
"2026-07-08","2026-07-08 00:00","2779","2786","2670","2780","2779","2780","25508171"
"2026-07-09","2026-07-09 00:00","2730","2741","2657","2704","2730","2704","17269958"
"2026-07-10","2026-07-10 00:00","2622","2662","2589","2641","2622","2641","16212837"
"2026-07-13","2026-07-13 00:00","2665","2800","2614","2756","2665","2756","13668854"
"2026-07-14","2026-07-14 00:00","2792","2835","2708","2711","2792","2711","14927709"
"2026-07-15","2026-07-15 00:00","2671","2709","2629","2635","2671","2635","11140141"
"2026-07-16","2026-07-16 00:00","2718","2807","2712","2780","2718","2780","8740229"
"2026-07-17","2026-07-17 00:00","2880","3125","2875","2995","2880","2995","20247065"
"2026-07-21","2026-07-21 00:00","2946","2997","2811","2811","2946","2811","14698349"
"2026-07-22","2026-07-22 00:00","2712","2831","2693","2821","2712","2821","11613952"
"2026-07-23","2026-07-23 00:00","2775","2809","2740","2792","2775","2792","10091624"
"2026-07-24","2026-07-24 00:00","2863","2979","2862","2945","2863","2945","10784589"
"2026-07-27","2026-07-27 00:00","2895","2988","2888","2905","2895","2905","11901975"
"2026-07-28","2026-07-28 00:00","3065","3180","3058","3141","3065","3141","12218402"
"2026-07-29","2026-07-29 00:00","3114","3335","3060","3226","3114","3226","16185480"
"2026-07-30","2026-07-30 00:00","3239","3255","3086","3188","3239","3188","16961536"
"2026-07-31","2026-07-31 00:00","2892","2984","2818","2926","2892","2926","18084774"
"2026-08-03","2026-08-03 00:00","3009","3093","2978","2995","3009","2995","9163731"
"2026-08-04","2026-08-04 00:00","2950","3075","2945","2970","2950","2970","8073912"
"2026-08-05","2026-08-05 00:00","2807","2825","2755","2755","2807","2755","13016521"
"2026-08-06","2026-08-06 00:00","2820","2869","2793","2805","2820","2805","9116243"
"2026-08-07","2026-08-07 00:00","2797","2896","2786","2805","2797","2805","6937544"
"2026-08-10","2026-08-10 00:00","2767","2777","2689","2689","2767","2689","8678841"
"2026-08-12","2026-08-12 00:00","2680","2714","2643","2643","2680","2643","8563490"
"2026-08-13","2026-08-13 00:00","2593","2601","2553","2584","2593","2584","10454652"
"2026-08-14","2026-08-14 00:00","2509","2580","2492","2560","2509","2560","10366650"
"2026-08-17","2026-08-17 00:00","2545","2578","2523","2528","2545","2528","6173323"
"2026-08-18","2026-08-18 00:00","2548","2658","2532","2648","2548","2648","10371258"
"2026-08-19","2026-08-19 00:00","2781","2834","2746","2812","2781","2812","14124938"
"2026-08-20","2026-08-20 00:00","2762","2792","2733","2739","2762","2739","8641477"
"2026-08-21","2026-08-21 00:00","2802","2824","2750","2757","2802","2757","8891585"
"2026-08-24","2026-08-24 00:00","2747","2806","2740","2797","2747","2797","4324378"
"2026-08-25","2026-08-25 00:00","2838","2880","2766","2766","2838","2766","7654850"
"2026-08-26","2026-08-26 00:00","2791","2813","2723","2734","2791","2734","6081842"
"2026-08-27","2026-08-27 00:00","2684","2779","2680","2747","2684","2747","6304729"
"2026-08-28","2026-08-28 00:00","2748","2756","2689","2727","2748","2727","6849427"
"2026-08-31","2026-08-31 00:00","2865","2873","2729","2729","2865","2729","7035571"
"2026-09-01","2026-09-01 00:00","2776","2795","2714","2745","2776","2745","5072288"
"2026-09-02","2026-09-02 00:00","2860","2908","2850","2902","2860","2902","7603741"
"2026-09-03","2026-09-03 00:00","2867","2948","2862","2912","2867","2912","5929585"
"2026-09-04","2026-09-04 00:00","2874","2901","2820","2829","2874","2829","8494192"
"2026-09-07","2026-09-07 00:00","2742","2759","2691","2719","2742","2719","8620648"
"2026-09-08","2026-09-08 00:00","2760","2804","2684","2804","2760","2804","7575575"
"2026-09-09","2026-09-09 00:00","2835","2835","2763","2822","2835","2822","6015146"
"2026-09-10","2026-09-10 00:00","2867","2904","2811","2811","2867","2811","6262255"
"2026-09-11","2026-09-11 00:00","2973","2990","2912","2915","2973","2915","5880760"
"2026-09-14","2026-09-14 00:00","3015","3036","2950","2954","3015","2954","6514066"
"2026-09-15","2026-09-15 00:00","3004","3016","2909","2958","3004","2958","7514912"
"2026-09-16","2026-09-16 00:00","2946","2993","2924","2924","2946","2924","5430654"
"2026-09-17","2026-09-17 00:00","2874","2935","2862","2903","2874","2903","5323970"
"2026-09-18","2026-09-18 00:00","2853","2881","2788","2818","2853","2818","11066590"
"2026-09-24","2026-09-24 06:30","2752","2779","2720","2775","2752","2775","10189935"
