"date","utc_time","open","high","low","close","raw_open","raw_close","volume"
"2012-04-09","2012-04-09 00:00","5918","5918","5918","5918","5918","5918","0"
"2012-04-10","2012-04-10 00:00","5917.31005859375","5917.31005859375","5917.31005859375","5917.31005859375","5917.31005859375","5917.31005859375","0"
"2012-04-11","2012-04-11 00:00","5979.10009765625","5979.10009765625","5979.10009765625","5979.10009765625","5979.10009765625","5979.10009765625","0"
"2012-04-12","2012-04-12 00:00","5970","5990","5930","5940","5970","5940","7317"
"2012-04-13","2012-04-13 00:00","5870","5890","5840","5870","5870","5870","12035"
"2012-04-16","2012-04-16 00:00","5940","5980","5930","5980","5940","5980","10844"
"2012-04-17","2012-04-17 00:00","5960","5980","5940","5970","5960","5970","15287"
"2012-04-18","2012-04-18 00:00","5880","5890","5840","5850","5880","5850","16480"
"2012-04-19","2012-04-19 00:00","5890","5910","5870","5890","5890","5890","39160"
"2012-04-20","2012-04-20 00:00","5910","5930","5900","5910","5910","5910","7385"
"2012-04-23","2012-04-23 00:00","5890","5940","5860","5920","5890","5920","5232"
"2012-04-24","2012-04-24 00:00","5970","6000","5950","5960","5970","5960","14185"
"2012-04-25","2012-04-25 00:00","5890","5930","5890","5910","5890","5910","19228"
"2012-04-26","2012-04-26 00:00","5880","5930","5870","5910","5880","5910","22110"
"2012-04-27","2012-04-27 00:00","5910","5960","5830","5950","5910","5950","67662"
"2012-05-01","2012-05-01 00:00","5970","6050","5970","6040","5970","6040","33133"
"2012-05-02","2012-05-02 00:00","5970","6050","5970","6040","5970","6040","33133"
"2012-05-07","2012-05-07 00:00","6200","6200","6150","6190","6200","6190","51892"
"2012-05-08","2012-05-08 00:00","6130","6160","6130","6150","6130","6150","18151"
"2012-05-09","2012-05-09 00:00","6200","6260","6200","6230","6200","6230","35065"
"2012-05-10","2012-05-10 00:00","6270","6280","6210","6250","6270","6250","25571"
"2012-05-11","2012-05-11 00:00","6260","6320","6230","6320","6260","6320","51434"
"2012-05-14","2012-05-14 00:00","6280","6310","6240","6290","6280","6290","27218"
"2012-05-15","2012-05-15 00:00","6340","6380","6320","6320","6340","6320","36187"
"2012-05-16","2012-05-16 00:00","6360","6440","6350","6430","6360","6430","55915"
"2012-05-17","2012-05-17 00:00","6420","6440","6340","6360","6420","6360","54463"
"2012-05-18","2012-05-18 00:00","6490","6560","6480","6550","6490","6550","84053"
"2012-05-21","2012-05-21 00:00","6540","6550","6490","6530","6540","6530","27327"
"2012-05-22","2012-05-22 00:00","6450","6480","6440","6460","6450","6460","24137"
"2012-05-23","2012-05-23 00:00","6460","6600","6460","6580","6460","6580","56001"
"2012-05-24","2012-05-24 00:00","6580","6630","6550","6570","6580","6570","55017"
"2012-05-25","2012-05-25 00:00","6550","6590","6530","6550","6550","6550","30298"
"2012-05-28","2012-05-28 00:00","6530","6570","6530","6540","6530","6540","19270"
"2012-05-29","2012-05-29 00:00","6560","6610","6500","6500","6560","6500","46265"
"2012-05-30","2012-05-30 00:00","6510","6570","6510","6540","6510","6540","22433"
"2012-05-31","2012-05-31 00:00","6630","6660","6590","6600","6630","6600","151461"
"2012-06-01","2012-06-01 00:00","6650","6680","6620","6680","6650","6680","89393"
"2012-06-04","2012-06-04 00:00","6820","6820","6780","6790","6820","6790","64110"
"2012-06-05","2012-06-05 00:00","6750","6770","6700","6700","6750","6700","26011"
"2012-06-06","2012-06-06 00:00","6650","6690","6570","6600","6650","6600","215313"
"2012-06-07","2012-06-07 00:00","6500","6540","6490","6520","6500","6520","59240"
"2012-06-08","2012-06-08 00:00","6520","6670","6520","6650","6520","6650","147863"
"2012-06-11","2012-06-11 00:00","6510","6540","6480","6510","6510","6510","83151"
"2012-06-12","2012-06-12 00:00","6630","6650","6550","6580","6630","6580","43532"
"2012-06-13","2012-06-13 00:00","6550","6570","6520","6540","6550","6540","29714"
"2012-06-14","2012-06-14 00:00","6590","6590","6540","6540","6590","6540","24380"
"2012-06-15","2012-06-15 00:00","6510","6570","6510","6560","6510","6560","36783"
"2012-06-18","2012-06-18 00:00","6410","6450","6400","6420","6410","6420","40103"
"2012-06-19","2012-06-19 00:00","6460","6500","6440","6480","6460","6480","20875"
"2012-06-20","2012-06-20 00:00","6430","6450","6400","6420","6430","6420","63674"
"2012-06-21","2012-06-21 00:00","6370","6390","6340","6360","6370","6360","100980"
"2012-06-22","2012-06-22 00:00","6420","6440","6350","6380","6420","6380","104343"
"2012-06-25","2012-06-25 00:00","6350","6440","6350","6430","6350","6430","22778"
"2012-06-26","2012-06-26 00:00","6480","6510","6440","6460","6480","6460","40779"
"2012-06-27","2012-06-27 00:00","6470","6490","6410","6420","6470","6420","29509"
"2012-06-28","2012-06-28 00:00","6360","6370","6310","6310","6360","6310","42088"
"2012-06-29","2012-06-29 00:00","6350","6370","6190","6220","6350","6220","57955"
"2012-07-02","2012-07-02 00:00","6160","6220","6160","6220","6160","6220","40777"
"2012-07-03","2012-07-03 00:00","6220","6220","6160","6170","6220","6170","39952"
"2012-07-04","2012-07-04 00:00","6140","6170","6130","6160","6140","6160","34733"
"2012-07-05","2012-07-05 00:00","6170","6180","6130","6160","6170","6160","77755"
"2012-07-06","2012-07-06 00:00","6190","6240","6170","6210","6190","6210","47300"
"2012-07-09","2012-07-09 00:00","6280","6310","6250","6310","6280","6310","51918"
"2012-07-10","2012-07-10 00:00","6280","6320","6240","6310","6280","6310","47025"
"2012-07-11","2012-07-11 00:00","6340","6360","6310","6320","6340","6320","53186"
"2012-07-12","2012-07-12 00:00","6320","6430","6310","6420","6320","6420","93282"
"2012-07-13","2012-07-13 00:00","6430","6430","6380","6430","6430","6430","75087"
"2012-07-17","2012-07-17 00:00","6410","6420","6350","6390","6410","6390","70490"
"2012-07-18","2012-07-18 00:00","6360","6420","6350","6400","6360","6400","24497"
"2012-07-19","2012-07-19 00:00","6350","6370","6320","6350","6350","6350","15888"
"2012-07-20","2012-07-20 00:00","6370","6460","6360","6440","6370","6440","125641"
"2012-07-23","2012-07-23 00:00","6510","6580","6490","6560","6510","6560","78330"
"2012-07-24","2012-07-24 00:00","6570","6620","6560","6590","6570","6590","195903"
"2012-07-25","2012-07-25 00:00","6650","6710","6620","6680","6650","6680","82850"
"2012-07-26","2012-07-26 00:00","6640","6680","6600","6600","6640","6600","41718"
"2012-07-27","2012-07-27 00:00","6510","6560","6510","6520","6510","6520","64122"
"2012-07-30","2012-07-30 00:00","6450","6500","6430","6480","6450","6480","78176"
"2012-07-31","2012-07-31 00:00","6500","6510","6380","6420","6500","6420","37003"
"2012-08-01","2012-08-01 00:00","6480","6510","6440","6460","6480","6460","69272"
"2012-08-02","2012-08-02 00:00","6450","6460","6410","6460","6450","6460","21516"
"2012-08-03","2012-08-03 00:00","6530","6550","6510","6520","6530","6520","44593"
"2012-08-06","2012-08-06 00:00","6420","6430","6370","6390","6420","6390","62328"
"2012-08-07","2012-08-07 00:00","6390","6400","6320","6330","6390","6330","67835"
"2012-08-08","2012-08-08 00:00","6260","6300","6220","6290","6260","6290","89193"
"2012-08-09","2012-08-09 00:00","6280","6290","6190","6210","6280","6210","91367"
"2012-08-10","2012-08-10 00:00","6240","6290","6220","6280","6240","6280","44557"
"2012-08-13","2012-08-13 00:00","6260","6290","6260","6270","6260","6270","20834"
"2012-08-14","2012-08-14 00:00","6260","6270","6210","6250","6260","6250","35621"
"2012-08-15","2012-08-15 00:00","6230","6290","6220","6240","6230","6240","26792"
"2012-08-16","2012-08-16 00:00","6220","6220","6120","6140","6220","6140","64946"
"2012-08-17","2012-08-17 00:00","6120","6130","6060","6070","6120","6070","74094"
"2012-08-20","2012-08-20 00:00","6060","6090","6040","6050","6060","6050","54561"
"2012-08-21","2012-08-21 00:00","6080","6090","6060","6090","6080","6090","38033"
"2012-08-22","2012-08-22 00:00","6080","6140","6080","6100","6080","6100","52983"
"2012-08-23","2012-08-23 00:00","6130","6150","6050","6080","6130","6080","36382"
"2012-08-24","2012-08-24 00:00","6140","6160","6120","6150","6140","6150","36394"
"2012-08-27","2012-08-27 00:00","6100","6130","6080","6120","6100","6120","22720"
"2012-08-28","2012-08-28 00:00","6090","6190","6090","6160","6090","6160","52355"
"2012-08-29","2012-08-29 00:00","6160","6160","6120","6120","6160","6120","31225"
"2012-08-30","2012-08-30 00:00","6130","6210","6130","6200","6130","6200","59678"
"2012-08-31","2012-08-31 00:00","6250","6300","6220","6300","6250","6300","121546"
"2012-09-03","2012-09-03 00:00","6280","6340","6240","6330","6280","6330","90391"
"2012-09-04","2012-09-04 00:00","6320","6370","6300","6330","6320","6330","71707"
"2012-09-05","2012-09-05 00:00","6340","6410","6330","6400","6340","6400","82707"
"2012-09-06","2012-09-06 00:00","6390","6420","6380","6390","6390","6390","42779"
"2012-09-07","2012-09-07 00:00","6260","6310","6250","6250","6260","6250","97851"
"2012-09-10","2012-09-10 00:00","6270","6290","6250","6250","6270","6250","49701"
"2012-09-11","2012-09-11 00:00","6300","6330","6290","6300","6300","6300","33872"
"2012-09-12","2012-09-12 00:00","6300","6300","6190","6190","6300","6190","43030"
"2012-09-13","2012-09-13 00:00","6180","6220","6140","6160","6180","6160","149059"
"2012-09-14","2012-09-14 00:00","6070","6110","6020","6060","6070","6060","212175"
"2012-09-18","2012-09-18 00:00","6060","6090","6040","6070","6060","6070","42907"
"2012-09-19","2012-09-19 00:00","6060","6070","5970","6000","6060","6000","78836"
"2012-09-20","2012-09-20 00:00","6040","6120","6010","6120","6040","6120","49429"
"2012-09-21","2012-09-21 00:00","6090","6090","6050","6070","6090","6070","45193"
"2012-09-24","2012-09-24 00:00","6110","6140","6090","6120","6110","6120","63745"
"2012-09-25","2012-09-25 00:00","6140","6140","6080","6110","6140","6110","185977"
"2012-09-26","2012-09-26 00:00","6160","6180","6130","6170","6160","6170","52177"
"2012-09-27","2012-09-27 00:00","6210","6220","6130","6130","6210","6130","210312"
"2012-09-28","2012-09-28 00:00","6110","6220","6110","6210","6110","6210","115847"
"2012-10-01","2012-10-01 00:00","6240","6270","6220","6250","6240","6250","84425"
"2012-10-02","2012-10-02 00:00","6220","6270","6210","6260","6220","6260","99650"
"2012-10-03","2012-10-03 00:00","6260","6300","6230","6280","6260","6280","83076"
"2012-10-04","2012-10-04 00:00","6260","6290","6190","6230","6260","6230","50856"
"2012-10-05","2012-10-05 00:00","6200","6250","6190","6190","6200","6190","33017"
"2012-10-09","2012-10-09 00:00","6230","6270","6210","6260","6230","6260","21540"
"2012-10-10","2012-10-10 00:00","6350","6400","6340","6390","6350","6390","72787"
"2012-10-11","2012-10-11 00:00","6450","6450","6380","6420","6450","6420","348574"
"2012-10-12","2012-10-12 00:00","6420","6450","6400","6420","6420","6420","166320"
"2012-10-15","2012-10-15 00:00","6430","6470","6380","6400","6430","6400","175146"
"2012-10-16","2012-10-16 00:00","6340","6360","6300","6300","6340","6300","124957"
"2012-10-17","2012-10-17 00:00","6250","6270","6210","6240","6250","6240","39103"
"2012-10-18","2012-10-18 00:00","6200","6200","6100","6120","6200","6120","56746"
"2012-10-19","2012-10-19 00:00","6130","6140","6080","6100","6130","6100","38907"
"2012-10-22","2012-10-22 00:00","6170","6180","6070","6090","6170","6090","73364"
"2012-10-23","2012-10-23 00:00","6040","6120","6030","6100","6040","6100","346112"
"2012-10-24","2012-10-24 00:00","6160","6160","6050","6130","6160","6130","58057"
"2012-10-25","2012-10-25 00:00","6130","6130","6040","6050","6130","6050","42374"
"2012-10-26","2012-10-26 00:00","6040","6140","6030","6140","6040","6140","50594"
"2012-10-29","2012-10-29 00:00","6120","6160","6090","6140","6120","6140","55436"
"2012-10-30","2012-10-30 00:00","6130","6220","6090","6200","6130","6200","298670"
"2012-10-31","2012-10-31 00:00","6150","6160","6090","6140","6150","6140","75003"
"2012-11-01","2012-11-01 00:00","6120","6180","6100","6110","6120","6110","45834"
"2012-11-02","2012-11-02 00:00","6040","6070","6040","6060","6040","6060","33454"
"2012-11-05","2012-11-05 00:00","6090","6100","6060","6070","6090","6070","34219"
"2012-11-06","2012-11-06 00:00","6100","6110","6090","6090","6100","6090","19267"
"2012-11-07","2012-11-07 00:00","6050","6140","6050","6120","6050","6120","27844"
"2012-11-08","2012-11-08 00:00","6180","6220","6150","6200","6180","6200","59869"
"2012-11-09","2012-11-09 00:00","6250","6270","6230","6260","6250","6260","73520"
"2012-11-12","2012-11-12 00:00","6300","6310","6270","6310","6300","6310","32214"
"2012-11-13","2012-11-13 00:00","6300","6350","6260","6310","6300","6310","46574"
"2012-11-14","2012-11-14 00:00","6320","6330","6300","6310","6320","6310","38693"
"2012-11-15","2012-11-15 00:00","6280","6300","6190","6220","6280","6220","76306"
"2012-11-16","2012-11-16 00:00","6150","6150","6050","6060","6150","6060","54992"
"2012-11-19","2012-11-19 00:00","5960","5990","5950","5990","5960","5990","99246"
"2012-11-20","2012-11-20 00:00","5960","6000","5940","5980","5960","5980","58506"
"2012-11-21","2012-11-21 00:00","5950","5970","5910","5940","5950","5940","85781"
"2012-11-22","2012-11-22 00:00","5870","5890","5850","5860","5870","5860","112587"
"2012-11-26","2012-11-26 00:00","5770","5840","5770","5830","5770","5830","84957"
"2012-11-27","2012-11-27 00:00","5840","5840","5780","5820","5840","5820","60964"
"2012-11-28","2012-11-28 00:00","5850","5890","5810","5890","5850","5890","81535"
"2012-11-29","2012-11-29 00:00","5830","5860","5800","5830","5830","5830","55213"
"2012-11-30","2012-11-30 00:00","5770","5840","5750","5790","5770","5790","87628"
"2012-12-03","2012-12-03 00:00","5750","5800","5740","5770","5750","5770","36601"
"2012-12-04","2012-12-04 00:00","5810","5820","5780","5810","5810","5810","41380"
"2012-12-05","2012-12-05 00:00","5840","5840","5740","5790","5840","5790","45150"
"2012-12-06","2012-12-06 00:00","5740","5760","5720","5740","5740","5740","51326"
"2012-12-07","2012-12-07 00:00","5730","5750","5710","5740","5730","5740","20822"
"2012-12-10","2012-12-10 00:00","5720","5750","5710","5750","5720","5750","28570"
"2012-12-11","2012-12-11 00:00","5740","5750","5730","5730","5740","5730","398882"
"2012-12-12","2012-12-12 00:00","5710","5710","5680","5700","5710","5700","33961"
"2012-12-13","2012-12-13 00:00","5640","5640","5580","5600","5640","5600","129725"
"2012-12-14","2012-12-14 00:00","5620","5640","5580","5600","5620","5600","97499"
"2012-12-17","2012-12-17 00:00","5500","5560","5490","5560","5500","5560","104318"
"2012-12-18","2012-12-18 00:00","5550","5550","5460","5490","5550","5490","105968"
"2012-12-19","2012-12-19 00:00","5430","5460","5370","5370","5430","5370","277457"
"2012-12-20","2012-12-20 00:00","5410","5440","5370","5440","5410","5440","88952"
"2012-12-21","2012-12-21 00:00","5370","5500","5350","5490","5370","5490","108739"
"2012-12-25","2012-12-25 00:00","5370","5440","5370","5410","5370","5410","52388"
"2012-12-26","2012-12-26 00:00","5380","5400","5320","5330","5380","5330","56952"
"2012-12-27","2012-12-27 00:00","5380","5400","5320","5330","5380","5330","56952"
"2012-12-28","2012-12-28 00:00","5220","5250","5210","5240","5220","5240","98103"
"2013-01-04","2013-01-04 00:00","5050","5120","5040","5110","5050","5110","114387"
"2013-01-07","2013-01-07 00:00","5060","5150","5060","5130","5060","5130","62464"
"2013-01-08","2013-01-08 00:00","5160","5210","5130","5200","5160","5200","88856"
"2013-01-09","2013-01-09 00:00","5250","5250","5120","5150","5250","5150","116418"
"2013-01-10","2013-01-10 00:00","5110","5130","5090","5120","5110","5120","40848"
"2013-01-11","2013-01-11 00:00","5020","5070","5020","5040","5020","5040","96067"
"2013-01-15","2013-01-15 00:00","4980","5020","4970","5010","4980","5010","64865"
"2013-01-16","2013-01-16 00:00","5020","5150","5020","5150","5020","5150","98544"
"2013-01-17","2013-01-17 00:00","5110","5220","5080","5110","5110","5110","137103"
"2013-01-18","2013-01-18 00:00","5020","5040","4980","4985","5020","4985","93115"
"2013-01-21","2013-01-21 00:00","4960","5080","4960","5080","4960","5080","70019"
"2013-01-22","2013-01-22 00:00","5060","5130","5000","5080","5060","5080","95963"
"2013-01-23","2013-01-23 00:00","5150","5200","5100","5200","5150","5200","89189"
"2013-01-24","2013-01-24 00:00","5210","5210","5100","5110","5210","5110","117758"
"2013-01-25","2013-01-25 00:00","5010","5030","4960","4960","5010","4960","227721"
"2013-01-28","2013-01-28 00:00","4930","5020","4930","5020","4930","5020","167377"
"2013-01-29","2013-01-29 00:00","5050","5050","4955","4975","5050","4975","103635"
"2013-01-30","2013-01-30 00:00","4975","4975","4870","4885","4975","4885","347125"
"2013-01-31","2013-01-31 00:00","4900","4925","4860","4880","4900","4880","102916"
"2013-02-01","2013-02-01 00:00","4850","4865","4820","4840","4850","4840","156092"
"2013-02-04","2013-02-04 00:00","4805","4840","4795","4810","4805","4810","197902"
"2013-02-05","2013-02-05 00:00","4885","4905","4850","4895","4885","4895","219829"
"2013-02-06","2013-02-06 00:00","4790","4800","4700","4735","4790","4735","319575"
"2013-02-07","2013-02-07 00:00","4755","4785","4725","4745","4755","4745","301262"
"2013-02-08","2013-02-08 00:00","4800","4855","4785","4845","4800","4845","207323"
"2013-02-12","2013-02-12 00:00","4730","4755","4710","4755","4730","4755","176079"
"2013-02-13","2013-02-13 00:00","4770","4825","4750","4790","4770","4790","148961"
"2013-02-14","2013-02-14 00:00","4795","4805","4750","4760","4795","4760","190874"
"2013-02-15","2013-02-15 00:00","4810","4875","4790","4830","4810","4830","212281"
"2013-02-18","2013-02-18 00:00","4760","4765","4710","4730","4760","4730","165104"
"2013-02-19","2013-02-19 00:00","4765","4765","4725","4735","4765","4735","122762"
"2013-02-20","2013-02-20 00:00","4700","4715","4680","4710","4700","4710","109702"
"2013-02-21","2013-02-21 00:00","4725","4770","4715","4765","4725","4765","285104"
"2013-02-22","2013-02-22 00:00","4800","4825","4720","4720","4800","4720","267622"
"2013-02-25","2013-02-25 00:00","4650","4665","4620","4625","4650","4625","301829"
"2013-02-26","2013-02-26 00:00","4740","4745","4675","4715","4740","4715","272246"
"2013-02-27","2013-02-27 00:00","4720","4790","4710","4790","4720","4790","152531"
"2013-02-28","2013-02-28 00:00","4705","4720","4650","4675","4705","4675","229451"
"2013-03-01","2013-03-01 00:00","4685","4700","4620","4650","4685","4650","200330"
"2013-03-04","2013-03-04 00:00","4600","4640","4575","4640","4600","4640","181379"
"2013-03-05","2013-03-05 00:00","4580","4615","4570","4600","4580","4600","175501"
"2013-03-06","2013-03-06 00:00","4540","4560","4510","4520","4540","4520","444229"
"2013-03-07","2013-03-07 00:00","4465","4510","4455","4505","4465","4505","319225"
"2013-03-08","2013-03-08 00:00","4440","4465","4375","4375","4440","4375","317100"
"2013-03-11","2013-03-11 00:00","4345","4370","4330","4355","4345","4355","624692"
"2013-03-12","2013-03-12 00:00","4310","4365","4310","4365","4310","4365","205832"
"2013-03-13","2013-03-13 00:00","4380","4390","4350","4385","4380","4385","231603"
"2013-03-14","2013-03-14 00:00","4355","4385","4330","4340","4355","4340","120561"
"2013-03-15","2013-03-15 00:00","4315","4315","4270","4270","4315","4270","224496"
"2013-03-18","2013-03-18 00:00","4340","4395","4335","4390","4340","4390","197803"
"2013-03-19","2013-03-19 00:00","4310","4320","4290","4300","4310","4300","151792"
"2013-03-21","2013-03-21 00:00","4255","4260","4240","4240","4255","4240","181975"
"2013-03-22","2013-03-22 00:00","4295","4340","4280","4340","4295","4340","178573"
"2013-03-25","2013-03-25 00:00","4280","4290","4250","4265","4280","4265","85941"
"2013-03-26","2013-03-26 00:00","4305","4310","4265","4305","4305","4305","156223"
"2013-03-27","2013-03-27 00:00","4255","4280","4250","4255","4255","4255","106363"
"2013-03-28","2013-03-28 00:00","4275","4325","4270","4300","4275","4300","161692"
"2013-03-29","2013-03-29 00:00","4285","4320","4280","4300","4285","4300","252691"
"2013-04-01","2013-04-01 00:00","4300","4380","4290","4370","4300","4370","242005"
"2013-04-02","2013-04-02 00:00","4420","4505","4405","4430","4420","4430","392785"
"2013-04-03","2013-04-03 00:00","4360","4380","4300","4305","4360","4305","234429"
"2013-04-04","2013-04-04 00:00","4375","4400","4170","4190","4375","4190","455147"
"2013-04-05","2013-04-05 00:00","4010","4150","4000","4135","4010","4135","341909"
"2013-04-08","2013-04-08 00:00","4005","4050","4000","4025","4005","4025","232708"
"2013-04-09","2013-04-09 00:00","3970","4035","3970","4030","3970","4030","224426"
"2013-04-10","2013-04-10 00:00","4025","4030","3980","3995","4025","3995","75258"
"2013-04-11","2013-04-11 00:00","3940","3970","3920","3935","3940","3935","196476"
"2013-04-12","2013-04-12 00:00","3955","3960","3925","3930","3955","3930","132970"
"2013-04-15","2013-04-15 00:00","3980","4000","3955","3990","3980","3990","197397"
"2013-04-16","2013-04-16 00:00","4090","4090","3985","3995","4090","3995","333479"
"2013-04-17","2013-04-17 00:00","3975","3985","3960","3965","3975","3965","67330"
"2013-04-18","2013-04-18 00:00","3990","4015","3965","3995","3990","3995","153875"
"2013-04-19","2013-04-19 00:00","3990","4020","3975","3975","3990","3975","106538"
"2013-04-22","2013-04-22 00:00","3905","3920","3895","3905","3905","3905","186015"
"2013-04-23","2013-04-23 00:00","3920","3930","3900","3925","3920","3925","118628"
"2013-04-24","2013-04-24 00:00","3870","3875","3835","3835","3870","3835","232546"
"2013-04-25","2013-04-25 00:00","3820","3835","3790","3815","3820","3815","212671"
"2013-04-26","2013-04-26 00:00","3790","3830","3785","3810","3790","3810","185041"
"2013-04-30","2013-04-30 00:00","3835","3850","3815","3825","3835","3825","85682"
"2013-05-01","2013-05-01 00:00","3835","3845","3830","3840","3835","3840","83982"
"2013-05-02","2013-05-02 00:00","3860","3885","3845","3865","3860","3865","147530"
"2013-05-07","2013-05-07 00:00","3750","3770","3725","3730","3750","3730","364443"
"2013-05-08","2013-05-08 00:00","3730","3730","3665","3705","3730","3705","360217"
"2013-05-09","2013-05-09 00:00","3680","3730","3670","3725","3680","3725","184903"
"2013-05-10","2013-05-10 00:00","3630","3645","3610","3620","3630","3620","248739"
"2013-05-13","2013-05-13 00:00","3580","3595","3560","3580","3580","3580","234147"
"2013-05-14","2013-05-14 00:00","3570","3590","3565","3575","3570","3575","171866"
"2013-05-15","2013-05-15 00:00","3510","3550","3505","3540","3510","3540","282744"
"2013-05-16","2013-05-16 00:00","3535","3570","3500","3525","3535","3525","325948"
"2013-05-17","2013-05-17 00:00","3540","3555","3480","3480","3540","3480","318514"
"2013-05-20","2013-05-20 00:00","3460","3465","3430","3435","3460","3435","196181"
"2013-05-21","2013-05-21 00:00","3465","3465","3430","3430","3465","3430","123737"
"2013-05-22","2013-05-22 00:00","3410","3415","3360","3380","3410","3380","185346"
"2013-05-23","2013-05-23 00:00","3360","3625","3310","3595","3360","3595","1725835"
"2013-05-24","2013-05-24 00:00","3525","3760","3500","3590","3525","3590","1413538"
"2013-05-27","2013-05-27 00:00","3725","3750","3665","3735","3725","3735","631814"
"2013-05-28","2013-05-28 00:00","3765","3770","3640","3660","3765","3660","462528"
"2013-05-29","2013-05-29 00:00","3595","3685","3595","3685","3595","3685","329936"
"2013-05-30","2013-05-30 00:00","3755","3865","3720","3840","3755","3840","1117157"
"2013-05-31","2013-05-31 00:00","3760","3825","3755","3805","3760","3805","827750"
"2013-06-03","2013-06-03 00:00","3870","3950","3865","3930","3870","3930","614545"
"2013-06-04","2013-06-04 00:00","3955","4000","3825","3825","3955","3825","1352187"
"2013-06-05","2013-06-05 00:00","3845","4005","3800","4000","3845","4000","1092159"
"2013-06-06","2013-06-06 00:00","4035","4060","3925","4050","4035","4050","918498"
"2013-06-07","2013-06-07 00:00","4105","4150","3960","4080","4105","4080","1105458"
"2013-06-10","2013-06-10 00:00","3890","3940","3810","3825","3890","3825","607009"
"2013-06-11","2013-06-11 00:00","3825","3895","3810","3875","3825","3875","447739"
"2013-06-12","2013-06-12 00:00","3975","3985","3880","3890","3975","3890","448098"
"2013-06-13","2013-06-13 00:00","3985","4155","3985","4140","3985","4140","699478"
"2013-06-14","2013-06-14 00:00","4000","4085","3980","4045","4000","4045","648870"
"2013-06-17","2013-06-17 00:00","4095","4105","3940","3945","4095","3945","384894"
"2013-06-18","2013-06-18 00:00","3960","3990","3915","3965","3960","3965","285347"
"2013-06-19","2013-06-19 00:00","3875","3930","3865","3875","3875","3875","457019"
"2013-06-20","2013-06-20 00:00","3925","3970","3900","3955","3925","3955","339282"
"2013-06-21","2013-06-21 00:00","4055","4055","3845","3850","4055","3850","585745"
"2013-06-24","2013-06-24 00:00","3815","3950","3810","3940","3815","3940","321669"
"2013-06-25","2013-06-25 00:00","3925","4030","3880","3950","3925","3950","414873"
"2013-06-26","2013-06-26 00:00","3880","4015","3880","4015","3880","4015","469460"
"2013-06-27","2013-06-27 00:00","3965","3990","3860","3860","3965","3860","472021"
"2013-06-28","2013-06-28 00:00","3825","3845","3730","3760","3825","3760","534546"
"2013-07-01","2013-07-01 00:00","3720","3780","3690","3705","3720","3705","272719"
"2013-07-02","2013-07-02 00:00","3670","3690","3620","3620","3670","3620","387241"
"2013-07-03","2013-07-03 00:00","3605","3665","3605","3650","3605","3650","444032"
"2013-07-04","2013-07-04 00:00","3660","3670","3630","3660","3660","3660","272603"
"2013-07-05","2013-07-05 00:00","3620","3625","3570","3575","3620","3575","327565"
"2013-07-08","2013-07-08 00:00","3530","3640","3525","3635","3530","3635","453458"
"2013-07-09","2013-07-09 00:00","3575","3610","3530","3540","3575","3540","277112"
"2013-07-10","2013-07-10 00:00","3545","3580","3510","3545","3545","3545","233745"
"2013-07-11","2013-07-11 00:00","3580","3585","3525","3535","3580","3535","239139"
"2013-07-12","2013-07-12 00:00","3530","3550","3505","3525","3530","3525","229621"
"2013-07-16","2013-07-16 00:00","3500","3515","3490","3500","3500","3500","241143"
"2013-07-17","2013-07-17 00:00","3530","3540","3500","3500","3530","3500","201218"
"2013-07-18","2013-07-18 00:00","3490","3495","3445","3455","3490","3455","1397893"
"2013-07-19","2013-07-19 00:00","3425","3550","3415","3505","3425","3505","648838"
"2013-07-22","2013-07-22 00:00","3455","3525","3455","3485","3455","3485","454351"
"2013-07-23","2013-07-23 00:00","3505","3515","3445","3460","3505","3460","288217"
"2013-07-24","2013-07-24 00:00","3475","3495","3460","3470","3475","3470","185050"
"2013-07-25","2013-07-25 00:00","3465","3520","3465","3515","3465","3515","247549"
"2013-07-26","2013-07-26 00:00","3570","3620","3555","3615","3570","3615","530662"
"2013-07-29","2013-07-29 00:00","3670","3740","3655","3740","3670","3740","889241"
"2013-07-30","2013-07-30 00:00","3735","3750","3660","3680","3735","3680","758664"
"2013-07-31","2013-07-31 00:00","3710","3740","3685","3725","3710","3725","388513"
"2013-08-01","2013-08-01 00:00","3735","3740","3635","3645","3735","3645","521800"
"2013-08-02","2013-08-02 00:00","3580","3595","3515","3520","3580","3520","539099"
"2013-08-05","2013-08-05 00:00","3550","3575","3535","3570","3550","3570","351952"
"2013-08-06","2013-08-06 00:00","3580","3625","3530","3530","3580","3530","396899"
"2013-08-07","2013-08-07 00:00","3620","3670","3595","3665","3620","3665","465838"
"2013-08-08","2013-08-08 00:00","3685","3745","3615","3730","3685","3730","679840"
"2013-08-09","2013-08-09 00:00","3710","3755","3685","3730","3710","3730","684710"
"2013-08-12","2013-08-12 00:00","3765","3780","3715","3755","3765","3755","454516"
"2013-08-13","2013-08-13 00:00","3695","3710","3655","3655","3695","3655","260295"
"2013-08-14","2013-08-14 00:00","3635","3695","3605","3610","3635","3610","395808"
"2013-08-15","2013-08-15 00:00","3670","3700","3625","3685","3670","3685","380276"
"2013-08-16","2013-08-16 00:00","3750","3750","3690","3710","3750","3710","526699"
"2013-08-19","2013-08-19 00:00","3710","3730","3685","3685","3710","3685","228606"
"2013-08-20","2013-08-20 00:00","3720","3790","3690","3785","3720","3785","485113"
"2013-08-21","2013-08-21 00:00","3780","3825","3750","3770","3780","3770","1008285"
"2013-08-22","2013-08-22 00:00","3805","3830","3770","3795","3805","3795","562432"
"2013-08-23","2013-08-23 00:00","3720","3730","3670","3710","3720","3710","622137"
"2013-08-26","2013-08-26 00:00","3685","3725","3680","3710","3685","3710","348421"
"2013-08-27","2013-08-27 00:00","3740","3745","3700","3735","3740","3735","430216"
"2013-08-28","2013-08-28 00:00","3820","3835","3775","3790","3820","3790","668812"
"2013-08-29","2013-08-29 00:00","3775","3790","3750","3760","3775","3760","496945"
"2013-08-30","2013-08-30 00:00","3725","3795","3710","3780","3725","3780","422462"
"2013-09-02","2013-09-02 00:00","3765","3775","3710","3720","3765","3720","493731"
"2013-09-03","2013-09-03 00:00","3670","3675","3610","3620","3670","3620","731189"
"2013-09-04","2013-09-04 00:00","3640","3650","3590","3590","3640","3590","393336"
"2013-09-05","2013-09-05 00:00","3565","3615","3560","3595","3565","3595","428641"
"2013-09-06","2013-09-06 00:00","3590","3655","3585","3635","3590","3635","581784"
"2013-09-09","2013-09-09 00:00","3530","3575","3530","3555","3530","3555","598230"
"2013-09-10","2013-09-10 00:00","3520","3530","3485","3490","3520","3490","378143"
"2013-09-11","2013-09-11 00:00","3475","3500","3460","3490","3475","3490","341454"
"2013-09-12","2013-09-12 00:00","3505","3520","3485","3500","3505","3500","261480"
"2013-09-13","2013-09-13 00:00","3520","3545","3490","3495","3520","3495","382721"
"2013-09-17","2013-09-17 00:00","3485","3525","3480","3515","3485","3515","171549"
"2013-09-18","2013-09-18 00:00","3495","3500","3440","3470","3495","3470","450962"
"2013-09-19","2013-09-19 00:00","3430","3460","3410","3420","3430","3420","371286"
"2013-09-20","2013-09-20 00:00","3410","3430","3400","3415","3410","3415","375733"
"2013-09-24","2013-09-24 00:00","3450","3450","3410","3420","3450","3420","333002"
"2013-09-25","2013-09-25 00:00","3420","3450","3415","3450","3420","3450","242427"
"2013-09-26","2013-09-26 00:00","3455","3480","3385","3385","3455","3385","585314"
"2013-09-27","2013-09-27 00:00","3390","3410","3380","3405","3390","3405","232672"
"2013-09-30","2013-09-30 00:00","3455","3475","3425","3460","3455","3460","394863"
"2013-10-01","2013-10-01 00:00","3445","3465","3415","3455","3445","3455","469740"
"2013-10-02","2013-10-02 00:00","3460","3550","3435","3540","3460","3540","668186"
"2013-10-03","2013-10-03 00:00","3545","3560","3520","3535","3545","3535","442845"
"2013-10-04","2013-10-04 00:00","3570","3590","3540","3565","3570","3565","684000"
"2013-10-07","2013-10-07 00:00","3560","3615","3555","3615","3560","3615","485066"
"2013-10-08","2013-10-08 00:00","3635","3640","3590","3595","3635","3595","669253"
"2013-10-09","2013-10-09 00:00","3630","3635","3560","3560","3630","3560","582088"
"2013-10-10","2013-10-10 00:00","3545","3555","3520","3525","3545","3525","382662"
"2013-10-11","2013-10-11 00:00","3490","3500","3455","3470","3490","3470","656130"
"2013-10-15","2013-10-15 00:00","3440","3465","3440","3465","3440","3465","270975"
"2013-10-16","2013-10-16 00:00","3460","3470","3445","3460","3460","3460","261629"
"2013-10-17","2013-10-17 00:00","3410","3450","3405","3425","3410","3425","505076"
"2013-10-18","2013-10-18 00:00","3425","3450","3420","3435","3425","3435","310969"
"2013-10-21","2013-10-21 00:00","3420","3420","3390","3400","3420","3400","315657"
"2013-10-22","2013-10-22 00:00","3405","3415","3385","3395","3405","3395","187237"
"2013-10-23","2013-10-23 00:00","3385","3465","3380","3465","3385","3465","528951"
"2013-10-24","2013-10-24 00:00","3485","3505","3445","3445","3485","3445","554714"
"2013-10-25","2013-10-25 00:00","3455","3545","3455","3540","3455","3540","488045"
"2013-10-28","2013-10-28 00:00","3500","3520","3465","3470","3500","3470","372982"
"2013-10-29","2013-10-29 00:00","3500","3515","3465","3480","3500","3480","366331"
"2013-10-30","2013-10-30 00:00","3445","3465","3435","3440","3445","3440","417023"
"2013-10-31","2013-10-31 00:00","3455","3485","3440","3485","3455","3485","365359"
"2013-11-01","2013-11-01 00:00","3470","3535","3465","3510","3470","3510","707261"
"2013-11-05","2013-11-05 00:00","3485","3530","3480","3505","3485","3505","316385"
"2013-11-06","2013-11-06 00:00","3525","3535","3460","3485","3525","3485","448378"
"2013-11-07","2013-11-07 00:00","3470","3510","3470","3500","3470","3500","206655"
"2013-11-08","2013-11-08 00:00","3545","3555","3530","3540","3545","3540","393776"
"2013-11-11","2013-11-11 00:00","3485","3510","3485","3500","3485","3500","284039"
"2013-11-12","2013-11-12 00:00","3495","3495","3420","3425","3495","3425","556341"
"2013-11-13","2013-11-13 00:00","3440","3440","3410","3415","3440","3415","304043"
"2013-11-14","2013-11-14 00:00","3400","3400","3330","3355","3400","3355","1199051"
"2013-11-15","2013-11-15 00:00","3315","3330","3275","3280","3315","3280","1031075"
"2013-11-18","2013-11-18 00:00","3260","3300","3260","3290","3260","3290","472764"
"2013-11-19","2013-11-19 00:00","3300","3320","3285","3290","3300","3290","504563"
"2013-11-20","2013-11-20 00:00","3280","3310","3270","3300","3280","3300","260024"
"2013-11-21","2013-11-21 00:00","3285","3285","3235","3240","3285","3240","632191"
"2013-11-22","2013-11-22 00:00","3200","3255","3195","3235","3200","3235","1043059"
"2013-11-25","2013-11-25 00:00","3210","3225","3185","3185","3210","3185","896927"
"2013-11-26","2013-11-26 00:00","3215","3225","3195","3210","3215","3210","262981"
"2013-11-27","2013-11-27 00:00","3230","3235","3210","3230","3230","3230","273067"
"2013-11-28","2013-11-28 00:00","3190","3190","3170","3175","3190","3175","435455"
"2013-11-29","2013-11-29 00:00","3180","3215","3160","3180","3180","3180","517165"
"2013-12-02","2013-12-02 00:00","3175","3195","3165","3185","3175","3185","253464"
"2013-12-03","2013-12-03 00:00","3165","3180","3150","3155","3165","3155","533900"
"2013-12-04","2013-12-04 00:00","3210","3250","3195","3225","3210","3225","931360"
"2013-12-05","2013-12-05 00:00","3240","3285","3220","3275","3240","3275","935459"
"2013-12-06","2013-12-06 00:00","3295","3295","3240","3245","3295","3245","662957"
"2013-12-09","2013-12-09 00:00","3180","3195","3175","3175","3180","3175","406261"
"2013-12-10","2013-12-10 00:00","3180","3195","3175","3185","3180","3185","174588"
"2013-12-11","2013-12-11 00:00","3205","3230","3195","3200","3205","3200","355103"
"2013-12-12","2013-12-12 00:00","3235","3260","3230","3235","3235","3235","650307"
"2013-12-13","2013-12-13 00:00","3210","3260","3195","3220","3210","3220","790212"
"2013-12-16","2013-12-16 00:00","3220","3280","3220","3280","3220","3280","473301"
"2013-12-17","2013-12-17 00:00","3240","3255","3235","3255","3240","3255","205233"
"2013-12-18","2013-12-18 00:00","3255","3255","3180","3190","3255","3190","623235"
"2013-12-19","2013-12-19 00:00","3125","3140","3120","3135","3125","3135","610167"
"2013-12-20","2013-12-20 00:00","3150","3150","3125","3125","3150","3125","280715"
"2013-12-24","2013-12-24 00:00","3105","3130","3095","3120","3105","3120","590790"
"2013-12-25","2013-12-25 00:00","3130","3135","3095","3095","3130","3095","401730"
"2013-12-26","2013-12-26 00:00","3085","3090","3060","3070","3085","3070","231464"
"2013-12-27","2013-12-27 00:00","3065","3090","3055","3065","3065","3065","248583"
"2013-12-30","2013-12-30 00:00","3050","3065","3035","3050","3050","3050","416290"
"2014-01-06","2014-01-06 00:00","3075","3125","3075","3120","3075","3120","521729"
"2014-01-07","2014-01-07 00:00","3135","3145","3110","3135","3135","3135","490518"
"2014-01-08","2014-01-08 00:00","3110","3120","3075","3080","3110","3080","237666"
"2014-01-09","2014-01-09 00:00","3100","3130","3100","3120","3100","3120","288720"
"2014-01-10","2014-01-10 00:00","3130","3150","3110","3115","3130","3115","172880"
"2014-01-14","2014-01-14 00:00","3195","3220","3175","3210","3195","3210","493192"
"2014-01-15","2014-01-15 00:00","3155","3165","3135","3135","3155","3135","291106"
"2014-01-16","2014-01-16 00:00","3120","3150","3105","3145","3120","3145","257205"
"2014-01-17","2014-01-17 00:00","3160","3170","3135","3140","3160","3140","200717"
"2014-01-20","2014-01-20 00:00","3145","3180","3145","3160","3145","3160","123648"
"2014-01-21","2014-01-21 00:00","3150","3155","3110","3135","3150","3135","261847"
"2014-01-22","2014-01-22 00:00","3140","3165","3115","3130","3140","3130","144544"
"2014-01-23","2014-01-23 00:00","3110","3155","3100","3155","3110","3155","278930"
"2014-01-24","2014-01-24 00:00","3200","3235","3190","3210","3200","3210","455471"
"2014-01-27","2014-01-27 00:00","3305","3310","3275","3290","3305","3290","675974"
"2014-01-28","2014-01-28 00:00","3285","3305","3270","3290","3285","3290","247105"
"2014-01-29","2014-01-29 00:00","3245","3250","3210","3215","3245","3215","287952"
"2014-01-30","2014-01-30 00:00","3280","3320","3280","3290","3280","3290","714415"
"2014-01-31","2014-01-31 00:00","3260","3345","3250","3310","3260","3310","524896"
"2014-02-03","2014-02-03 00:00","3340","3375","3320","3375","3340","3375","622255"
"2014-02-04","2014-02-04 00:00","3475","3515","3445","3510","3475","3510","1037452"
"2014-02-05","2014-02-05 00:00","3440","3520","3440","3470","3440","3470","857365"
"2014-02-06","2014-02-06 00:00","3460","3475","3435","3475","3460","3475","694899"
"2014-02-07","2014-02-07 00:00","3410","3425","3395","3400","3410","3400","608126"
"2014-02-10","2014-02-10 00:00","3345","3375","3335","3340","3345","3340","417803"
"2014-02-12","2014-02-12 00:00","3310","3330","3300","3325","3310","3325","765268"
"2014-02-13","2014-02-13 00:00","3325","3395","3320","3385","3325","3385","832815"
"2014-02-14","2014-02-14 00:00","3375","3450","3345","3425","3375","3425","1457122"
"2014-02-17","2014-02-17 00:00","3425","3460","3400","3410","3425","3410","969584"
"2014-02-18","2014-02-18 00:00","3380","3400","3290","3305","3380","3305","1653266"
"2014-02-19","2014-02-19 00:00","3330","3345","3310","3325","3330","3325","583641"
"2014-02-20","2014-02-20 00:00","3340","3400","3330","3390","3340","3390","936134"
"2014-02-21","2014-02-21 00:00","3355","3360","3290","3300","3355","3300","979106"
"2014-02-24","2014-02-24 00:00","3315","3345","3270","3300","3315","3300","757478"
"2014-02-25","2014-02-25 00:00","3270","3280","3245","3260","3270","3260","749535"
"2014-02-26","2014-02-26 00:00","3290","3290","3245","3270","3290","3270","522477"
"2014-02-27","2014-02-27 00:00","3280","3300","3260","3275","3280","3275","676115"
"2014-02-28","2014-02-28 00:00","3280","3325","3275","3305","3280","3305","323311"
"2014-03-03","2014-03-03 00:00","3345","3390","3335","3345","3345","3345","916350"
"2014-03-04","2014-03-04 00:00","3365","3370","3315","3320","3365","3320","749924"
"2014-03-05","2014-03-05 00:00","3275","3285","3260","3285","3275","3285","451703"
"2014-03-06","2014-03-06 00:00","3275","3295","3215","3235","3275","3235","667572"
"2014-03-07","2014-03-07 00:00","3200","3230","3190","3200","3200","3200","669867"
"2014-03-10","2014-03-10 00:00","3220","3240","3205","3240","3220","3240","466383"
"2014-03-11","2014-03-11 00:00","3225","3235","3205","3210","3225","3210","390690"
"2014-03-12","2014-03-12 00:00","3265","3295","3255","3295","3265","3295","684324"
"2014-03-13","2014-03-13 00:00","3285","3305","3275","3300","3285","3300","417647"
"2014-03-14","2014-03-14 00:00","3385","3420","3375","3410","3385","3410","923467"
"2014-03-17","2014-03-17 00:00","3425","3440","3395","3415","3425","3415","674406"
"2014-03-18","2014-03-18 00:00","3355","3395","3355","3390","3355","3390","593798"
"2014-03-19","2014-03-19 00:00","3370","3415","3325","3370","3370","3370","665463"
"2014-03-20","2014-03-20 00:00","3350","3440","3350","3425","3350","3425","937785"
"2014-03-24","2014-03-24 00:00","3415","3420","3360","3380","3415","3380","435504"
"2014-03-25","2014-03-25 00:00","3395","3410","3355","3385","3395","3385","309212"
"2014-03-26","2014-03-26 00:00","3365","3390","3345","3380","3365","3380","519463"
"2014-03-27","2014-03-27 00:00","3400","3410","3305","3315","3400","3315","887842"
"2014-03-28","2014-03-28 00:00","3325","3335","3290","3300","3325","3300","550512"
"2014-03-31","2014-03-31 00:00","3265","3295","3265","3275","3265","3275","503899"
"2014-04-01","2014-04-01 00:00","3260","3290","3260","3280","3260","3280","448371"
"2014-04-02","2014-04-02 00:00","3255","3260","3215","3245","3255","3245","756612"
"2014-04-03","2014-04-03 00:00","3225","3240","3195","3220","3225","3220","545091"
"2014-04-04","2014-04-04 00:00","3235","3235","3210","3215","3235","3215","359951"
"2014-04-07","2014-04-07 00:00","3265","3280","3250","3275","3265","3275","442483"
"2014-04-08","2014-04-08 00:00","3295","3320","3285","3315","3295","3315","610384"
"2014-04-09","2014-04-09 00:00","3350","3390","3335","3380","3350","3380","1021077"
"2014-04-10","2014-04-10 00:00","3335","3400","3335","3380","3335","3380","1006197"
"2014-04-11","2014-04-11 00:00","3480","3485","3450","3465","3480","3465","868059"
"2014-04-14","2014-04-14 00:00","3490","3490","3455","3470","3490","3470","624531"
"2014-04-15","2014-04-15 00:00","3435","3465","3425","3455","3435","3455","483201"
"2014-04-16","2014-04-16 00:00","3415","3420","3355","3360","3415","3360","871854"
"2014-04-17","2014-04-17 00:00","3355","3370","3335","3355","3355","3355","734375"
"2014-04-18","2014-04-18 00:00","3335","3350","3320","3330","3335","3330","295165"
"2014-04-21","2014-04-21 00:00","3325","3335","3300","3335","3325","3335","498692"
"2014-04-22","2014-04-22 00:00","3315","3360","3310","3355","3315","3355","546290"
"2014-04-23","2014-04-23 00:00","3335","3345","3320","3325","3335","3325","287821"
"2014-04-24","2014-04-24 00:00","3320","3365","3320","3355","3320","3355","314808"
"2014-04-25","2014-04-25 00:00","3365","3375","3320","3350","3365","3350","508292"
"2014-04-28","2014-04-28 00:00","3390","3400","3375","3375","3390","3375","757056"
"2014-04-30","2014-04-30 00:00","3345","3385","3345","3380","3345","3380","291155"
"2014-05-01","2014-05-01 00:00","3365","3370","3335","3340","3365","3340","502541"
"2014-05-02","2014-05-02 00:00","3345","3355","3335","3345","3345","3345","296877"
"2014-05-07","2014-05-07 00:00","3385","3440","3380","3440","3385","3440","817215"
"2014-05-08","2014-05-08 00:00","3405","3425","3380","3410","3405","3410","477469"
"2014-05-09","2014-05-09 00:00","3425","3430","3380","3395","3425","3395","644215"
"2014-05-12","2014-05-12 00:00","3400","3420","3390","3410","3400","3410","331681"
"2014-05-13","2014-05-13 00:00","3355","3360","3335","3350","3355","3350","581674"
"2014-05-14","2014-05-14 00:00","3355","3365","3345","3350","3355","3350","190809"
"2014-05-15","2014-05-15 00:00","3385","3400","3370","3375","3385","3375","410140"
"2014-05-16","2014-05-16 00:00","3425","3440","3415","3420","3425","3420","446072"
"2014-05-19","2014-05-19 00:00","3410","3450","3405","3445","3410","3445","268890"
"2014-05-20","2014-05-20 00:00","3420","3435","3405","3425","3420","3425","240900"
"2014-05-21","2014-05-21 00:00","3455","3455","3430","3430","3455","3430","440957"
"2014-05-22","2014-05-22 00:00","3395","3410","3355","3365","3395","3365","599938"
"2014-05-23","2014-05-23 00:00","3350","3350","3320","3330","3350","3330","672129"
"2014-05-26","2014-05-26 00:00","3305","3320","3300","3310","3305","3310","423341"
"2014-05-27","2014-05-27 00:00","3305","3310","3270","3300","3305","3300","749666"
"2014-05-28","2014-05-28 00:00","3295","3305","3275","3290","3295","3290","389683"
"2014-05-29","2014-05-29 00:00","3310","3310","3275","3285","3310","3285","522153"
"2014-05-30","2014-05-30 00:00","3275","3310","3270","3300","3275","3300","455611"
"2014-06-02","2014-06-02 00:00","3270","3270","3215","3225","3270","3225","670398"
"2014-06-03","2014-06-03 00:00","3195","3210","3190","3210","3195","3210","515729"
"2014-06-04","2014-06-04 00:00","3200","3220","3195","3205","3200","3205","280224"
"2014-06-05","2014-06-05 00:00","3190","3210","3180","3195","3190","3195","372072"
"2014-06-06","2014-06-06 00:00","3190","3205","3180","3200","3190","3200","331281"
"2014-06-09","2014-06-09 00:00","3170","3190","3165","3190","3170","3190","221739"
"2014-06-10","2014-06-10 00:00","3190","3220","3175","3215","3190","3215","476055"
"2014-06-11","2014-06-11 00:00","3220","3220","3195","3200","3220","3200","382816"
"2014-06-12","2014-06-12 00:00","3230","3245","3210","3215","3230","3215","587014"
"2014-06-13","2014-06-13 00:00","3245","3250","3180","3190","3245","3190","537156"
"2014-06-16","2014-06-16 00:00","3200","3240","3195","3225","3200","3225","401940"
"2014-06-17","2014-06-17 00:00","3210","3220","3200","3215","3210","3215","163710"
"2014-06-18","2014-06-18 00:00","3205","3210","3180","3180","3205","3180","351026"
"2014-06-19","2014-06-19 00:00","3180","3185","3130","3140","3180","3140","628003"
"2014-06-20","2014-06-20 00:00","3135","3150","3120","3135","3135","3135","379092"
"2014-06-23","2014-06-23 00:00","3115","3140","3115","3135","3115","3135","312131"
"2014-06-24","2014-06-24 00:00","3150","3160","3120","3130","3150","3130","303395"
"2014-06-25","2014-06-25 00:00","3145","3155","3135","3145","3145","3145","313548"
"2014-06-26","2014-06-26 00:00","3140","3150","3130","3145","3140","3145","206329"
"2014-06-27","2014-06-27 00:00","3150","3200","3145","3185","3150","3185","594387"
"2014-06-30","2014-06-30 00:00","3170","3195","3165","3175","3170","3175","263231"
"2014-07-01","2014-07-01 00:00","3175","3175","3120","3135","3175","3135","437694"
"2014-07-02","2014-07-02 00:00","3120","3130","3110","3125","3120","3125","302167"
"2014-07-03","2014-07-03 00:00","3120","3140","3115","3135","3120","3135","138875"
"2014-07-04","2014-07-04 00:00","3100","3120","3100","3110","3100","3110","392195"
"2014-07-07","2014-07-07 00:00","3120","3125","3105","3125","3120","3125","149488"
"2014-07-08","2014-07-08 00:00","3140","3155","3120","3140","3140","3140","296421"
"2014-07-09","2014-07-09 00:00","3165","3165","3140","3140","3165","3140","277920"
"2014-07-10","2014-07-10 00:00","3135","3160","3130","3160","3135","3160","167306"
"2014-07-11","2014-07-11 00:00","3180","3185","3160","3165","3180","3165","338859"
"2014-07-14","2014-07-14 00:00","3160","3165","3135","3140","3160","3140","182035"
"2014-07-15","2014-07-15 00:00","3125","3135","3110","3125","3125","3125","266236"
"2014-07-16","2014-07-16 00:00","3125","3130","3110","3125","3125","3125","121445"
"2014-07-17","2014-07-17 00:00","3115","3130","3105","3130","3115","3130","259615"
"2014-07-18","2014-07-18 00:00","3160","3180","3155","3155","3160","3155","457067"
"2014-07-22","2014-07-22 00:00","3135","3140","3120","3125","3135","3125","190296"
"2014-07-23","2014-07-23 00:00","3125","3135","3120","3130","3125","3130","86461"
"2014-07-24","2014-07-24 00:00","3130","3155","3120","3145","3130","3145","179627"
"2014-07-25","2014-07-25 00:00","3125","3130","3105","3110","3125","3110","217327"
"2014-07-28","2014-07-28 00:00","3110","3115","3085","3095","3110","3095","249746"
"2014-07-29","2014-07-29 00:00","3080","3090","3070","3070","3080","3070","262763"
"2014-07-30","2014-07-30 00:00","3065","3080","3060","3065","3065","3065","196364"
"2014-07-31","2014-07-31 00:00","3045","3075","3040","3075","3045","3075","320244"
"2014-08-01","2014-08-01 00:00","3100","3100","3075","3085","3100","3085","428638"
"2014-08-04","2014-08-04 00:00","3095","3110","3085","3095","3095","3095","248627"
"2014-08-05","2014-08-05 00:00","3090","3135","3090","3135","3090","3135","408728"
"2014-08-06","2014-08-06 00:00","3145","3175","3140","3165","3145","3165","456606"
"2014-08-07","2014-08-07 00:00","3165","3185","3145","3155","3165","3155","522114"
"2014-08-08","2014-08-08 00:00","3190","3250","3180","3240","3190","3240","945210"
"2014-08-11","2014-08-11 00:00","3170","3200","3160","3160","3170","3160","532815"
"2014-08-12","2014-08-12 00:00","3155","3170","3145","3160","3155","3160","254650"
"2014-08-13","2014-08-13 00:00","3165","3170","3145","3150","3165","3150","218236"
"2014-08-14","2014-08-14 00:00","3130","3140","3120","3125","3130","3125","214239"
"2014-08-15","2014-08-15 00:00","3130","3140","3125","3130","3130","3130","62368"
"2014-08-18","2014-08-18 00:00","3120","3130","3115","3130","3120","3130","102992"
"2014-08-19","2014-08-19 00:00","3105","3105","3090","3105","3105","3105","187131"
"2014-08-20","2014-08-20 00:00","3095","3105","3090","3100","3095","3100","250903"
"2014-08-21","2014-08-21 00:00","3090","3090","3070","3075","3090","3075","521069"
"2014-08-22","2014-08-22 00:00","3070","3085","3065","3085","3070","3085","158924"
"2014-08-25","2014-08-25 00:00","3075","3085","3065","3065","3075","3065","113115"
"2014-08-26","2014-08-26 00:00","3070","3090","3065","3090","3070","3090","126648"
"2014-08-27","2014-08-27 00:00","3085","3100","3070","3085","3085","3085","135019"
"2014-08-28","2014-08-28 00:00","3095","3105","3090","3100","3095","3100","87956"
"2014-08-29","2014-08-29 00:00","3110","3120","3100","3100","3110","3100","194683"
"2014-09-01","2014-09-01 00:00","3095","3100","3090","3090","3095","3090","209266"
"2014-09-02","2014-09-02 00:00","3085","3085","3040","3050","3085","3050","330159"
"2014-09-03","2014-09-03 00:00","3030","3050","3025","3040","3030","3040","321196"
"2014-09-04","2014-09-04 00:00","3045","3060","3040","3050","3045","3050","148705"
"2014-09-05","2014-09-05 00:00","3030","3060","3025","3050","3030","3050","234969"
"2014-09-08","2014-09-08 00:00","3045","3055","3040","3050","3045","3050","144144"
"2014-09-09","2014-09-09 00:00","3035","3045","3025","3045","3035","3045","185069"
"2014-09-10","2014-09-10 00:00","3060","3060","3030","3035","3060","3035","92414"
"2014-09-11","2014-09-11 00:00","3015","3020","3000","3010","3015","3010","270967"
"2014-09-12","2014-09-12 00:00","3005","3015","2994","3005","3005","3005","492759"
"2014-09-16","2014-09-16 00:00","3005","3015","3000","3010","3005","3010","304802"
"2014-09-17","2014-09-17 00:00","3000","3015","2998","3010","3000","3010","135707"
"2014-09-18","2014-09-18 00:00","2986","2992","2972","2980","2986","2980","422259"
"2014-09-19","2014-09-19 00:00","2960","2960","2923","2934","2960","2934","945473"
"2014-09-22","2014-09-22 00:00","2942","2960","2939","2950","2942","2950","312013"
"2014-09-24","2014-09-24 00:00","2972","2974","2952","2955","2972","2955","455851"
"2014-09-25","2014-09-25 00:00","2926","2932","2921","2925","2926","2925","414081"
"2014-09-26","2014-09-26 00:00","2953","2954","2926","2929","2953","2929","468194"
"2014-09-29","2014-09-29 00:00","2910","2922","2909","2917","2910","2917","180303"
"2014-09-30","2014-09-30 00:00","2929","2959","2928","2942","2929","2942","232822"
"2014-10-01","2014-10-01 00:00","2942","2957","2930","2956","2942","2956","176065"
"2014-10-02","2014-10-02 00:00","2990","3035","2984","3025","2990","3025","703461"
"2014-10-03","2014-10-03 00:00","3035","3055","3020","3025","3035","3025","655698"
"2014-10-06","2014-10-06 00:00","2987","3005","2973","2985","2987","2985","304566"
"2014-10-07","2014-10-07 00:00","3000","3015","2983","3010","3000","3010","256381"
"2014-10-08","2014-10-08 00:00","3050","3060","3030","3040","3050","3040","339244"
"2014-10-09","2014-10-09 00:00","3025","3070","3015","3065","3025","3065","305283"
"2014-10-10","2014-10-10 00:00","3100","3115","3090","3095","3100","3095","691533"
"2014-10-14","2014-10-14 00:00","3165","3180","3140","3175","3165","3175","1110504"
"2014-10-15","2014-10-15 00:00","3155","3180","3140","3150","3155","3150","459863"
"2014-10-16","2014-10-16 00:00","3220","3230","3200","3210","3220","3210","604031"
"2014-10-17","2014-10-17 00:00","3200","3265","3190","3255","3200","3255","671686"
"2014-10-20","2014-10-20 00:00","3170","3180","3130","3135","3170","3135","383588"
"2014-10-21","2014-10-21 00:00","3130","3205","3130","3190","3130","3190","288837"
"2014-10-22","2014-10-22 00:00","3135","3150","3110","3115","3135","3115","310273"
"2014-10-23","2014-10-23 00:00","3130","3140","3105","3115","3130","3115","253119"
"2014-10-24","2014-10-24 00:00","3070","3105","3070","3095","3070","3095","299548"
"2014-10-27","2014-10-27 00:00","3065","3085","3065","3070","3065","3070","191358"
"2014-10-28","2014-10-28 00:00","3085","3100","3075","3090","3085","3090","175611"
"2014-10-29","2014-10-29 00:00","3065","3075","3030","3035","3065","3035","303024"
"2014-10-30","2014-10-30 00:00","3030","3035","3010","3020","3030","3020","202931"
"2014-10-31","2014-10-31 00:00","2986","2986","2849","2868","2986","2868","2534700"
"2014-11-04","2014-11-04 00:00","2748","2794","2745","2794","2748","2794","1115497"
"2014-11-05","2014-11-05 00:00","2807","2808","2771","2780","2807","2780","808301"
"2014-11-06","2014-11-06 00:00","2771","2815","2762","2805","2771","2805","1131954"
"2014-11-07","2014-11-07 00:00","2779","2798","2776","2787","2779","2787","354500"
"2014-11-10","2014-11-10 00:00","2812","2817","2799","2804","2812","2804","235531"
"2014-11-11","2014-11-11 00:00","2789","2792","2744","2750","2789","2750","978292"
"2014-11-12","2014-11-12 00:00","2729","2742","2698","2737","2729","2737","1352144"
"2014-11-13","2014-11-13 00:00","2741","2752","2705","2709","2741","2709","524867"
"2014-11-14","2014-11-14 00:00","2696","2721","2690","2695","2696","2695","776963"
"2014-11-17","2014-11-17 00:00","2709","2784","2705","2769","2709","2769","1150014"
"2014-11-18","2014-11-18 00:00","2733","2739","2709","2713","2733","2713","408556"
"2014-11-19","2014-11-19 00:00","2706","2721","2691","2719","2706","2719","263408"
"2014-11-20","2014-11-20 00:00","2702","2725","2700","2716","2702","2716","230229"
"2014-11-21","2014-11-21 00:00","2722","2749","2705","2710","2722","2710","441666"
"2014-11-25","2014-11-25 00:00","2689","2707","2687","2704","2689","2704","181061"
"2014-11-26","2014-11-26 00:00","2712","2714","2698","2708","2712","2708","624562"
"2014-11-27","2014-11-27 00:00","2715","2732","2711","2726","2715","2726","208169"
"2014-11-28","2014-11-28 00:00","2713","2713","2690","2695","2713","2695","242641"
"2014-12-01","2014-12-01 00:00","2693","2693","2663","2672","2693","2672","309911"
"2014-12-02","2014-12-02 00:00","2694","2694","2659","2661","2694","2661","263145"
"2014-12-03","2014-12-03 00:00","2645","2656","2629","2653","2645","2653","497584"
"2014-12-04","2014-12-04 00:00","2627","2640","2624","2633","2627","2633","384110"
"2014-12-05","2014-12-05 00:00","2641","2647","2621","2624","2641","2624","183143"
"2014-12-08","2014-12-08 00:00","2612","2632","2606","2619","2612","2619","385473"
"2014-12-09","2014-12-09 00:00","2642","2644","2626","2639","2642","2639","395651"
"2014-12-10","2014-12-10 00:00","2674","2713","2664","2693","2674","2693","497049"
"2014-12-11","2014-12-11 00:00","2735","2753","2714","2718","2735","2718","636261"
"2014-12-12","2014-12-12 00:00","2711","2715","2675","2701","2711","2701","489366"
"2014-12-15","2014-12-15 00:00","2750","2755","2720","2742","2750","2742","427458"
"2014-12-16","2014-12-16 00:00","2784","2804","2776","2799","2784","2799","1165118"
"2014-12-17","2014-12-17 00:00","2812","2814","2774","2787","2812","2787","571476"
"2014-12-18","2014-12-18 00:00","2723","2729","2711","2722","2723","2722","481478"
"2014-12-19","2014-12-19 00:00","2667","2680","2659","2661","2667","2661","292465"
"2014-12-22","2014-12-22 00:00","2647","2664","2647","2656","2647","2656","220562"
"2014-12-24","2014-12-24 00:00","2621","2630","2618","2622","2621","2622","207348"
"2014-12-25","2014-12-25 00:00","2628","2634","2624","2629","2628","2629","294919"
"2014-12-26","2014-12-26 00:00","2633","2633","2621","2624","2633","2624","351151"
"2014-12-29","2014-12-29 00:00","2612","2670","2611","2642","2612","2642","289594"
"2014-12-30","2014-12-30 00:00","2642","2682","2642","2679","2642","2679","232006"
"2015-01-05","2015-01-05 00:00","2696","2717","2668","2689","2696","2689","381796"
"2015-01-06","2015-01-06 00:00","2740","2770","2737","2769","2740","2769","765241"
"2015-01-07","2015-01-07 00:00","2788","2788","2753","2767","2788","2767","478935"
"2015-01-08","2015-01-08 00:00","2739","2747","2710","2720","2739","2720","454187"
"2015-01-09","2015-01-09 00:00","2692","2728","2692","2719","2692","2719","171998"
"2015-01-13","2015-01-13 00:00","2758","2776","2735","2735","2758","2735","356256"
"2015-01-14","2015-01-14 00:00","2756","2785","2742","2782","2756","2782","287264"
"2015-01-15","2015-01-15 00:00","2775","2775","2723","2730","2775","2730","356031"
"2015-01-16","2015-01-16 00:00","2783","2810","2768","2769","2783","2769","759645"
"2015-01-19","2015-01-19 00:00","2740","2758","2737","2742","2740","2742","232554"
"2015-01-20","2015-01-20 00:00","2730","2732","2686","2686","2730","2686","264580"
"2015-01-21","2015-01-21 00:00","2694","2714","2691","2700","2694","2700","172516"
"2015-01-22","2015-01-22 00:00","2693","2706","2686","2690","2693","2690","109174"
"2015-01-23","2015-01-23 00:00","2658","2670","2657","2663","2658","2663","170927"
"2015-01-26","2015-01-26 00:00","2694","2695","2667","2667","2694","2667","132884"
"2015-01-27","2015-01-27 00:00","2642","2644","2622","2622","2642","2622","453321"
"2015-01-28","2015-01-28 00:00","2647","2647","2609","2616","2647","2616","273749"
"2015-01-29","2015-01-29 00:00","2640","2650","2620","2648","2640","2648","317398"
"2015-01-30","2015-01-30 00:00","2621","2640","2615","2638","2621","2638","776712"
"2015-02-02","2015-02-02 00:00","2663","2666","2643","2654","2663","2654","490632"
"2015-02-03","2015-02-03 00:00","2641","2696","2639","2686","2641","2686","269881"
"2015-02-04","2015-02-04 00:00","2652","2655","2625","2635","2652","2635","254392"
"2015-02-05","2015-02-05 00:00","2646","2663","2643","2660","2646","2660","331108"
"2015-02-06","2015-02-06 00:00","2631","2644","2629","2639","2631","2639","118401"
"2015-02-09","2015-02-09 00:00","2619","2637","2615","2631","2619","2631","231951"
"2015-02-10","2015-02-10 00:00","2642","2651","2635","2637","2642","2637","409259"
"2015-02-12","2015-02-12 00:00","2593","2597","2585","2588","2593","2588","1110923"
"2015-02-13","2015-02-13 00:00","2600","2604","2590","2596","2600","2596","262287"
"2015-02-16","2015-02-16 00:00","2583","2587","2574","2586","2583","2586","269246"
"2015-02-17","2015-02-17 00:00","2593","2600","2585","2589","2593","2589","165157"
"2015-02-18","2015-02-18 00:00","2574","2574","2558","2558","2574","2558","430257"
"2015-02-19","2015-02-19 00:00","2553","2553","2541","2547","2553","2547","309298"
"2015-02-20","2015-02-20 00:00","2540","2544","2536","2541","2540","2541","216837"
"2015-02-23","2015-02-23 00:00","2515","2529","2513","2520","2515","2520","281521"
"2015-02-24","2015-02-24 00:00","2518","2524","2501","2501","2518","2501","330495"
"2015-02-25","2015-02-25 00:00","2499","2507","2494","2503","2499","2503","307637"
"2015-02-26","2015-02-26 00:00","2503","2503","2476","2477","2503","2477","423983"
"2015-02-27","2015-02-27 00:00","2469","2485","2466","2475","2469","2475","296607"
"2015-03-02","2015-03-02 00:00","2466","2477","2456","2470","2466","2470","432106"
"2015-03-03","2015-03-03 00:00","2458","2483","2458","2474","2458","2474","255000"
"2015-03-04","2015-03-04 00:00","2484","2501","2484","2487","2484","2487","321199"
"2015-03-05","2015-03-05 00:00","2492","2494","2479","2480","2492","2480","127027"
"2015-03-06","2015-03-06 00:00","2471","2472","2451","2451","2471","2451","347793"
"2015-03-09","2015-03-09 00:00","2466","2481","2463","2474","2466","2474","312403"
"2015-03-10","2015-03-10 00:00","2462","2503","2457","2491","2462","2491","253210"
"2015-03-11","2015-03-11 00:00","2503","2504","2467","2482","2503","2482","324504"
"2015-03-12","2015-03-12 00:00","2474","2476","2444","2448","2474","2448","458601"
"2015-03-13","2015-03-13 00:00","2423","2430","2403","2410","2423","2410","744848"
"2015-03-16","2015-03-16 00:00","2413","2416","2400","2411","2413","2411","244156"
"2015-03-17","2015-03-17 00:00","2394","2396","2384","2387","2394","2387","283229"
"2015-03-18","2015-03-18 00:00","2391","2395","2374","2375","2391","2375","210982"
"2015-03-19","2015-03-19 00:00","2382","2404","2374","2385","2382","2385","318280"
"2015-03-20","2015-03-20 00:00","2383","2392","2373","2374","2383","2374","153114"
"2015-03-23","2015-03-23 00:00","2361","2364","2346","2347","2361","2347","231665"
"2015-03-24","2015-03-24 00:00","2353","2362","2346","2353","2353","2353","162840"
"2015-03-25","2015-03-25 00:00","2352","2374","2347","2350","2352","2350","114231"
"2015-03-26","2015-03-26 00:00","2367","2393","2365","2387","2367","2387","292700"
"2015-03-27","2015-03-27 00:00","2381","2418","2354","2394","2381","2394","442936"
"2015-03-30","2015-03-30 00:00","2393","2401","2370","2378","2393","2378","326771"
"2015-03-31","2015-03-31 00:00","2356","2398","2355","2398","2356","2398","442282"
"2015-04-01","2015-04-01 00:00","2407","2438","2402","2422","2407","2422","892691"
"2015-04-02","2015-04-02 00:00","2413","2414","2374","2388","2413","2388","1136675"
"2015-04-03","2015-04-03 00:00","2387","2388","2373","2373","2387","2373","239200"
"2015-04-06","2015-04-06 00:00","2390","2397","2374","2379","2390","2379","152273"
"2015-04-07","2015-04-07 00:00","2360","2365","2345","2346","2360","2346","267625"
"2015-04-08","2015-04-08 00:00","2336","2341","2323","2329","2336","2329","366920"
"2015-04-09","2015-04-09 00:00","2321","2324","2309","2313","2321","2313","277044"
"2015-04-10","2015-04-10 00:00","2305","2323","2303","2308","2305","2308","252472"
"2015-04-13","2015-04-13 00:00","2308","2324","2305","2315","2308","2315","161188"
"2015-04-14","2015-04-14 00:00","2323","2325","2314","2315","2323","2315","76847"
"2015-04-15","2015-04-15 00:00","2322","2325","2313","2321","2322","2321","111800"
"2015-04-16","2015-04-16 00:00","2322","2334","2316","2318","2322","2318","139848"
"2015-04-17","2015-04-17 00:00","2326","2345","2325","2345","2326","2345","325486"
"2015-04-20","2015-04-20 00:00","2360","2364","2335","2348","2360","2348","211103"
"2015-04-21","2015-04-21 00:00","2335","2340","2314","2314","2335","2314","118886"
"2015-04-22","2015-04-22 00:00","2303","2304","2286","2289","2303","2289","513721"
"2015-04-23","2015-04-23 00:00","2279","2289","2273","2283","2279","2283","321482"
"2015-04-24","2015-04-24 00:00","2288","2302","2287","2301","2288","2301","130032"
"2015-04-27","2015-04-27 00:00","2294","2314","2294","2308","2294","2308","223941"
"2015-04-28","2015-04-28 00:00","2294","2300","2288","2295","2294","2295","399166"
"2015-04-30","2015-04-30 00:00","2326","2360","2325","2356","2326","2356","664029"
"2015-05-01","2015-05-01 00:00","2359","2373","2353","2359","2359","2359","502341"
"2015-05-07","2015-05-07 00:00","2379","2390","2367","2386","2379","2386","257565"
"2015-05-08","2015-05-08 00:00","2376","2384","2365","2371","2376","2371","192765"
"2015-05-11","2015-05-11 00:00","2342","2349","2337","2346","2342","2346","191448"
"2015-05-12","2015-05-12 00:00","2348","2363","2346","2347","2348","2347","188615"
"2015-05-13","2015-05-13 00:00","2354","2360","2325","2328","2354","2328","147105"
"2015-05-14","2015-05-14 00:00","2340","2353","2334","2349","2340","2349","133045"
"2015-05-15","2015-05-15 00:00","2334","2345","2329","2336","2334","2336","94892"
"2015-05-18","2015-05-18 00:00","2329","2330","2314","2315","2329","2315","201131"
"2015-05-19","2015-05-19 00:00","2301","2306","2289","2294","2301","2294","476308"
"2015-05-20","2015-05-20 00:00","2280","2283","2269","2277","2280","2277","287544"
"2015-05-21","2015-05-21 00:00","2276","2281","2264","2280","2276","2280","162078"
"2015-05-22","2015-05-22 00:00","2277","2286","2269","2270","2277","2270","159222"
"2015-05-25","2015-05-25 00:00","2261","2264","2252","2252","2261","2252","423357"
"2015-05-26","2015-05-26 00:00","2251","2256","2246","2249","2251","2249","181750"
"2015-05-27","2015-05-27 00:00","2258","2258","2241","2248","2258","2248","177599"
"2015-05-28","2015-05-28 00:00","2230","2247","2227","2240","2230","2240","385030"
"2015-05-29","2015-05-29 00:00","2243","2244","2228","2237","2243","2237","189454"
"2015-06-01","2015-06-01 00:00","2248","2253","2234","2237","2248","2237","174544"
"2015-06-02","2015-06-02 00:00","2233","2247","2231","2241","2233","2241","208410"
"2015-06-03","2015-06-03 00:00","2252","2256","2242","2247","2252","2247","159865"
"2015-06-04","2015-06-04 00:00","2238","2251","2237","2248","2238","2248","86086"
"2015-06-05","2015-06-05 00:00","2254","2258","2246","2248","2254","2248","163021"
"2015-06-08","2015-06-08 00:00","2238","2259","2238","2249","2238","2249","119548"
"2015-06-09","2015-06-09 00:00","2265","2287","2261","2287","2265","2287","322520"
"2015-06-10","2015-06-10 00:00","2283","2295","2267","2289","2283","2289","357109"
"2015-06-11","2015-06-11 00:00","2276","2276","2255","2255","2276","2255","192983"
"2015-06-12","2015-06-12 00:00","2247","2259","2247","2253","2247","2253","122378"
"2015-06-15","2015-06-15 00:00","2271","2272","2252","2253","2271","2253","83034"
"2015-06-16","2015-06-16 00:00","2261","2270","2256","2268","2261","2268","109446"
"2015-06-17","2015-06-17 00:00","2263","2283","2261","2274","2263","2274","142637"
"2015-06-18","2015-06-18 00:00","2274","2298","2274","2296","2274","2296","411598"
"2015-06-19","2015-06-19 00:00","2278","2288","2274","2276","2278","2276","164175"
"2015-06-22","2015-06-22 00:00","2277","2277","2248","2250","2277","2250","136186"
"2015-06-23","2015-06-23 00:00","2233","2236","2207","2208","2233","2208","376063"
"2015-06-24","2015-06-24 00:00","2199","2203","2190","2199","2199","2199","322269"
"2015-06-25","2015-06-25 00:00","2207","2211","2199","2208","2207","2208","215665"
"2015-06-26","2015-06-26 00:00","2209","2220","2206","2212","2209","2212","560613"
"2015-06-29","2015-06-29 00:00","2272","2280","2251","2276","2272","2276","783381"
"2015-06-30","2015-06-30 00:00","2271","2277","2262","2263","2271","2263","264017"
"2015-07-01","2015-07-01 00:00","2257","2263","2251","2254","2257","2254","132894"
"2015-07-02","2015-07-02 00:00","2228","2236","2224","2232","2228","2232","118896"
"2015-07-03","2015-07-03 00:00","2239","2241","2228","2230","2239","2230","130171"
"2015-07-06","2015-07-06 00:00","2273","2288","2254","2275","2273","2275","486640"
"2015-07-07","2015-07-07 00:00","2247","2250","2241","2247","2247","2247","173664"
"2015-07-08","2015-07-08 00:00","2258","2318","2254","2318","2258","2318","1546818"
"2015-07-09","2015-07-09 00:00","2361","2393","2305","2305","2361","2305","862461"
"2015-07-10","2015-07-10 00:00","2306","2320","2289","2309","2306","2309","267469"
"2015-07-13","2015-07-13 00:00","2293","2296","2272","2276","2293","2276","146995"
"2015-07-14","2015-07-14 00:00","2243","2248","2236","2242","2243","2242","286119"
"2015-07-15","2015-07-15 00:00","2234","2240","2230","2232","2234","2232","122585"
"2015-07-16","2015-07-16 00:00","2220","2228","2218","2219","2220","2219","114346"
"2015-07-17","2015-07-17 00:00","2214","2218","2213","2213","2214","2213","53140"
"2015-07-21","2015-07-21 00:00","2200","2206","2192","2193","2200","2193","138008"
"2015-07-22","2015-07-22 00:00","2213","2221","2210","2217","2213","2217","163026"
"2015-07-23","2015-07-23 00:00","2209","2212","2207","2209","2209","2209","77511"
"2015-07-24","2015-07-24 00:00","2218","2225","2214","2225","2218","2225","160942"
"2015-07-27","2015-07-27 00:00","2240","2253","2229","2246","2240","2246","242538"
"2015-07-28","2015-07-28 00:00","2268","2276","2236","2243","2268","2243","335433"
"2015-07-29","2015-07-29 00:00","2246","2260","2245","2249","2246","2249","119371"
"2015-07-30","2015-07-30 00:00","2231","2232","2218","2222","2231","2222","107762"
"2015-07-31","2015-07-31 00:00","2225","2230","2219","2220","2225","2220","57584"
"2015-08-03","2015-08-03 00:00","2224","2240","2221","2223","2224","2223","79522"
"2015-08-04","2015-08-04 00:00","2232","2233","2221","2228","2232","2228","82822"
"2015-08-05","2015-08-05 00:00","2227","2230","2203","2212","2227","2212","108004"
"2015-08-06","2015-08-06 00:00","2197","2210","2193","2210","2197","2210","168823"
"2015-08-07","2015-08-07 00:00","2214","2219","2201","2203","2214","2203","73218"
"2015-08-10","2015-08-10 00:00","2215","2215","2194","2196","2215","2196","59455"
"2015-08-11","2015-08-11 00:00","2183","2220","2180","2202","2183","2202","168943"
"2015-08-12","2015-08-12 00:00","2212","2247","2206","2239","2212","2239","304731"
"2015-08-13","2015-08-13 00:00","2239","2250","2210","2216","2239","2216","176477"
"2015-08-14","2015-08-14 00:00","2223","2227","2214","2222","2223","2222","72592"
"2015-08-17","2015-08-17 00:00","2215","2221","2207","2212","2215","2212","46764"
"2015-08-18","2015-08-18 00:00","2209","2220","2207","2219","2209","2219","46960"
"2015-08-19","2015-08-19 00:00","2227","2256","2222","2255","2227","2255","237652"
"2015-08-20","2015-08-20 00:00","2257","2276","2251","2276","2257","2276","338768"
"2015-08-21","2015-08-21 00:00","2319","2343","2312","2342","2319","2342","1978237"
"2015-08-24","2015-08-24 00:00","2392","2456","2382","2447","2392","2447","1168656"
"2015-08-25","2015-08-25 00:00","2523","2557","2410","2545","2523","2545","2094944"
"2015-08-26","2015-08-26 00:00","2549","2564","2454","2466","2549","2466","1465478"
"2015-08-27","2015-08-27 00:00","2418","2451","2405","2442","2418","2442","779052"
"2015-08-28","2015-08-28 00:00","2381","2389","2356","2365","2381","2365","643540"
"2015-08-31","2015-08-31 00:00","2380","2412","2378","2398","2380","2398","255818"
"2015-09-01","2015-09-01 00:00","2413","2483","2410","2482","2413","2482","1142714"
"2015-09-02","2015-09-02 00:00","2525","2529","2441","2493","2525","2493","1120045"
"2015-09-03","2015-09-03 00:00","2453","2483","2441","2480","2453","2480","350135"
"2015-09-04","2015-09-04 00:00","2468","2561","2465","2534","2468","2534","694478"
"2015-09-07","2015-09-07 00:00","2547","2579","2501","2524","2547","2524","938402"
"2015-09-08","2015-09-08 00:00","2514","2586","2507","2585","2514","2585","643145"
"2015-09-09","2015-09-09 00:00","2493","2501","2394","2397","2493","2397","1183978"
"2015-09-10","2015-09-10 00:00","2475","2493","2446","2448","2475","2448","882916"
"2015-09-11","2015-09-11 00:00","2472","2475","2443","2454","2472","2454","231893"
"2015-09-14","2015-09-14 00:00","2442","2501","2442","2492","2442","2492","365054"
"2015-09-15","2015-09-15 00:00","2478","2491","2445","2486","2478","2486","501987"
"2015-09-16","2015-09-16 00:00","2453","2476","2447","2463","2453","2463","252307"
"2015-09-17","2015-09-17 00:00","2434","2448","2425","2431","2434","2431","250008"
"2015-09-18","2015-09-18 00:00","2447","2478","2447","2471","2447","2471","359825"
"2015-09-24","2015-09-24 00:00","2520","2541","2511","2541","2520","2541","274751"
"2015-09-25","2015-09-25 00:00","2539","2559","2502","2504","2539","2504","440272"
"2015-09-28","2015-09-28 00:00","2496","2530","2490","2515","2496","2515","354748"
"2015-09-29","2015-09-29 00:00","2561","2622","2560","2619","2561","2619","549242"
"2015-09-30","2015-09-30 00:00","2570","2580","2537","2554","2570","2554","538751"
"2015-10-01","2015-10-01 00:00","2534","2548","2484","2500","2534","2500","321138"
"2015-10-02","2015-10-02 00:00","2521","2528","2494","2502","2521","2502","402596"
"2015-10-05","2015-10-05 00:00","2470","2480","2451","2463","2470","2463","276944"
"2015-10-06","2015-10-06 00:00","2414","2450","2411","2445","2414","2445","256765"
"2015-10-07","2015-10-07 00:00","2438","2456","2410","2416","2438","2416","542470"
"2015-10-08","2015-10-08 00:00","2418","2443","2407","2443","2418","2443","355154"
"2015-10-09","2015-10-09 00:00","2430","2433","2399","2399","2430","2399","300112"
"2015-10-13","2015-10-13 00:00","2414","2426","2410","2422","2414","2422","116599"
"2015-10-14","2015-10-14 00:00","2443","2479","2441","2472","2443","2472","366696"
"2015-10-15","2015-10-15 00:00","2484","2491","2434","2445","2484","2445","293792"
"2015-10-16","2015-10-16 00:00","2422","2426","2404","2422","2422","2422","191183"
"2015-10-19","2015-10-19 00:00","2416","2445","2415","2435","2416","2435","141947"
"2015-10-20","2015-10-20 00:00","2423","2437","2421","2427","2423","2427","234939"
"2015-10-21","2015-10-21 00:00","2434","2434","2375","2386","2434","2386","216923"
"2015-10-22","2015-10-22 00:00","2399","2407","2381","2398","2399","2398","119914"
"2015-10-23","2015-10-23 00:00","2343","2351","2336","2345","2343","2345","395136"
"2015-10-26","2015-10-26 00:00","2316","2335","2314","2334","2316","2334","244607"
"2015-10-27","2015-10-27 00:00","2328","2355","2328","2353","2328","2353","168177"
"2015-10-28","2015-10-28 00:00","2344","2348","2332","2338","2344","2338","131756"
"2015-10-29","2015-10-29 00:00","2318","2349","2315","2334","2318","2334","275495"
"2015-10-30","2015-10-30 00:00","2335","2351","2299","2312","2335","2312","239608"
"2015-11-02","2015-11-02 00:00","2345","2368","2341","2362","2345","2362","258655"
"2015-11-04","2015-11-04 00:00","2321","2332","2304","2331","2321","2331","227865"
"2015-11-05","2015-11-05 00:00","2319","2323","2301","2307","2319","2307","260552"
"2015-11-06","2015-11-06 00:00","2301","2306","2291","2296","2301","2296","245253"
"2015-11-09","2015-11-09 00:00","2273","2281","2262","2281","2273","2281","316778"
"2015-11-10","2015-11-10 00:00","2282","2297","2252","2258","2282","2258","104862"
"2015-11-11","2015-11-11 00:00","2263","2267","2257","2265","2263","2265","90785"
"2015-11-12","2015-11-12 00:00","2267","2270","2255","2261","2267","2261","58089"
"2015-11-13","2015-11-13 00:00","2287","2287","2256","2256","2287","2256","61199"
"2015-11-16","2015-11-16 00:00","2300","2312","2273","2283","2300","2283","71477"
"2015-11-17","2015-11-17 00:00","2251","2260","2251","2259","2251","2259","69810"
"2015-11-18","2015-11-18 00:00","2245","2270","2242","2270","2245","2270","101099"
"2015-11-19","2015-11-19 00:00","2251","2259","2240","2253","2251","2253","287663"
"2015-11-20","2015-11-20 00:00","2260","2260","2250","2256","2260","2256","19792"
"2015-11-24","2015-11-24 00:00","2247","2256","2238","2247","2247","2247","60002"
"2015-11-25","2015-11-25 00:00","2247","2256","2245","2256","2247","2256","18277"
"2015-11-26","2015-11-26 00:00","2247","2247","2240","2247","2247","2247","168002"
"2015-11-27","2015-11-27 00:00","2244","2258","2240","2249","2244","2249","46009"
"2015-11-30","2015-11-30 00:00","2246","2260","2245","2248","2246","2248","27803"
"2015-12-01","2015-12-01 00:00","2240","2256","2236","2243","2240","2243","82240"
"2015-12-02","2015-12-02 00:00","2244","2245","2238","2241","2244","2241","21950"
"2015-12-03","2015-12-03 00:00","2240","2245","2238","2242","2240","2242","29339"
"2015-12-04","2015-12-04 00:00","2245","2272","2244","2267","2245","2267","259954"
"2015-12-07","2015-12-07 00:00","2248","2251","2243","2250","2248","2250","65764"
"2015-12-08","2015-12-08 00:00","2250","2268","2243","2261","2250","2261","42617"
"2015-12-09","2015-12-09 00:00","2275","2290","2264","2287","2275","2287","135771"
"2015-12-10","2015-12-10 00:00","2319","2319","2303","2314","2319","2314","137245"
"2015-12-11","2015-12-11 00:00","2311","2318","2284","2290","2311","2290","60716"
"2015-12-14","2015-12-14 00:00","2350","2362","2325","2327","2350","2327","342542"
"2015-12-15","2015-12-15 00:00","2326","2369","2326","2366","2326","2366","177953"
"2015-12-16","2015-12-16 00:00","2329","2329","2305","2305","2329","2305","96963"
"2015-12-17","2015-12-17 00:00","2257","2273","2251","2268","2257","2268","130256"
"2015-12-18","2015-12-18 00:00","2271","2312","2205","2310","2271","2310","257663"
"2015-12-21","2015-12-21 00:00","2329","2352","2312","2319","2329","2319","131721"
"2015-12-22","2015-12-22 00:00","2319","2332","2316","2323","2319","2323","46236"
"2015-12-24","2015-12-24 00:00","2299","2336","2299","2334","2299","2334","82317"
"2015-12-25","2015-12-25 00:00","2328","2341","2325","2338","2328","2338","61944"
"2015-12-28","2015-12-28 00:00","2325","2335","2316","2323","2325","2323","58209"
"2015-12-29","2015-12-29 00:00","2324","2333","2307","2311","2324","2311","50762"
"2015-12-30","2015-12-30 00:00","2296","2305","2293","2305","2296","2305","51951"
"2016-01-04","2016-01-04 00:00","2327","2381","2312","2371","2327","2371","125009"
"2016-01-05","2016-01-05 00:00","2377","2389","2360","2381","2377","2381","152200"
"2016-01-06","2016-01-06 00:00","2380","2422","2370","2405","2380","2405","109106"
"2016-01-07","2016-01-07 00:00","2412","2461","2408","2461","2412","2461","339654"
"2016-01-08","2016-01-08 00:00","2488","2493","2431","2466","2488","2466","375120"
"2016-01-12","2016-01-12 00:00","2505","2541","2490","2536","2505","2536","254368"
"2016-01-13","2016-01-13 00:00","2495","2499","2460","2461","2495","2461","99784"
"2016-01-14","2016-01-14 00:00","2535","2570","2523","2529","2535","2529","425014"
"2016-01-15","2016-01-15 00:00","2485","2555","2475","2544","2485","2544","203710"
"2016-01-18","2016-01-18 00:00","2604","2614","2558","2570","2604","2570","343667"
"2016-01-19","2016-01-19 00:00","2580","2593","2548","2555","2580","2555","144672"
"2016-01-20","2016-01-20 00:00","2556","2655","2556","2648","2556","2648","377612"
"2016-01-21","2016-01-21 00:00","2639","2715","2596","2712","2639","2712","385630"
"2016-01-22","2016-01-22 00:00","2617","2640","2548","2557","2617","2557","521091"
"2016-01-25","2016-01-25 00:00","2521","2563","2518","2534","2521","2534","268872"
"2016-01-26","2016-01-26 00:00","2580","2602","2575","2593","2580","2593","227031"
"2016-01-27","2016-01-27 00:00","2537","2552","2507","2523","2537","2523","308644"
"2016-01-28","2016-01-28 00:00","2537","2553","2510","2535","2537","2535","167206"
"2016-01-29","2016-01-29 00:00","2529","2583","2400","2464","2529","2464","572924"
"2016-02-01","2016-02-01 00:00","2423","2441","2413","2418","2423","2418","243723"
"2016-02-02","2016-02-02 00:00","2444","2445","2418","2435","2444","2435","165773"
"2016-02-03","2016-02-03 00:00","2479","2526","2474","2507","2479","2507","363467"
"2016-02-04","2016-02-04 00:00","2531","2546","2506","2534","2531","2534","287700"
"2016-02-05","2016-02-05 00:00","2572","2594","2555","2567","2572","2567","255651"
"2016-02-08","2016-02-08 00:00","2598","2607","2522","2538","2598","2538","278635"
"2016-02-09","2016-02-09 00:00","2637","2681","2626","2669","2637","2669","527430"
"2016-02-10","2016-02-10 00:00","2661","2782","2659","2740","2661","2740","589436"
"2016-02-12","2016-02-12 00:00","2820","2882","2808","2863","2820","2863","933273"
"2016-02-15","2016-02-15 00:00","2739","2757","2628","2654","2739","2654","466668"
"2016-02-16","2016-02-16 00:00","2680","2686","2601","2652","2680","2652","331626"
"2016-02-17","2016-02-17 00:00","2662","2720","2623","2687","2662","2687","417866"
"2016-02-18","2016-02-18 00:00","2609","2639","2598","2624","2609","2624","347546"
"2016-02-19","2016-02-19 00:00","2657","2688","2650","2657","2657","2657","287471"
"2016-02-22","2016-02-22 00:00","2685","2687","2623","2638","2685","2638","182694"
"2016-02-23","2016-02-23 00:00","2618","2654","2597","2645","2618","2645","296173"
"2016-02-24","2016-02-24 00:00","2680","2696","2653","2671","2680","2671","266185"
"2016-02-25","2016-02-25 00:00","2657","2661","2616","2625","2657","2625","154574"
"2016-02-26","2016-02-26 00:00","2595","2620","2575","2617","2595","2617","265254"
"2016-02-29","2016-02-29 00:00","2600","2642","2576","2642","2600","2642","170395"
"2016-03-01","2016-03-01 00:00","2645","2676","2634","2635","2645","2635","130110"
"2016-03-02","2016-03-02 00:00","2560","2573","2517","2530","2560","2530","302828"
"2016-03-03","2016-03-03 00:00","2535","2536","2495","2498","2535","2498","219878"
"2016-03-04","2016-03-04 00:00","2504","2510","2483","2490","2504","2490","140448"
"2016-03-07","2016-03-07 00:00","2483","2504","2483","2500","2483","2500","83849"
"2016-03-08","2016-03-08 00:00","2506","2551","2502","2523","2506","2523","182136"
"2016-03-09","2016-03-09 00:00","2545","2563","2531","2540","2545","2540","228002"
"2016-03-10","2016-03-10 00:00","2515","2532","2505","2509","2515","2509","141041"
"2016-03-11","2016-03-11 00:00","2551","2554","2481","2497","2551","2497","288892"
"2016-03-14","2016-03-14 00:00","2462","2466","2443","2455","2462","2455","224201"
"2016-03-15","2016-03-15 00:00","2454","2479","2444","2471","2454","2471","74510"
"2016-03-16","2016-03-16 00:00","2486","2492","2470","2487","2486","2487","80201"
"2016-03-17","2016-03-17 00:00","2470","2513","2449","2495","2470","2495","148617"
"2016-03-18","2016-03-18 00:00","2504","2544","2497","2526","2504","2526","243733"
"2016-03-22","2016-03-22 00:00","2487","2507","2468","2478","2487","2478","86576"
"2016-03-23","2016-03-23 00:00","2475","2488","2464","2480","2475","2480","98977"
"2016-03-24","2016-03-24 00:00","2490","2505","2476","2500","2490","2500","72049"
"2016-03-25","2016-03-25 00:00","2489","2499","2479","2484","2489","2484","52099"
"2016-03-28","2016-03-28 00:00","2465","2488","2458","2468","2465","2468","246252"
"2016-03-29","2016-03-29 00:00","2469","2473","2443","2451","2469","2451","151590"
"2016-03-30","2016-03-30 00:00","2455","2481","2453","2479","2455","2479","95172"
"2016-03-31","2016-03-31 00:00","2461","2500","2458","2498","2461","2498","242855"
"2016-04-01","2016-04-01 00:00","2501","2594","2501","2589","2501","2589","672457"
"2016-04-04","2016-04-04 00:00","2599","2608","2574","2595","2599","2595","322746"
"2016-04-05","2016-04-05 00:00","2605","2661","2602","2656","2605","2656","407424"
"2016-04-06","2016-04-06 00:00","2659","2677","2639","2657","2659","2657","422169"
"2016-04-07","2016-04-07 00:00","2655","2673","2631","2655","2655","2655","476033"
"2016-04-08","2016-04-08 00:00","2700","2700","2605","2637","2700","2637","457861"
"2016-04-11","2016-04-11 00:00","2649","2690","2647","2649","2649","2649","167266"
"2016-04-12","2016-04-12 00:00","2656","2662","2617","2620","2656","2620","113954"
"2016-04-13","2016-04-13 00:00","2582","2588","2544","2550","2582","2550","209070"
"2016-04-14","2016-04-14 00:00","2501","2511","2465","2465","2501","2465","311324"
"2016-04-15","2016-04-15 00:00","2493","2493","2462","2478","2493","2478","126218"
"2016-04-18","2016-04-18 00:00","2555","2562","2533","2560","2555","2560","465150"
"2016-04-19","2016-04-19 00:00","2484","2488","2461","2465","2484","2465","395059"
"2016-04-20","2016-04-20 00:00","2440","2466","2432","2461","2440","2461","156846"
"2016-04-21","2016-04-21 00:00","2411","2419","2390","2397","2411","2397","412174"
"2016-04-22","2016-04-22 00:00","2415","2416","2364","2368","2415","2368","248316"
"2016-04-25","2016-04-25 00:00","2354","2386","2354","2382","2354","2382","111829"
"2016-04-26","2016-04-26 00:00","2391","2415","2382","2394","2391","2394","255707"
"2016-04-27","2016-04-27 00:00","2386","2410","2384","2398","2386","2398","168199"
"2016-04-28","2016-04-28 00:00","2379","2499","2362","2488","2379","2488","579686"
"2016-05-02","2016-05-02 00:00","2588","2593","2562","2564","2588","2564","547662"
"2016-05-06","2016-05-06 00:00","2553","2590","2544","2571","2553","2571","217813"
"2016-05-09","2016-05-09 00:00","2551","2562","2541","2552","2551","2552","142840"
"2016-05-10","2016-05-10 00:00","2543","2552","2495","2495","2543","2495","192523"
"2016-05-11","2016-05-11 00:00","2469","2502","2461","2499","2469","2499","164405"
"2016-05-12","2016-05-12 00:00","2517","2527","2483","2486","2517","2486","221817"
"2016-05-13","2016-05-13 00:00","2473","2521","2465","2519","2473","2519","106682"
"2016-05-16","2016-05-16 00:00","2518","2520","2486","2514","2518","2514","101152"
"2016-05-17","2016-05-17 00:00","2488","2505","2483","2485","2488","2485","83055"
"2016-05-18","2016-05-18 00:00","2492","2504","2461","2483","2492","2483","138715"
"2016-05-19","2016-05-19 00:00","2460","2491","2453","2482","2460","2482","107581"
"2016-05-20","2016-05-20 00:00","2489","2498","2464","2470","2489","2470","86427"
"2016-05-23","2016-05-23 00:00","2478","2516","2476","2482","2478","2482","165599"
"2016-05-24","2016-05-24 00:00","2489","2508","2489","2507","2489","2507","53252"
"2016-05-25","2016-05-25 00:00","2458","2470","2456","2466","2458","2466","204594"
"2016-05-26","2016-05-26 00:00","2433","2467","2433","2464","2433","2464","161718"
"2016-05-27","2016-05-27 00:00","2449","2459","2443","2451","2449","2451","53279"
"2016-05-30","2016-05-30 00:00","2431","2441","2419","2420","2431","2420","181535"
"2016-05-31","2016-05-31 00:00","2428","2430","2393","2397","2428","2397","218670"
"2016-06-01","2016-06-01 00:00","2416","2441","2407","2438","2416","2438","127067"
"2016-06-02","2016-06-02 00:00","2454","2496","2452","2492","2454","2492","223382"
"2016-06-03","2016-06-03 00:00","2481","2491","2468","2478","2481","2478","85242"
"2016-06-06","2016-06-06 00:00","2523","2529","2487","2489","2523","2489","190102"
"2016-06-07","2016-06-07 00:00","2480","2493","2469","2473","2480","2473","43852"
"2016-06-08","2016-06-08 00:00","2469","2487","2450","2450","2469","2450","106848"
"2016-06-09","2016-06-09 00:00","2466","2485","2456","2474","2466","2474","73237"
"2016-06-10","2016-06-10 00:00","2477","2499","2474","2484","2477","2484","45468"
"2016-06-13","2016-06-13 00:00","2529","2569","2526","2567","2529","2567","329440"
"2016-06-14","2016-06-14 00:00","2571","2612","2560","2594","2571","2594","465607"
"2016-06-15","2016-06-15 00:00","2608","2614","2572","2584","2608","2584","217758"
"2016-06-16","2016-06-16 00:00","2594","2671","2587","2665","2594","2665","547167"
"2016-06-17","2016-06-17 00:00","2621","2638","2604","2633","2621","2633","209530"
"2016-06-20","2016-06-20 00:00","2589","2590","2559","2575","2589","2575","178249"
"2016-06-21","2016-06-21 00:00","2593","2605","2536","2543","2593","2543","141393"
"2016-06-22","2016-06-22 00:00","2550","2569","2542","2557","2550","2557","62889"
"2016-06-23","2016-06-23 00:00","2549","2560","2524","2531","2549","2531","133154"
"2016-06-24","2016-06-24 00:00","2515","2780","2502","2734","2515","2734","1611942"
"2016-06-27","2016-06-27 00:00","2691","2714","2663","2664","2691","2664","434778"
"2016-06-28","2016-06-28 00:00","2696","2716","2637","2658","2696","2658","323980"
"2016-06-29","2016-06-29 00:00","2618","2647","2607","2618","2618","2618","407881"
"2016-06-30","2016-06-30 00:00","2585","2613","2581","2611","2585","2611","201911"
"2016-07-01","2016-07-01 00:00","2591","2605","2585","2597","2591","2597","245515"
"2016-07-04","2016-07-04 00:00","2617","2618","2577","2584","2617","2584","159187"
"2016-07-05","2016-07-05 00:00","2599","2610","2593","2601","2599","2601","74811"
"2016-07-06","2016-07-06 00:00","2644","2682","2640","2648","2644","2648","701730"
"2016-07-07","2016-07-07 00:00","2647","2671","2639","2665","2647","2665","213427"
"2016-07-08","2016-07-08 00:00","2661","2691","2643","2690","2661","2690","555149"
"2016-07-11","2016-07-11 00:00","2622","2624","2566","2583","2622","2583","410941"
"2016-07-12","2016-07-12 00:00","2534","2534","2496","2525","2534","2525","381733"
"2016-07-13","2016-07-13 00:00","2469","2505","2465","2501","2469","2501","263101"
"2016-07-14","2016-07-14 00:00","2497","2500","2472","2473","2497","2473","168913"
"2016-07-15","2016-07-15 00:00","2463","2473","2443","2457","2463","2457","646048"
"2016-07-19","2016-07-19 00:00","2436","2456","2423","2423","2436","2423","151952"
"2016-07-20","2016-07-20 00:00","2439","2450","2429","2434","2439","2434","130358"
"2016-07-21","2016-07-21 00:00","2402","2422","2393","2414","2402","2414","525651"
"2016-07-22","2016-07-22 00:00","2446","2448","2429","2442","2446","2442","173456"
"2016-07-25","2016-07-25 00:00","2433","2441","2416","2439","2433","2439","129243"
"2016-07-26","2016-07-26 00:00","2450","2483","2449","2473","2450","2473","425998"
"2016-07-27","2016-07-27 00:00","2444","2449","2405","2426","2444","2426","393303"
"2016-07-28","2016-07-28 00:00","2444","2461","2438","2454","2444","2454","434035"
"2016-07-29","2016-07-29 00:00","2462","2506","2414","2445","2462","2445","996868"
"2016-08-01","2016-08-01 00:00","2470","2478","2425","2433","2470","2433","261341"
"2016-08-02","2016-08-02 00:00","2458","2470","2447","2470","2458","2470","204685"
"2016-08-03","2016-08-03 00:00","2500","2518","2485","2517","2500","2517","685261"
"2016-08-04","2016-08-04 00:00","2502","2541","2486","2488","2502","2488","519130"
"2016-08-05","2016-08-05 00:00","2489","2491","2473","2490","2489","2490","432913"
"2016-08-08","2016-08-08 00:00","2446","2451","2426","2426","2446","2426","128072"
"2016-08-09","2016-08-09 00:00","2426","2429","2407","2410","2426","2410","160624"
"2016-08-10","2016-08-10 00:00","2421","2425","2402","2418","2421","2418","116782"
"2016-08-12","2016-08-12 00:00","2400","2402","2384","2388","2400","2388","257498"
"2016-08-15","2016-08-15 00:00","2393","2396","2386","2396","2393","2396","44701"
"2016-08-16","2016-08-16 00:00","2389","2432","2389","2432","2389","2432","87778"
"2016-08-17","2016-08-17 00:00","2430","2433","2406","2408","2430","2408","85875"
"2016-08-18","2016-08-18 00:00","2428","2447","2414","2446","2428","2446","176874"
"2016-08-19","2016-08-19 00:00","2437","2452","2429","2440","2437","2440","86619"
"2016-08-22","2016-08-22 00:00","2431","2440","2427","2433","2431","2433","76283"
"2016-08-23","2016-08-23 00:00","2439","2451","2423","2446","2439","2446","83635"
"2016-08-24","2016-08-24 00:00","2431","2437","2424","2434","2431","2434","55579"
"2016-08-25","2016-08-25 00:00","2433","2441","2426","2435","2433","2435","46231"
"2016-08-26","2016-08-26 00:00","2445","2468","2445","2464","2445","2464","148146"
"2016-08-29","2016-08-29 00:00","2414","2417","2401","2406","2414","2406","94285"
"2016-08-30","2016-08-30 00:00","2410","2415","2405","2405","2410","2405","41829"
"2016-08-31","2016-08-31 00:00","2390","2392","2382","2385","2390","2385","127052"
"2016-09-01","2016-09-01 00:00","2387","2389","2377","2382","2387","2382","60962"
"2016-09-02","2016-09-02 00:00","2381","2389","2377","2382","2381","2382","63586"
"2016-09-05","2016-09-05 00:00","2350","2368","2348","2366","2350","2366","184454"
"2016-09-06","2016-09-06 00:00","2362","2365","2355","2356","2362","2356","41074"
"2016-09-07","2016-09-07 00:00","2382","2383","2366","2368","2382","2368","80273"
"2016-09-08","2016-09-08 00:00","2369","2392","2368","2374","2369","2374","133322"
"2016-09-09","2016-09-09 00:00","2370","2383","2366","2371","2370","2371","54725"
"2016-09-12","2016-09-12 00:00","2402","2424","2396","2417","2402","2417","202512"
"2016-09-13","2016-09-13 00:00","2400","2416","2397","2407","2400","2407","76802"
"2016-09-14","2016-09-14 00:00","2420","2426","2408","2423","2420","2423","51096"
"2016-09-15","2016-09-15 00:00","2437","2461","2436","2456","2437","2456","195937"
"2016-09-16","2016-09-16 00:00","2444","2452","2435","2435","2444","2435","71902"
"2016-09-20","2016-09-20 00:00","2454","2455","2427","2441","2454","2441","88148"
"2016-09-21","2016-09-21 00:00","2445","2458","2391","2392","2445","2392","253259"
"2016-09-23","2016-09-23 00:00","2399","2404","2393","2404","2399","2404","95796"
"2016-09-26","2016-09-26 00:00","2407","2434","2406","2434","2407","2434","72562"
"2016-09-27","2016-09-27 00:00","2449","2469","2413","2413","2449","2413","270854"
"2016-09-28","2016-09-28 00:00","2422","2436","2418","2428","2422","2428","113988"
"2016-09-29","2016-09-29 00:00","2403","2405","2381","2390","2403","2390","151200"
"2016-09-30","2016-09-30 00:00","2417","2430","2417","2423","2417","2423","145480"
"2016-10-03","2016-10-03 00:00","2405","2407","2395","2403","2405","2403","121055"
"2016-10-04","2016-10-04 00:00","2393","2396","2382","2386","2393","2386","95316"
"2016-10-05","2016-10-05 00:00","2375","2384","2367","2371","2375","2371","198343"
"2016-10-06","2016-10-06 00:00","2356","2361","2349","2359","2356","2359","117223"
"2016-10-07","2016-10-07 00:00","2362","2370","2358","2365","2362","2365","84155"
"2016-10-11","2016-10-11 00:00","2354","2354","2334","2342","2354","2342","177834"
"2016-10-12","2016-10-12 00:00","2362","2365","2352","2363","2362","2363","112785"
"2016-10-13","2016-10-13 00:00","2354","2380","2346","2376","2354","2376","165830"
"2016-10-14","2016-10-14 00:00","2376","2381","2362","2364","2376","2364","76716"
"2016-10-17","2016-10-17 00:00","2361","2368","2351","2357","2361","2357","165334"
"2016-10-18","2016-10-18 00:00","2362","2364","2349","2349","2362","2349","544195"
"2016-10-19","2016-10-19 00:00","2349","2352","2342","2344","2349","2344","51006"
"2016-10-20","2016-10-20 00:00","2344","2344","2313","2313","2344","2313","275858"
"2016-10-21","2016-10-21 00:00","2307","2322","2302","2318","2307","2318","257821"
"2016-10-24","2016-10-24 00:00","2310","2319","2309","2309","2310","2309","47045"
"2016-10-25","2016-10-25 00:00","2300","2301","2291","2293","2300","2293","410988"
"2016-10-26","2016-10-26 00:00","2297","2301","2289","2291","2297","2291","67248"
"2016-10-27","2016-10-27 00:00","2292","2303","2286","2296","2292","2296","57279"
"2016-10-28","2016-10-28 00:00","2283","2286","2280","2282","2283","2282","249897"
"2016-10-31","2016-10-31 00:00","2291","2297","2284","2285","2291","2285","112515"
"2016-11-01","2016-11-01 00:00","2286","2295","2277","2283","2286","2283","144750"
"2016-11-02","2016-11-02 00:00","2308","2328","2303","2323","2308","2323","294702"
"2016-11-04","2016-11-04 00:00","2343","2366","2341","2353","2343","2353","312609"
"2016-11-07","2016-11-07 00:00","2316","2330","2312","2314","2316","2314","171553"
"2016-11-08","2016-11-08 00:00","2304","2320","2304","2316","2304","2316","157325"
"2016-11-09","2016-11-09 00:00","2299","2458","2279","2434","2299","2434","1786131"
"2016-11-10","2016-11-10 00:00","2275","2309","2265","2275","2275","2275","451879"
"2016-11-11","2016-11-11 00:00","2250","2276","2238","2270","2250","2270","340268"
"2016-11-14","2016-11-14 00:00","2257","2258","2227","2232","2257","2232","209198"
"2016-11-15","2016-11-15 00:00","2228","2240","2226","2233","2228","2233","175215"
"2016-11-16","2016-11-16 00:00","2209","2214","2204","2208","2209","2208","181291"
"2016-11-17","2016-11-17 00:00","2218","2218","2205","2206","2218","2206","191913"
"2016-11-18","2016-11-18 00:00","2186","2193","2183","2191","2186","2191","412256"
"2016-11-21","2016-11-21 00:00","2187","2190","2175","2178","2187","2178","202746"
"2016-11-22","2016-11-22 00:00","2181","2185","2170","2172","2181","2172","181908"
"2016-11-24","2016-11-24 00:00","2148","2152","2145","2149","2148","2149","292981"
"2016-11-25","2016-11-25 00:00","2144","2155","2132","2144","2144","2144","377945"
"2016-11-28","2016-11-28 00:00","2153","2163","2145","2148","2153","2148","382804"
"2016-11-29","2016-11-29 00:00","2161","2161","2150","2155","2161","2155","122572"
"2016-11-30","2016-11-30 00:00","2148","2155","2146","2154","2148","2154","63496"
"2016-12-01","2016-12-01 00:00","2120","2133","2101","2129","2120","2129","814423"
"2016-12-02","2016-12-02 00:00","2139","2151","2133","2137","2139","2137","212157"
"2016-12-05","2016-12-05 00:00","2148","2162","2144","2155","2148","2155","189892"
"2016-12-06","2016-12-06 00:00","2134","2151","2129","2147","2134","2147","143855"
"2016-12-07","2016-12-07 00:00","2137","2140","2130","2130","2137","2130","94052"
"2016-12-08","2016-12-08 00:00","2109","2117","2099","2101","2109","2101","324664"
"2016-12-09","2016-12-09 00:00","2095","2095","2068","2069","2095","2069","754618"
"2016-12-12","2016-12-12 00:00","2048","2066","2042","2055","2048","2055","518875"
"2016-12-13","2016-12-13 00:00","2062","2065","2043","2043","2062","2043","252837"
"2016-12-14","2016-12-14 00:00","2041","2051","2040","2045","2041","2045","217603"
"2016-12-15","2016-12-15 00:00","2037","2051","2024","2040","2037","2040","570750"
"2016-12-16","2016-12-16 00:00","2026","2033","2024","2029","2026","2029","259433"
"2016-12-19","2016-12-19 00:00","2034","2038","2028","2030","2034","2030","160195"
"2016-12-20","2016-12-20 00:00","2029","2032","2017","2018","2029","2018","178634"
"2016-12-21","2016-12-21 00:00","2011","2030","2008","2022","2011","2022","378770"
"2016-12-22","2016-12-22 00:00","2029","2036","2025","2025","2029","2025","136440"
"2016-12-26","2016-12-26 00:00","2025","2028","2024","2026","2025","2026","128356"
"2016-12-27","2016-12-27 00:00","2030","2031","2019","2025","2030","2025","158892"
"2016-12-28","2016-12-28 00:00","2022","2028","2019","2022","2022","2022","79013"
"2016-12-29","2016-12-29 00:00","2034","2056","2034","2051","2034","2051","194877"
"2016-12-30","2016-12-30 00:00","2067","2068","2047","2054","2067","2054","222732"
"2017-01-04","2017-01-04 00:00","2035","2036","2003","2004","2035","2004","334802"
"2017-01-05","2017-01-05 00:00","2000","2015","2000","2011","2000","2011","128023"
"2017-01-06","2017-01-06 00:00","2029","2029","2015","2015","2029","2015","247768"
"2017-01-10","2017-01-10 00:00","2022","2038","2014","2031","2022","2031","187520"
"2017-01-11","2017-01-11 00:00","2026","2030","2021","2024","2026","2024","95181"
"2017-01-12","2017-01-12 00:00","2034","2057","2034","2050","2034","2050","228841"
"2017-01-13","2017-01-13 00:00","2045","2047","2032","2032","2045","2032","115868"
"2017-01-16","2017-01-16 00:00","2041","2058","2037","2052","2041","2052","187934"
"2017-01-17","2017-01-17 00:00","2056","2084","2056","2082","2056","2082","342349"
"2017-01-18","2017-01-18 00:00","2090","2102","2069","2073","2090","2073","399693"
"2017-01-19","2017-01-19 00:00","2054","2065","2050","2055","2054","2055","259665"
"2017-01-20","2017-01-20 00:00","2055","2058","2043","2045","2055","2045","197650"
"2017-01-23","2017-01-23 00:00","2066","2075","2059","2072","2066","2072","233971"
"2017-01-24","2017-01-24 00:00","2084","2086","2072","2083","2084","2083","169307"
"2017-01-25","2017-01-25 00:00","2052","2063","2045","2058","2052","2058","292840"
"2017-01-26","2017-01-26 00:00","2033","2036","2017","2021","2033","2021","214696"
"2017-01-27","2017-01-27 00:00","2011","2018","2009","2011","2011","2011","171915"
"2017-01-30","2017-01-30 00:00","2019","2028","2018","2020","2019","2020","120059"
"2017-01-31","2017-01-31 00:00","2045","2055","2038","2055","2045","2055","208439"
"2017-02-01","2017-02-01 00:00","2067","2069","2042","2043","2067","2043","145350"
"2017-02-02","2017-02-02 00:00","2042","2074","2041","2068","2042","2068","246557"
"2017-02-03","2017-02-03 00:00","2055","2078","2052","2066","2055","2066","231890"
"2017-02-06","2017-02-06 00:00","2048","2069","2048","2059","2048","2059","85274"
"2017-02-07","2017-02-07 00:00","2074","2080","2062","2067","2074","2067","130073"
"2017-02-08","2017-02-08 00:00","2067","2071","2058","2059","2067","2059","72532"
"2017-02-09","2017-02-09 00:00","2064","2071","2058","2067","2064","2067","79452"
"2017-02-10","2017-02-10 00:00","2033","2034","2014","2015","2033","2015","292009"
"2017-02-13","2017-02-13 00:00","2000","2012","2000","2007","2000","2007","111762"
"2017-02-14","2017-02-14 00:00","2003","2031","2003","2029","2003","2029","157634"
"2017-02-15","2017-02-15 00:00","2005","2010","2004","2010","2005","2010","86532"
"2017-02-16","2017-02-16 00:00","2013","2028","2011","2018","2013","2018","142082"
"2017-02-17","2017-02-17 00:00","2030","2037","2026","2030","2030","2030","119742"
"2017-02-20","2017-02-20 00:00","2038","2044","2026","2027","2038","2027","72503"
"2017-02-21","2017-02-21 00:00","2027","2027","2013","2014","2027","2014","52913"
"2017-02-22","2017-02-22 00:00","2010","2020","2010","2014","2010","2014","75747"
"2017-02-23","2017-02-23 00:00","2016","2027","2014","2015","2016","2015","263997"
"2017-02-24","2017-02-24 00:00","2030","2031","2014","2023","2030","2023","176401"
"2017-02-27","2017-02-27 00:00","2037","2054","2034","2040","2037","2040","269032"
"2017-02-28","2017-02-28 00:00","2031","2041","2025","2039","2031","2039","69560"
"2017-03-01","2017-03-01 00:00","2031","2036","2010","2010","2031","2010","153749"
"2017-03-02","2017-03-02 00:00","1986","1994","1982","1992","1986","1992","212382"
"2017-03-03","2017-03-03 00:00","1995","2011","1991","2002","1995","2002","95601"
"2017-03-06","2017-03-06 00:00","2008","2016","2008","2011","2008","2011","114652"
"2017-03-07","2017-03-07 00:00","2015","2017","2012","2015","2015","2015","61753"
"2017-03-08","2017-03-08 00:00","2017","2031","2017","2025","2017","2025","113251"
"2017-03-09","2017-03-09 00:00","2013","2024","2013","2017","2013","2017","35191"
"2017-03-10","2017-03-10 00:00","1999","2006","1985","1986","1999","1986","315075"
"2017-03-13","2017-03-13 00:00","1993","1996","1982","1984","1993","1984","132205"
"2017-03-14","2017-03-14 00:00","1982","1988","1982","1985","1982","1985","122396"
"2017-03-15","2017-03-15 00:00","1993","1997","1989","1989","1993","1989","143713"
"2017-03-16","2017-03-16 00:00","2002","2003","1986","1988","2002","1988","239039"
"2017-03-17","2017-03-17 00:00","1997","2000","1993","1994","1997","1994","95865"
"2017-03-21","2017-03-21 00:00","2007","2015","2000","2003","2007","2003","242237"
"2017-03-22","2017-03-22 00:00","2040","2047","2031","2045","2040","2045","609952"
"2017-03-23","2017-03-23 00:00","2043","2053","2038","2039","2043","2039","202552"
"2017-03-24","2017-03-24 00:00","2041","2044","2018","2020","2041","2020","157571"
"2017-03-27","2017-03-27 00:00","2044","2057","2040","2052","2044","2052","275985"
"2017-03-28","2017-03-28 00:00","2033","2037","2027","2029","2033","2029","121118"
"2017-03-29","2017-03-29 00:00","2013","2018","2008","2013","2013","2013","654188"
"2017-03-30","2017-03-30 00:00","2019","2030","2011","2028","2019","2028","96370"
"2017-03-31","2017-03-31 00:00","2014","2041","2011","2041","2014","2041","275019"
"2017-04-03","2017-04-03 00:00","2035","2043","2027","2035","2035","2035","83625"
"2017-04-04","2017-04-04 00:00","2041","2065","2040","2052","2041","2052","377344"
"2017-04-05","2017-04-05 00:00","2043","2058","2040","2047","2043","2047","148237"
"2017-04-06","2017-04-06 00:00","2060","2085","2056","2077","2060","2077","304613"
"2017-04-07","2017-04-07 00:00","2061","2086","2056","2068","2061","2068","456391"
"2017-04-10","2017-04-10 00:00","2056","2059","2049","2054","2056","2054","117166"
"2017-04-11","2017-04-11 00:00","2064","2069","2059","2060","2064","2060","135638"
"2017-04-12","2017-04-12 00:00","2078","2091","2076","2082","2078","2082","1382147"
"2017-04-13","2017-04-13 00:00","2100","2108","2092","2096","2100","2096","356039"
"2017-04-14","2017-04-14 00:00","2104","2111","2098","2108","2104","2108","209365"
"2017-04-17","2017-04-17 00:00","2116","2118","2102","2102","2116","2102","232982"
"2017-04-18","2017-04-18 00:00","2087","2102","2082","2095","2087","2095","140188"
"2017-04-19","2017-04-19 00:00","2107","2108","2091","2093","2107","2093","108590"
"2017-04-20","2017-04-20 00:00","2092","2095","2085","2093","2092","2093","100605"
"2017-04-21","2017-04-21 00:00","2076","2082","2070","2072","2076","2072","91438"
"2017-04-24","2017-04-24 00:00","2043","2049","2039","2045","2043","2045","246182"
"2017-04-25","2017-04-25 00:00","2045","2046","2019","2022","2045","2022","200098"
"2017-04-26","2017-04-26 00:00","2010","2012","2001","2001","2010","2001","147193"
"2017-04-27","2017-04-27 00:00","2008","2009","2002","2005","2008","2005","102775"
"2017-04-28","2017-04-28 00:00","2005","2013","2003","2011","2005","2011","63028"
"2017-05-01","2017-05-01 00:00","2007","2008","1999","1999","2007","1999","307870"
"2017-05-02","2017-05-02 00:00","1995","1995","1983","1983","1995","1983","188074"
"2017-05-08","2017-05-08 00:00","1956","1957","1934","1938","1956","1938","618155"
"2017-05-09","2017-05-09 00:00","1935","1943","1935","1943","1935","1943","84417"
"2017-05-10","2017-05-10 00:00","1939","1942","1933","1937","1939","1937","225971"
"2017-05-11","2017-05-11 00:00","1934","1936","1929","1931","1934","1931","188288"
"2017-05-12","2017-05-12 00:00","1938","1946","1934","1940","1938","1940","139731"
"2017-05-15","2017-05-15 00:00","1950","1951","1940","1942","1950","1942","73123"
"2017-05-16","2017-05-16 00:00","1934","1941","1928","1936","1934","1936","161740"
"2017-05-17","2017-05-17 00:00","1949","1951","1943","1947","1949","1947","105172"
"2017-05-18","2017-05-18 00:00","1975","1981","1965","1972","1975","1972","353872"
"2017-05-19","2017-05-19 00:00","1968","1976","1963","1968","1968","1968","69554"
"2017-05-22","2017-05-22 00:00","1957","1966","1954","1958","1957","1958","77584"
"2017-05-23","2017-05-23 00:00","1963","1967","1957","1964","1963","1964","69301"
"2017-05-24","2017-05-24 00:00","1949","1957","1947","1952","1949","1952","80661"
"2017-05-25","2017-05-25 00:00","1954","1954","1941","1944","1954","1944","108558"
"2017-05-26","2017-05-26 00:00","1947","1957","1947","1957","1947","1957","69910"
"2017-05-29","2017-05-29 00:00","1956","1963","1951","1958","1956","1958","62653"
"2017-05-30","2017-05-30 00:00","1957","1969","1956","1959","1957","1959","32174"
"2017-05-31","2017-05-31 00:00","1962","1967","1958","1961","1962","1961","24909"
"2017-06-01","2017-06-01 00:00","1958","1958","1936","1939","1958","1939","118600"
"2017-06-02","2017-06-02 00:00","1930","1930","1902","1907","1930","1907","827499"
"2017-06-05","2017-06-05 00:00","1913","1916","1904","1909","1913","1909","189628"
"2017-06-06","2017-06-06 00:00","1913","1929","1911","1928","1913","1928","162554"
"2017-06-07","2017-06-07 00:00","1929","1933","1923","1926","1929","1926","54362"
"2017-06-08","2017-06-08 00:00","1918","1935","1918","1934","1918","1934","83804"
"2017-06-09","2017-06-09 00:00","1925","1931","1914","1923","1925","1923","178216"
"2017-06-12","2017-06-12 00:00","1932","1939","1928","1932","1932","1932","106513"
"2017-06-13","2017-06-13 00:00","1940","1940","1932","1935","1940","1935","52799"
"2017-06-14","2017-06-14 00:00","1927","1936","1924","1936","1927","1936","92426"
"2017-06-15","2017-06-15 00:00","1942","1948","1927","1941","1942","1941","134146"
"2017-06-16","2017-06-16 00:00","1931","1935","1922","1929","1931","1929","74755"
"2017-06-19","2017-06-19 00:00","1926","1930","1916","1918","1926","1918","365046"
"2017-06-20","2017-06-20 00:00","1904","1904","1893","1900","1904","1900","285079"
"2017-06-21","2017-06-21 00:00","1905","1912","1903","1911","1905","1911","88515"
"2017-06-22","2017-06-22 00:00","1910","1913","1906","1913","1910","1913","67429"
"2017-06-23","2017-06-23 00:00","1911","1914","1909","1910","1911","1910","87564"
"2017-06-26","2017-06-26 00:00","1913","1913","1904","1910","1913","1910","20154"
"2017-06-27","2017-06-27 00:00","1901","1906","1900","1902","1901","1902","103065"
"2017-06-28","2017-06-28 00:00","1908","1910","1900","1908","1908","1908","98336"
"2017-06-29","2017-06-29 00:00","1897","1902","1894","1901","1897","1901","122430"
"2017-06-30","2017-06-30 00:00","1917","1926","1916","1919","1917","1919","223439"
"2017-07-03","2017-07-03 00:00","1917","1918","1911","1916","1917","1916","84371"
"2017-07-04","2017-07-04 00:00","1902","1923","1901","1918","1902","1918","181606"
"2017-07-05","2017-07-05 00:00","1919","1931","1913","1913","1919","1913","130780"
"2017-07-06","2017-07-06 00:00","1915","1925","1913","1920","1915","1920","140169"
"2017-07-07","2017-07-07 00:00","1933","1934","1922","1926","1933","1926","263712"
"2017-07-10","2017-07-10 00:00","1914","1918","1907","1913","1914","1913","80431"
"2017-07-11","2017-07-11 00:00","1913","1913","1901","1901","1913","1901","124979"
"2017-07-12","2017-07-12 00:00","1908","1914","1906","1911","1908","1911","73138"
"2017-07-13","2017-07-13 00:00","1905","1915","1903","1911","1905","1911","59573"
"2017-07-14","2017-07-14 00:00","1909","1911","1905","1908","1909","1908","162822"
"2017-07-18","2017-07-18 00:00","1912","1924","1912","1920","1912","1920","203261"
"2017-07-19","2017-07-19 00:00","1923","1925","1917","1919","1923","1919","83875"
"2017-07-20","2017-07-20 00:00","1916","1917","1905","1907","1916","1907","80049"
"2017-07-21","2017-07-21 00:00","1911","1912","1908","1911","1911","1911","69202"
"2017-07-24","2017-07-24 00:00","1921","1929","1921","1921","1921","1921","107212"
"2017-07-25","2017-07-25 00:00","1922","1925","1917","1922","1922","1922","75303"
"2017-07-26","2017-07-26 00:00","1910","1916","1907","1913","1910","1913","118514"
"2017-07-27","2017-07-27 00:00","1917","1918","1903","1912","1917","1912","135431"
"2017-07-28","2017-07-28 00:00","1915","1926","1915","1924","1915","1924","148775"
"2017-07-31","2017-07-31 00:00","1924","1927","1921","1925","1924","1925","109122"
"2017-08-01","2017-08-01 00:00","1925","1925","1919","1922","1925","1922","69931"
"2017-08-02","2017-08-02 00:00","1913","1916","1908","1910","1913","1910","80019"
"2017-08-03","2017-08-03 00:00","1912","1920","1912","1917","1912","1917","50121"
"2017-08-04","2017-08-04 00:00","1922","1924","1921","1924","1922","1924","52515"
"2017-08-07","2017-08-07 00:00","1911","1915","1911","1913","1911","1913","164575"
"2017-08-08","2017-08-08 00:00","1913","1921","1911","1918","1913","1918","62235"
"2017-08-09","2017-08-09 00:00","1925","1951","1924","1943","1925","1943","468185"
"2017-08-10","2017-08-10 00:00","1936","1949","1934","1943","1936","1943","169630"
"2017-08-11","2017-08-11 00:00","1943","1943","1943","1943","1943","1943","0"
"2017-08-14","2017-08-14 00:00","1960","1968","1957","1962","1960","1962","318987"
"2017-08-15","2017-08-15 00:00","1947","1949","1934","1939","1947","1939","154781"
"2017-08-16","2017-08-16 00:00","1941","1944","1938","1943","1941","1943","83342"
"2017-08-17","2017-08-17 00:00","1946","1948","1943","1945","1946","1945","49166"
"2017-08-18","2017-08-18 00:00","1969","1972","1961","1969","1969","1969","314589"
"2017-08-21","2017-08-21 00:00","1967","1979","1965","1977","1967","1977","95006"
"2017-08-22","2017-08-22 00:00","1978","1979","1973","1977","1978","1977","42377"
"2017-08-23","2017-08-23 00:00","1961","1975","1959","1971","1961","1971","47853"
"2017-08-24","2017-08-24 00:00","1980","1981","1973","1981","1980","1981","81394"
"2017-08-25","2017-08-25 00:00","1975","1976","1967","1968","1975","1968","75448"
"2017-08-28","2017-08-28 00:00","1965","1973","1962","1971","1965","1971","26897"
"2017-08-29","2017-08-29 00:00","1986","1986","1976","1977","1986","1977","404546"
"2017-08-30","2017-08-30 00:00","1966","1970","1961","1962","1966","1962","125669"
"2017-08-31","2017-08-31 00:00","1953","1955","1946","1949","1953","1949","158894"
"2017-09-01","2017-09-01 00:00","1938","1950","1938","1945","1938","1945","48707"
"2017-09-04","2017-09-04 00:00","1951","1964","1951","1961","1951","1961","175897"
"2017-09-05","2017-09-05 00:00","1957","1976","1957","1973","1957","1973","104908"
"2017-09-06","2017-09-06 00:00","1985","1987","1976","1978","1985","1978","103157"
"2017-09-07","2017-09-07 00:00","1970","1977","1965","1975","1970","1975","61794"
"2017-09-08","2017-09-08 00:00","1982","1990","1978","1987","1982","1987","232707"
"2017-09-11","2017-09-11 00:00","1968","1968","1956","1957","1968","1957","125015"
"2017-09-12","2017-09-12 00:00","1940","1941","1933","1936","1940","1936","219450"
"2017-09-13","2017-09-13 00:00","1925","1928","1923","1926","1925","1926","91790"
"2017-09-14","2017-09-14 00:00","1925","1932","1920","1931","1925","1931","118012"
"2017-09-15","2017-09-15 00:00","1934","1934","1919","1920","1934","1920","181275"
"2017-09-18","2017-09-18 00:00","1920","1920","1920","1920","1920","1920","0"
"2017-09-19","2017-09-19 00:00","1897","1900","1881","1883","1897","1883","658230"
"2017-09-20","2017-09-20 00:00","1883","1886","1878","1882","1883","1882","1739450"
"2017-09-21","2017-09-21 00:00","1868","1879","1865","1878","1868","1878","696383"
"2017-09-22","2017-09-22 00:00","1874","1886","1871","1881","1874","1881","199963"
"2017-09-25","2017-09-25 00:00","1871","1876","1868","1872","1871","1872","78682"
"2017-09-26","2017-09-26 00:00","1878","1882","1874","1879","1878","1879","165537"
"2017-09-27","2017-09-27 00:00","1873","1877","1871","1873","1873","1873","89932"
"2017-09-28","2017-09-28 00:00","1859","1870","1859","1864","1859","1864","236528"
"2017-09-29","2017-09-29 00:00","1869","1871","1864","1865","1869","1865","53573"
"2017-10-02","2017-10-02 00:00","1861","1864","1859","1861","1861","1861","53564"
"2017-10-03","2017-10-03 00:00","1854","1856","1839","1841","1854","1841","881037"
"2017-10-04","2017-10-04 00:00","1837","1842","1833","1839","1837","1839","1127901"
"2017-10-05","2017-10-05 00:00","1838","1841","1835","1839","1838","1839","94931"
"2017-10-06","2017-10-06 00:00","1833","1836","1831","1832","1833","1832","227004"
"2017-10-09","2017-10-09 00:00","1832","1832","1832","1832","1832","1832","0"
"2017-10-10","2017-10-10 00:00","1836","1836","1821","1821","1836","1821","238831"
"2017-10-11","2017-10-11 00:00","1823","1824","1814","1816","1823","1816","423740"
"2017-10-12","2017-10-12 00:00","1808","1812","1806","1808","1808","1808","137304"
"2017-10-13","2017-10-13 00:00","1811","1812","1788","1790","1811","1790","521891"
"2017-10-16","2017-10-16 00:00","1786","1789","1775","1784","1786","1784","200547"
"2017-10-17","2017-10-17 00:00","1775","1786","1772","1775","1775","1775","315490"
"2017-10-18","2017-10-18 00:00","1774","1778","1771","1774","1774","1774","284180"
"2017-10-19","2017-10-19 00:00","1767","1772","1762","1767","1767","1767","194849"
"2017-10-20","2017-10-20 00:00","1774","1777","1763","1766","1774","1766","280923"
"2017-10-23","2017-10-23 00:00","1744","1754","1743","1748","1744","1748","313476"
"2017-10-24","2017-10-24 00:00","1750","1751","1737","1738","1750","1738","419524"
"2017-10-25","2017-10-25 00:00","1730","1751","1728","1745","1730","1745","452433"
"2017-10-26","2017-10-26 00:00","1746","1746","1738","1744","1746","1744","760859"
"2017-10-27","2017-10-27 00:00","1733","1737","1720","1720","1733","1720","1830348"
"2017-10-30","2017-10-30 00:00","1716","1728","1715","1722","1716","1722","288034"
"2017-10-31","2017-10-31 00:00","1732","1735","1720","1721","1732","1721","426812"
"2017-11-01","2017-11-01 00:00","1707","1708","1685","1687","1707","1687","453656"
"2017-11-02","2017-11-02 00:00","1681","1690","1679","1679","1681","1679","385026"
"2017-11-03","2017-11-03 00:00","1679","1679","1679","1679","1679","1679","0"
"2017-11-06","2017-11-06 00:00","1672","1687","1670","1679","1672","1679","473746"
"2017-11-07","2017-11-07 00:00","1680","1680","1647","1647","1680","1647","657958"
"2017-11-08","2017-11-08 00:00","1656","1662","1650","1651","1656","1651","415895"
"2017-11-09","2017-11-09 00:00","1644","1680","1617","1656","1644","1656","816598"
"2017-11-10","2017-11-10 00:00","1680","1681","1665","1669","1680","1669","546403"
"2017-11-13","2017-11-13 00:00","1674","1689","1672","1689","1674","1689","469586"
"2017-11-14","2017-11-14 00:00","1691","1692","1676","1688","1691","1688","172129"
"2017-11-15","2017-11-15 00:00","1698","1717","1695","1714","1698","1714","332758"
"2017-11-16","2017-11-16 00:00","1717","1719","1687","1689","1717","1689","200865"
"2017-11-17","2017-11-17 00:00","1669","1692","1659","1688","1669","1688","341798"
"2017-11-20","2017-11-20 00:00","1695","1700","1684","1696","1695","1696","320950"
"2017-11-21","2017-11-21 00:00","1681","1685","1674","1684","1681","1684","93449"
"2017-11-22","2017-11-22 00:00","1668","1677","1664","1676","1668","1676","108038"
"2017-11-23","2017-11-23 00:00","1676","1676","1676","1676","1676","1676","0"
"2017-11-24","2017-11-24 00:00","1683","1687","1671","1676","1683","1676","130701"
"2017-11-27","2017-11-27 00:00","1665","1685","1665","1680","1665","1680","57819"
"2017-11-28","2017-11-28 00:00","1682","1688","1672","1678","1682","1678","72598"
"2017-11-29","2017-11-29 00:00","1669","1675","1667","1671","1669","1671","138124"
"2017-11-30","2017-11-30 00:00","1671","1677","1660","1662","1671","1662","309808"
"2017-12-01","2017-12-01 00:00","1646","1665","1643","1654","1646","1654","241082"
"2017-12-04","2017-12-04 00:00","1651","1664","1651","1663","1651","1663","69207"
"2017-12-05","2017-12-05 00:00","1673","1677","1665","1668","1673","1668","118921"
"2017-12-06","2017-12-06 00:00","1677","1706","1676","1701","1677","1701","912226"
"2017-12-07","2017-12-07 00:00","1690","1690","1674","1677","1690","1677","261716"
"2017-12-08","2017-12-08 00:00","1669","1672","1652","1652","1669","1652","479479"
"2017-12-11","2017-12-11 00:00","1649","1655","1645","1646","1649","1646","457219"
"2017-12-12","2017-12-12 00:00","1643","1651","1641","1649","1643","1649","191726"
"2017-12-13","2017-12-13 00:00","1647","1661","1647","1657","1647","1657","206483"
"2017-12-14","2017-12-14 00:00","1660","1665","1654","1660","1660","1660","158048"
"2017-12-15","2017-12-15 00:00","1664","1677","1657","1670","1664","1670","374752"
"2017-12-18","2017-12-18 00:00","1655","1658","1644","1646","1655","1646","566788"
"2017-12-19","2017-12-19 00:00","1639","1648","1639","1647","1639","1647","167013"
"2017-12-20","2017-12-20 00:00","1650","1652","1644","1645","1650","1645","92814"
"2017-12-21","2017-12-21 00:00","1649","1659","1645","1647","1649","1647","389143"
"2017-12-22","2017-12-22 00:00","1649","1652","1644","1647","1649","1647","88261"
"2017-12-25","2017-12-25 00:00","1646","1648","1641","1644","1646","1644","58111"
"2017-12-26","2017-12-26 00:00","1643","1647","1642","1645","1643","1645","360636"
"2017-12-27","2017-12-27 00:00","1645","1646","1640","1642","1645","1642","61551"
"2017-12-28","2017-12-28 00:00","1642","1656","1639","1654","1642","1654","188873"
"2017-12-29","2017-12-29 00:00","1649","1655","1645","1654","1649","1654","323764"
"2018-01-01","2018-01-01 00:00","1654","1654","1654","1654","1654","1654","0"
"2018-01-02","2018-01-02 00:00","1654","1654","1654","1654","1654","1654","0"
"2018-01-03","2018-01-03 00:00","1654","1654","1654","1654","1654","1654","0"
"2018-01-04","2018-01-04 00:00","1627","1627","1600","1600","1627","1600","743577"
"2018-01-05","2018-01-05 00:00","1591","1599","1584","1585","1591","1585","889142"
"2018-01-08","2018-01-08 00:00","1585","1585","1585","1585","1585","1585","0"
"2018-01-09","2018-01-09 00:00","1566","1580","1566","1577","1566","1577","241931"
"2018-01-10","2018-01-10 00:00","1577","1583","1575","1580","1577","1580","72806"
"2018-01-11","2018-01-11 00:00","1588","1592","1583","1587","1588","1587","136334"
"2018-01-12","2018-01-12 00:00","1584","1593","1583","1589","1584","1589","160164"
"2018-01-15","2018-01-15 00:00","1579","1587","1577","1586","1579","1586","108911"
"2018-01-16","2018-01-16 00:00","1586","1587","1569","1571","1586","1571","123622"
"2018-01-17","2018-01-17 00:00","1580","1583","1573","1576","1580","1576","114393"
"2018-01-18","2018-01-18 00:00","1557","1585","1557","1582","1557","1582","321492"
"2018-01-19","2018-01-19 00:00","1577","1583","1574","1580","1577","1580","381589"
"2018-01-22","2018-01-22 00:00","1580","1586","1578","1579","1580","1579","120267"
"2018-01-23","2018-01-23 00:00","1571","1571","1556","1558","1571","1558","154482"
"2018-01-24","2018-01-24 00:00","1565","1571","1559","1568","1565","1568","168218"
"2018-01-25","2018-01-25 00:00","1582","1588","1576","1586","1582","1586","275427"
"2018-01-26","2018-01-26 00:00","1581","1591","1577","1591","1581","1591","217755"
"2018-01-29","2018-01-29 00:00","1584","1593","1578","1590","1584","1590","123164"
"2018-01-30","2018-01-30 00:00","1592","1615","1591","1611","1592","1611","834842"
"2018-01-31","2018-01-31 00:00","1620","1625","1606","1625","1620","1625","543044"
"2018-02-01","2018-02-01 00:00","1611","1616","1596","1597","1611","1597","461616"
"2018-02-02","2018-02-02 00:00","1607","1623","1606","1613","1607","1613","391696"
"2018-02-05","2018-02-05 00:00","1642","1656","1640","1653","1642","1653","808947"
"2018-02-06","2018-02-06 00:00","1720","1771","1714","1732","1720","1732","1581044"
"2018-02-07","2018-02-07 00:00","1678","1729","1671","1727","1678","1727","671409"
"2018-02-08","2018-02-08 00:00","1723","1729","1701","1706","1723","1706","437902"
"2018-02-09","2018-02-09 00:00","1771","1771","1742","1742","1771","1742","658492"
"2018-02-12","2018-02-12 00:00","1742","1742","1742","1742","1742","1742","0"
"2018-02-13","2018-02-13 00:00","1719","1762","1719","1759","1719","1759","457203"
"2018-02-14","2018-02-14 00:00","1759","1784","1748","1766","1759","1766","626769"
"2018-02-15","2018-02-15 00:00","1747","1756","1731","1741","1747","1741","478285"
"2018-02-16","2018-02-16 00:00","1730","1737","1707","1718","1730","1718","458708"
"2018-02-19","2018-02-19 00:00","1705","1709","1684","1686","1705","1686","318291"
"2018-02-20","2018-02-20 00:00","1691","1711","1691","1705","1691","1705","302049"
"2018-02-21","2018-02-21 00:00","1702","1710","1685","1699","1702","1699","447272"
"2018-02-22","2018-02-22 00:00","1714","1727","1712","1719","1714","1719","495113"
"2018-02-23","2018-02-23 00:00","1713","1717","1704","1704","1713","1704","185089"
"2018-02-26","2018-02-26 00:00","1683","1691","1677","1683","1683","1683","258396"
"2018-02-27","2018-02-27 00:00","1664","1670","1656","1664","1664","1664","689754"
"2018-02-28","2018-02-28 00:00","1673","1686","1666","1686","1673","1686","652198"
"2018-03-01","2018-03-01 00:00","1702","1721","1699","1715","1702","1715","475877"
"2018-03-02","2018-03-02 00:00","1755","1766","1750","1759","1755","1759","706359"
"2018-03-05","2018-03-05 00:00","1769","1779","1759","1770","1769","1770","438523"
"2018-03-06","2018-03-06 00:00","1735","1739","1726","1735","1735","1735","236799"
"2018-03-07","2018-03-07 00:00","1749","1755","1732","1752","1749","1752","431609"
"2018-03-08","2018-03-08 00:00","1730","1750","1730","1743","1730","1743","415539"
"2018-03-09","2018-03-09 00:00","1720","1746","1699","1730","1720","1730","350046"
"2018-03-12","2018-03-12 00:00","1694","1716","1692","1701","1694","1701","361530"
"2018-03-13","2018-03-13 00:00","1711","1714","1694","1695","1711","1695","126181"
"2018-03-14","2018-03-14 00:00","1709","1715","1700","1708","1709","1708","175258"
"2018-03-15","2018-03-15 00:00","1715","1726","1701","1705","1715","1705","297784"
"2018-03-16","2018-03-16 00:00","1703","1720","1701","1715","1703","1715","175142"
"2018-03-19","2018-03-19 00:00","1726","1741","1716","1732","1726","1732","236136"
"2018-03-20","2018-03-20 00:00","1746","1752","1740","1741","1746","1741","319462"
"2018-03-21","2018-03-21 00:00","1741","1741","1741","1741","1741","1741","0"
"2018-03-22","2018-03-22 00:00","1740","1741","1722","1723","1740","1723","230056"
"2018-03-23","2018-03-23 00:00","1780","1807","1770","1801","1780","1801","926993"
"2018-03-26","2018-03-26 00:00","1818","1825","1789","1789","1818","1789","1185460"
"2018-03-27","2018-03-27 00:00","1766","1772","1741","1741","1766","1741","593282"
"2018-03-28","2018-03-28 00:00","1765","1769","1748","1749","1765","1749","891811"
"2018-03-29","2018-03-29 00:00","1726","1750","1724","1738","1726","1738","191406"
"2018-03-30","2018-03-30 00:00","1717","1724","1707","1711","1717","1711","202956"
"2018-04-02","2018-04-02 00:00","1713","1717","1701","1717","1713","1717","266327"
"2018-04-03","2018-04-03 00:00","1741","1745","1722","1725","1741","1725","853337"
"2018-04-04","2018-04-04 00:00","1715","1729","1714","1723","1715","1723","1362805"
"2018-04-05","2018-04-05 00:00","1705","1711","1689","1696","1705","1696","239241"
"2018-04-06","2018-04-06 00:00","1697","1704","1688","1700","1697","1700","225736"
"2018-04-09","2018-04-09 00:00","1705","1706","1689","1692","1705","1692","158587"
"2018-04-10","2018-04-10 00:00","1699","1705","1674","1683","1699","1683","231897"
"2018-04-11","2018-04-11 00:00","1679","1692","1679","1691","1679","1691","359871"
"2018-04-12","2018-04-12 00:00","1692","1700","1690","1695","1692","1695","112072"
"2018-04-13","2018-04-13 00:00","1681","1688","1674","1683","1681","1683","320734"
"2018-04-16","2018-04-16 00:00","1681","1685","1677","1681","1681","1681","127115"
"2018-04-17","2018-04-17 00:00","1682","1685","1677","1679","1682","1679","64372"
"2018-04-18","2018-04-18 00:00","1674","1675","1652","1654","1674","1654","223728"
"2018-04-19","2018-04-19 00:00","1650","1653","1641","1653","1650","1653","126476"
"2018-04-20","2018-04-20 00:00","1656","1662","1647","1653","1656","1653","76077"
"2018-04-23","2018-04-23 00:00","1654","1662","1652","1659","1654","1659","70136"
"2018-04-24","2018-04-24 00:00","1648","1655","1645","1646","1648","1646","67824"
"2018-04-25","2018-04-25 00:00","1659","1661","1649","1649","1659","1649","131125"
"2018-04-26","2018-04-26 00:00","1643","1645","1638","1641","1643","1641","52396"
"2018-04-27","2018-04-27 00:00","1638","1640","1630","1633","1638","1633","85151"
"2018-04-30","2018-04-30 00:00","1633","1633","1633","1633","1633","1633","0"
"2018-05-01","2018-05-01 00:00","1631","1635","1628","1628","1631","1628","123102"
"2018-05-02","2018-05-02 00:00","1623","1634","1623","1631","1623","1631","35005"
"2018-05-03","2018-05-03 00:00","1631","1631","1631","1631","1631","1631","0"
"2018-05-04","2018-05-04 00:00","1631","1631","1631","1631","1631","1631","0"
"2018-05-07","2018-05-07 00:00","1629","1640","1628","1631","1629","1631","53272"
"2018-05-08","2018-05-08 00:00","1634","1635","1625","1627","1634","1627","282881"
"2018-05-09","2018-05-09 00:00","1632","1638","1630","1635","1632","1635","58963"
"2018-05-10","2018-05-10 00:00","1629","1634","1627","1629","1629","1629","58927"
"2018-05-11","2018-05-11 00:00","1624","1624","1609","1610","1624","1610","208830"
"2018-05-14","2018-05-14 00:00","1609","1612","1601","1603","1609","1603","182798"
"2018-05-15","2018-05-15 00:00","1601","1607","1599","1607","1601","1607","109846"
"2018-05-16","2018-05-16 00:00","1613","1614","1608","1611","1613","1611","72172"
"2018-05-17","2018-05-17 00:00","1606","1607","1601","1604","1606","1604","60172"
"2018-05-18","2018-05-18 00:00","1599","1601","1596","1598","1599","1598","176135"
"2018-05-21","2018-05-21 00:00","1598","1598","1590","1593","1598","1593","207517"
"2018-05-22","2018-05-22 00:00","1591","1596","1591","1596","1591","1596","76775"
"2018-05-23","2018-05-23 00:00","1602","1617","1597","1613","1602","1613","99642"
"2018-05-24","2018-05-24 00:00","1618","1637","1618","1631","1618","1631","282443"
"2018-05-25","2018-05-25 00:00","1639","1641","1627","1632","1639","1632","132109"
"2018-05-28","2018-05-28 00:00","1628","1634","1625","1629","1628","1629","83757"
"2018-05-29","2018-05-29 00:00","1634","1646","1632","1638","1634","1638","693148"
"2018-05-30","2018-05-30 00:00","1665","1670","1658","1661","1665","1661","397749"
"2018-05-31","2018-05-31 00:00","1649","1657","1645","1648","1649","1648","84105"
"2018-06-01","2018-06-01 00:00","1655","1657","1640","1652","1655","1652","109185"
"2018-06-04","2018-06-04 00:00","1635","1637","1626","1627","1635","1627","119345"
"2018-06-05","2018-06-05 00:00","1623","1628","1619","1623","1623","1623","66598"
"2018-06-06","2018-06-06 00:00","1623","1625","1615","1617","1623","1617","50924"
"2018-06-07","2018-06-07 00:00","1605","1608","1601","1602","1605","1602","125893"
"2018-06-08","2018-06-08 00:00","1606","1612","1599","1612","1606","1612","115825"
"2018-06-11","2018-06-11 00:00","1613","1614","1601","1604","1613","1604","43616"
"2018-06-12","2018-06-12 00:00","1592","1605","1589","1598","1592","1598","212891"
"2018-06-13","2018-06-13 00:00","1598","1598","1591","1593","1598","1593","38033"
"2018-06-14","2018-06-14 00:00","1601","1609","1597","1609","1601","1609","283842"
"2018-06-15","2018-06-15 00:00","1597","1606","1597","1600","1597","1600","79081"
"2018-06-18","2018-06-18 00:00","1604","1617","1603","1613","1604","1613","98797"
"2018-06-19","2018-06-19 00:00","1619","1641","1616","1640","1619","1640","216917"
"2018-06-20","2018-06-20 00:00","1635","1649","1618","1619","1635","1619","271033"
"2018-06-21","2018-06-21 00:00","1622","1625","1603","1609","1622","1609","234299"
"2018-06-22","2018-06-22 00:00","1628","1630","1621","1622","1628","1622","168882"
"2018-06-25","2018-06-25 00:00","1620","1637","1619","1634","1620","1634","113409"
"2018-06-26","2018-06-26 00:00","1646","1652","1633","1634","1646","1634","175994"
"2018-06-27","2018-06-27 00:00","1634","1643","1631","1639","1634","1639","129208"
"2018-06-28","2018-06-28 00:00","1643","1655","1636","1638","1643","1638","144022"
"2018-06-29","2018-06-29 00:00","1634","1648","1634","1635","1634","1635","100344"
"2018-07-02","2018-07-02 00:00","1642","1674","1634","1671","1642","1671","448770"
"2018-07-03","2018-07-03 00:00","1665","1690","1662","1672","1665","1672","260187"
"2018-07-04","2018-07-04 00:00","1685","1688","1674","1678","1685","1678","190594"
"2018-07-05","2018-07-05 00:00","1679","1698","1677","1690","1679","1690","197504"
"2018-07-06","2018-07-06 00:00","1681","1684","1665","1670","1681","1670","206777"
"2018-07-09","2018-07-09 00:00","1665","1666","1648","1652","1665","1652","177646"
"2018-07-10","2018-07-10 00:00","1640","1642","1632","1639","1640","1639","169077"
"2018-07-11","2018-07-11 00:00","1656","1673","1652","1660","1656","1660","169290"
"2018-07-12","2018-07-12 00:00","1653","1653","1636","1642","1653","1642","150774"
"2018-07-13","2018-07-13 00:00","1623","1623","1604","1610","1623","1610","557787"
"2018-07-16","2018-07-16 00:00","1610","1610","1610","1610","1610","1610","0"
"2018-07-17","2018-07-17 00:00","1612","1613","1594","1602","1612","1602","483105"
"2018-07-18","2018-07-18 00:00","1589","1596","1586","1596","1589","1596","172569"
"2018-07-19","2018-07-19 00:00","1590","1600","1588","1599","1590","1599","318422"
"2018-07-20","2018-07-20 00:00","1602","1615","1592","1603","1602","1603","381900"
"2018-07-23","2018-07-23 00:00","1619","1629","1617","1624","1619","1624","189576"
"2018-07-24","2018-07-24 00:00","1612","1623","1612","1615","1612","1615","102164"
"2018-07-25","2018-07-25 00:00","1610","1614","1605","1609","1610","1609","613750"
"2018-07-26","2018-07-26 00:00","1607","1614","1606","1610","1607","1610","99211"
"2018-07-27","2018-07-27 00:00","1607","1610","1602","1603","1607","1603","52343"
"2018-07-30","2018-07-30 00:00","1609","1615","1607","1612","1609","1612","82235"
"2018-07-31","2018-07-31 00:00","1618","1627","1603","1611","1618","1611","172278"
"2018-08-01","2018-08-01 00:00","1604","1607","1597","1597","1604","1597","78136"
"2018-08-02","2018-08-02 00:00","1604","1619","1598","1615","1604","1615","114281"
"2018-08-03","2018-08-03 00:00","1606","1617","1606","1613","1606","1613","70000"
"2018-08-06","2018-08-06 00:00","1612","1617","1607","1614","1612","1614","118464"
"2018-08-07","2018-08-07 00:00","1610","1613","1603","1603","1610","1603","182472"
"2018-08-08","2018-08-08 00:00","1603","1607","1593","1603","1603","1603","122538"
"2018-08-09","2018-08-09 00:00","1610","1615","1605","1608","1610","1608","60149"
"2018-08-10","2018-08-10 00:00","1609","1631","1608","1627","1609","1627","355622"
"2018-08-13","2018-08-13 00:00","1641","1662","1641","1659","1641","1659","759816"
"2018-08-14","2018-08-14 00:00","1647","1648","1625","1626","1647","1626","743184"
"2018-08-15","2018-08-15 00:00","1625","1642","1623","1633","1625","1633","247469"
"2018-08-16","2018-08-16 00:00","1652","1658","1632","1633","1652","1633","388431"
"2018-08-17","2018-08-17 00:00","1625","1632","1625","1628","1625","1628","86757"
"2018-08-20","2018-08-20 00:00","1632","1639","1629","1634","1632","1634","35463"
"2018-08-21","2018-08-21 00:00","1641","1646","1626","1631","1641","1631","59348"
"2018-08-22","2018-08-22 00:00","1634","1638","1621","1624","1634","1624","77832"
"2018-08-23","2018-08-23 00:00","1620","1622","1615","1620","1620","1620","57238"
"2018-08-24","2018-08-24 00:00","1613","1616","1605","1606","1613","1606","205419"
"2018-08-27","2018-08-27 00:00","1600","1601","1589","1592","1600","1592","410330"
"2018-08-28","2018-08-28 00:00","1581","1591","1577","1590","1581","1590","429182"
"2018-08-29","2018-08-29 00:00","1589","1589","1580","1586","1589","1586","129485"
"2018-08-30","2018-08-30 00:00","1575","1588","1574","1585","1575","1585","170590"
"2018-08-31","2018-08-31 00:00","1596","1600","1584","1585","1596","1585","203512"
"2018-09-03","2018-09-03 00:00","1589","1598","1589","1595","1589","1595","111601"
"2018-09-04","2018-09-04 00:00","1592","1603","1592","1598","1592","1598","110997"
"2018-09-05","2018-09-05 00:00","1599","1606","1596","1604","1599","1604","84469"
"2018-09-06","2018-09-06 00:00","1611","1616","1607","1611","1611","1611","168270"
"2018-09-07","2018-09-07 00:00","1620","1634","1620","1623","1620","1623","224935"
"2018-09-10","2018-09-10 00:00","1628","1628","1616","1619","1628","1619","192067"
"2018-09-11","2018-09-11 00:00","1612","1614","1597","1597","1612","1597","126510"
"2018-09-12","2018-09-12 00:00","1594","1608","1594","1602","1594","1602","100123"
"2018-09-13","2018-09-13 00:00","1599","1600","1584","1587","1599","1587","364355"
"2018-09-14","2018-09-14 00:00","1576","1578","1567","1568","1576","1568","327372"
"2018-09-17","2018-09-17 00:00","1568","1568","1568","1568","1568","1568","0"
"2018-09-18","2018-09-18 00:00","1571","1571","1541","1545","1571","1545","924862"
"2018-09-19","2018-09-19 00:00","1520","1528","1518","1527","1520","1527","1808837"
"2018-09-20","2018-09-20 00:00","1523","1534","1521","1528","1523","1528","645647"
"2018-09-21","2018-09-21 00:00","1516","1521","1508","1513","1516","1513","449614"
"2018-09-24","2018-09-24 00:00","1513","1513","1513","1513","1513","1513","0"
"2018-09-25","2018-09-25 00:00","1516","1519","1510","1512","1516","1512","181386"
"2018-09-26","2018-09-26 00:00","1507","1508","1495","1496","1507","1496","209486"
"2018-09-27","2018-09-27 00:00","1502","1511","1491","1509","1502","1509","222583"
"2018-09-28","2018-09-28 00:00","1491","1496","1478","1489","1491","1489","339167"
"2018-10-01","2018-10-01 00:00","1486","1488","1477","1479","1486","1479","560282"
"2018-10-02","2018-10-02 00:00","1472","1483","1469","1480","1472","1480","2100290"
"2018-10-03","2018-10-03 00:00","1483","1492","1479","1489","1483","1489","338140"
"2018-10-04","2018-10-04 00:00","1480","1500","1479","1498","1480","1498","306663"
"2018-10-05","2018-10-05 00:00","1510","1512","1500","1507","1510","1507","221404"
"2018-10-08","2018-10-08 00:00","1507","1507","1507","1507","1507","1507","0"
"2018-10-09","2018-10-09 00:00","1522","1530","1520","1528","1522","1528","515131"
"2018-10-10","2018-10-10 00:00","1524","1534","1516","1525","1524","1525","494112"
"2018-10-11","2018-10-11 00:00","1580","1594","1567","1587","1580","1587","1506690"
"2018-10-12","2018-10-12 00:00","1597","1597","1575","1576","1597","1576","784093"
"2018-10-15","2018-10-15 00:00","1590","1608","1590","1606","1590","1606","583249"
"2018-10-16","2018-10-16 00:00","1606","1608","1587","1587","1606","1587","337765"
"2018-10-17","2018-10-17 00:00","1563","1572","1558","1567","1563","1567","466617"
"2018-10-18","2018-10-18 00:00","1563","1580","1563","1578","1563","1578","179109"
"2018-10-19","2018-10-19 00:00","1604","1609","1586","1587","1604","1587","245945"
"2018-10-22","2018-10-22 00:00","1598","1606","1578","1581","1598","1581","114197"
"2018-10-23","2018-10-23 00:00","1594","1625","1594","1622","1594","1622","345443"
"2018-10-24","2018-10-24 00:00","1609","1630","1608","1615","1609","1615","307619"
"2018-10-25","2018-10-25 00:00","1665","1682","1658","1658","1665","1658","1035566"
"2018-10-26","2018-10-26 00:00","1659","1701","1659","1685","1659","1685","506995"
"2018-10-29","2018-10-29 00:00","1671","1690","1662","1687","1671","1687","298792"
"2018-10-30","2018-10-30 00:00","1698","1698","1654","1663","1698","1663","613823"
"2018-10-31","2018-10-31 00:00","1645","1654","1627","1628","1645","1628","168090"
"2018-11-01","2018-11-01 00:00","1635","1648","1629","1644","1635","1644","423001"
"2018-11-02","2018-11-02 00:00","1635","1635","1597","1600","1635","1600","472042"
"2018-11-05","2018-11-05 00:00","1621","1628","1615","1626","1621","1626","110910"
"2018-11-06","2018-11-06 00:00","1614","1618","1606","1609","1614","1609","94818"
"2018-11-07","2018-11-07 00:00","1606","1617","1586","1610","1606","1610","253929"
"2018-11-08","2018-11-08 00:00","1580","1584","1576","1581","1580","1581","204334"
"2018-11-09","2018-11-09 00:00","1585","1600","1582","1597","1585","1597","122027"
"2018-11-12","2018-11-12 00:00","1607","1613","1592","1598","1607","1598","103900"
"2018-11-13","2018-11-13 00:00","1635","1653","1629","1629","1635","1629","273146"
"2018-11-14","2018-11-14 00:00","1625","1633","1616","1627","1625","1627","156424"
"2018-11-15","2018-11-15 00:00","1642","1644","1629","1629","1642","1629","167811"
"2018-11-16","2018-11-16 00:00","1627","1641","1625","1639","1627","1639","132748"
"2018-11-19","2018-11-19 00:00","1641","1641","1626","1628","1641","1628","89924"
"2018-11-20","2018-11-20 00:00","1649","1651","1638","1646","1649","1646","123510"
"2018-11-21","2018-11-21 00:00","1673","1673","1647","1650","1673","1650","156850"
"2018-11-22","2018-11-22 00:00","1643","1653","1637","1639","1643","1639","136598"
"2018-11-23","2018-11-23 00:00","1639","1639","1639","1639","1639","1639","0"
"2018-11-26","2018-11-26 00:00","1639","1641","1626","1626","1639","1626","162323"
"2018-11-27","2018-11-27 00:00","1615","1628","1613","1616","1615","1616","84743"
"2018-11-28","2018-11-28 00:00","1609","1610","1599","1599","1609","1599","89014"
"2018-11-29","2018-11-29 00:00","1587","1608","1582","1595","1587","1595","181010"
"2018-11-30","2018-11-30 00:00","1592","1597","1587","1590","1592","1590","160951"
"2018-12-03","2018-12-03 00:00","1567","1575","1564","1572","1567","1572","151570"
"2018-12-04","2018-12-04 00:00","1575","1610","1572","1609","1575","1609","290366"
"2018-12-05","2018-12-05 00:00","1633","1634","1615","1619","1633","1619","261007"
"2018-12-06","2018-12-06 00:00","1628","1664","1627","1649","1628","1649","379163"
"2018-12-07","2018-12-07 00:00","1638","1649","1631","1637","1638","1637","202777"
"2018-12-10","2018-12-10 00:00","1670","1675","1654","1670","1670","1670","232527"
"2018-12-11","2018-12-11 00:00","1664","1682","1664","1673","1664","1673","142122"
"2018-12-12","2018-12-12 00:00","1658","1661","1636","1637","1658","1637","172914"
"2018-12-13","2018-12-13 00:00","1626","1632","1618","1622","1626","1622","152862"
"2018-12-14","2018-12-14 00:00","1632","1657","1627","1656","1632","1656","136322"
"2018-12-17","2018-12-17 00:00","1655","1656","1641","1643","1655","1643","144090"
"2018-12-18","2018-12-18 00:00","1665","1676","1658","1674","1665","1674","285568"
"2018-12-19","2018-12-19 00:00","1677","1693","1670","1683","1677","1683","289687"
"2018-12-20","2018-12-20 00:00","1701","1742","1696","1734","1701","1734","772583"
"2018-12-21","2018-12-21 00:00","1741","1766","1737","1750","1741","1750","1251709"
"2018-12-24","2018-12-24 00:00","1750","1750","1750","1750","1750","1750","0"
"2018-12-25","2018-12-25 00:00","1815","1843","1812","1841","1815","1841","871286"
"2018-12-26","2018-12-26 00:00","1819","1855","1797","1822","1819","1822","811404"
"2018-12-27","2018-12-27 00:00","1748","1769","1735","1749","1748","1749","508435"
"2018-12-28","2018-12-28 00:00","1756","1764","1747","1756","1756","1756","321206"
"2018-12-31","2018-12-31 00:00","1756","1756","1756","1756","1756","1756","0"
"2019-01-04","2019-01-04 00:00","1803","1821","1795","1796","1803","1796","557582"
"2019-01-07","2019-01-07 00:00","1738","1750","1726","1750","1738","1750","261711"
"2019-01-08","2019-01-08 00:00","1735","1742","1721","1732","1735","1732","255737"
"2019-01-09","2019-01-09 00:00","1719","1723","1708","1714","1719","1714","187817"
"2019-01-10","2019-01-10 00:00","1728","1742","1721","1737","1728","1737","346327"
"2019-01-11","2019-01-11 00:00","1723","1725","1717","1719","1723","1719","155466"
"2019-01-15","2019-01-15 00:00","1732","1734","1701","1703","1732","1703","319543"
"2019-01-16","2019-01-16 00:00","1700","1722","1700","1711","1700","1711","179056"
"2019-01-17","2019-01-17 00:00","1704","1721","1702","1716","1704","1716","90579"
"2019-01-18","2019-01-18 00:00","1709","1710","1691","1693","1709","1693","271920"
"2019-01-21","2019-01-21 00:00","1676","1691","1674","1689","1676","1689","370147"
"2019-01-22","2019-01-22 00:00","1684","1701","1680","1698","1684","1698","253888"
"2019-01-23","2019-01-23 00:00","1711","1711","1690","1699","1711","1699","304780"
"2019-01-24","2019-01-24 00:00","1703","1708","1696","1698","1703","1698","78415"
"2019-01-25","2019-01-25 00:00","1696","1697","1678","1682","1696","1682","209138"
"2019-01-28","2019-01-28 00:00","1685","1696","1684","1695","1685","1695","134102"
"2019-01-29","2019-01-29 00:00","1703","1714","1691","1694","1703","1694","656255"
"2019-01-30","2019-01-30 00:00","1690","1703","1689","1699","1690","1699","213307"
"2019-01-31","2019-01-31 00:00","1675","1691","1673","1684","1675","1684","750488"
"2019-02-01","2019-02-01 00:00","1681","1686","1671","1682","1681","1682","179522"
"2019-02-04","2019-02-04 00:00","1679","1681","1672","1675","1679","1675","230836"
"2019-02-05","2019-02-05 00:00","1669","1680","1667","1679","1669","1679","112903"
"2019-02-06","2019-02-06 00:00","1670","1677","1667","1675","1670","1675","102033"
"2019-02-07","2019-02-07 00:00","1674","1693","1672","1685","1674","1685","202635"
"2019-02-08","2019-02-08 00:00","1707","1720","1700","1719","1707","1719","718937"
"2019-02-12","2019-02-12 00:00","1709","1710","1672","1674","1709","1674","1390422"
"2019-02-13","2019-02-13 00:00","1663","1663","1644","1650","1663","1650","491673"
"2019-02-14","2019-02-14 00:00","1651","1654","1643","1652","1651","1652","231551"
"2019-02-15","2019-02-15 00:00","1663","1673","1661","1672","1663","1672","310859"
"2019-02-18","2019-02-18 00:00","1641","1648","1637","1640","1641","1640","526134"
"2019-02-19","2019-02-19 00:00","1641","1644","1634","1636","1641","1636","173577"
"2019-02-20","2019-02-20 00:00","1634","1637","1622","1627","1634","1627","235396"
"2019-02-21","2019-02-21 00:00","1630","1637","1618","1625","1630","1625","180258"
"2019-02-22","2019-02-22 00:00","1632","1634","1626","1628","1632","1628","126607"
"2019-02-25","2019-02-25 00:00","1618","1622","1614","1620","1618","1620","143695"
"2019-02-26","2019-02-26 00:00","1617","1628","1613","1625","1617","1625","188219"
"2019-02-27","2019-02-27 00:00","1621","1621","1615","1617","1621","1617","414502"
"2019-02-28","2019-02-28 00:00","1618","1631","1618","1630","1618","1630","247663"
"2019-03-01","2019-03-01 00:00","1622","1622","1609","1612","1622","1612","199538"
"2019-03-04","2019-03-04 00:00","1598","1602","1593","1596","1598","1596","412773"
"2019-03-05","2019-03-05 00:00","1604","1608","1598","1603","1604","1603","253220"
"2019-03-06","2019-03-06 00:00","1607","1616","1605","1612","1607","1612","130718"
"2019-03-07","2019-03-07 00:00","1623","1627","1621","1624","1623","1624","110147"
"2019-03-08","2019-03-08 00:00","1635","1659","1633","1657","1635","1657","854310"
"2019-03-11","2019-03-11 00:00","1651","1662","1646","1649","1651","1649","327182"
"2019-03-12","2019-03-12 00:00","1625","1628","1612","1615","1625","1615","288213"
"2019-03-13","2019-03-13 00:00","1623","1640","1620","1636","1623","1636","153334"
"2019-03-14","2019-03-14 00:00","1618","1631","1615","1629","1618","1629","74470"
"2019-03-15","2019-03-15 00:00","1625","1625","1615","1620","1625","1620","512896"
"2019-03-18","2019-03-18 00:00","1612","1616","1608","1612","1612","1612","226172"
"2019-03-19","2019-03-19 00:00","1611","1621","1610","1612","1611","1612","161723"
"2019-03-20","2019-03-20 00:00","1613","1617","1608","1610","1613","1610","145624"
"2019-03-22","2019-03-22 00:00","1609","1618","1604","1612","1609","1612","139993"
"2019-03-25","2019-03-25 00:00","1642","1663","1639","1659","1642","1659","762798"
"2019-03-26","2019-03-26 00:00","1639","1641","1619","1619","1639","1619","461017"
"2019-03-27","2019-03-27 00:00","1613","1620","1609","1614","1613","1614","395647"
"2019-03-28","2019-03-28 00:00","1625","1640","1624","1636","1625","1636","346080"
"2019-03-29","2019-03-29 00:00","1620","1627","1616","1624","1620","1624","136451"
"2019-04-01","2019-04-01 00:00","1596","1602","1586","1600","1596","1600","460449"
"2019-04-02","2019-04-02 00:00","1581","1598","1581","1597","1581","1597","492264"
"2019-04-03","2019-04-03 00:00","1596","1601","1584","1585","1596","1585","669354"
"2019-04-04","2019-04-04 00:00","1584","1587","1579","1584","1584","1584","116867"
"2019-04-05","2019-04-05 00:00","1583","1583","1576","1578","1583","1578","496654"
"2019-04-08","2019-04-08 00:00","1570","1582","1569","1581","1570","1581","287106"
"2019-04-09","2019-04-09 00:00","1580","1585","1577","1579","1580","1579","245365"
"2019-04-10","2019-04-10 00:00","1594","1596","1586","1587","1594","1587","135132"
"2019-04-11","2019-04-11 00:00","1588","1590","1583","1584","1588","1584","88392"
"2019-04-12","2019-04-12 00:00","1577","1586","1572","1572","1577","1572","242047"
"2019-04-15","2019-04-15 00:00","1555","1556","1548","1550","1555","1550","1249332"
"2019-04-16","2019-04-16 00:00","1553","1553","1544","1546","1553","1546","223911"
"2019-04-17","2019-04-17 00:00","1544","1549","1539","1543","1544","1543","425124"
"2019-04-18","2019-04-18 00:00","1543","1558","1541","1556","1543","1556","300308"
"2019-04-19","2019-04-19 00:00","1545","1551","1544","1549","1545","1549","116708"
"2019-04-22","2019-04-22 00:00","1548","1555","1542","1546","1548","1546","166345"
"2019-04-23","2019-04-23 00:00","1545","1553","1542","1543","1545","1543","206420"
"2019-04-24","2019-04-24 00:00","1538","1553","1536","1547","1538","1547","694021"
"2019-04-25","2019-04-25 00:00","1548","1550","1538","1539","1548","1539","518036"
"2019-04-26","2019-04-26 00:00","1550","1557","1543","1544","1550","1544","475346"
"2019-05-07","2019-05-07 00:00","1551","1569","1551","1566","1551","1566","293882"
"2019-05-08","2019-05-08 00:00","1589","1594","1587","1589","1589","1589","1176220"
"2019-05-09","2019-05-09 00:00","1596","1610","1592","1602","1596","1602","781946"
"2019-05-10","2019-05-10 00:00","1603","1621","1590","1607","1603","1607","1129418"
"2019-05-13","2019-05-13 00:00","1619","1624","1613","1619","1619","1619","689646"
"2019-05-14","2019-05-14 00:00","1653","1653","1627","1627","1653","1627","1179473"
"2019-05-15","2019-05-15 00:00","1623","1637","1618","1619","1623","1619","295901"
"2019-05-16","2019-05-16 00:00","1621","1638","1621","1630","1621","1630","162331"
"2019-05-17","2019-05-17 00:00","1612","1619","1603","1613","1612","1613","143803"
"2019-05-20","2019-05-20 00:00","1611","1611","1600","1608","1611","1608","165157"
"2019-05-21","2019-05-21 00:00","1618","1621","1608","1612","1618","1612","206922"
"2019-05-22","2019-05-22 00:00","1603","1612","1602","1610","1603","1610","79594"
"2019-05-23","2019-05-23 00:00","1620","1627","1617","1623","1620","1623","103279"
"2019-05-24","2019-05-24 00:00","1639","1640","1624","1624","1639","1624","355775"
"2019-05-27","2019-05-27 00:00","1619","1624","1615","1619","1619","1619","49575"
"2019-05-28","2019-05-28 00:00","1616","1616","1610","1614","1616","1614","36846"
"2019-05-29","2019-05-29 00:00","1630","1641","1627","1633","1630","1633","217931"
"2019-05-30","2019-05-30 00:00","1642","1647","1636","1637","1642","1637","192362"
"2019-05-31","2019-05-31 00:00","1650","1665","1647","1663","1650","1663","341798"
"2019-06-03","2019-06-03 00:00","1685","1687","1676","1682","1685","1682","519770"
"2019-06-04","2019-06-04 00:00","1676","1688","1674","1680","1676","1680","167963"
"2019-06-05","2019-06-05 00:00","1650","1655","1646","1647","1650","1647","342401"
"2019-06-06","2019-06-06 00:00","1651","1651","1642","1647","1651","1647","40296"
"2019-06-07","2019-06-07 00:00","1641","1645","1637","1637","1641","1637","412504"
"2019-06-10","2019-06-10 00:00","1620","1624","1617","1621","1620","1621","162854"
"2019-06-11","2019-06-11 00:00","1623","1625","1613","1614","1623","1614","54801"
"2019-06-12","2019-06-12 00:00","1619","1621","1611","1620","1619","1620","1312356"
"2019-06-13","2019-06-13 00:00","1626","1636","1622","1629","1626","1629","372954"
"2019-06-14","2019-06-14 00:00","1626","1632","1621","1621","1626","1621","345073"
"2019-06-17","2019-06-17 00:00","1623","1626","1616","1618","1623","1618","60574"
"2019-06-18","2019-06-18 00:00","1622","1636","1619","1632","1622","1632","107091"
"2019-06-19","2019-06-19 00:00","1609","1609","1602","1604","1609","1604","137007"
"2019-06-20","2019-06-20 00:00","1597","1600","1592","1594","1597","1594","527672"
"2019-06-21","2019-06-21 00:00","1592","1613","1590","1610","1592","1610","958528"
"2019-06-24","2019-06-24 00:00","1613","1615","1605","1608","1613","1608","89593"
"2019-06-25","2019-06-25 00:00","1612","1620","1605","1615","1612","1615","170219"
"2019-06-26","2019-06-26 00:00","1621","1623","1616","1621","1621","1621","169250"
"2019-06-27","2019-06-27 00:00","1615","1617","1601","1601","1615","1601","66864"
"2019-06-28","2019-06-28 00:00","1606","1611","1602","1605","1606","1605","84536"
"2019-07-01","2019-07-01 00:00","1574","1584","1569","1570","1574","1570","1586795"
"2019-07-02","2019-07-02 00:00","1572","1573","1567","1571","1572","1571","403505"
"2019-07-03","2019-07-03 00:00","1574","1582","1573","1578","1574","1578","76041"
"2019-07-04","2019-07-04 00:00","1571","1574","1569","1573","1571","1573","97307"
"2019-07-05","2019-07-05 00:00","1573","1576","1570","1570","1573","1570","231906"
"2019-07-08","2019-07-08 00:00","1575","1587","1575","1583","1575","1583","387494"
"2019-07-09","2019-07-09 00:00","1578","1586","1573","1583","1578","1583","144465"
"2019-07-10","2019-07-10 00:00","1583","1586","1578","1581","1583","1581","40250"
"2019-07-11","2019-07-11 00:00","1583","1584","1575","1576","1583","1576","67631"
"2019-07-12","2019-07-12 00:00","1573","1580","1571","1574","1573","1574","99722"
"2019-07-16","2019-07-16 00:00","1576","1585","1576","1582","1576","1582","167637"
"2019-07-17","2019-07-17 00:00","1586","1594","1586","1587","1586","1587","541146"
"2019-07-18","2019-07-18 00:00","1599","1624","1597","1622","1599","1622","495949"
"2019-07-19","2019-07-19 00:00","1612","1614","1587","1587","1612","1587","1161481"
"2019-07-22","2019-07-22 00:00","1594","1599","1590","1593","1594","1593","45289"
"2019-07-23","2019-07-23 00:00","1591","1592","1571","1577","1591","1577","674712"
"2019-07-24","2019-07-24 00:00","1568","1572","1567","1572","1568","1572","131525"
"2019-07-25","2019-07-25 00:00","1564","1567","1561","1566","1564","1566","357958"
"2019-07-26","2019-07-26 00:00","1572","1577","1569","1574","1572","1574","57070"
"2019-07-29","2019-07-29 00:00","1574","1583","1573","1578","1574","1578","92009"
"2019-07-30","2019-07-30 00:00","1572","1572","1563","1569","1572","1569","353908"
"2019-07-31","2019-07-31 00:00","1581","1585","1578","1582","1581","1582","51583"
"2019-08-01","2019-08-01 00:00","1595","1599","1580","1583","1595","1583","538035"
"2019-08-02","2019-08-02 00:00","1611","1623","1606","1614","1611","1614","2785256"
"2019-08-05","2019-08-05 00:00","1627","1658","1625","1642","1627","1642","512898"
"2019-08-06","2019-08-06 00:00","1692","1694","1650","1654","1692","1654","1640351"
"2019-08-07","2019-08-07 00:00","1654","1667","1653","1657","1654","1657","559225"
"2019-08-08","2019-08-08 00:00","1655","1662","1644","1649","1655","1649","69875"
"2019-08-09","2019-08-09 00:00","1639","1644","1636","1644","1639","1644","92090"
"2019-08-13","2019-08-13 00:00","1667","1670","1660","1662","1667","1662","131047"
"2019-08-14","2019-08-14 00:00","1641","1652","1641","1648","1641","1648","147075"
"2019-08-15","2019-08-15 00:00","1678","1683","1664","1666","1678","1666","1359340"
"2019-08-16","2019-08-16 00:00","1671","1674","1660","1664","1671","1664","312718"
"2019-08-19","2019-08-19 00:00","1648","1658","1647","1651","1648","1651","122466"
"2019-08-20","2019-08-20 00:00","1647","1651","1643","1643","1647","1643","29160"
"2019-08-21","2019-08-21 00:00","1659","1659","1647","1649","1659","1649","92594"
"2019-08-22","2019-08-22 00:00","1640","1651","1639","1648","1640","1648","54213"
"2019-08-23","2019-08-23 00:00","1647","1649","1640","1641","1647","1641","887259"
"2019-08-26","2019-08-26 00:00","1682","1684","1671","1674","1682","1674","1109177"
"2019-08-27","2019-08-27 00:00","1657","1662","1654","1661","1657","1661","587446"
"2019-08-28","2019-08-28 00:00","1659","1662","1656","1658","1659","1658","129218"
"2019-08-29","2019-08-29 00:00","1656","1667","1655","1661","1656","1661","46673"
"2019-08-30","2019-08-30 00:00","1642","1645","1636","1639","1642","1639","161305"
"2019-09-02","2019-09-02 00:00","1648","1648","1642","1646","1648","1646","1306888"
"2019-09-03","2019-09-03 00:00","1649","1649","1642","1646","1649","1646","409017"
"2019-09-04","2019-09-04 00:00","1649","1651","1639","1641","1649","1641","231758"
"2019-09-05","2019-09-05 00:00","1630","1632","1602","1606","1630","1606","1034148"
"2019-09-06","2019-09-06 00:00","1598","1603","1596","1600","1598","1600","389321"
"2019-09-09","2019-09-09 00:00","1600","1600","1589","1589","1600","1589","915850"
"2019-09-10","2019-09-10 00:00","1586","1588","1581","1583","1586","1583","1232238"
"2019-09-11","2019-09-11 00:00","1579","1581","1567","1571","1579","1571","1972727"
"2019-09-12","2019-09-12 00:00","1556","1559","1552","1556","1556","1556","583002"
"2019-09-13","2019-09-13 00:00","1548","1553","1540","1541","1548","1541","612578"
"2019-09-17","2019-09-17 00:00","1545","1549","1538","1539","1545","1539","467475"
"2019-09-18","2019-09-18 00:00","1539","1543","1538","1542","1539","1542","108175"
"2019-09-19","2019-09-19 00:00","1534","1540","1521","1535","1534","1535","557361"
"2019-09-20","2019-09-20 00:00","1530","1536","1526","1536","1530","1536","244386"
"2019-09-24","2019-09-24 00:00","1534","1534","1528","1531","1534","1531","169482"
"2019-09-25","2019-09-25 00:00","1542","1546","1537","1537","1542","1537","541345"
"2019-09-26","2019-09-26 00:00","1528","1539","1527","1539","1528","1539","420356"
"2019-09-27","2019-09-27 00:00","1532","1547","1530","1534","1532","1534","1584664"
"2019-09-30","2019-09-30 00:00","1545","1551","1540","1547","1545","1547","287029"
"2019-10-01","2019-10-01 00:00","1540","1541","1531","1534","1540","1534","280424"
"2019-10-02","2019-10-02 00:00","1545","1547","1541","1542","1545","1542","105626"
"2019-10-03","2019-10-03 00:00","1571","1578","1567","1574","1571","1574","1924424"
"2019-10-04","2019-10-04 00:00","1574","1577","1567","1569","1574","1569","198989"
"2019-10-07","2019-10-07 00:00","1564","1573","1563","1571","1564","1571","118983"
"2019-10-08","2019-10-08 00:00","1561","1563","1551","1554","1561","1554","65021"
"2019-10-09","2019-10-09 00:00","1571","1571","1563","1563","1571","1563","69116"
"2019-10-10","2019-10-10 00:00","1564","1574","1552","1556","1564","1556","274284"
"2019-10-11","2019-10-11 00:00","1544","1547","1538","1541","1544","1541","243157"
"2019-10-15","2019-10-15 00:00","1519","1522","1510","1510","1519","1510","1365762"
"2019-10-16","2019-10-16 00:00","1490","1494","1483","1494","1490","1494","993761"
"2019-10-17","2019-10-17 00:00","1493","1495","1488","1492","1493","1492","102362"
"2019-10-18","2019-10-18 00:00","1489","1492","1479","1489","1489","1489","660515"
"2019-10-21","2019-10-21 00:00","1488","1489","1484","1486","1488","1486","110067"
"2019-10-23","2019-10-23 00:00","1479","1490","1478","1479","1479","1479","146467"
"2019-10-24","2019-10-24 00:00","1472","1474","1470","1473","1472","1473","282634"
"2019-10-25","2019-10-25 00:00","1470","1475","1468","1470","1470","1470","152913"
"2019-10-28","2019-10-28 00:00","1467","1468","1464","1465","1467","1465","128678"
"2019-10-29","2019-10-29 00:00","1461","1461","1457","1459","1461","1459","82610"
"2019-10-30","2019-10-30 00:00","1461","1468","1460","1467","1461","1467","123576"
"2019-10-31","2019-10-31 00:00","1460","1464","1458","1462","1460","1462","398097"
"2019-11-01","2019-11-01 00:00","1476","1476","1465","1465","1476","1465","287300"
"2019-11-05","2019-11-05 00:00","1444","1447","1435","1438","1444","1438","1087603"
"2019-11-06","2019-11-06 00:00","1435","1440","1435","1436","1435","1436","60226"
"2019-11-07","2019-11-07 00:00","1439","1439","1435","1436","1439","1436","72598"
"2019-11-08","2019-11-08 00:00","1421","1436","1419","1431","1421","1431","354354"
"2019-11-11","2019-11-11 00:00","1429","1435","1427","1433","1429","1433","210779"
"2019-11-12","2019-11-12 00:00","1435","1435","1421","1423","1435","1423","131735"
"2019-11-13","2019-11-13 00:00","1428","1438","1427","1435","1428","1435","410250"
"2019-11-14","2019-11-14 00:00","1435","1451","1432","1446","1435","1446","51220"
"2019-11-15","2019-11-15 00:00","1445","1447","1434","1436","1445","1436","250047"
"2019-11-18","2019-11-18 00:00","1435","1437","1428","1429","1435","1429","87313"
"2019-11-19","2019-11-19 00:00","1433","1440","1431","1436","1433","1436","48289"
"2019-11-20","2019-11-20 00:00","1443","1449","1436","1446","1443","1446","1501365"
"2019-11-21","2019-11-21 00:00","1451","1471","1448","1451","1451","1451","645140"
"2019-11-22","2019-11-22 00:00","1452","1452","1441","1447","1452","1447","444759"
"2019-11-25","2019-11-25 00:00","1435","1438","1433","1437","1435","1437","119318"
"2019-11-26","2019-11-26 00:00","1426","1432","1416","1431","1426","1431","286696"
"2019-11-27","2019-11-27 00:00","1425","1427","1423","1425","1425","1425","28562"
"2019-11-28","2019-11-28 00:00","1426","1430","1423","1428","1426","1428","66469"
"2019-11-29","2019-11-29 00:00","1425","1436","1423","1434","1425","1434","208280"
"2019-12-02","2019-12-02 00:00","1431","1431","1419","1421","1431","1421","364711"
"2019-12-03","2019-12-03 00:00","1440","1441","1429","1431","1440","1431","148273"
"2019-12-04","2019-12-04 00:00","1443","1450","1442","1446","1443","1446","554066"
"2019-12-05","2019-12-05 00:00","1433","1437","1430","1434","1433","1434","89373"
"2019-12-06","2019-12-06 00:00","1432","1432","1427","1429","1432","1429","29996"
"2019-12-09","2019-12-09 00:00","1418","1429","1418","1426","1418","1426","206135"
"2019-12-10","2019-12-10 00:00","1430","1432","1424","1425","1430","1425","151612"
"2019-12-11","2019-12-11 00:00","1426","1432","1425","1428","1426","1428","178761"
"2019-12-12","2019-12-12 00:00","1424","1429","1423","1426","1424","1426","394178"
"2019-12-13","2019-12-13 00:00","1397","1400","1387","1388","1397","1388","1461141"
"2019-12-16","2019-12-16 00:00","1394","1394","1388","1392","1394","1392","902621"
"2019-12-17","2019-12-17 00:00","1386","1391","1384","1386","1386","1386","133143"
"2019-12-18","2019-12-18 00:00","1388","1395","1388","1394","1388","1394","204500"
"2019-12-19","2019-12-19 00:00","1396","1400","1394","1398","1396","1398","74677"
"2019-12-20","2019-12-20 00:00","1396","1406","1396","1400","1396","1400","80098"
"2019-12-23","2019-12-23 00:00","1395","1401","1395","1400","1395","1400","132031"
"2019-12-24","2019-12-24 00:00","1398","1402","1398","1400","1398","1400","42661"
"2019-12-25","2019-12-25 00:00","1400","1402","1400","1402","1400","1402","489479"
"2019-12-26","2019-12-26 00:00","1403","1403","1394","1396","1403","1396","95880"
"2019-12-27","2019-12-27 00:00","1391","1397","1391","1397","1391","1397","1045762"
"2019-12-30","2019-12-30 00:00","1400","1408","1400","1407","1400","1407","882819"
"2020-01-06","2020-01-06 00:00","1431","1438","1427","1434","1431","1434","2266009"
"2020-01-07","2020-01-07 00:00","1427","1428","1411","1412","1427","1412","140555"
"2020-01-08","2020-01-08 00:00","1435","1449","1428","1433","1435","1433","1462257"
"2020-01-09","2020-01-09 00:00","1411","1412","1398","1402","1411","1402","1042269"
"2020-01-10","2020-01-10 00:00","1399","1399","1391","1393","1399","1393","165811"
"2020-01-14","2020-01-14 00:00","1385","1388","1382","1385","1385","1385","915281"
"2020-01-15","2020-01-15 00:00","1388","1392","1385","1389","1388","1389","31584"
"2020-01-16","2020-01-16 00:00","1387","1390","1386","1388","1387","1388","62200"
"2020-01-17","2020-01-17 00:00","1379","1384","1378","1381","1379","1381","156178"
"2020-01-20","2020-01-20 00:00","1381","1381","1378","1379","1381","1379","48385"
"2020-01-21","2020-01-21 00:00","1380","1394","1380","1392","1380","1392","509181"
"2020-01-22","2020-01-22 00:00","1394","1394","1382","1383","1394","1383","264716"
"2020-01-23","2020-01-23 00:00","1393","1396","1389","1396","1393","1396","1380849"
"2020-01-24","2020-01-24 00:00","1391","1398","1391","1395","1391","1395","323891"
"2020-01-27","2020-01-27 00:00","1422","1425","1415","1423","1422","1423","717665"
"2020-01-28","2020-01-28 00:00","1435","1437","1429","1431","1435","1431","1420668"
"2020-01-29","2020-01-29 00:00","1424","1430","1419","1421","1424","1421","559616"
"2020-01-30","2020-01-30 00:00","1426","1449","1424","1446","1426","1446","1408508"
"2020-01-31","2020-01-31 00:00","1434","1434","1417","1432","1434","1432","1620232"
"2020-02-03","2020-02-03 00:00","1455","1458","1442","1444","1455","1444","1927999"
"2020-02-04","2020-02-04 00:00","1450","1453","1435","1439","1450","1439","509085"
"2020-02-05","2020-02-05 00:00","1422","1427","1417","1422","1422","1422","261146"
"2020-02-06","2020-02-06 00:00","1400","1403","1381","1387","1400","1387","2149239"
"2020-02-07","2020-02-07 00:00","1384","1395","1383","1390","1384","1390","616709"
"2020-02-10","2020-02-10 00:00","1404","1404","1393","1400","1404","1400","734481"
"2020-02-12","2020-02-12 00:00","1389","1397","1388","1389","1389","1389","566018"
"2020-02-13","2020-02-13 00:00","1388","1393","1386","1390","1388","1390","79067"
"2020-02-14","2020-02-14 00:00","1398","1403","1396","1399","1398","1399","189192"
"2020-02-17","2020-02-17 00:00","1410","1420","1405","1409","1410","1409","1312742"
"2020-02-18","2020-02-18 00:00","1414","1431","1414","1429","1414","1429","1311566"
"2020-02-19","2020-02-19 00:00","1419","1425","1411","1415","1419","1415","594100"
"2020-02-20","2020-02-20 00:00","1398","1414","1390","1409","1398","1409","313292"
"2020-02-21","2020-02-21 00:00","1415","1417","1403","1415","1415","1415","290578"
"2020-02-25","2020-02-25 00:00","1475","1476","1454","1461","1475","1461","2431736"
"2020-02-26","2020-02-26 00:00","1480","1494","1472","1475","1480","1475","1501055"
"2020-02-27","2020-02-27 00:00","1483","1512","1483","1505","1483","1505","1935850"
"2020-02-28","2020-02-28 00:00","1545","1576","1539","1567","1545","1567","2409032"
"2020-03-02","2020-03-02 00:00","1585","1585","1527","1546","1585","1546","2303804"
"2020-03-03","2020-03-03 00:00","1519","1563","1517","1563","1519","1563","679625"
"2020-03-04","2020-03-04 00:00","1579","1580","1552","1563","1579","1563","369885"
"2020-03-05","2020-03-05 00:00","1540","1554","1539","1545","1540","1545","1063537"
"2020-03-06","2020-03-06 00:00","1570","1598","1565","1589","1570","1589","3763244"
"2020-03-09","2020-03-09 00:00","1652","1685","1648","1671","1652","1671","1818827"
"2020-03-10","2020-03-10 00:00","1700","1738","1642","1652","1700","1652","5254393"
"2020-03-11","2020-03-11 00:00","1669","1692","1643","1691","1669","1691","852985"
"2020-03-12","2020-03-12 00:00","1730","1785","1714","1767","1730","1767","2977348"
"2020-03-13","2020-03-13 00:00","1906","1949","1802","1874","1906","1874","6838322"
"2020-03-16","2020-03-16 00:00","1854","1929","1826","1929","1854","1929","4493280"
"2020-03-17","2020-03-17 00:00","1964","1990","1853","1920","1964","1920","3373484"
"2020-03-18","2020-03-18 00:00","1899","1952","1870","1947","1899","1947","1245836"
"2020-03-19","2020-03-19 00:00","1907","1995","1895","1963","1907","1963","2289727"
"2020-03-23","2020-03-23 00:00","1978","1980","1912","1934","1978","1934","1380073"
"2020-03-24","2020-03-24 00:00","1841","1853","1787","1791","1841","1791","2414307"
"2020-03-25","2020-03-25 00:00","1702","1715","1643","1646","1702","1646","1773105"
"2020-03-26","2020-03-26 00:00","1702","1737","1683","1718","1702","1718","689286"
"2020-03-27","2020-03-27 00:00","1663","1707","1657","1681","1663","1681","3033797"
"2020-03-30","2020-03-30 00:00","1711","1730","1671","1730","1711","1730","2111675"
"2020-03-31","2020-03-31 00:00","1663","1692","1649","1691","1663","1691","3304633"
"2020-04-01","2020-04-01 00:00","1709","1773","1692","1757","1709","1757","1193024"
"2020-04-02","2020-04-02 00:00","1774","1793","1749","1779","1774","1779","1307886"
"2020-04-03","2020-04-03 00:00","1710","1799","1692","1782","1710","1782","1134037"
"2020-04-06","2020-04-06 00:00","1779","1782","1692","1700","1779","1700","1754883"
"2020-04-07","2020-04-07 00:00","1660","1705","1647","1668","1660","1668","1371407"
"2020-04-08","2020-04-08 00:00","1662","1687","1622","1632","1662","1632","3479527"
"2020-04-09","2020-04-09 00:00","1629","1648","1627","1634","1629","1634","3346494"
"2020-04-10","2020-04-10 00:00","1615","1640","1615","1619","1615","1619","456589"
"2020-04-13","2020-04-13 00:00","1640","1659","1629","1659","1640","1659","400297"
"2020-04-14","2020-04-14 00:00","1649","1652","1599","1607","1649","1607","2253307"
"2020-04-15","2020-04-15 00:00","1611","1619","1603","1612","1611","1612","519052"
"2020-04-16","2020-04-16 00:00","1635","1645","1627","1632","1635","1632","371409"
"2020-04-17","2020-04-17 00:00","1599","1605","1579","1583","1599","1583","1054375"
"2020-04-20","2020-04-20 00:00","1608","1608","1590","1599","1608","1599","464599"
"2020-04-21","2020-04-21 00:00","1618","1639","1610","1630","1618","1630","529614"
"2020-04-22","2020-04-22 00:00","1648","1666","1643","1644","1648","1644","675973"
"2020-04-23","2020-04-23 00:00","1630","1636","1619","1620","1630","1620","372723"
"2020-04-24","2020-04-24 00:00","1625","1639","1624","1630","1625","1630","459874"
"2020-04-27","2020-04-27 00:00","1614","1616","1584","1589","1614","1589","582840"
"2020-04-28","2020-04-28 00:00","1585","1599","1582","1588","1585","1588","580022"
"2020-04-30","2020-04-30 00:00","1548","1553","1540","1552","1548","1552","1175637"
"2020-05-01","2020-05-01 00:00","1574","1603","1573","1595","1574","1595","462385"
"2020-05-07","2020-05-07 00:00","1612","1614","1589","1594","1612","1594","924466"
"2020-05-08","2020-05-08 00:00","1571","1576","1552","1554","1571","1554","2108304"
"2020-05-11","2020-05-11 00:00","1539","1542","1524","1535","1539","1535","1180236"
"2020-05-12","2020-05-12 00:00","1534","1543","1531","1537","1534","1537","743780"
"2020-05-13","2020-05-13 00:00","1560","1561","1541","1544","1560","1544","611839"
"2020-05-14","2020-05-14 00:00","1556","1573","1551","1571","1556","1571","433896"
"2020-05-15","2020-05-15 00:00","1552","1577","1549","1560","1552","1560","762011"
"2020-05-18","2020-05-18 00:00","1553","1564","1547","1552","1553","1552","750748"
"2020-05-19","2020-05-19 00:00","1513","1529","1512","1527","1513","1527","1407960"
"2020-05-20","2020-05-20 00:00","1528","1529","1511","1516","1528","1516","668798"
"2020-05-21","2020-05-21 00:00","1509","1524","1507","1519","1509","1519","656142"
"2020-05-22","2020-05-22 00:00","1520","1537","1516","1531","1520","1531","628957"
"2020-05-25","2020-05-25 00:00","1508","1518","1506","1506","1508","1506","612351"
"2020-05-26","2020-05-26 00:00","1489","1492","1463","1466","1489","1466","2610924"
"2020-05-27","2020-05-27 00:00","1469","1476","1454","1456","1469","1456","840359"
"2020-05-28","2020-05-28 00:00","1438","1447","1422","1422","1438","1422","2903787"
"2020-05-29","2020-05-29 00:00","1430","1436","1421","1426","1430","1426","3907214"
"2020-06-01","2020-06-01 00:00","1422","1423","1407","1413","1422","1413","1813038"
"2020-06-02","2020-06-02 00:00","1405","1409","1391","1395","1405","1395","5116026"
"2020-06-03","2020-06-03 00:00","1369","1387","1364","1378","1369","1378","5247250"
"2020-06-04","2020-06-04 00:00","1360","1385","1358","1373","1360","1373","1087928"
"2020-06-05","2020-06-05 00:00","1377","1381","1363","1364","1377","1364","1460747"
"2020-06-08","2020-06-08 00:00","1343","1353","1343","1345","1343","1345","2614581"
"2020-06-09","2020-06-09 00:00","1347","1359","1344","1348","1347","1348","652208"
"2020-06-10","2020-06-10 00:00","1358","1360","1344","1347","1358","1347","1540005"
"2020-06-11","2020-06-11 00:00","1368","1386","1358","1386","1368","1386","1726508"
"2020-06-12","2020-06-12 00:00","1416","1429","1393","1399","1416","1399","3767675"
"2020-06-15","2020-06-15 00:00","1407","1446","1399","1445","1407","1445","1708326"
"2020-06-16","2020-06-16 00:00","1402","1408","1370","1375","1402","1375","5671770"
"2020-06-17","2020-06-17 00:00","1376","1389","1376","1380","1376","1380","1584154"
"2020-06-18","2020-06-18 00:00","1384","1401","1382","1386","1384","1386","1772858"
"2020-06-19","2020-06-19 00:00","1374","1387","1374","1378","1374","1378","1760223"
"2020-06-22","2020-06-22 00:00","1388","1390","1372","1379","1388","1379","1294864"
"2020-06-23","2020-06-23 00:00","1368","1393","1365","1374","1368","1374","1750281"
"2020-06-24","2020-06-24 00:00","1374","1378","1367","1375","1374","1375","940829"
"2020-06-25","2020-06-25 00:00","1392","1398","1382","1391","1392","1391","1033858"
"2020-06-26","2020-06-26 00:00","1379","1382","1371","1376","1379","1376","706148"
"2020-06-29","2020-06-29 00:00","1392","1406","1387","1403","1392","1403","4224419"
"2020-06-30","2020-06-30 00:00","1377","1389","1377","1386","1377","1386","2832805"
"2020-07-01","2020-07-01 00:00","1382","1403","1382","1397","1382","1397","1853125"
"2020-07-02","2020-07-02 00:00","1394","1401","1388","1396","1394","1396","737992"
"2020-07-03","2020-07-03 00:00","1388","1395","1385","1387","1388","1387","514283"
"2020-07-06","2020-07-06 00:00","1385","1385","1359","1360","1385","1360","2424961"
"2020-07-07","2020-07-07 00:00","1362","1371","1359","1366","1362","1366","763758"
"2020-07-08","2020-07-08 00:00","1373","1377","1362","1375","1373","1375","714689"
"2020-07-09","2020-07-09 00:00","1370","1374","1361","1368","1370","1368","648447"
"2020-07-10","2020-07-10 00:00","1370","1384","1368","1383","1370","1383","747681"
"2020-07-13","2020-07-13 00:00","1363","1368","1355","1357","1363","1357","1607394"
"2020-07-14","2020-07-14 00:00","1366","1369","1361","1367","1366","1367","869692"
"2020-07-15","2020-07-15 00:00","1352","1352","1343","1344","1352","1344","1228987"
"2020-07-16","2020-07-16 00:00","1347","1357","1345","1354","1347","1354","946145"
"2020-07-17","2020-07-17 00:00","1353","1362","1349","1358","1353","1358","733309"
"2020-07-20","2020-07-20 00:00","1354","1365","1354","1359","1354","1359","388209"
"2020-07-21","2020-07-21 00:00","1351","1352","1344","1346","1351","1346","516500"
"2020-07-22","2020-07-22 00:00","1353","1356","1349","1353","1353","1353","858612"
"2020-07-27","2020-07-27 00:00","1373","1374","1355","1357","1373","1357","621639"
"2020-07-28","2020-07-28 00:00","1358","1362","1349","1359","1358","1359","373834"
"2020-07-29","2020-07-29 00:00","1367","1378","1365","1375","1367","1375","1840548"
"2020-07-30","2020-07-30 00:00","1368","1380","1367","1380","1368","1380","282179"
"2020-07-31","2020-07-31 00:00","1384","1418","1382","1417","1384","1417","4951560"
"2020-08-03","2020-08-03 00:00","1401","1404","1385","1386","1401","1386","2021820"
"2020-08-04","2020-08-04 00:00","1373","1373","1360","1363","1373","1363","352048"
"2020-08-05","2020-08-05 00:00","1369","1376","1364","1365","1369","1365","542315"
"2020-08-06","2020-08-06 00:00","1368","1376","1361","1372","1368","1372","275026"
"2020-08-07","2020-08-07 00:00","1373","1385","1371","1377","1373","1377","434167"
"2020-08-11","2020-08-11 00:00","1363","1366","1350","1350","1363","1350","434262"
"2020-08-12","2020-08-12 00:00","1350","1355","1344","1347","1350","1347","362032"
"2020-08-13","2020-08-13 00:00","1326","1328","1318","1322","1326","1322","1062417"
"2020-08-14","2020-08-14 00:00","1317","1324","1317","1319","1317","1319","364770"
"2020-08-17","2020-08-17 00:00","1326","1333","1322","1330","1326","1330","215207"
"2020-08-18","2020-08-18 00:00","1331","1340","1329","1332","1331","1332","227314"
"2020-08-19","2020-08-19 00:00","1337","1339","1327","1329","1337","1329","308214"
"2020-08-20","2020-08-20 00:00","1334","1345","1332","1342","1334","1342","251168"
"2020-08-21","2020-08-21 00:00","1335","1341","1328","1338","1335","1338","434508"
"2020-08-24","2020-08-24 00:00","1340","1343","1334","1337","1340","1337","147821"
"2020-08-25","2020-08-25 00:00","1321","1322","1310","1318","1321","1318","739264"
"2020-08-26","2020-08-26 00:00","1321","1323","1316","1318","1321","1318","158591"
"2020-08-27","2020-08-27 00:00","1317","1325","1315","1323","1317","1323","308371"
"2020-08-28","2020-08-28 00:00","1319","1359","1312","1339","1319","1339","3029707"
"2020-08-31","2020-08-31 00:00","1321","1325","1314","1324","1321","1324","552347"
"2020-09-01","2020-09-01 00:00","1329","1330","1322","1326","1329","1326","307415"
"2020-09-02","2020-09-02 00:00","1317","1324","1317","1320","1317","1320","200446"
"2020-09-03","2020-09-03 00:00","1300","1309","1300","1308","1300","1308","847149"
"2020-09-04","2020-09-04 00:00","1328","1329","1318","1322","1328","1322","904486"
"2020-09-07","2020-09-07 00:00","1324","1328","1320","1328","1324","1328","357924"
"2020-09-08","2020-09-08 00:00","1322","1325","1317","1318","1322","1318","131468"
"2020-09-09","2020-09-09 00:00","1336","1339","1329","1332","1336","1332","876265"
"2020-09-10","2020-09-10 00:00","1321","1325","1318","1320","1321","1320","224431"
"2020-09-11","2020-09-11 00:00","1321","1322","1308","1310","1321","1310","481008"
"2020-09-14","2020-09-14 00:00","1304","1304","1299","1302","1304","1302","240195"
"2020-09-15","2020-09-15 00:00","1305","1312","1304","1306","1305","1306","181853"
"2020-09-16","2020-09-16 00:00","1306","1309","1303","1306","1306","1306","60722"
"2020-09-17","2020-09-17 00:00","1307","1316","1307","1312","1307","1312","214100"
"2020-09-18","2020-09-18 00:00","1312","1315","1309","1310","1312","1310","328646"
"2020-09-23","2020-09-23 00:00","1318","1323","1310","1311","1318","1311","974839"
"2020-09-24","2020-09-24 00:00","1320","1329","1318","1327","1320","1327","525533"
"2020-09-25","2020-09-25 00:00","1319","1322","1315","1318","1319","1318","909669"
"2020-09-28","2020-09-28 00:00","1310","1314","1303","1303","1310","1303","779538"
"2020-09-29","2020-09-29 00:00","1300","1303","1287","1290","1300","1290","1175068"
"2020-09-30","2020-09-30 00:00","1294","1312","1292","1311","1294","1311","358613"
"2020-10-02","2020-10-02 00:00","1302","1324","1302","1319","1302","1319","1266937"
"2020-10-05","2020-10-05 00:00","1307","1307","1300","1303","1307","1303","190822"
"2020-10-06","2020-10-06 00:00","1299","1303","1297","1297","1299","1297","140690"
"2020-10-07","2020-10-07 00:00","1306","1306","1297","1299","1306","1299","304897"
"2020-10-08","2020-10-08 00:00","1294","1295","1282","1286","1294","1286","1621532"
"2020-10-09","2020-10-09 00:00","1282","1291","1281","1287","1282","1287","207720"
"2020-10-12","2020-10-12 00:00","1289","1293","1288","1289","1289","1289","175904"
"2020-10-13","2020-10-13 00:00","1285","1293","1284","1287","1285","1287","168677"
"2020-10-14","2020-10-14 00:00","1290","1292","1284","1285","1290","1285","152333"
"2020-10-15","2020-10-15 00:00","1289","1295","1289","1291","1289","1291","150869"
"2020-10-16","2020-10-16 00:00","1292","1299","1291","1296","1292","1296","102493"
"2020-10-19","2020-10-19 00:00","1289","1289","1281","1282","1289","1282","230397"
"2020-10-20","2020-10-20 00:00","1286","1291","1283","1288","1286","1288","210764"
"2020-10-21","2020-10-21 00:00","1287","1287","1282","1284","1287","1284","146173"
"2020-10-22","2020-10-22 00:00","1289","1295","1289","1293","1289","1293","190336"
"2020-10-23","2020-10-23 00:00","1289","1294","1288","1289","1289","1289","160140"
"2020-10-26","2020-10-26 00:00","1291","1293","1288","1291","1291","1291","46820"
"2020-10-27","2020-10-27 00:00","1298","1305","1292","1292","1298","1292","260957"
"2020-10-28","2020-10-28 00:00","1298","1301","1295","1295","1298","1295","166951"
"2020-10-29","2020-10-29 00:00","1310","1311","1299","1301","1310","1301","192269"
"2020-10-30","2020-10-30 00:00","1303","1322","1303","1319","1303","1319","809576"
"2020-11-02","2020-11-02 00:00","1314","1314","1298","1301","1314","1301","211815"
"2020-11-04","2020-11-04 00:00","1274","1288","1274","1277","1274","1277","1397729"
"2020-11-05","2020-11-05 00:00","1269","1270","1254","1254","1269","1254","1545288"
"2020-11-06","2020-11-06 00:00","1256","1258","1243","1244","1256","1244","1014769"
"2020-11-09","2020-11-09 00:00","1234","1235","1213","1218","1234","1218","1422377"
"2020-11-10","2020-11-10 00:00","1198","1220","1197","1214","1198","1214","2797544"
"2020-11-11","2020-11-11 00:00","1201","1204","1191","1193","1201","1193","1224611"
"2020-11-12","2020-11-12 00:00","1190","1195","1182","1187","1190","1187","1801762"
"2020-11-13","2020-11-13 00:00","1192","1200","1189","1192","1192","1192","807847"
"2020-11-16","2020-11-16 00:00","1177","1179","1166","1167","1177","1167","836061"
"2020-11-17","2020-11-17 00:00","1160","1170","1158","1163","1160","1163","1028295"
"2020-11-18","2020-11-18 00:00","1168","1178","1168","1174","1168","1174","999528"
"2020-11-19","2020-11-19 00:00","1180","1187","1178","1180","1180","1180","423283"
"2020-11-20","2020-11-20 00:00","1188","1190","1184","1184","1188","1184","1288868"
"2020-11-24","2020-11-24 00:00","1163","1165","1150","1156","1163","1156","1067211"
"2020-11-25","2020-11-25 00:00","1139","1150","1130","1149","1139","1149","1270785"
"2020-11-26","2020-11-26 00:00","1151","1151","1137","1137","1151","1137","329558"
"2020-11-27","2020-11-27 00:00","1141","1144","1133","1135","1141","1135","681983"
"2020-11-30","2020-11-30 00:00","1126","1144","1124","1141","1126","1141","215055"
"2020-12-01","2020-12-01 00:00","1135","1135","1125","1127","1135","1127","255093"
"2020-12-02","2020-12-02 00:00","1123","1131","1123","1127","1123","1127","258842"
"2020-12-03","2020-12-03 00:00","1129","1130","1123","1125","1129","1125","389231"
"2020-12-04","2020-12-04 00:00","1131","1133","1127","1128","1131","1128","289608"
"2020-12-07","2020-12-07 00:00","1124","1139","1123","1136","1124","1136","204743"
"2020-12-08","2020-12-08 00:00","1143","1147","1138","1140","1143","1140","376605"
"2020-12-09","2020-12-09 00:00","1136","1137","1125","1125","1136","1125","657506"
"2020-12-10","2020-12-10 00:00","1130","1133","1124","1127","1130","1127","613131"
"2020-12-11","2020-12-11 00:00","1127","1137","1125","1132","1127","1132","194508"
"2020-12-14","2020-12-14 00:00","1131","1131","1124","1128","1131","1128","687568"
"2020-12-15","2020-12-15 00:00","1132","1134","1129","1132","1132","1132","104901"
"2020-12-16","2020-12-16 00:00","1125","1129","1123","1127","1125","1127","519598"
"2020-12-17","2020-12-17 00:00","1125","1130","1124","1124","1125","1124","1288054"
"2020-12-18","2020-12-18 00:00","1126","1130","1125","1126","1126","1126","120724"
"2020-12-21","2020-12-21 00:00","1124","1136","1121","1130","1124","1130","534054"
"2020-12-22","2020-12-22 00:00","1135","1144","1132","1142","1135","1142","408172"
"2020-12-23","2020-12-23 00:00","1135","1141","1134","1138","1135","1138","287719"
"2020-12-24","2020-12-24 00:00","1131","1133","1127","1132","1131","1132","277226"
"2020-12-25","2020-12-25 00:00","1130","1132","1129","1130","1130","1130","153975"
"2020-12-28","2020-12-28 00:00","1129","1131","1122","1122","1129","1122","1647257"
"2020-12-29","2020-12-29 00:00","1119","1119","1089","1090","1119","1090","1300225"
"2020-12-30","2020-12-30 00:00","1091","1100","1091","1094","1091","1094","379908"
"2021-01-04","2021-01-04 00:00","1089","1113","1089","1104","1089","1104","789047"
"2021-01-05","2021-01-05 00:00","1109","1110","1102","1107","1109","1107","246717"
"2021-01-06","2021-01-06 00:00","1110","1114","1106","1112","1110","1112","198626"
"2021-01-07","2021-01-07 00:00","1098","1099","1088","1095","1098","1095","429539"
"2021-01-08","2021-01-08 00:00","1084","1086","1068","1068","1084","1068","1378111"
"2021-01-12","2021-01-12 00:00","1071","1074","1061","1065","1071","1065","281169"
"2021-01-13","2021-01-13 00:00","1066","1068","1053","1056","1066","1056","667924"
"2021-01-14","2021-01-14 00:00","1056","1057","1035","1046","1056","1046","1035254"
"2021-01-15","2021-01-15 00:00","1039","1054","1039","1052","1039","1052","645649"
"2021-01-18","2021-01-18 00:00","1064","1068","1058","1062","1064","1062","197556"
"2021-01-19","2021-01-19 00:00","1055","1056","1044","1048","1055","1048","169329"
"2021-01-20","2021-01-20 00:00","1040","1056","1040","1051","1040","1051","649820"
"2021-01-21","2021-01-21 00:00","1045","1046","1039","1043","1045","1043","314931"
"2021-01-22","2021-01-22 00:00","1049","1052","1045","1047","1049","1047","3635604"
"2021-01-25","2021-01-25 00:00","1045","1050","1041","1041","1045","1041","174779"
"2021-01-26","2021-01-26 00:00","1044","1052","1043","1050","1044","1050","713137"
"2021-01-27","2021-01-27 00:00","1045","1050","1043","1046","1045","1046","121831"
"2021-01-28","2021-01-28 00:00","1075","1075","1057","1064","1075","1064","400405"
"2021-01-29","2021-01-29 00:00","1059","1084","1058","1084","1059","1084","322568"
"2021-02-01","2021-02-01 00:00","1084","1085","1065","1068","1084","1068","240757"
"2021-02-02","2021-02-02 00:00","1061","1067","1055","1057","1061","1057","183282"
"2021-02-03","2021-02-03 00:00","1051","1054","1045","1046","1051","1046","203078"
"2021-02-04","2021-02-04 00:00","1049","1058","1047","1055","1049","1055","129394"
"2021-02-05","2021-02-05 00:00","1044","1049","1040","1041","1044","1041","478880"
"2021-02-08","2021-02-08 00:00","1038","1039","1017","1019","1038","1019","1432708"
"2021-02-09","2021-02-09 00:00","1014","1019","1011","1013","1014","1013","841099"
"2021-02-10","2021-02-10 00:00","1018","1019","1012","1013","1018","1013","296356"
"2021-02-12","2021-02-12 00:00","1009","1017","1008","1014","1009","1014","275069"
"2021-02-15","2021-02-15 00:00","1006","1007","993","995","1006","995","605967"
"2021-02-16","2021-02-16 00:00","990","991","972","982","990","982","2422215"
"2021-02-17","2021-02-17 00:00","986","990","983","986","986","986","793692"
"2021-02-18","2021-02-18 00:00","985","991","977","988","985","988","676536"
"2021-02-19","2021-02-19 00:00","997","1001","990","995","997","995","1431969"
"2021-02-22","2021-02-22 00:00","985","993","981","991","985","991","1339705"
"2021-02-24","2021-02-24 00:00","996","1007","993","1007","996","1007","480565"
"2021-02-25","2021-02-25 00:00","988","992","987","990","988","990","215960"
"2021-02-26","2021-02-26 00:00","1008","1028","1008","1027","1008","1027","1568471"
"2021-03-01","2021-03-01 00:00","1007","1011","1004","1005","1007","1005","295383"
"2021-03-02","2021-03-02 00:00","994","1016","992","1014","994","1014","567497"
"2021-03-03","2021-03-03 00:00","1009","1016","1006","1008","1009","1008","324589"
"2021-03-04","2021-03-04 00:00","1020","1037","1018","1029","1020","1029","822509"
"2021-03-05","2021-03-05 00:00","1038","1052","1032","1033","1038","1033","2115629"
"2021-03-08","2021-03-08 00:00","1015","1040","1015","1037","1015","1037","753508"
"2021-03-09","2021-03-09 00:00","1036","1041","1025","1026","1036","1026","586548"
"2021-03-10","2021-03-10 00:00","1021","1028","1019","1026","1021","1026","2206615"
"2021-03-11","2021-03-11 00:00","1024","1027","1017","1019","1024","1019","595719"
"2021-03-12","2021-03-12 00:00","1014","1019","1000","1000","1014","1000","1010558"
"2021-03-15","2021-03-15 00:00","997","1002","995","1000","997","1000","638461"
"2021-03-16","2021-03-16 00:00","998","999","991","993","998","993","1699447"
"2021-03-17","2021-03-17 00:00","997","997","991","994","997","994","1033534"
"2021-03-18","2021-03-18 00:00","986","990","975","983","986","983","2474623"
"2021-03-19","2021-03-19 00:00","995","1003","989","997","995","997","1066008"
"2021-03-22","2021-03-22 00:00","1012","1021","1012","1019","1012","1019","650700"
"2021-03-23","2021-03-23 00:00","1011","1024","1007","1023","1011","1023","467458"
"2021-03-24","2021-03-24 00:00","1034","1046","1029","1046","1034","1046","869202"
"2021-03-25","2021-03-25 00:00","1044","1046","1030","1033","1044","1033","2484766"
"2021-03-26","2021-03-26 00:00","1022","1026","1015","1018","1022","1018","763001"
"2021-03-29","2021-03-29 00:00","1004","1016","1003","1012","1004","1012","1187984"
"2021-03-30","2021-03-30 00:00","1003","1007","1000","1002","1003","1002","532272"
"2021-03-31","2021-03-31 00:00","1007","1011","1005","1009","1007","1009","545376"
"2021-04-01","2021-04-01 00:00","1002","1006","997","1003","1002","1003","2198725"
"2021-04-02","2021-04-02 00:00","991","993","986","986","991","986","336361"
"2021-04-05","2021-04-05 00:00","980","982","975","979","980","979","837840"
"2021-04-06","2021-04-06 00:00","974","993","974","992","974","992","298819"
"2021-04-07","2021-04-07 00:00","991","998","986","990","991","990","1821417"
"2021-04-08","2021-04-08 00:00","994","999","990","992","994","992","283204"
"2021-04-09","2021-04-09 00:00","985","990","979","990","985","990","304398"
"2021-04-12","2021-04-12 00:00","987","997","986","996","987","996","105185"
"2021-04-13","2021-04-13 00:00","995","996","985","989","995","989","106628"
"2021-04-14","2021-04-14 00:00","990","996","990","994","990","994","94632"
"2021-04-15","2021-04-15 00:00","996","997","988","994","996","994","112934"
"2021-04-16","2021-04-16 00:00","987","995","987","991","987","991","205377"
"2021-04-19","2021-04-19 00:00","992","998","987","993","992","993","164591"
"2021-04-20","2021-04-20 00:00","1003","1015","1003","1011","1003","1011","528761"
"2021-04-21","2021-04-21 00:00","1028","1035","1022","1033","1028","1033","1894503"
"2021-04-22","2021-04-22 00:00","1017","1022","1007","1007","1017","1007","287763"
"2021-04-23","2021-04-23 00:00","1018","1023","1013","1013","1018","1013","168195"
"2021-04-26","2021-04-26 00:00","1012","1018","1005","1008","1012","1008","141821"
"2021-04-27","2021-04-27 00:00","1005","1014","1005","1013","1005","1013","1297811"
"2021-04-28","2021-04-28 00:00","1016","1018","1009","1012","1016","1012","156636"
"2021-04-30","2021-04-30 00:00","1014","1022","1012","1019","1014","1019","487912"
"2021-05-06","2021-05-06 00:00","1012","1013","998","1002","1012","1002","517169"
"2021-05-07","2021-05-07 00:00","1002","1005","997","1001","1002","1001","99525"
"2021-05-10","2021-05-10 00:00","999","1001","989","994","999","994","474705"
"2021-05-11","2021-05-11 00:00","1005","1029","1003","1025","1005","1025","375272"
"2021-05-12","2021-05-12 00:00","1023","1052","1018","1041","1023","1041","905142"
"2021-05-13","2021-05-13 00:00","1056","1071","1055","1068","1056","1068","1273869"
"2021-05-14","2021-05-14 00:00","1055","1058","1042","1043","1055","1043","238131"
"2021-05-17","2021-05-17 00:00","1035","1061","1035","1054","1035","1054","853237"
"2021-05-18","2021-05-18 00:00","1049","1049","1028","1030","1049","1030","655394"
"2021-05-19","2021-05-19 00:00","1048","1052","1038","1043","1048","1043","363029"
"2021-05-20","2021-05-20 00:00","1049","1054","1039","1043","1049","1043","312006"
"2021-05-21","2021-05-21 00:00","1034","1039","1030","1034","1034","1034","213984"
"2021-05-24","2021-05-24 00:00","1038","1038","1024","1031","1038","1031","209079"
"2021-05-25","2021-05-25 00:00","1024","1030","1024","1026","1024","1026","202853"
"2021-05-26","2021-05-26 00:00","1031","1031","1019","1021","1031","1021","479533"
"2021-05-27","2021-05-27 00:00","1025","1032","1024","1025","1025","1025","291154"
"2021-05-28","2021-05-28 00:00","1010","1013","1002","1004","1010","1004","574312"
"2021-05-31","2021-05-31 00:00","1009","1016","1004","1013","1009","1013","205702"
"2021-06-01","2021-06-01 00:00","1008","1022","1006","1014","1008","1014","443564"
"2021-06-02","2021-06-02 00:00","1019","1024","1008","1011","1019","1011","146713"
"2021-06-03","2021-06-03 00:00","1013","1013","1004","1006","1013","1006","169650"
"2021-06-04","2021-06-04 00:00","1013","1016","1009","1009","1013","1009","143231"
"2021-06-07","2021-06-07 00:00","1000","1010","999","1007","1000","1007","646766"
"2021-06-08","2021-06-08 00:00","1006","1009","1002","1007","1006","1007","323765"
"2021-06-09","2021-06-09 00:00","1010","1013","1009","1013","1010","1013","176523"
"2021-06-10","2021-06-10 00:00","1014","1015","1008","1008","1014","1008","154437"
"2021-06-11","2021-06-11 00:00","1006","1014","1005","1009","1006","1009","181772"
"2021-06-14","2021-06-14 00:00","1002","1007","1001","1003","1002","1003","201833"
"2021-06-15","2021-06-15 00:00","999","999","991","993","999","993","643524"
"2021-06-16","2021-06-16 00:00","998","998","993","998","998","998","2425503"
"2021-06-17","2021-06-17 00:00","1003","1012","1001","1006","1003","1006","539982"
"2021-06-18","2021-06-18 00:00","1003","1009","1003","1008","1003","1008","178759"
"2021-06-21","2021-06-21 00:00","1028","1050","1028","1043","1028","1043","2193994"
"2021-06-22","2021-06-22 00:00","1017","1023","1009","1011","1017","1011","460191"
"2021-06-23","2021-06-23 00:00","1010","1011","1006","1009","1010","1009","177754"
"2021-06-24","2021-06-24 00:00","1013","1015","1008","1010","1013","1010","216219"
"2021-06-25","2021-06-25 00:00","1001","1006","1000","1004","1001","1004","307909"
"2021-06-28","2021-06-28 00:00","1002","1006","1002","1004","1002","1004","79026"
"2021-06-29","2021-06-29 00:00","1007","1015","1007","1011","1007","1011","357775"
"2021-06-30","2021-06-30 00:00","1008","1013","1004","1011","1008","1011","1796815"
"2021-07-01","2021-07-01 00:00","1011","1019","1011","1015","1011","1015","120242"
"2021-07-02","2021-07-02 00:00","1016","1016","1009","1012","1016","1012","1915951"
"2021-07-05","2021-07-05 00:00","1015","1019","1014","1018","1015","1018","178716"
"2021-07-06","2021-07-06 00:00","1016","1019","1013","1017","1016","1017","585443"
"2021-07-07","2021-07-07 00:00","1032","1035","1024","1026","1032","1026","307749"
"2021-07-08","2021-07-08 00:00","1029","1036","1027","1036","1029","1036","656662"
"2021-07-09","2021-07-09 00:00","1053","1062","1040","1041","1053","1041","2487545"
"2021-07-12","2021-07-12 00:00","1020","1024","1018","1020","1020","1020","1331637"
"2021-07-13","2021-07-13 00:00","1015","1015","1009","1015","1015","1015","988817"
"2021-07-14","2021-07-14 00:00","1021","1023","1015","1017","1021","1017","210598"
"2021-07-15","2021-07-15 00:00","1020","1031","1020","1029","1020","1029","219829"
"2021-07-16","2021-07-16 00:00","1040","1046","1032","1039","1040","1039","245213"
"2021-07-19","2021-07-19 00:00","1053","1059","1047","1054","1053","1054","551971"
"2021-07-20","2021-07-20 00:00","1063","1065","1055","1062","1063","1062","903300"
"2021-07-21","2021-07-21 00:00","1047","1060","1043","1056","1047","1056","342611"
"2021-07-26","2021-07-26 00:00","1034","1048","1033","1046","1034","1046","436434"
"2021-07-27","2021-07-27 00:00","1043","1045","1038","1041","1043","1041","255940"
"2021-07-28","2021-07-28 00:00","1052","1059","1046","1055","1052","1055","1246722"
"2021-07-29","2021-07-29 00:00","1046","1052","1046","1046","1046","1046","132614"
"2021-07-30","2021-07-30 00:00","1051","1066","1051","1065","1051","1065","686326"
"2021-08-02","2021-08-02 00:00","1056","1056","1044","1047","1056","1047","291332"
"2021-08-03","2021-08-03 00:00","1055","1057","1049","1051","1055","1051","384699"
"2021-08-04","2021-08-04 00:00","1052","1058","1052","1053","1052","1053","237418"
"2021-08-05","2021-08-05 00:00","1055","1056","1048","1049","1055","1049","156996"
"2021-08-06","2021-08-06 00:00","1046","1049","1041","1044","1046","1044","166007"
"2021-08-10","2021-08-10 00:00","1041","1045","1033","1043","1041","1043","262574"
"2021-08-11","2021-08-11 00:00","1034","1039","1032","1036","1034","1036","225664"
"2021-08-12","2021-08-12 00:00","1030","1038","1027","1038","1030","1038","1050141"
"2021-08-13","2021-08-13 00:00","1035","1040","1034","1037","1035","1037","144525"
"2021-08-16","2021-08-16 00:00","1045","1059","1044","1054","1045","1054","2354642"
"2021-08-17","2021-08-17 00:00","1047","1059","1046","1059","1047","1059","109814"
"2021-08-18","2021-08-18 00:00","1060","1062","1049","1053","1060","1053","903720"
"2021-08-19","2021-08-19 00:00","1061","1065","1055","1063","1061","1063","614714"
"2021-08-20","2021-08-20 00:00","1066","1076","1062","1075","1066","1075","2093466"
"2021-08-23","2021-08-23 00:00","1066","1066","1053","1054","1066","1054","369540"
"2021-08-24","2021-08-24 00:00","1048","1049","1043","1045","1048","1045","1038432"
"2021-08-25","2021-08-25 00:00","1044","1048","1039","1046","1044","1046","265836"
"2021-08-26","2021-08-26 00:00","1043","1048","1042","1045","1043","1045","148950"
"2021-08-27","2021-08-27 00:00","1053","1056","1048","1050","1053","1050","333216"
"2021-08-30","2021-08-30 00:00","1041","1049","1038","1044","1041","1044","315610"
"2021-08-31","2021-08-31 00:00","1048","1050","1029","1031","1048","1031","415257"
"2021-09-01","2021-09-01 00:00","1028","1028","1018","1019","1028","1019","337927"
"2021-09-02","2021-09-02 00:00","1016","1020","1012","1015","1016","1015","1377905"
"2021-09-03","2021-09-03 00:00","1013","1013","993","994","1013","994","3239172"
"2021-09-06","2021-09-06 00:00","979","983","974","975","979","975","686012"
"2021-09-07","2021-09-07 00:00","968","970","963","968","968","968","1213515"
"2021-09-08","2021-09-08 00:00","970","971","957","959","970","959","2898080"
"2021-09-09","2021-09-09 00:00","967","967","961","964","967","964","658728"
"2021-09-10","2021-09-10 00:00","962","963","952","952","962","952","528033"
"2021-09-13","2021-09-13 00:00","953","957","950","950","953","950","502324"
"2021-09-14","2021-09-14 00:00","946","948","939","942","946","942","790370"
"2021-09-15","2021-09-15 00:00","950","953","946","949","950","949","285572"
"2021-09-16","2021-09-16 00:00","945","958","944","954","945","954","238299"
"2021-09-17","2021-09-17 00:00","952","952","946","948","952","948","218828"
"2021-09-21","2021-09-21 00:00","968","969","962","967","968","967","469609"
"2021-09-22","2021-09-22 00:00","970","977","967","974","970","974","2211782"
"2021-09-24","2021-09-24 00:00","954","959","954","955","954","955","3938384"
"2021-09-27","2021-09-27 00:00","955","956","950","954","955","954","416893"
"2021-09-28","2021-09-28 00:00","956","962","956","956","956","956","1711040"
"2021-09-29","2021-09-29 00:00","970","978","967","971","970","971","1343695"
"2021-09-30","2021-09-30 00:00","969","979","968","974","969","974","2081730"
"2021-10-01","2021-10-01 00:00","980","1000","976","997","980","997","1478798"
"2021-10-04","2021-10-04 00:00","986","1011","986","1008","986","1008","776028"
"2021-10-05","2021-10-05 00:00","1029","1043","1024","1031","1029","1031","1542126"
"2021-10-06","2021-10-06 00:00","1021","1050","1015","1043","1021","1043","2039969"
"2021-10-07","2021-10-07 00:00","1035","1038","1022","1036","1035","1036","846733"
"2021-10-08","2021-10-08 00:00","1019","1023","1011","1020","1019","1020","3630887"
"2021-10-11","2021-10-11 00:00","1024","1026","1001","1004","1024","1004","858456"
"2021-10-12","2021-10-12 00:00","1007","1016","1006","1015","1007","1015","346599"
"2021-10-13","2021-10-13 00:00","1021","1023","1008","1018","1021","1018","703215"
"2021-10-14","2021-10-14 00:00","1012","1014","1001","1002","1012","1002","265018"
"2021-10-15","2021-10-15 00:00","992","996","984","985","992","985","482797"
"2021-10-18","2021-10-18 00:00","982","988","981","986","982","986","311538"
"2021-10-19","2021-10-19 00:00","984","984","977","979","984","979","472331"
"2021-10-20","2021-10-20 00:00","972","979","970","977","972","977","282120"
"2021-10-21","2021-10-21 00:00","982","997","979","996","982","996","551895"
"2021-10-22","2021-10-22 00:00","1000","1002","986","992","1000","992","425696"
"2021-10-25","2021-10-25 00:00","1004","1004","997","1000","1004","1000","274819"
"2021-10-26","2021-10-26 00:00","986","989","979","981","986","981","317639"
"2021-10-27","2021-10-27 00:00","984","989","981","982","984","982","153430"
"2021-10-28","2021-10-28 00:00","993","995","989","991","993","991","134959"
"2021-10-29","2021-10-29 00:00","992","1003","985","988","992","988","2328740"
"2021-11-01","2021-11-01 00:00","970","972","962","962","970","962","1905525"
"2021-11-02","2021-11-02 00:00","968","970","965","969","968","969","77100"
"2021-11-04","2021-11-04 00:00","955","961","954","959","955","959","204066"
"2021-11-05","2021-11-05 00:00","959","968","958","963","959","963","2099524"
"2021-11-08","2021-11-08 00:00","958","967","958","967","958","967","724697"
"2021-11-09","2021-11-09 00:00","962","976","957","974","962","974","566448"
"2021-11-10","2021-11-10 00:00","976","982","974","981","976","981","375866"
"2021-11-11","2021-11-11 00:00","984","984","972","975","984","975","112684"
"2021-11-12","2021-11-12 00:00","969","971","962","964","969","964","164738"
"2021-11-15","2021-11-15 00:00","958","961","955","958","958","958","80115"
"2021-11-16","2021-11-16 00:00","959","962","952","958","959","958","155586"
"2021-11-17","2021-11-17 00:00","954","963","954","961","954","961","73200"
"2021-11-18","2021-11-18 00:00","964","970","960","963","964","963","340547"
"2021-11-19","2021-11-19 00:00","964","965","958","958","964","958","1268380"
"2021-11-22","2021-11-22 00:00","963","966","957","958","963","958","146401"
"2021-11-24","2021-11-24 00:00","963","976","959","974","963","974","293525"
"2021-11-25","2021-11-25 00:00","969","969","964","965","969","965","105165"
"2021-11-26","2021-11-26 00:00","972","996","972","990","972","990","519309"
"2021-11-29","2021-11-29 00:00","1005","1011","990","1007","1005","1007","683795"
"2021-11-30","2021-11-30 00:00","993","1024","992","1024","993","1024","1353098"
"2021-12-01","2021-12-01 00:00","1022","1032","1012","1018","1022","1018","1339812"
"2021-12-02","2021-12-02 00:00","1030","1030","1018","1024","1030","1024","927102"
"2021-12-03","2021-12-03 00:00","1020","1031","1014","1016","1020","1016","1637893"
"2021-12-06","2021-12-06 00:00","1016","1027","1015","1018","1016","1018","419144"
"2021-12-07","2021-12-07 00:00","1009","1017","992","995","1009","995","760969"
"2021-12-08","2021-12-08 00:00","984","992","982","984","984","984","387442"
"2021-12-09","2021-12-09 00:00","985","988","982","987","985","987","64810"
"2021-12-10","2021-12-10 00:00","996","1001","990","998","996","998","242692"
"2021-12-13","2021-12-13 00:00","989","993","986","991","989","991","144810"
"2021-12-14","2021-12-14 00:00","995","1003","991","998","995","998","384565"
"2021-12-15","2021-12-15 00:00","1001","1001","996","996","1001","996","122784"
"2021-12-16","2021-12-16 00:00","977","986","975","976","977","976","557690"
"2021-12-17","2021-12-17 00:00","984","995","981","993","984","993","375896"
"2021-12-20","2021-12-20 00:00","1002","1017","997","1014","1002","1014","466924"
"2021-12-21","2021-12-21 00:00","1000","1005","993","993","1000","993","277596"
"2021-12-22","2021-12-22 00:00","990","996","987","993","990","993","356160"
"2021-12-23","2021-12-23 00:00","986","989","984","985","986","985","1107495"
"2021-12-24","2021-12-24 00:00","984","985","981","983","984","983","201468"
"2021-12-27","2021-12-27 00:00","985","989","984","987","985","987","127949"
"2021-12-28","2021-12-28 00:00","979","981","972","975","979","975","807874"
"2021-12-29","2021-12-29 00:00","975","985","972","979","975","979","758428"
"2021-12-30","2021-12-30 00:00","983","990","978","981","983","981","1609177"
"2022-01-04","2022-01-04 00:00","973","977","964","966","973","966","457343"
"2022-01-05","2022-01-05 00:00","966","968","962","965","966","965","2310332"
"2022-01-06","2022-01-06 00:00","974","992","971","991","974","991","1716476"
"2022-01-07","2022-01-07 00:00","985","999","980","991","985","991","1762294"
"2022-01-11","2022-01-11 00:00","995","1006","992","1000","995","1000","996456"
"2022-01-12","2022-01-12 00:00","991","992","979","980","991","980","908603"
"2022-01-13","2022-01-13 00:00","986","992","985","992","986","992","539240"
"2022-01-14","2022-01-14 00:00","1000","1012","999","1003","1000","1003","1079576"
"2022-01-17","2022-01-17 00:00","997","998","992","997","997","997","204309"
"2022-01-18","2022-01-18 00:00","992","1004","984","1000","992","1000","715024"
"2022-01-19","2022-01-19 00:00","1015","1032","1012","1027","1015","1027","2432995"
"2022-01-20","2022-01-20 00:00","1031","1037","1012","1016","1031","1016","3017358"
"2022-01-21","2022-01-21 00:00","1034","1039","1022","1024","1034","1024","1035345"
"2022-01-24","2022-01-24 00:00","1035","1036","1021","1022","1035","1022","2713672"
"2022-01-25","2022-01-25 00:00","1026","1048","1026","1040","1026","1040","1189569"
"2022-01-26","2022-01-26 00:00","1039","1050","1036","1044","1039","1044","1071328"
"2022-01-27","2022-01-27 00:00","1037","1081","1037","1077","1037","1077","1282265"
"2022-01-28","2022-01-28 00:00","1062","1072","1051","1053","1062","1053","2362801"
"2022-01-31","2022-01-31 00:00","1056","1062","1037","1042","1056","1042","1768879"
"2022-02-01","2022-02-01 00:00","1030","1042","1027","1038","1030","1038","2313345"
"2022-02-02","2022-02-02 00:00","1031","1031","1020","1021","1031","1021","3190147"
"2022-02-03","2022-02-03 00:00","1032","1036","1029","1033","1032","1033","2563303"
"2022-02-04","2022-02-04 00:00","1037","1039","1024","1026","1037","1026","2394166"
"2022-02-07","2022-02-07 00:00","1031","1038","1030","1032","1031","1032","247597"
"2022-02-08","2022-02-08 00:00","1031","1031","1024","1031","1031","1031","2616358"
"2022-02-09","2022-02-09 00:00","1023","1026","1017","1020","1023","1020","536501"
"2022-02-10","2022-02-10 00:00","1010","1020","1008","1014","1010","1014","290931"
"2022-02-14","2022-02-14 00:00","1037","1042","1033","1037","1037","1037","619566"
"2022-02-15","2022-02-15 00:00","1036","1051","1035","1047","1036","1047","4450753"
"2022-02-16","2022-02-16 00:00","1024","1027","1022","1022","1024","1022","1951885"
"2022-02-17","2022-02-17 00:00","1023","1037","1023","1031","1023","1031","3597727"
"2022-02-18","2022-02-18 00:00","1045","1047","1031","1034","1045","1034","3738211"
"2022-02-21","2022-02-21 00:00","1053","1057","1039","1042","1053","1042","4885563"
"2022-02-22","2022-02-22 00:00","1061","1069","1057","1060","1061","1060","3054462"
"2022-02-24","2022-02-24 00:00","1069","1089","1065","1080","1069","1080","2387822"
"2022-02-25","2022-02-25 00:00","1067","1070","1058","1059","1067","1059","1255431"
"2022-02-28","2022-02-28 00:00","1059","1067","1051","1056","1059","1056","981527"
"2022-03-01","2022-03-01 00:00","1044","1044","1036","1044","1044","1044","1042741"
"2022-03-02","2022-03-02 00:00","1058","1064","1054","1061","1058","1061","1149336"
"2022-03-03","2022-03-03 00:00","1049","1056","1047","1052","1049","1052","2323483"
"2022-03-04","2022-03-04 00:00","1060","1085","1059","1076","1060","1076","3156273"
"2022-03-07","2022-03-07 00:00","1099","1117","1098","1107","1099","1107","4240054"
"2022-03-08","2022-03-08 00:00","1124","1128","1105","1126","1124","1126","2675323"
"2022-03-09","2022-03-09 00:00","1122","1132","1113","1130","1122","1130","3784556"
"2022-03-10","2022-03-10 00:00","1100","1101","1083","1086","1100","1086","4132658"
"2022-03-11","2022-03-11 00:00","1098","1116","1094","1107","1098","1107","6199514"
"2022-03-14","2022-03-14 00:00","1098","1101","1086","1100","1098","1100","4742913"
"2022-03-15","2022-03-15 00:00","1105","1105","1095","1098","1105","1098","4781706"
"2022-03-16","2022-03-16 00:00","1089","1094","1078","1082","1089","1082","2780407"
"2022-03-17","2022-03-17 00:00","1049","1054","1041","1044","1049","1044","2008681"
"2022-03-18","2022-03-18 00:00","1044","1045","1035","1037","1044","1037","969081"
"2022-03-22","2022-03-22 00:00","1024","1025","1018","1020","1024","1020","1745175"
"2022-03-23","2022-03-23 00:00","1003","1004","989","991","1003","991","1961167"
"2022-03-24","2022-03-24 00:00","1004","1005","987","987","1004","987","1360998"
"2022-03-25","2022-03-25 00:00","979","993","978","987","979","987","1957690"
"2022-03-28","2022-03-28 00:00","989","998","989","993","989","993","2393659"
"2022-03-29","2022-03-29 00:00","985","989","982","984","985","984","2517984"
"2022-03-30","2022-03-30 00:00","974","992","972","982","974","982","2458754"
"2022-03-31","2022-03-31 00:00","992","992","980","988","992","988","2622883"
"2022-04-01","2022-04-01 00:00","997","1004","991","993","997","993","3137729"
"2022-04-04","2022-04-04 00:00","995","997","991","991","995","991","2460778"
"2022-04-05","2022-04-05 00:00","985","995","983","989","985","989","2217579"
"2022-04-06","2022-04-06 00:00","1000","1011","998","1004","1000","1004","2372879"
"2022-04-07","2022-04-07 00:00","1019","1026","1018","1023","1019","1023","2405484"
"2022-04-08","2022-04-08 00:00","1012","1027","1010","1019","1012","1019","2492566"
"2022-04-11","2022-04-11 00:00","1023","1029","1018","1024","1023","1024","2974743"
"2022-04-12","2022-04-12 00:00","1033","1045","1030","1042","1033","1042","2791484"
"2022-04-13","2022-04-13 00:00","1041","1042","1021","1022","1041","1022","4850321"
"2022-04-14","2022-04-14 00:00","1019","1020","1008","1010","1019","1010","299473"
"2022-04-15","2022-04-15 00:00","1022","1025","1010","1012","1022","1012","3646098"
"2022-04-18","2022-04-18 00:00","1023","1033","1022","1025","1023","1025","2647096"
"2022-04-19","2022-04-19 00:00","1013","1025","1012","1016","1013","1016","1078913"
"2022-04-20","2022-04-20 00:00","1008","1015","1002","1007","1008","1007","2437244"
"2022-04-21","2022-04-21 00:00","1006","1007","994","995","1006","995","5769768"
"2022-04-22","2022-04-22 00:00","1014","1020","1009","1013","1014","1013","4736074"
"2022-04-25","2022-04-25 00:00","1032","1036","1025","1031","1032","1031","4064688"
"2022-04-26","2022-04-26 00:00","1023","1031","1023","1027","1023","1027","2500600"
"2022-04-27","2022-04-27 00:00","1047","1052","1038","1040","1047","1040","8232112"
"2022-04-28","2022-04-28 00:00","1038","1041","1019","1020","1038","1020","4000786"
"2022-05-02","2022-05-02 00:00","1025","1030","1017","1023","1025","1023","2228001"
"2022-05-06","2022-05-06 00:00","1025","1033","1011","1015","1025","1015","4704117"
"2022-05-09","2022-05-09 00:00","1025","1040","1025","1039","1025","1039","4039933"
"2022-05-10","2022-05-10 00:00","1048","1062","1042","1045","1048","1045","5463445"
"2022-05-11","2022-05-11 00:00","1051","1054","1041","1044","1051","1044","2096952"
"2022-05-12","2022-05-12 00:00","1056","1065","1051","1062","1056","1062","1476625"
"2022-05-13","2022-05-13 00:00","1055","1055","1032","1036","1055","1036","1433337"
"2022-05-16","2022-05-16 00:00","1018","1035","1018","1029","1018","1029","4294937"
"2022-05-17","2022-05-17 00:00","1031","1034","1024","1025","1031","1025","2072906"
"2022-05-18","2022-05-18 00:00","1020","1022","1010","1017","1020","1017","2063301"
"2022-05-19","2022-05-19 00:00","1045","1046","1033","1036","1045","1036","4389577"
"2022-05-20","2022-05-20 00:00","1032","1034","1020","1021","1032","1021","2348538"
"2022-05-23","2022-05-23 00:00","1011","1018","1010","1011","1011","1011","2694772"
"2022-05-24","2022-05-24 00:00","1011","1021","1011","1020","1011","1020","1054050"
"2022-05-25","2022-05-25 00:00","1021","1028","1019","1024","1021","1024","644862"
"2022-05-26","2022-05-26 00:00","1023","1027","1015","1025","1023","1025","3011367"
"2022-05-27","2022-05-27 00:00","1010","1021","1010","1020","1010","1020","240659"
"2022-05-30","2022-05-30 00:00","1005","1009","996","998","1005","998","3107993"
"2022-05-31","2022-05-31 00:00","999","1002","993","1000","999","1000","423315"
"2022-06-01","2022-06-01 00:00","1001","1001","993","993","1001","993","2988275"
"2022-06-02","2022-06-02 00:00","997","1001","994","996","997","996","2228611"
"2022-06-03","2022-06-03 00:00","984","988","982","984","984","984","4029912"
"2022-06-06","2022-06-06 00:00","990","992","975","976","990","976","3331270"
"2022-06-07","2022-06-07 00:00","976","979","970","977","976","977","1031492"
"2022-06-08","2022-06-08 00:00","970","971","966","967","970","967","2395431"
"2022-06-09","2022-06-09 00:00","968","968","961","966","968","966","612120"
"2022-06-10","2022-06-10 00:00","972","981","972","980","972","980","3158823"
"2022-06-13","2022-06-13 00:00","1004","1012","1002","1010","1004","1010","6523180"
"2022-06-14","2022-06-14 00:00","1031","1034","1021","1022","1031","1022","11719286"
"2022-06-15","2022-06-15 00:00","1023","1035","1023","1033","1023","1033","4213447"
"2022-06-16","2022-06-16 00:00","1015","1030","1009","1029","1015","1029","6727412"
"2022-06-17","2022-06-17 00:00","1055","1060","1044","1048","1055","1048","8655702"
"2022-06-20","2022-06-20 00:00","1040","1067","1038","1056","1040","1056","1888156"
"2022-06-21","2022-06-21 00:00","1043","1048","1029","1037","1043","1037","6904208"
"2022-06-22","2022-06-22 00:00","1029","1041","1029","1040","1029","1040","925053"
"2022-06-23","2022-06-23 00:00","1041","1045","1031","1039","1041","1039","2423492"
"2022-06-24","2022-06-24 00:00","1039","1041","1025","1026","1039","1026","4023681"
"2022-06-27","2022-06-27 00:00","1015","1020","1009","1012","1015","1012","2649297"
"2022-06-28","2022-06-28 00:00","1015","1015","1006","1006","1015","1006","4562877"
"2022-06-29","2022-06-29 00:00","1014","1018","1010","1012","1014","1012","2029844"
"2022-06-30","2022-06-30 00:00","1015","1031","1015","1028","1015","1028","1211890"
"2022-07-01","2022-07-01 00:00","1028","1050","1023","1046","1028","1046","3141805"
"2022-07-04","2022-07-04 00:00","1039","1046","1033","1038","1039","1038","1170704"
"2022-07-05","2022-07-05 00:00","1026","1032","1022","1026","1026","1026","1166215"
"2022-07-06","2022-07-06 00:00","1037","1042","1031","1039","1037","1039","443255"
"2022-07-07","2022-07-07 00:00","1032","1038","1022","1024","1032","1024","1309399"
"2022-07-08","2022-07-08 00:00","1019","1020","1008","1019","1019","1019","6148905"
"2022-07-11","2022-07-11 00:00","1007","1015","1001","1012","1007","1012","3137017"
"2022-07-12","2022-07-12 00:00","1016","1031","1015","1028","1016","1028","2527114"
"2022-07-13","2022-07-13 00:00","1027","1027","1020","1023","1027","1023","2148143"
"2022-07-14","2022-07-14 00:00","1028","1030","1014","1017","1028","1017","5336056"
"2022-07-15","2022-07-15 00:00","1010","1019","1008","1011","1010","1011","3854833"
"2022-07-19","2022-07-19 00:00","1004","1011","1001","1004","1004","1004","2989935"
"2022-07-20","2022-07-20 00:00","988","990","977","977","988","977","6435106"
"2022-07-21","2022-07-21 00:00","981","981","973","974","981","974","1828430"
"2022-07-22","2022-07-22 00:00","974","976","968","970","974","970","2350474"
"2022-07-25","2022-07-25 00:00","977","978","971","977","977","977","302695"
"2022-07-26","2022-07-26 00:00","978","983","976","978","978","978","2390497"
"2022-07-27","2022-07-27 00:00","982","983","974","976","982","976","2825816"
"2022-07-28","2022-07-28 00:00","965","979","965","973","965","973","1349450"
"2022-07-29","2022-07-29 00:00","969","976","966","974","969","974","436099"
"2022-08-01","2022-08-01 00:00","973","975","966","967","973","967","2343590"
"2022-08-02","2022-08-02 00:00","971","982","971","980","971","980","1061363"
"2022-08-03","2022-08-03 00:00","975","979","971","974","975","974","959003"
"2022-08-04","2022-08-04 00:00","967","970","966","969","967","969","1243583"
"2022-08-05","2022-08-05 00:00","971","971","959","959","971","959","2874523"
"2022-08-08","2022-08-08 00:00","963","964","956","958","963","958","2426161"
"2022-08-09","2022-08-09 00:00","960","967","959","964","960","964","3418044"
"2022-08-10","2022-08-10 00:00","969","975","968","972","969","972","1893305"
"2022-08-12","2022-08-12 00:00","959","959","946","947","959","947","4993340"
"2022-08-15","2022-08-15 00:00","941","942","934","935","941","935","3246631"
"2022-08-16","2022-08-16 00:00","935","939","932","934","935","934","2036862"
"2022-08-17","2022-08-17 00:00","932","933","923","925","932","925","2862820"
"2022-08-18","2022-08-18 00:00","932","936","930","932","932","932","401437"
"2022-08-19","2022-08-19 00:00","928","934","925","934","928","934","1827129"
"2022-08-22","2022-08-22 00:00","944","944","936","938","944","938","728420"
"2022-08-23","2022-08-23 00:00","945","951","945","948","945","948","1379528"
"2022-08-24","2022-08-24 00:00","946","954","946","953","946","953","458120"
"2022-08-25","2022-08-25 00:00","950","951","945","946","950","946","213564"
"2022-08-26","2022-08-26 00:00","940","943","936","942","940","942","955737"
"2022-08-29","2022-08-29 00:00","966","971","964","968","966","968","2300339"
"2022-08-30","2022-08-30 00:00","959","964","954","956","959","956","1512788"
"2022-08-31","2022-08-31 00:00","965","967","958","959","965","959","1114583"
"2022-09-01","2022-09-01 00:00","969","977","968","973","969","973","1496517"
"2022-09-02","2022-09-02 00:00","970","977","970","973","970","973","2880370"
"2022-09-05","2022-09-05 00:00","977","979","973","974","977","974","451841"
"2022-09-06","2022-09-06 00:00","974","977","968","974","974","974","359850"
"2022-09-07","2022-09-07 00:00","977","988","977","982","977","982","370036"
"2022-09-08","2022-09-08 00:00","971","971","958","959","971","959","409670"
"2022-09-09","2022-09-09 00:00","954","958","951","952","954","952","868160"
"2022-09-12","2022-09-12 00:00","944","946","939","943","944","943","540821"
"2022-09-13","2022-09-13 00:00","942","942","938","940","942","940","420460"
"2022-09-14","2022-09-14 00:00","967","968","959","965","967","965","1158067"
"2022-09-15","2022-09-15 00:00","965","967","961","963","965","963","526095"
"2022-09-16","2022-09-16 00:00","973","977","972","974","973","974","299284"
"2022-09-20","2022-09-20 00:00","966","972","962","971","966","971","714573"
"2022-09-21","2022-09-21 00:00","978","985","978","983","978","983","2123352"
"2022-09-22","2022-09-22 00:00","992","997","987","989","992","989","2477657"
"2022-09-26","2022-09-26 00:00","1006","1017","1004","1015","1006","1015","3747399"
"2022-09-27","2022-09-27 00:00","1010","1013","1007","1010","1010","1010","1808054"
"2022-09-28","2022-09-28 00:00","1013","1034","1012","1026","1013","1026","6206882"
"2022-09-29","2022-09-29 00:00","1006","1014","1004","1005","1006","1005","3247125"
"2022-09-30","2022-09-30 00:00","1015","1031","1013","1027","1015","1027","511626"
"2022-10-03","2022-10-03 00:00","1034","1039","1014","1015","1034","1015","618109"
"2022-10-04","2022-10-04 00:00","995","998","984","984","995","984","420377"
"2022-10-05","2022-10-05 00:00","978","984","977","981","978","981","2637267"
"2022-10-06","2022-10-06 00:00","979","979","969","973","979","973","4262075"
"2022-10-07","2022-10-07 00:00","986","987","977","979","986","979","3711504"
"2022-10-11","2022-10-11 00:00","997","1007","994","1005","997","1005","3434597"
"2022-10-12","2022-10-12 00:00","1007","1010","1002","1005","1007","1005","3198448"
"2022-10-13","2022-10-13 00:00","1005","1012","1005","1011","1005","1011","1739580"
"2022-10-14","2022-10-14 00:00","988","992","975","979","988","979","2578871"
"2022-10-17","2022-10-17 00:00","992","995","988","990","992","990","3013028"
"2022-10-18","2022-10-18 00:00","974","985","973","975","974","975","1665575"
"2022-10-19","2022-10-19 00:00","974","975","968","972","974","972","2593197"
"2022-10-20","2022-10-20 00:00","982","986","979","980","982","980","3980922"
"2022-10-21","2022-10-21 00:00","984","986","982","985","984","985","225928"
"2022-10-24","2022-10-24 00:00","973","982","970","981","973","981","2076235"
"2022-10-25","2022-10-25 00:00","976","978","969","973","976","973","3707562"
"2022-10-26","2022-10-26 00:00","967","967","960","966","967","966","2157053"
"2022-10-27","2022-10-27 00:00","967","969","965","969","967","969","278394"
"2022-10-28","2022-10-28 00:00","980","982","971","978","980","978","2335546"
"2022-10-31","2022-10-31 00:00","963","966","959","960","963","960","2869699"
"2022-11-01","2022-11-01 00:00","958","962","956","958","958","958","3149377"
"2022-11-02","2022-11-02 00:00","960","960","956","956","960","956","3284951"
"2022-11-04","2022-11-04 00:00","971","979","968","973","971","973","838906"
"2022-11-07","2022-11-07 00:00","965","968","959","961","965","961","2353362"
"2022-11-08","2022-11-08 00:00","955","955","946","950","955","950","3309614"
"2022-11-09","2022-11-09 00:00","947","955","946","953","947","953","1926573"
"2022-11-10","2022-11-10 00:00","963","966","962","963","963","963","1022171"
"2022-11-11","2022-11-11 00:00","938","941","932","935","938","935","2639185"
"2022-11-14","2022-11-14 00:00","937","944","936","944","937","944","723019"
"2022-11-15","2022-11-15 00:00","946","947","942","944","946","944","169094"
"2022-11-16","2022-11-16 00:00","944","952","941","942","944","942","427648"
"2022-11-17","2022-11-17 00:00","946","947","942","946","946","946","102357"
"2022-11-18","2022-11-18 00:00","944","947","942","947","944","947","908355"
"2022-11-21","2022-11-21 00:00","945","949","943","946","945","946","895496"
"2022-11-22","2022-11-22 00:00","942","942","936","940","942","940","2356405"
"2022-11-24","2022-11-24 00:00","930","931","926","931","930","931","835865"
"2022-11-25","2022-11-25 00:00","931","935","930","933","931","933","443238"
"2022-11-28","2022-11-28 00:00","935","941","934","937","935","937","591028"
"2022-11-29","2022-11-29 00:00","943","946","941","941","943","941","959369"
"2022-11-30","2022-11-30 00:00","946","949","943","943","946","943","944320"
"2022-12-01","2022-12-01 00:00","927","935","927","935","927","935","318765"
"2022-12-02","2022-12-02 00:00","942","954","942","950","942","950","588644"
"2022-12-05","2022-12-05 00:00","950","953","947","949","950","949","93799"
"2022-12-06","2022-12-06 00:00","953","953","944","946","953","946","1461016"
"2022-12-07","2022-12-07 00:00","953","954","949","953","953","953","136459"
"2022-12-08","2022-12-08 00:00","954","962","954","956","954","956","614601"
"2022-12-09","2022-12-09 00:00","953","953","943","946","953","946","2267508"
"2022-12-12","2022-12-12 00:00","951","951","946","947","951","947","2052426"
"2022-12-13","2022-12-13 00:00","939","945","938","943","939","943","488329"
"2022-12-14","2022-12-14 00:00","940","942","935","936","940","936","3278347"
"2022-12-15","2022-12-15 00:00","942","942","936","941","942","941","490335"
"2022-12-16","2022-12-16 00:00","953","959","952","957","953","957","368320"
"2022-12-19","2022-12-19 00:00","966","970","963","967","966","967","441370"
"2022-12-20","2022-12-20 00:00","967","997","964","991","967","991","1900208"
"2022-12-21","2022-12-21 00:00","992","1003","989","998","992","998","563683"
"2022-12-22","2022-12-22 00:00","990","998","990","993","990","993","464985"
"2022-12-23","2022-12-23 00:00","1005","1009","1001","1003","1005","1003","2004230"
"2022-12-26","2022-12-26 00:00","1001","1002","996","998","1001","998","163002"
"2022-12-27","2022-12-27 00:00","991","995","988","995","991","995","396787"
"2022-12-28","2022-12-28 00:00","1001","1005","999","999","1001","999","160210"
"2022-12-29","2022-12-29 00:00","1008","1013","1006","1008","1008","1008","210585"
"2022-12-30","2022-12-30 00:00","1002","1008","999","1008","1002","1008","798350"
"2023-01-04","2023-01-04 00:00","1017","1024","1016","1022","1017","1022","3972143"
"2023-01-05","2023-01-05 00:00","1016","1021","1012","1018","1016","1018","791286"
"2023-01-06","2023-01-06 00:00","1021","1021","1009","1012","1021","1012","1348589"
"2023-01-10","2023-01-10 00:00","1001","1005","997","1003","1001","1003","1097012"
"2023-01-11","2023-01-11 00:00","996","997","992","993","996","993","174653"
"2023-01-12","2023-01-12 00:00","992","996","990","992","992","992","385752"
"2023-01-13","2023-01-13 00:00","999","1007","995","1006","999","1006","779006"
"2023-01-16","2023-01-16 00:00","1016","1020","1012","1018","1016","1018","559177"
"2023-01-17","2023-01-17 00:00","1012","1014","1002","1004","1012","1004","2427784"
"2023-01-18","2023-01-18 00:00","1000","1002","977","979","1000","979","2067406"
"2023-01-19","2023-01-19 00:00","989","995","987","994","989","994","632600"
"2023-01-20","2023-01-20 00:00","997","997","987","988","997","988","1586808"
"2023-01-23","2023-01-23 00:00","975","979","973","973","975","973","497717"
"2023-01-24","2023-01-24 00:00","964","964","957","960","964","960","743093"
"2023-01-25","2023-01-25 00:00","963","965","954","957","963","957","692364"
"2023-01-26","2023-01-26 00:00","955","961","953","959","955","959","2549436"
"2023-01-27","2023-01-27 00:00","955","959","955","956","955","956","341269"
"2023-01-30","2023-01-30 00:00","957","959","953","956","957","956","2781018"
"2023-01-31","2023-01-31 00:00","955","960","953","960","955","960","300272"
"2023-02-01","2023-02-01 00:00","953","959","952","958","953","958","1554222"
"2023-02-02","2023-02-02 00:00","954","958","953","955","954","955","1675030"
"2023-02-03","2023-02-03 00:00","954","954","949","953","954","953","3549668"
"2023-02-06","2023-02-06 00:00","943","948","941","946","943","946","408980"
"2023-02-07","2023-02-07 00:00","945","947","942","947","945","947","1196787"
"2023-02-08","2023-02-08 00:00","948","955","946","949","948","949","2653317"
"2023-02-09","2023-02-09 00:00","955","955","947","949","955","949","2765878"
"2023-02-10","2023-02-10 00:00","949","949","942","946","949","946","2635562"
"2023-02-13","2023-02-13 00:00","952","961","951","956","952","956","1698749"
"2023-02-14","2023-02-14 00:00","946","951","945","949","946","949","1567471"
"2023-02-15","2023-02-15 00:00","945","954","945","953","945","953","1320999"
"2023-02-16","2023-02-16 00:00","948","949","944","944","948","944","3053858"
"2023-02-17","2023-02-17 00:00","952","953","948","951","952","951","1461012"
"2023-02-20","2023-02-20 00:00","953","955","951","952","953","952","362240"
"2023-02-21","2023-02-21 00:00","952","957","951","953","952","953","503457"
"2023-02-22","2023-02-22 00:00","959","968","958","964","959","964","1312107"
"2023-02-24","2023-02-24 00:00","964","964","952","954","964","954","640858"
"2023-02-27","2023-02-27 00:00","956","958","952","954","956","954","278756"
"2023-02-28","2023-02-28 00:00","951","954","947","953","951","953","1747547"
"2023-03-01","2023-03-01 00:00","954","958","949","950","954","950","1962956"
"2023-03-02","2023-03-02 00:00","950","954","947","950","950","950","1336718"
"2023-03-03","2023-03-03 00:00","945","945","935","937","945","937","3301816"
"2023-03-06","2023-03-06 00:00","928","928","923","925","928","925","2420507"
"2023-03-07","2023-03-07 00:00","926","927","920","923","926","923","2060632"
"2023-03-08","2023-03-08 00:00","926","926","917","920","926","920","6961323"
"2023-03-09","2023-03-09 00:00","912","915","909","913","912","913","1627424"
"2023-03-10","2023-03-10 00:00","923","930","919","929","923","929","2327386"
"2023-03-13","2023-03-13 00:00","936","946","935","937","936","937","1686651"
"2023-03-14","2023-03-14 00:00","952","963","952","959","952","959","5409511"
"2023-03-15","2023-03-15 00:00","950","963","950","958","950","958","1474255"
"2023-03-16","2023-03-16 00:00","978","979","964","967","978","967","3399396"
"2023-03-17","2023-03-17 00:00","959","965","953","956","959","956","3135860"
"2023-03-20","2023-03-20 00:00","957","968","953","967","957","967","1627322"
"2023-03-22","2023-03-22 00:00","953","956","947","949","953","949","2030539"
"2023-03-23","2023-03-23 00:00","956","960","949","951","956","951","407194"
"2023-03-24","2023-03-24 00:00","952","957","952","953","952","953","1586234"
"2023-03-27","2023-03-27 00:00","949","953","946","948","949","948","845796"
"2023-03-28","2023-03-28 00:00","946","951","945","946","946","946","245833"
"2023-03-29","2023-03-29 00:00","947","948","935","936","947","936","4302605"
"2023-03-30","2023-03-30 00:00","929","934","926","931","929","931","1065067"
"2023-03-31","2023-03-31 00:00","924","924","918","919","924","919","1119572"
"2023-04-03","2023-04-03 00:00","916","918","914","916","916","916","1987440"
"2023-04-04","2023-04-04 00:00","916","917","912","913","916","913","2607517"
"2023-04-05","2023-04-05 00:00","918","929","917","927","918","927","3754156"
"2023-04-06","2023-04-06 00:00","934","941","934","938","934","938","775384"
"2023-04-07","2023-04-07 00:00","936","940","935","937","936","937","2051850"
"2023-04-10","2023-04-10 00:00","932","935","929","933","932","933","335068"
"2023-04-11","2023-04-11 00:00","925","927","918","924","925","924","793158"
"2023-04-12","2023-04-12 00:00","920","922","917","919","920","919","1982067"
"2023-04-13","2023-04-13 00:00","923","923","915","917","923","917","3588484"
"2023-04-14","2023-04-14 00:00","909","910","905","906","909","906","2051962"
"2023-04-17","2023-04-17 00:00","904","908","902","904","904","904","792405"
"2023-04-18","2023-04-18 00:00","904","905","898","900","904","900","2598815"
"2023-04-19","2023-04-19 00:00","901","904","899","902","901","902","1186720"
"2023-04-20","2023-04-20 00:00","905","907","898","900","905","900","2272732"
"2023-04-21","2023-04-21 00:00","903","904","896","902","903","902","2611367"
"2023-04-24","2023-04-24 00:00","901","903","899","902","901","902","2670146"
"2023-04-25","2023-04-25 00:00","899","901","896","900","899","900","2080538"
"2023-04-26","2023-04-26 00:00","906","911","903","907","906","907","1145697"
"2023-04-27","2023-04-27 00:00","911","913","906","906","911","906","1561992"
"2023-04-28","2023-04-28 00:00","898","904","893","894","898","894","3947131"
"2023-05-01","2023-05-01 00:00","888","888","884","886","888","886","4190344"
"2023-05-02","2023-05-02 00:00","882","887","880","885","882","885","2327756"
"2023-05-08","2023-05-08 00:00","886","891","884","890","886","890","1164081"
"2023-05-09","2023-05-09 00:00","887","889","880","881","887","881","3358722"
"2023-05-10","2023-05-10 00:00","881","887","881","885","881","885","2729296"
"2023-05-11","2023-05-11 00:00","886","888","883","885","886","885","1068338"
"2023-05-12","2023-05-12 00:00","884","885","875","876","884","876","4231816"
"2023-05-15","2023-05-15 00:00","871","874","869","870","871","870","2364561"
"2023-05-16","2023-05-16 00:00","863","865","861","863","863","863","1451412"
"2023-05-17","2023-05-17 00:00","862","862","855","856","862","856","2251893"
"2023-05-18","2023-05-18 00:00","844","848","839","842","844","842","2249416"
"2023-05-19","2023-05-19 00:00","834","840","832","836","834","836","2169447"
"2023-05-22","2023-05-22 00:00","838","839","828","828","838","828","1020546"
"2023-05-23","2023-05-23 00:00","823","835","820","831","823","831","1779234"
"2023-05-24","2023-05-24 00:00","837","842","834","839","837","839","1848028"
"2023-05-25","2023-05-25 00:00","839","841","833","835","839","835","2656832"
"2023-05-26","2023-05-26 00:00","831","834","827","831","831","831","2681614"
"2023-05-29","2023-05-29 00:00","813","826","813","823","813","823","3531314"
"2023-05-30","2023-05-30 00:00","824","829","820","820","824","820","2714137"
"2023-05-31","2023-05-31 00:00","828","836","826","833","828","833","3924341"
"2023-06-01","2023-06-01 00:00","833","834","824","826","833","826","5961066"
"2023-06-02","2023-06-02 00:00","821","822","815","815","821","815","1507913"
"2023-06-05","2023-06-05 00:00","806","808","798","798","806","798","3518395"
"2023-06-06","2023-06-06 00:00","803","805","789","789","803","789","4080665"
"2023-06-07","2023-06-07 00:00","788","805","785","804","788","804","4772708"
"2023-06-08","2023-06-08 00:00","804","818","802","811","804","811","1884166"
"2023-06-09","2023-06-09 00:00","803","805","794","795","803","795","4755467"
"2023-06-12","2023-06-12 00:00","792","796","789","791","792","791","4224030"
"2023-06-13","2023-06-13 00:00","786","786","774","776","786","776","3730419"
"2023-06-14","2023-06-14 00:00","769","773","761","766","769","766","5229122"
"2023-06-15","2023-06-15 00:00","766","769","759","767","766","767","1756911"
"2023-06-16","2023-06-16 00:00","767","773","759","760","767","760","3196365"
"2023-06-19","2023-06-19 00:00","759","772","759","767","759","767","2301700"
"2023-06-20","2023-06-20 00:00","771","775","765","769","771","769","4676789"
"2023-06-21","2023-06-21 00:00","772","773","761","763","772","763","2796964"
"2023-06-22","2023-06-22 00:00","767","772","762","770","767","770","4754301"
"2023-06-23","2023-06-23 00:00","766","787","764","782","766","782","4160684"
"2023-06-26","2023-06-26 00:00","786","791","779","784","786","784","3732607"
"2023-06-27","2023-06-27 00:00","785","793","784","787","785","787","2202295"
"2023-06-28","2023-06-28 00:00","782","785","772","773","782","773","4145035"
"2023-06-29","2023-06-29 00:00","769","771","762","769","769","769","2067445"
"2023-06-30","2023-06-30 00:00","773","778","769","770","773","770","2388196"
"2023-07-03","2023-07-03 00:00","763","763","757","758","763","758","4957826"
"2023-07-04","2023-07-04 00:00","764","768","762","765","764","765","2777788"
"2023-07-05","2023-07-05 00:00","770","774","766","767","770","767","3729923"
"2023-07-06","2023-07-06 00:00","775","783","774","780","775","780","2951755"
"2023-07-07","2023-07-07 00:00","787","791","781","788","787","788","2804036"
"2023-07-10","2023-07-10 00:00","790","797","785","793","790","793","2513001"
"2023-07-11","2023-07-11 00:00","788","796","786","793","788","793","2104887"
"2023-07-12","2023-07-12 00:00","790","804","790","800","790","800","2338205"
"2023-07-13","2023-07-13 00:00","795","800","786","787","795","787","2335674"
"2023-07-14","2023-07-14 00:00","779","793","778","788","779","788","3301389"
"2023-07-18","2023-07-18 00:00","787","790","780","785","787","785","2296869"
"2023-07-19","2023-07-19 00:00","778","781","776","777","778","777","2099923"
"2023-07-20","2023-07-20 00:00","778","787","777","786","778","786","1255179"
"2023-07-21","2023-07-21 00:00","791","796","786","789","791","789","3342090"
"2023-07-24","2023-07-24 00:00","782","784","778","780","782","780","4833419"
"2023-07-25","2023-07-25 00:00","780","785","780","782","780","782","762508"
"2023-07-26","2023-07-26 00:00","781","786","780","781","781","781","1522398"
"2023-07-27","2023-07-27 00:00","785","786","774","776","785","776","2363420"
"2023-07-28","2023-07-28 00:00","786","796","777","778","786","778","2230863"
"2023-07-31","2023-07-31 00:00","771","773","763","768","771","768","1118839"
"2023-08-01","2023-08-01 00:00","767","768","761","761","767","761","987000"
"2023-08-02","2023-08-02 00:00","770","781","769","779","770","779","3202542"
"2023-08-03","2023-08-03 00:00","787","793","785","791","787","791","1107029"
"2023-08-04","2023-08-04 00:00","796","798","789","792","796","792","1863547"
"2023-08-07","2023-08-07 00:00","799","801","788","789","799","789","1154820"
"2023-08-08","2023-08-08 00:00","786","790","783","788","786","788","498785"
"2023-08-09","2023-08-09 00:00","789","792","786","790","789","790","274765"
"2023-08-10","2023-08-10 00:00","795","795","783","784","795","784","844935"
"2023-08-14","2023-08-14 00:00","784","795","781","794","784","794","1145326"
"2023-08-15","2023-08-15 00:00","787","791","786","790","787","790","1287343"
"2023-08-16","2023-08-16 00:00","797","801","795","801","797","801","1035850"
"2023-08-17","2023-08-17 00:00","804","813","803","805","804","805","1654103"
"2023-08-18","2023-08-18 00:00","813","814","804","809","813","809","1289368"
"2023-08-21","2023-08-21 00:00","807","810","801","807","807","807","1207997"
"2023-08-22","2023-08-22 00:00","800","802","797","798","800","798","683084"
"2023-08-23","2023-08-23 00:00","802","802","794","794","802","794","2781544"
"2023-08-24","2023-08-24 00:00","790","793","787","788","790","788","2798307"
"2023-08-25","2023-08-25 00:00","801","806","799","805","801","805","719188"
"2023-08-28","2023-08-28 00:00","797","798","789","789","797","789","2537141"
"2023-08-29","2023-08-29 00:00","787","790","785","789","787","789","537451"
"2023-08-30","2023-08-30 00:00","783","787","780","786","783","786","1381631"
"2023-08-31","2023-08-31 00:00","785","785","776","779","785","779","2185039"
"2023-09-01","2023-09-01 00:00","782","782","773","777","782","777","1578001"
"2023-09-04","2023-09-04 00:00","774","776","771","771","774","771","1235654"
"2023-09-05","2023-09-05 00:00","771","775","769","769","771","769","2597304"
"2023-09-06","2023-09-06 00:00","768","768","763","764","768","764","1809604"
"2023-09-07","2023-09-07 00:00","766","770","761","770","766","770","4317960"
"2023-09-08","2023-09-08 00:00","772","781","771","778","772","778","3392082"
"2023-09-11","2023-09-11 00:00","776","784","775","782","776","782","1468946"
"2023-09-12","2023-09-12 00:00","777","782","774","774","777","774","845716"
"2023-09-13","2023-09-13 00:00","775","778","772","776","775","776","313769"
"2023-09-14","2023-09-14 00:00","771","773","763","765","771","765","4185604"
"2023-09-15","2023-09-15 00:00","759","760","754","756","759","756","2761240"
"2023-09-19","2023-09-19 00:00","762","766","760","763","762","763","437322"
"2023-09-20","2023-09-20 00:00","762","769","762","768","762","768","503535"
"2023-09-21","2023-09-21 00:00","771","779","769","777","771","777","1052348"
"2023-09-22","2023-09-22 00:00","788","789","779","782","788","782","2006790"
"2023-09-25","2023-09-25 00:00","780","783","775","775","780","775","221102"
"2023-09-26","2023-09-26 00:00","776","785","776","783","776","783","795836"
"2023-09-27","2023-09-27 00:00","791","794","784","784","791","784","1244375"
"2023-09-28","2023-09-28 00:00","785","795","783","791","785","791","2263017"
"2023-09-29","2023-09-29 00:00","786","794","786","790","786","790","884624"
"2023-10-02","2023-10-02 00:00","784","793","776","793","784","793","3031756"
"2023-10-03","2023-10-03 00:00","796","808","796","806","796","806","3193068"
"2023-10-04","2023-10-04 00:00","819","825","816","823","819","823","2918315"
"2023-10-05","2023-10-05 00:00","817","823","808","810","817","810","6254886"
"2023-10-06","2023-10-06 00:00","811","813","806","810","811","810","1567328"
"2023-10-10","2023-10-10 00:00","801","801","789","792","801","792","673753"
"2023-10-11","2023-10-11 00:00","789","790","783","786","789","786","793116"
"2023-10-12","2023-10-12 00:00","782","782","772","773","782","773","986839"
"2023-10-13","2023-10-13 00:00","777","779","772","778","777","778","907686"
"2023-10-16","2023-10-16 00:00","787","795","785","794","787","794","2203634"
"2023-10-17","2023-10-17 00:00","782","787","778","784","782","784","1317304"
"2023-10-18","2023-10-18 00:00","783","788","781","783","783","783","742450"
"2023-10-19","2023-10-19 00:00","795","799","792","797","795","797","2524022"
"2023-10-20","2023-10-20 00:00","803","806","798","801","803","801","953480"
"2023-10-23","2023-10-23 00:00","805","810","804","808","805","808","658129"
"2023-10-24","2023-10-24 00:00","804","820","803","807","804","807","3296451"
"2023-10-25","2023-10-25 00:00","800","804","796","802","800","802","852197"
"2023-10-26","2023-10-26 00:00","814","820","811","819","814","819","1669888"
"2023-10-27","2023-10-27 00:00","814","817","806","807","814","807","646546"
"2023-10-30","2023-10-30 00:00","817","820","814","815","817","815","1490254"
"2023-10-31","2023-10-31 00:00","816","820","808","811","816","811","2336217"
"2023-11-01","2023-11-01 00:00","798","799","792","792","798","792","1332353"
"2023-11-02","2023-11-02 00:00","780","785","780","783","780","783","1769893"
"2023-11-06","2023-11-06 00:00","768","768","763","765","768","765","3013589"
"2023-11-07","2023-11-07 00:00","769","776","768","775","769","775","691823"
"2023-11-08","2023-11-08 00:00","768","781","768","777","768","777","895702"
"2023-11-09","2023-11-09 00:00","774","777","763","765","774","765","1711690"
"2023-11-10","2023-11-10 00:00","771","775","767","767","771","767","1483960"
"2023-11-13","2023-11-13 00:00","760","770","759","768","760","768","2908563"
"2023-11-14","2023-11-14 00:00","762","766","761","763","762","763","2292880"
"2023-11-15","2023-11-15 00:00","752","753","744","746","752","746","3755967"
"2023-11-16","2023-11-16 00:00","748","752","743","748","748","748","1778543"
"2023-11-17","2023-11-17 00:00","751","751","743","743","751","743","537844"
"2023-11-20","2023-11-20 00:00","744","749","737","749","744","749","1186407"
"2023-11-21","2023-11-21 00:00","747","751","746","748","747","748","563561"
"2023-11-22","2023-11-22 00:00","753","753","743","747","753","747","550892"
"2023-11-24","2023-11-24 00:00","740","743","738","743","740","743","737314"
"2023-11-27","2023-11-27 00:00","740","748","738","746","740","746","2020553"
"2023-11-28","2023-11-28 00:00","745","750","745","747","745","747","402924"
"2023-11-29","2023-11-29 00:00","751","753","745","749","751","749","1793952"
"2023-11-30","2023-11-30 00:00","751","753","746","746","751","746","1774457"
"2023-12-01","2023-12-01 00:00","743","748","743","746","743","746","1597346"
"2023-12-04","2023-12-04 00:00","749","756","749","751","749","751","2367996"
"2023-12-05","2023-12-05 00:00","756","763","754","761","756","761","1461645"
"2023-12-06","2023-12-06 00:00","757","759","746","746","757","746","1910878"
"2023-12-07","2023-12-07 00:00","752","761","752","760","752","760","2102809"
"2023-12-08","2023-12-08 00:00","766","774","765","772","766","772","2342710"
"2023-12-11","2023-12-11 00:00","762","763","756","759","762","759","3361200"
"2023-12-12","2023-12-12 00:00","751","760","751","760","751","760","2705352"
"2023-12-13","2023-12-13 00:00","755","759","753","756","755","756","1593031"
"2023-12-14","2023-12-14 00:00","754","767","751","762","754","762","3368557"
"2023-12-15","2023-12-15 00:00","760","761","752","756","760","756","2546749"
"2023-12-18","2023-12-18 00:00","759","766","759","760","759","760","1107908"
"2023-12-19","2023-12-19 00:00","760","763","750","750","760","750","1892942"
"2023-12-20","2023-12-20 00:00","744","744","736","739","744","739","1788198"
"2023-12-21","2023-12-21 00:00","749","752","747","751","749","751","2258662"
"2023-12-22","2023-12-22 00:00","748","751","746","751","748","751","3231902"
"2023-12-25","2023-12-25 00:00","745","750","744","748","745","748","2321003"
"2023-12-26","2023-12-26 00:00","747","750","747","748","747","748","2208707"
"2023-12-27","2023-12-27 00:00","742","743","737","739","742","739","4602262"
"2023-12-28","2023-12-28 00:00","744","744","740","740","744","740","2022468"
"2023-12-29","2023-12-29 00:00","742","746","738","744","742","744","1120459"
"2024-01-04","2024-01-04 00:00","753","760","746","746","753","746","823363"
"2024-01-05","2024-01-05 00:00","745","747","739","743","745","743","2239339"
"2024-01-09","2024-01-09 00:00","735","739","730","736","735","736","3139345"
"2024-01-10","2024-01-10 00:00","732","733","719","721","732","721","4891651"
"2024-01-11","2024-01-11 00:00","711","713","705","708","711","708","4052315"
"2024-01-12","2024-01-12 00:00","701","702","694","697","701","697","2931942"
"2024-01-15","2024-01-15 00:00","696","698","695","696","696","696","557717"
"2024-01-16","2024-01-16 00:00","696","698","689","696","696","696","4969338"
"2024-01-17","2024-01-17 00:00","690","699","684","699","690","699","4031778"
"2024-01-18","2024-01-18 00:00","701","701","693","699","701","699","4006444"
"2024-01-19","2024-01-19 00:00","687","693","686","689","687","689","5851095"
"2024-01-22","2024-01-22 00:00","681","683","677","677","681","677","3744229"
"2024-01-23","2024-01-23 00:00","676","681","669","679","676","679","3569908"
"2024-01-24","2024-01-24 00:00","679","687","679","683","679","683","1931894"
"2024-01-25","2024-01-25 00:00","685","690","682","683","685","683","4422802"
"2024-01-26","2024-01-26 00:00","689","694","686","693","689","693","4316142"
"2024-01-29","2024-01-29 00:00","692","692","684","687","692","687","4880472"
"2024-01-30","2024-01-30 00:00","684","688","683","687","684","687","1912610"
"2024-01-31","2024-01-31 00:00","693","694","682","682","693","682","3551051"
"2024-02-01","2024-02-01 00:00","688","689","685","688","688","688","2736413"
"2024-02-02","2024-02-02 00:00","682","686","679","684","682","684","4691329"
"2024-02-05","2024-02-05 00:00","678","684","678","681","678","681","2838719"
"2024-02-06","2024-02-06 00:00","683","686","681","684","683","684","2061507"
"2024-02-07","2024-02-07 00:00","689","690","683","684","689","684","3214777"
"2024-02-08","2024-02-08 00:00","680","682","669","670","680","670","4252423"
"2024-02-09","2024-02-09 00:00","668","670","663","669","668","669","3873668"
"2024-02-13","2024-02-13 00:00","659","660","650","651","659","651","5588607"
"2024-02-14","2024-02-14 00:00","656","657","653","654","656","654","4692954"
"2024-02-15","2024-02-15 00:00","648","651","646","648","648","648","2601295"
"2024-02-16","2024-02-16 00:00","638","644","635","642","638","642","5967414"
"2024-02-19","2024-02-19 00:00","642","645","640","642","642","642","2712382"
"2024-02-20","2024-02-20 00:00","641","645","637","643","641","643","3991541"
"2024-02-21","2024-02-21 00:00","646","648","643","644","646","644","1455990"
"2024-02-22","2024-02-22 00:00","636","639","630","630","636","630","4734805"
"2024-02-26","2024-02-26 00:00","626","630","626","629","626","629","2495384"
"2024-02-27","2024-02-27 00:00","629","631","626","629","629","629","2375772"
"2024-02-28","2024-02-28 00:00","629","631","627","629","629","629","1864753"
"2024-02-29","2024-02-29 00:00","633","635","628","630","633","630","5676624"
"2024-03-01","2024-03-01 00:00","627","627","616","617","627","617","8578137"
"2024-03-04","2024-03-04 00:00","612","617","611","615","612","615","4550668"
"2024-03-05","2024-03-05 00:00","617","619","612","614","617","614","2518165"
"2024-03-06","2024-03-06 00:00","619","620","614","614","619","614","4375277"
"2024-03-07","2024-03-07 00:00","610","624","609","623","610","623","1969743"
"2024-03-08","2024-03-08 00:00","620","623","616","620","620","620","3898173"
"2024-03-11","2024-03-11 00:00","632","640","631","634","632","634","3789916"
"2024-03-12","2024-03-12 00:00","640","643","634","635","640","635","3790561"
"2024-03-13","2024-03-13 00:00","629","640","628","637","629","637","2096183"
"2024-03-14","2024-03-14 00:00","638","641","633","633","638","633","1634974"
"2024-03-15","2024-03-15 00:00","639","639","634","635","639","635","3344582"
"2024-03-18","2024-03-18 00:00","631","631","619","619","631","619","5706100"
"2024-03-19","2024-03-19 00:00","621","624","615","616","621","616","6005623"
"2024-03-21","2024-03-21 00:00","605","608","601","602","605","602","7067686"
"2024-03-22","2024-03-22 00:00","600","603","597","601","600","601","2636729"
"2024-03-25","2024-03-25 00:00","601","607","601","607","601","607","3132666"
"2024-03-26","2024-03-26 00:00","608","610","605","607","608","607","1491048"
"2024-03-27","2024-03-27 00:00","606","607","599","603","606","603","1878440"
"2024-03-28","2024-03-28 00:00","604","609","603","607","604","607","3699543"
"2024-03-29","2024-03-29 00:00","606","606","603","605","606","605","2762743"
"2024-04-01","2024-04-01 00:00","606","614","599","612","606","612","3127136"
"2024-04-02","2024-04-02 00:00","611","615","608","612","611","612","1818694"
"2024-04-03","2024-04-03 00:00","617","622","615","618","617","618","1648054"
"2024-04-04","2024-04-04 00:00","610","613","605","612","610","612","3595338"
"2024-04-05","2024-04-05 00:00","622","629","621","625","622","625","2673098"
"2024-04-08","2024-04-08 00:00","619","622","615","620","619","620","2802942"
"2024-04-09","2024-04-09 00:00","616","618","612","614","616","614","2690871"
"2024-04-10","2024-04-10 00:00","615","617","613","616","615","616","3038654"
"2024-04-11","2024-04-11 00:00","623","624","617","617","623","617","3118731"
"2024-04-12","2024-04-12 00:00","614","618","613","617","614","617","3147821"
"2024-04-15","2024-04-15 00:00","625","628","621","621","625","621","1869021"
"2024-04-16","2024-04-16 00:00","629","636","629","633","629","633","3661591"
"2024-04-17","2024-04-17 00:00","630","642","630","641","630","641","2782643"
"2024-04-18","2024-04-18 00:00","644","647","637","640","644","640","3857039"
"2024-04-19","2024-04-19 00:00","647","662","647","655","647","655","6070012"
"2024-04-22","2024-04-22 00:00","655","657","648","649","655","649","2962193"
"2024-04-23","2024-04-23 00:00","644","651","642","647","644","647","4199451"
"2024-04-24","2024-04-24 00:00","639","641","632","633","639","633","3487245"
"2024-04-25","2024-04-25 00:00","642","647","639","646","642","646","1871047"
"2024-04-26","2024-04-26 00:00","642","648","637","641","642","641","4884193"
"2024-04-30","2024-04-30 00:00","632","637","629","633","632","633","5920883"
"2024-05-01","2024-05-01 00:00","639","639","632","636","639","636","1732964"
"2024-05-02","2024-05-02 00:00","638","640","633","635","638","635","3103351"
"2024-05-07","2024-05-07 00:00","625","631","623","626","625","626","4638352"
"2024-05-08","2024-05-08 00:00","628","636","626","635","628","635","989279"
"2024-05-09","2024-05-09 00:00","635","638","631","638","635","638","2773294"
"2024-05-10","2024-05-10 00:00","631","637","626","635","631","635","4074327"
"2024-05-13","2024-05-13 00:00","636","640","634","637","636","637","3735122"
"2024-05-14","2024-05-14 00:00","635","638","631","634","635","634","1122903"
"2024-05-15","2024-05-15 00:00","628","634","625","632","628","632","4069720"
"2024-05-16","2024-05-16 00:00","626","631","622","624","626","624","4168976"
"2024-05-17","2024-05-17 00:00","629","630","625","626","629","626","3597746"
"2024-05-20","2024-05-20 00:00","626","627","615","621","626","621","3749532"
"2024-05-21","2024-05-21 00:00","617","623","616","622","617","622","1771591"
"2024-05-22","2024-05-22 00:00","623","629","623","628","623","628","1828818"
"2024-05-23","2024-05-23 00:00","623","628","619","621","623","621","1664791"
"2024-05-24","2024-05-24 00:00","630","633","626","628","630","628","3575152"
"2024-05-27","2024-05-27 00:00","625","627","623","623","625","623","1365556"
"2024-05-28","2024-05-28 00:00","623","626","622","623","623","623","2017434"
"2024-05-29","2024-05-29 00:00","623","630","619","630","623","630","2894688"
"2024-05-30","2024-05-30 00:00","636","645","636","638","636","638","1844485"
"2024-05-31","2024-05-31 00:00","636","636","629","629","636","629","2325264"
"2024-06-03","2024-06-03 00:00","626","626","620","622","626","622","3465989"
"2024-06-04","2024-06-04 00:00","626","628","623","625","626","625","1978313"
"2024-06-05","2024-06-05 00:00","629","632","628","629","629","629","463325"
"2024-06-06","2024-06-06 00:00","621","626","620","625","621","625","1448036"
"2024-06-07","2024-06-07 00:00","628","628","625","627","628","627","303223"
"2024-06-10","2024-06-10 00:00","627","627","619","620","627","620","834862"
"2024-06-11","2024-06-11 00:00","618","620","615","620","618","620","1114371"
"2024-06-12","2024-06-12 00:00","623","625","622","623","623","623","1083434"
"2024-06-13","2024-06-13 00:00","618","626","616","626","618","626","1294928"
"2024-06-14","2024-06-14 00:00","627","629","620","623","627","623","1076382"
"2024-06-17","2024-06-17 00:00","630","639","630","637","630","637","1108907"
"2024-06-18","2024-06-18 00:00","629","632","629","630","629","630","789058"
"2024-06-19","2024-06-19 00:00","627","630","624","629","627","629","308007"
"2024-06-20","2024-06-20 00:00","631","633","626","626","631","626","771493"
"2024-06-21","2024-06-21 00:00","628","629","624","627","628","627","404450"
"2024-06-24","2024-06-24 00:00","630","631","622","625","630","625","766281"
"2024-06-25","2024-06-25 00:00","624","625","617","618","624","618","758986"
"2024-06-26","2024-06-26 00:00","615","617","608","610","615","610","4468315"
"2024-06-27","2024-06-27 00:00","614","618","614","615","614","615","1086100"
"2024-06-28","2024-06-28 00:00","612","613","608","612","612","612","762968"
"2024-07-01","2024-07-01 00:00","608","612","606","611","608","611","1742649"
"2024-07-02","2024-07-02 00:00","612","614","603","604","612","604","1245011"
"2024-07-03","2024-07-03 00:00","602","602","594","595","602","595","2578787"
"2024-07-04","2024-07-04 00:00","593","596","590","590","593","590","1133585"
"2024-07-05","2024-07-05 00:00","591","594","588","591","591","591","2898275"
"2024-07-08","2024-07-08 00:00","592","593","588","592","592","592","1277458"
"2024-07-09","2024-07-09 00:00","590","590","578","581","590","581","6078633"
"2024-07-10","2024-07-10 00:00","583","584","576","577","583","577","2595576"
"2024-07-11","2024-07-11 00:00","570","574","569","572","570","572","1617934"
"2024-07-12","2024-07-12 00:00","580","587","579","585","580","585","4392808"
"2024-07-16","2024-07-16 00:00","583","586","581","585","583","585","600351"
"2024-07-17","2024-07-17 00:00","582","588","582","587","582","587","1162481"
"2024-07-18","2024-07-18 00:00","601","602","597","601","601","601","1593903"
"2024-07-19","2024-07-19 00:00","602","606","600","603","602","603","1157785"
"2024-07-22","2024-07-22 00:00","604","611","604","610","604","610","1288985"
"2024-07-23","2024-07-23 00:00","604","611","604","609","604","609","1100420"
"2024-07-24","2024-07-24 00:00","613","617","609","617","613","617","1786490"
"2024-07-25","2024-07-25 00:00","630","637","630","637","630","637","6041581"
"2024-07-26","2024-07-26 00:00","637","641","632","639","637","639","3155051"
"2024-07-29","2024-07-29 00:00","629","630","621","625","629","625","1626348"
"2024-07-30","2024-07-30 00:00","629","633","624","626","629","626","767625"
"2024-07-31","2024-07-31 00:00","633","635","614","615","633","615","6775735"
"2024-08-01","2024-08-01 00:00","622","637","622","631","622","631","2266745"
"2024-08-02","2024-08-02 00:00","657","669","655","667","657","667","5621061"
"2024-08-05","2024-08-05 00:00","701","767","698","759","701","759","14422474"
"2024-08-06","2024-08-06 00:00","683","701","665","679","683","679","5421712"
"2024-08-07","2024-08-07 00:00","697","697","649","664","697","664","4379155"
"2024-08-08","2024-08-08 00:00","676","682","659","670","676","670","3342422"
"2024-08-09","2024-08-09 00:00","655","678","652","664","655","664","3191522"
"2024-08-13","2024-08-13 00:00","654","655","643","643","654","643","1645241"
"2024-08-14","2024-08-14 00:00","636","646","635","639","636","639","1416730"
"2024-08-15","2024-08-15 00:00","640","641","631","634","640","634","926208"
"2024-08-16","2024-08-16 00:00","618","621","609","610","618","610","3530163"
"2024-08-19","2024-08-19 00:00","614","623","610","623","614","623","3040629"
"2024-08-20","2024-08-20 00:00","613","616","607","609","613","609","1422038"
"2024-08-21","2024-08-21 00:00","617","619","611","611","617","611","1061455"
"2024-08-22","2024-08-22 00:00","612","613","604","609","612","609","1605820"
"2024-08-23","2024-08-23 00:00","607","611","604","605","607","605","1238602"
"2024-08-26","2024-08-26 00:00","610","614","608","609","610","609","803878"
"2024-08-27","2024-08-27 00:00","611","613","605","606","611","606","616543"
"2024-08-28","2024-08-28 00:00","608","609","605","605","608","605","546886"
"2024-08-29","2024-08-29 00:00","610","612","604","605","610","605","985952"
"2024-08-30","2024-08-30 00:00","604","605","600","600","604","600","760299"
"2024-09-02","2024-09-02 00:00","593","603","593","599","593","599","675054"
"2024-09-03","2024-09-03 00:00","600","602","595","599","600","599","454298"
"2024-09-04","2024-09-04 00:00","619","628","616","625","619","625","2255991"
"2024-09-05","2024-09-05 00:00","635","637","624","631","635","631","1691106"
"2024-09-06","2024-09-06 00:00","628","639","626","635","628","635","696819"
"2024-09-09","2024-09-09 00:00","655","656","638","639","655","639","2219233"
"2024-09-10","2024-09-10 00:00","636","643","633","641","636","641","957503"
"2024-09-11","2024-09-11 00:00","644","657","642","650","644","650","2105647"
"2024-09-12","2024-09-12 00:00","631","635","626","627","631","627","1304675"
"2024-09-13","2024-09-13 00:00","628","635","627","633","628","633","692901"
"2024-09-17","2024-09-17 00:00","633","646","631","638","633","638","1137215"
"2024-09-18","2024-09-18 00:00","632","640","630","635","632","635","432911"
"2024-09-19","2024-09-19 00:00","620","625","617","623","620","623","1400200"
"2024-09-20","2024-09-20 00:00","611","613","608","611","611","611","1198982"
"2024-09-24","2024-09-24 00:00","604","610","601","608","604","608","790771"
"2024-09-25","2024-09-25 00:00","608","610","606","609","608","609","499285"
"2024-09-26","2024-09-26 00:00","602","602","593","595","602","595","838748"
"2024-09-27","2024-09-27 00:00","586","589","575","576","586","576","1899855"
"2024-09-30","2024-09-30 00:00","603","604","594","602","603","602","2159662"
"2024-10-01","2024-10-01 00:00","596","598","590","591","596","591","1072556"
"2024-10-02","2024-10-02 00:00","601","606","598","604","601","604","1612718"
"2024-10-03","2024-10-03 00:00","586","593","585","591","586","591","935148"
"2024-10-04","2024-10-04 00:00","591","593","588","590","591","590","1044019"
"2024-10-07","2024-10-07 00:00","577","580","576","578","577","578","968676"
"2024-10-08","2024-10-08 00:00","585","588","583","585","585","585","770694"
"2024-10-09","2024-10-09 00:00","578","583","577","581","578","581","560668"
"2024-10-10","2024-10-10 00:00","576","581","575","579","576","579","457303"
"2024-10-11","2024-10-11 00:00","577","578","574","576","577","576","728661"
"2024-10-15","2024-10-15 00:00","569","571","566","570","569","570","1423031"
"2024-10-16","2024-10-16 00:00","585","586","579","581","585","581","872627"
"2024-10-17","2024-10-17 00:00","579","585","579","584","579","584","437426"
"2024-10-18","2024-10-18 00:00","582","586","581","584","582","584","382230"
"2024-10-21","2024-10-21 00:00","585","588","582","583","585","583","469019"
"2024-10-22","2024-10-22 00:00","584","596","584","592","584","592","672510"
"2024-10-23","2024-10-23 00:00","594","600","591","597","594","597","710450"
"2024-10-24","2024-10-24 00:00","603","604","594","597","603","597","1206984"
"2024-10-25","2024-10-25 00:00","600","604","598","600","600","600","606930"
"2024-10-28","2024-10-28 00:00","603","604","587","588","603","588","1970680"
"2024-10-29","2024-10-29 00:00","591","592","585","586","591","586","454669"
"2024-10-30","2024-10-30 00:00","582","582","577","580","582","580","737013"
"2024-10-31","2024-10-31 00:00","580","586","580","581","580","581","1665623"
"2024-11-01","2024-11-01 00:00","595","599","592","597","595","597","1316086"
"2024-11-05","2024-11-05 00:00","593","596","588","590","593","590","1214419"
"2024-11-06","2024-11-06 00:00","587","588","572","576","587","576","783203"
"2024-11-07","2024-11-07 00:00","571","582","569","577","571","577","1263253"
"2024-11-08","2024-11-08 00:00","571","577","569","577","571","577","1226569"
"2024-11-11","2024-11-11 00:00","577","578","574","575","577","575","684841"
"2024-11-12","2024-11-12 00:00","572","581","570","579","572","579","487996"
"2024-11-13","2024-11-13 00:00","578","588","576","586","578","586","1905167"
"2024-11-14","2024-11-14 00:00","583","589","580","589","583","589","804182"
"2024-11-15","2024-11-15 00:00","585","587","581","587","585","587","728767"
"2024-11-18","2024-11-18 00:00","593","596","588","593","593","593","932384"
"2024-11-19","2024-11-19 00:00","591","594","588","590","591","590","726456"
"2024-11-20","2024-11-20 00:00","591","595","589","591","591","591","429289"
"2024-11-21","2024-11-21 00:00","593","598","591","596","593","596","550489"
"2024-11-22","2024-11-22 00:00","594","596","590","593","594","593","530190"
"2024-11-25","2024-11-25 00:00","586","587","580","585","586","585","634091"
"2024-11-26","2024-11-26 00:00","588","597","588","591","588","591","533676"
"2024-11-27","2024-11-27 00:00","594","597","592","595","594","595","305204"
"2024-11-28","2024-11-28 00:00","599","601","589","591","599","591","1670115"
"2024-11-29","2024-11-29 00:00","593","598","592","594","593","594","774902"
"2024-12-02","2024-12-02 00:00","595","598","588","589","595","589","502586"
"2024-12-03","2024-12-03 00:00","586","586","575","579","586","579","1575707"
"2024-12-04","2024-12-04 00:00","578","581","575","577","578","577","265344"
"2024-12-05","2024-12-05 00:00","572","577","571","577","572","577","468058"
"2024-12-06","2024-12-06 00:00","576","582","575","580","576","580","470294"
"2024-12-09","2024-12-09 00:00","576","582","576","579","576","579","381497"
"2024-12-10","2024-12-10 00:00","576","579","575","576","576","576","900458"
"2024-12-11","2024-12-11 00:00","576","580","575","575","576","575","381059"
"2024-12-12","2024-12-12 00:00","569","570","565","569","569","569","1586626"
"2024-12-13","2024-12-13 00:00","573","578","571","573","573","573","507358"
"2024-12-16","2024-12-16 00:00","573","576","572","575","573","575","400642"
"2024-12-17","2024-12-17 00:00","572","576","569","576","572","576","426267"
"2024-12-18","2024-12-18 00:00","577","580","575","579","577","579","392169"
"2024-12-19","2024-12-19 00:00","591","591","582","583","591","583","979467"
"2024-12-20","2024-12-20 00:00","581","586","580","584","581","584","426197"
"2024-12-23","2024-12-23 00:00","579","584","577","577","579","577","521043"
"2024-12-24","2024-12-24 00:00","576","581","576","581","576","581","465548"
"2024-12-25","2024-12-25 00:00","577","582","577","578","577","578","363416"
"2024-12-26","2024-12-26 00:00","578","578","572","574","578","574","669255"
"2024-12-27","2024-12-27 00:00","571","571","560","563","571","563","6232996"
"2024-12-30","2024-12-30 00:00","562","568","562","567","562","567","1057925"
"2025-01-06","2025-01-06 00:00","568","577","566","575","568","575","1452431"
"2025-01-07","2025-01-07 00:00","569","571","561","565","569","565","1851814"
"2025-01-08","2025-01-08 00:00","568","570","564","566","568","566","641848"
"2025-01-09","2025-01-09 00:00","568","575","566","570","568","570","1182345"
"2025-01-10","2025-01-10 00:00","575","578","573","576","575","576","571072"
"2025-01-14","2025-01-14 00:00","580","590","579","589","580","589","2678837"
"2025-01-15","2025-01-15 00:00","583","590","582","589","583","589","1002392"
"2025-01-16","2025-01-16 00:00","583","589","580","586","583","586","3066760"
"2025-01-17","2025-01-17 00:00","588","594","587","587","588","587","1459756"
"2025-01-20","2025-01-20 00:00","583","584","578","580","583","580","2386807"
"2025-01-21","2025-01-21 00:00","577","585","576","580","577","580","1465132"
"2025-01-22","2025-01-22 00:00","573","575","569","570","573","570","1630416"
"2025-01-23","2025-01-23 00:00","567","570","564","565","567","565","511238"
"2025-01-24","2025-01-24 00:00","565","568","560","566","565","566","1343524"
"2025-01-27","2025-01-27 00:00","562","572","560","571","562","571","1431357"
"2025-01-28","2025-01-28 00:00","577","581","574","579","577","579","1685121"
"2025-01-29","2025-01-29 00:00","573","578","572","574","573","574","642389"
"2025-01-30","2025-01-30 00:00","575","576","570","571","575","571","599743"
"2025-01-31","2025-01-31 00:00","569","572","569","571","569","571","561716"
"2025-02-03","2025-02-03 00:00","585","588","580","585","585","585","2449706"
"2025-02-04","2025-02-04 00:00","575","584","575","582","575","582","893326"
"2025-02-05","2025-02-05 00:00","579","584","576","581","579","581","655419"
"2025-02-06","2025-02-06 00:00","580","581","575","578","580","578","390793"
"2025-02-07","2025-02-07 00:00","580","583","578","581","580","581","548809"
"2025-02-10","2025-02-10 00:00","583","585","580","580","583","580","571678"
"2025-02-12","2025-02-12 00:00","578","582","577","579","578","579","212920"
"2025-02-13","2025-02-13 00:00","576","577","570","571","576","571","565442"
"2025-02-14","2025-02-14 00:00","571","577","569","576","571","576","405580"
"2025-02-17","2025-02-17 00:00","578","579","574","575","578","575","215909"
"2025-02-18","2025-02-18 00:00","576","577","570","574","576","574","1024030"
"2025-02-19","2025-02-19 00:00","576","578","574","576","576","576","591055"
"2025-02-20","2025-02-20 00:00","579","587","579","584","579","584","1105194"
"2025-02-21","2025-02-21 00:00","586","587","581","581","586","581","1212555"
"2025-02-25","2025-02-25 00:00","591","592","586","589","591","589","1172754"
"2025-02-26","2025-02-26 00:00","591","598","591","592","591","592","614524"
"2025-02-27","2025-02-27 00:00","589","592","587","590","589","590","1644535"
"2025-02-28","2025-02-28 00:00","598","611","597","605","598","605","1984118"
"2025-03-03","2025-03-03 00:00","596","603","594","594","596","594","1138531"
"2025-03-04","2025-03-04 00:00","603","611","601","604","603","604","1153226"
"2025-03-05","2025-03-05 00:00","603","606","598","601","603","601","1330323"
"2025-03-06","2025-03-06 00:00","597","599","593","597","597","597","694189"
"2025-03-07","2025-03-07 00:00","607","611","605","610","607","610","1468998"
"2025-03-10","2025-03-10 00:00","608","613","605","608","608","608","1805138"
"2025-03-11","2025-03-11 00:00","618","625","611","611","618","611","1215333"
"2025-03-12","2025-03-12 00:00","612","613","608","611","612","611","909981"
"2025-03-13","2025-03-13 00:00","606","612","602","612","606","612","710887"
"2025-03-14","2025-03-14 00:00","613","616","605","606","613","606","642187"
"2025-03-17","2025-03-17 00:00","599","602","598","601","599","601","2659838"
"2025-03-18","2025-03-18 00:00","592","594","591","594","592","594","605666"
"2025-03-19","2025-03-19 00:00","595","595","589","594","595","594","755301"
"2025-03-21","2025-03-21 00:00","597","598","591","596","597","596","691524"
"2025-03-24","2025-03-24 00:00","594","598","593","598","594","598","231228"
"2025-03-25","2025-03-25 00:00","591","597","589","595","591","595","5183545"
"2025-03-26","2025-03-26 00:00","589","594","587","590","589","590","3021958"
"2025-03-27","2025-03-27 00:00","596","599","593","595","596","595","1083860"
"2025-03-28","2025-03-28 00:00","597","605","596","600","597","600","913187"
"2025-03-31","2025-03-31 00:00","620","626","618","623","620","623","1981486"
"2025-04-01","2025-04-01 00:00","618","627","617","624","618","624","518367"
"2025-04-02","2025-04-02 00:00","622","629","622","624","622","624","2488083"
"2025-04-03","2025-04-03 00:00","653","654","638","639","653","639","6372945"
"2025-04-04","2025-04-04 00:00","653","668","648","656","653","656","2863421"
"2025-04-07","2025-04-07 00:00","719","719","694","707","719","707","4013469"
"2025-04-08","2025-04-08 00:00","675","677","659","665","675","665","3068129"
"2025-04-09","2025-04-09 00:00","683","700","680","691","683","691","5555373"
"2025-04-10","2025-04-10 00:00","624","640","624","630","624","630","3201018"
"2025-04-11","2025-04-11 00:00","660","665","645","646","660","646","2249535"
"2025-04-14","2025-04-14 00:00","640","642","632","638","640","638","1215218"
"2025-04-15","2025-04-15 00:00","633","634","630","634","633","634","796941"
"2025-04-16","2025-04-16 00:00","635","645","634","640","635","640","1859062"
"2025-04-17","2025-04-17 00:00","639","641","631","632","639","632","1239729"
"2025-04-18","2025-04-18 00:00","630","634","624","624","630","624","1048454"
"2025-04-21","2025-04-21 00:00","628","634","627","634","628","634","429327"
"2025-04-22","2025-04-22 00:00","634","636","632","633","634","633","715732"
"2025-04-23","2025-04-23 00:00","617","626","616","623","617","623","762009"
"2025-04-24","2025-04-24 00:00","615","620","614","620","615","620","555575"
"2025-04-25","2025-04-25 00:00","611","613","605","606","611","606","1007474"
"2025-04-28","2025-04-28 00:00","603","606","601","606","603","606","645390"
"2025-04-30","2025-04-30 00:00","604","606","601","601","604","601","677105"
"2025-05-01","2025-05-01 00:00","600","602","593","595","600","595","999158"
"2025-05-02","2025-05-02 00:00","593","593","586","589","593","589","1285616"
"2025-05-07","2025-05-07 00:00","587","590","586","589","587","589","457554"
"2025-05-08","2025-05-08 00:00","587","591","584","584","587","584","1234952"
"2025-05-09","2025-05-09 00:00","580","582","577","578","580","578","1796846"
"2025-05-12","2025-05-12 00:00","575","580","574","575","575","575","1581694"
"2025-05-13","2025-05-13 00:00","563","568","562","567","563","567","1925448"
"2025-05-14","2025-05-14 00:00","565","573","564","568","565","568","1135752"
"2025-05-15","2025-05-15 00:00","574","576","572","575","574","575","1041147"
"2025-05-16","2025-05-16 00:00","573","579","573","574","573","574","1165316"
"2025-05-19","2025-05-19 00:00","577","579","575","578","577","578","1155078"
"2025-05-20","2025-05-20 00:00","575","579","571","577","575","577","1302871"
"2025-05-21","2025-05-21 00:00","577","581","575","581","577","581","1508495"
"2025-05-22","2025-05-22 00:00","587","588","584","587","587","587","2142573"
"2025-05-23","2025-05-23 00:00","584","584","581","584","584","584","1226107"
"2025-05-26","2025-05-26 00:00","583","583","577","577","583","577","467606"
"2025-05-27","2025-05-27 00:00","578","580","573","573","578","573","314651"
"2025-05-28","2025-05-28 00:00","567","575","567","575","567","575","533018"
"2025-05-29","2025-05-29 00:00","568","569","563","563","568","563","1338560"
"2025-05-30","2025-05-30 00:00","572","573","568","568","572","568","3386923"
"2025-06-02","2025-06-02 00:00","576","580","575","578","576","578","813034"
"2025-06-03","2025-06-03 00:00","576","578","573","577","576","577","1202378"
"2025-06-04","2025-06-04 00:00","574","575","571","574","574","574","1608439"
"2025-06-05","2025-06-05 00:00","577","577","574","577","577","577","882786"
"2025-06-06","2025-06-06 00:00","577","577","573","574","577","574","106683"
"2025-06-09","2025-06-09 00:00","569","569","567","568","569","568","403367"
"2025-06-10","2025-06-10 00:00","566","568","562","568","566","568","759428"
"2025-06-11","2025-06-11 00:00","564","566","562","564","564","564","1777657"
"2025-06-12","2025-06-12 00:00","565","568","564","567","565","567","879567"
"2025-06-13","2025-06-13 00:00","569","577","568","572","569","572","1582240"
"2025-06-16","2025-06-16 00:00","569","569","564","566","569","566","1166745"
"2025-06-17","2025-06-17 00:00","564","565","561","561","564","561","1124825"
"2025-06-18","2025-06-18 00:00","564","564","556","556","564","556","1725153"
"2025-06-19","2025-06-19 00:00","558","563","557","563","558","563","1091578"
"2025-06-20","2025-06-20 00:00","562","564","560","563","562","563","1840380"
"2025-06-23","2025-06-23 00:00","566","569","563","564","566","564","717779"
"2025-06-24","2025-06-24 00:00","557","560","554","559","557","559","1419947"
"2025-06-25","2025-06-25 00:00","557","559","555","555","557","555","368424"
"2025-06-26","2025-06-26 00:00","554","554","546","548","554","548","6057338"
"2025-06-27","2025-06-27 00:00","542","542","536","539","542","539","2096226"
"2025-06-30","2025-06-30 00:00","533","536","528","535","533","535","2627087"
"2025-07-01","2025-07-01 00:00","536","542","535","542","536","542","944655"
"2025-07-02","2025-07-02 00:00","548","548","540","542","548","542","921328"
"2025-07-03","2025-07-03 00:00","542","545","541","544","542","544","388402"
"2025-07-04","2025-07-04 00:00","541","544","540","543","541","543","513129"
"2025-07-07","2025-07-07 00:00","544","547","542","546","544","546","664319"
"2025-07-08","2025-07-08 00:00","547","547","542","543","547","543","670497"
"2025-07-09","2025-07-09 00:00","540","546","540","542","540","542","1312257"
"2025-07-10","2025-07-10 00:00","542","546","542","544","542","544","373370"
"2025-07-11","2025-07-11 00:00","542","547","540","546","542","546","463375"
"2025-07-14","2025-07-14 00:00","548","550","545","548","548","548","585139"
"2025-07-15","2025-07-15 00:00","546","549","544","544","546","544","726658"
"2025-07-16","2025-07-16 00:00","545","547","541","545","545","545","1441397"
"2025-07-17","2025-07-17 00:00","547","549","541","542","547","542","622352"
"2025-07-18","2025-07-18 00:00","539","544","538","543","539","543","932147"
"2025-07-22","2025-07-22 00:00","543","546","536","544","543","544","771189"
"2025-07-23","2025-07-23 00:00","534","536","521","523","534","523","3631606"
"2025-07-24","2025-07-24 00:00","517","518","512","516","517","516","2965142"
"2025-07-25","2025-07-25 00:00","518","521","516","519","518","519","1314258"
"2025-07-28","2025-07-28 00:00","519","526","519","526","519","526","671744"
"2025-07-29","2025-07-29 00:00","528","531","528","529","528","529","1099068"
"2025-07-30","2025-07-30 00:00","528","531","528","530","528","530","1288700"
"2025-07-31","2025-07-31 00:00","528","530","523","525","528","525","878414"
"2025-08-01","2025-08-01 00:00","530","531","525","527","530","527","299711"
"2025-08-04","2025-08-04 00:00","540","541","533","535","540","535","1746160"
"2025-08-05","2025-08-05 00:00","531","533","529","530","531","530","1232499"
"2025-08-06","2025-08-06 00:00","532","533","527","528","532","528","380374"
"2025-08-07","2025-08-07 00:00","529","530","523","525","529","525","314153"
"2025-08-08","2025-08-08 00:00","523","523","512","516","523","516","4571318"
"2025-08-12","2025-08-12 00:00","510","510","500","504","510","504","8187233"
"2025-08-13","2025-08-13 00:00","499","501","495","497","499","497","6418478"
"2025-08-14","2025-08-14 00:00","499","505","497","504","499","504","5522367"
"2025-08-15","2025-08-15 00:00","502","503","495","496","502","496","1296626"
"2025-08-18","2025-08-18 00:00","495","496","490","492","495","492","1163850"
"2025-08-19","2025-08-19 00:00","491","495","490","494","491","494","963276"
"2025-08-20","2025-08-20 00:00","497","503","497","501","497","501","3984576"
"2025-08-21","2025-08-21 00:00","502","505","500","503","502","503","1228931"
"2025-08-22","2025-08-22 00:00","503","508","502","504","503","504","5066234"
"2025-08-25","2025-08-25 00:00","499","504","497","501","499","501","1547308"
"2025-08-26","2025-08-26 00:00","504","510","503","506","504","506","594794"
"2025-08-27","2025-08-27 00:00","506","508","504","506","506","506","297179"
"2025-08-28","2025-08-28 00:00","508","508","500","500","508","500","1279669"
"2025-08-29","2025-08-29 00:00","501","504","501","501","501","501","326398"
"2025-09-01","2025-09-01 00:00","508","513","505","508","508","508","2570372"
"2025-09-02","2025-09-02 00:00","507","510","505","508","507","508","463862"
"2025-09-03","2025-09-03 00:00","511","513","508","511","511","511","423158"
"2025-09-04","2025-09-04 00:00","510","511","504","504","510","504","459867"
"2025-09-05","2025-09-05 00:00","499","502","496","498","499","498","1117708"
"2025-09-08","2025-09-08 00:00","493","495","489","491","493","491","2078222"
"2025-09-09","2025-09-09 00:00","489","494","486","494","489","494","2166896"
"2025-09-10","2025-09-10 00:00","493","494","489","490","493","490","471960"
"2025-09-11","2025-09-11 00:00","489","490","483","484","489","484","2387936"
"2025-09-12","2025-09-12 00:00","478","482","478","480","478","480","1730970"
"2025-09-16","2025-09-16 00:00","478","481","476","478","478","478","1329207"
"2025-09-17","2025-09-17 00:00","480","481","476","479","480","479","1105129"
"2025-09-18","2025-09-18 00:00","477","479","471","473","477","473","1993749"
"2025-09-19","2025-09-19 00:00","469","482","467","476","469","476","4152453"
"2025-09-22","2025-09-22 00:00","474","474","468","472","474","472","3788155"
"2025-09-24","2025-09-24 00:00","472","475","469","470","472","470","1049348"
"2025-09-25","2025-09-25 00:00","470","472","467","468","470","468","957080"
"2025-09-26","2025-09-26 00:00","470","473","468","473","470","473","1300988"
"2025-09-29","2025-09-29 00:00","472","475","471","474","472","474","2018924"
"2025-09-30","2025-09-30 00:00","473","476","472","475","473","475","530284"
"2025-10-01","2025-10-01 00:00","476","480","475","477","476","477","1940806"
"2025-10-02","2025-10-02 00:00","474","477","471","473","474","473","4534788"
"2025-10-03","2025-10-03 00:00","472","472","464","465","472","465","2103912"
"2025-10-06","2025-10-06 00:00","449","450","440","442","449","442","5857814"
"2025-10-07","2025-10-07 00:00","438","443","437","443","438","443","2173408"
"2025-10-08","2025-10-08 00:00","443","445","440","444","443","444","1748989"
"2025-10-09","2025-10-09 00:00","440","442","436","438","440","438","1913969"
"2025-10-10","2025-10-10 00:00","436","443","436","441","436","441","2193712"
"2025-10-14","2025-10-14 00:00","448","456","443","453","448","453","5447068"
"2025-10-15","2025-10-15 00:00","451","452","443","444","451","444","2291372"
"2025-10-16","2025-10-16 00:00","440","442","438","438","440","438","2318526"
"2025-10-17","2025-10-17 00:00","444","446","440","445","444","445","1385631"
"2025-10-20","2025-10-20 00:00","437","439","430","430","437","430","2093981"
"2025-10-21","2025-10-21 00:00","425","431","423","430","425","430","2736552"
"2025-10-22","2025-10-22 00:00","429","435","427","430","429","430","968168"
"2025-10-23","2025-10-23 00:00","434","437","433","434","434","434","1480563"
"2025-10-27","2025-10-27 00:00","422","423","418","419","422","419","3237149"
"2025-10-28","2025-10-28 00:00","419","422","418","421","419","421","1366315"
"2025-10-29","2025-10-29 00:00","417","417","410","412","417","412","2534192"
"2025-10-30","2025-10-30 00:00","414","415","409","413","414","413","2844023"
"2025-10-31","2025-10-31 00:00","409","409","402","402","409","402","9871576"
"2025-11-04","2025-11-04 00:00","403","410","401","410","403","410","2711679"
"2025-11-05","2025-11-05 00:00","418","430","417","419","418","419","5674849"
"2025-11-06","2025-11-06 00:00","412","417","411","416","412","416","3456381"
"2025-11-07","2025-11-07 00:00","422","425","418","419","422","419","2642282"
"2025-11-10","2025-11-10 00:00","415","418","413","415","415","415","1044865"
"2025-11-11","2025-11-11 00:00","411","417","409","416","411","416","5670481"
"2025-11-12","2025-11-12 00:00","416","417","413","413","416","413","986198"
"2025-11-13","2025-11-13 00:00","414","414","410","411","414","411","713907"
"2025-11-14","2025-11-14 00:00","421","421","415","418","421","418","2768925"
"2025-11-17","2025-11-17 00:00","421","423","418","418","421","418","839959"
"2025-11-18","2025-11-18 00:00","424","433","422","432","424","432","4025229"
"2025-11-19","2025-11-19 00:00","432","437","429","433","432","433","1963547"
"2025-11-20","2025-11-20 00:00","418","424","416","422","418","422","1869193"
"2025-11-21","2025-11-21 00:00","433","435","429","433","433","433","3159164"
"2025-11-25","2025-11-25 00:00","425","434","425","433","425","433","1341331"
"2025-11-26","2025-11-26 00:00","430","430","422","425","430","425","1174262"
"2025-11-27","2025-11-27 00:00","420","421","418","420","420","420","1060314"
"2025-11-28","2025-11-28 00:00","419","420","418","419","419","419","506037"
"2025-12-01","2025-12-01 00:00","417","427","417","427","417","427","1693204"
"2025-12-02","2025-12-02 00:00","425","427","423","426","425","426","735055"
"2025-12-03","2025-12-03 00:00","423","424","419","422","423","422","601564"
"2025-12-04","2025-12-04 00:00","421","421","411","411","421","411","1497534"
"2025-12-05","2025-12-05 00:00","416","418","415","416","416","416","748439"
"2025-12-08","2025-12-08 00:00","414","418","414","415","414","415","498293"
"2025-12-09","2025-12-09 00:00","415","417","413","416","415","416","1132131"
"2025-12-10","2025-12-10 00:00","413","417","411","415","413","415","777156"
"2025-12-11","2025-12-11 00:00","414","420","413","420","414","420","493179"
"2025-12-12","2025-12-12 00:00","414","417","411","413","414","413","769727"
"2025-12-15","2025-12-15 00:00","419","421","417","419","419","419","823871"
"2025-12-16","2025-12-16 00:00","420","426","420","424","420","424","960630"
"2025-12-17","2025-12-17 00:00","424","427","423","423","424","423","632487"
"2025-12-18","2025-12-18 00:00","430","432","427","427","430","427","632432"
"2025-12-19","2025-12-19 00:00","425","426","422","423","425","423","2051332"
"2025-12-22","2025-12-22 00:00","416","418","415","417","416","417","826531"
"2025-12-23","2025-12-23 00:00","416","418","415","417","416","417","641887"
"2025-12-24","2025-12-24 00:00","415","417","414","416","415","416","379713"
"2025-12-25","2025-12-25 00:00","415","418","415","416","415","416","502391"
"2025-12-26","2025-12-26 00:00","416","416","411","413","416","413","3641820"
"2025-12-29","2025-12-29 00:00","413","417","413","415","413","415","1487813"
"2025-12-30","2025-12-30 00:00","417","417","415","416","417","416","421178"
"2026-01-05","2026-01-05 00:00","410","410","402","404","410","404","2648199"
"2026-01-06","2026-01-06 00:00","402","403","398","400","402","400","1870147"
"2026-01-07","2026-01-07 00:00","401","404","399","404","401","404","1955276"
"2026-01-08","2026-01-08 00:00","405","411","404","409","405","409","1099957"
"2026-01-09","2026-01-09 00:00","407","408","402","403","407","403","1131982"
"2026-01-13","2026-01-13 00:00","388","392","387","391","388","391","2491827"
"2026-01-14","2026-01-14 00:00","388","389","383","385","388","385","2441983"
"2026-01-15","2026-01-15 00:00","387","390","386","386","387","386","4387072"
"2026-01-16","2026-01-16 00:00","387","390","386","387","387","387","1133787"
"2026-01-19","2026-01-19 00:00","392","394","390","390","392","390","1819208"
"2026-01-20","2026-01-20 00:00","391","396","391","394","391","394","1801516"
"2026-01-21","2026-01-21 00:00","402","402","395","396","402","396","2052661"
"2026-01-22","2026-01-22 00:00","390","393","387","389","390","389","1595068"
"2026-01-23","2026-01-23 00:00","387","390","386","387","387","387","848212"
"2026-01-26","2026-01-26 00:00","397","397","393","396","397","396","2784400"
"2026-01-27","2026-01-27 00:00","395","397","391","392","395","392","1233306"
"2026-01-28","2026-01-28 00:00","394","396","391","392","394","392","1821132"
"2026-01-29","2026-01-29 00:00","387","393","386","391","387","391","2095648"
"2026-01-30","2026-01-30 00:00","392","395","389","391","392","391","1798265"
"2026-02-02","2026-02-02 00:00","390","397","385","396","390","396","5431799"
"2026-02-03","2026-02-03 00:00","387","389","380","381","387","381","2789165"
"2026-02-04","2026-02-04 00:00","385","387","383","383","385","383","1161639"
"2026-02-05","2026-02-05 00:00","384","389","383","386","384","386","1565881"
"2026-02-06","2026-02-06 00:00","391","394","384","384","391","384","2126720"
"2026-02-09","2026-02-09 00:00","363","370","362","368","363","368","5103101"
"2026-02-10","2026-02-10 00:00","365","365","359","362","365","362","3911121"
"2026-02-12","2026-02-12 00:00","360","362","358","362","360","362","1083911"
"2026-02-13","2026-02-13 00:00","366","368","363","366","366","366","2684106"
"2026-02-16","2026-02-16 00:00","362","367","362","367","362","367","1781457"
"2026-02-17","2026-02-17 00:00","367","371","366","368","367","368","1316422"
"2026-02-18","2026-02-18 00:00","366","367","362","364","366","364","933934"
"2026-02-19","2026-02-19 00:00","362","363","360","363","362","363","301052"
"2026-02-20","2026-02-20 00:00","365","368","365","366","365","366","5607855"
"2026-02-24","2026-02-24 00:00","367","368","362","364","367","364","3591642"
"2026-02-25","2026-02-25 00:00","360","361","353","355","360","355","2375532"
"2026-02-26","2026-02-26 00:00","351","355","350","354","351","354","1773078"
"2026-02-27","2026-02-27 00:00","356","358","352","353","356","353","852251"
"2026-03-02","2026-03-02 00:00","361","363","356","359","361","359","2308040"
"2026-03-03","2026-03-03 00:00","360","371","359","370","360","370","3106095"
"2026-03-04","2026-03-04 00:00","378","387","373","383","378","383","7634514"
"2026-03-05","2026-03-05 00:00","369","378","365","375","369","375","3572801"
"2026-03-06","2026-03-06 00:00","379","381","372","372","379","372","2618771"
"2026-03-09","2026-03-09 00:00","396","401","390","393","396","393","5704468"
"2026-03-10","2026-03-10 00:00","381","386","377","380","381","380","2547867"
"2026-03-11","2026-03-11 00:00","375","376","370","376","375","376","2220044"
"2026-03-12","2026-03-12 00:00","381","384","377","379","381","379","2633130"
"2026-03-13","2026-03-13 00:00","387","390","381","385","387","385","3088522"
"2026-03-16","2026-03-16 00:00","384","389","382","385","384","385","2699568"
"2026-03-17","2026-03-17 00:00","380","387","379","384","380","384","1021974"
"2026-03-18","2026-03-18 00:00","380","381","373","374","380","374","2290338"
"2026-03-19","2026-03-19 00:00","384","388","382","386","384","386","1942520"
"2026-03-23","2026-03-23 00:00","402","406","398","400","402","400","3141307"
"2026-03-24","2026-03-24 00:00","390","399","390","394","390","394","2599236"
"2026-03-25","2026-03-25 00:00","384","385","380","382","384","382","1668507"
"2026-03-26","2026-03-26 00:00","382","387","379","385","382","385","1450677"
"2026-03-27","2026-03-27 00:00","389","392","383","386","389","386","2476482"
"2026-03-30","2026-03-30 00:00","402","404","393","393","402","393","3163528"
"2026-03-31","2026-03-31 00:00","400","404","392","398","400","398","2743718"
"2026-04-01","2026-04-01 00:00","385","388","379","379","385","379","1780607"
"2026-04-02","2026-04-02 00:00","375","389","375","388","375","388","3693501"
"2026-04-03","2026-04-03 00:00","383","385","380","382","383","382","1577842"
"2026-04-06","2026-04-06 00:00","382","382","376","380","382","380","1589779"
"2026-04-07","2026-04-07 00:00","379","383","377","380","379","380","1014483"
"2026-04-08","2026-04-08 00:00","361","365","359","359","361","359","2537430"
"2026-04-09","2026-04-09 00:00","360","364","359","363","360","363","1979908"
"2026-04-10","2026-04-10 00:00","359","359","355","357","359","357","1705791"
"2026-04-13","2026-04-13 00:00","360","361","357","359","360","359","1005420"
"2026-04-14","2026-04-14 00:00","353","354","349","350","353","350","1397349"
"2026-04-15","2026-04-15 00:00","346","349","345","348","346","348","831574"
"2026-04-16","2026-04-16 00:00","346","346","339","340","346","340","1967695"
"2026-04-17","2026-04-17 00:00","341","345","340","345","341","345","939535"
"2026-04-20","2026-04-20 00:00","343","345","342","344","343","344","1323150"
"2026-04-21","2026-04-21 00:00","343","343","339","341","343","341","839659"
"2026-04-22","2026-04-22 00:00","342","343","339","341","342","341","700326"
"2026-04-23","2026-04-23 00:00","338","346","336","342","338","342","11114808"
"2026-04-24","2026-04-24 00:00","340","342","338","340","340","340","1540679"
"2026-04-27","2026-04-27 00:00","337","340","332","335","337","335","3115614"
"2026-04-28","2026-04-28 00:00","335","339","334","337","335","337","1663611"
"2026-04-30","2026-04-30 00:00","342","344","340","342","342","342","1846433"
"2026-05-01","2026-05-01 00:00","338","341","338","340","338","340","2355822"
"2026-05-07","2026-05-07 00:00","325","327","318","321","325","321","2896147"
"2026-05-08","2026-05-08 00:00","323","325","321","321","323","321","1165791"
"2026-05-11","2026-05-11 00:00","318","324","317","324","318","324","1705666"
"2026-05-12","2026-05-12 00:00","321","324","319","321","321","321","1111063"
"2026-05-13","2026-05-13 00:00","323","324","318","319","323","319","986801"
"2026-05-14","2026-05-14 00:00","317","323","316","323","317","323","2238893"
"2026-05-15","2026-05-15 00:00","320","331","319","328","320","328","1368926"
"2026-05-18","2026-05-18 00:00","327","334","327","331","327","331","2164831"
"2026-05-19","2026-05-19 00:00","328","335","328","331","328","331","1537747"
"2026-05-20","2026-05-20 00:00","333","340","333","336","333","336","2020469"
"2026-05-21","2026-05-21 00:00","328","329","324","326","328","326","1413841"
"2026-05-22","2026-05-22 00:00","323","323","317","318","323","318","1277088"
"2026-05-25","2026-05-25 00:00","314","315","307","308","314","308","2324310"
"2026-05-26","2026-05-26 00:00","307","311","307","309","307","309","1035404"
"2026-05-27","2026-05-27 00:00","303","309","302","308","303","308","1355742"
"2026-05-28","2026-05-28 00:00","312","315","308","310","312","310","1627547"
"2026-05-29","2026-05-29 00:00","305","307","301","302","305","302","1748591"
"2026-06-01","2026-06-01 00:00","302","303","299","300","302","300","1300377"
"2026-06-02","2026-06-02 00:00","299","306","299","300","299","300","1214461"
"2026-06-03","2026-06-03 00:00","297","298","291","293","297","293","1786062"
"2026-06-04","2026-06-04 00:00","296","300","295","296","296","296","1498513"
"2026-06-05","2026-06-05 00:00","299","304","299","300","299","300","1140449"
"2026-06-08","2026-06-08 00:00","313","316","309","312","313","312","2286072"
"2026-06-09","2026-06-09 00:00","306","314","305","307","306","307","745549"
"2026-06-10","2026-06-10 00:00","311","314","307","311","311","311","3623013"
"2026-06-11","2026-06-11 00:00","319","321","310","311","319","311","2141524"
"2026-06-12","2026-06-12 00:00","300","304","298","303","300","303","2843218"
"2026-06-15","2026-06-15 00:00","291","293","286","288","291","288","2392258"
"2026-06-16","2026-06-16 00:00","288","289","285","288","288","288","2624598"
"2026-06-17","2026-06-17 00:00","290","290","284","286","290","286","4701322"
"2026-06-18","2026-06-18 00:00","284","284","279","280","284","280","6228282"
"2026-06-19","2026-06-19 00:00","276","283","276","280","276","280","4041788"
"2026-06-22","2026-06-22 00:00","280","280","273","275","280","275","3355443"
"2026-06-23","2026-06-23 00:00","275","285","274","285","275","285","3217486"
"2026-06-24","2026-06-24 00:00","287","291","283","287","287","287","3678797"
"2026-06-25","2026-06-25 00:00","279","282","273","274","279","274","2968547"
"2026-06-26","2026-06-26 00:00","280","289","279","285","280","285","2433061"
"2026-06-29","2026-06-29 00:00","284","292","284","285","284","285","2371282"
"2026-06-30","2026-06-30 00:00","282","286","280","282","282","282","2283887"
"2026-07-01","2026-07-01 00:00","279","283","275","281","279","281","1448313"
"2026-07-02","2026-07-02 00:00","286","289","283","288","286","288","2470877"
"2026-07-03","2026-07-03 00:00","291","293","283","283","291","283","2001359"
"2026-07-06","2026-07-06 00:00","283","288","282","285","283","285","1716646"
"2026-07-07","2026-07-07 00:00","285","292","283","290","285","290","3286138"
"2026-07-08","2026-07-08 00:00","294","296","289","296","294","296","3025677"
"2026-07-09","2026-07-09 00:00","293","294","289","292","293","292","1511029"
"2026-07-10","2026-07-10 00:00","287","289","285","288","287","288","1198801"
"2026-07-13","2026-07-13 00:00","289","297","287","294","289","294","2078898"
"2026-07-14","2026-07-14 00:00","296","299","291","291","296","291","1279436"
"2026-07-15","2026-07-15 00:00","290","292","287","288","290","288","958303"
"2026-07-16","2026-07-16 00:00","293","298","292","296","293","296","2382893"
"2026-07-17","2026-07-17 00:00","301","314","300","306","301","306","2327052"
"2026-07-21","2026-07-21 00:00","304","308","298","298","304","298","1513275"
"2026-07-22","2026-07-22 00:00","293","299","291","299","293","299","1458960"
"2026-07-23","2026-07-23 00:00","296","298","294","297","296","297","877605"
"2026-07-24","2026-07-24 00:00","302","307","300","304","302","304","1788184"
"2026-07-27","2026-07-27 00:00","302","308","301","302","302","302","932998"
"2026-07-28","2026-07-28 00:00","310","318","309","315","310","315","1796512"
"2026-07-29","2026-07-29 00:00","314","325","311","320","314","320","2139305"
"2026-07-30","2026-07-30 00:00","320","321","312","317","320","317","1650313"
"2026-07-31","2026-07-31 00:00","305","308","299","304","305","304","3813824"
"2026-08-03","2026-08-03 00:00","308","314","307","308","308","308","1275363"
"2026-08-04","2026-08-04 00:00","306","312","306","308","306","308","740296"
"2026-08-05","2026-08-05 00:00","300","300","295","295","300","295","877425"
"2026-08-06","2026-08-06 00:00","300","302","298","299","300","299","1051172"
"2026-08-07","2026-08-07 00:00","298","304","297","298","298","298","1205496"
"2026-08-10","2026-08-10 00:00","296","298","292","292","296","292","932616"
"2026-08-12","2026-08-12 00:00","292","294","290","290","292","290","579319"
"2026-08-13","2026-08-13 00:00","287","288","284","286","287","286","481872"
"2026-08-14","2026-08-14 00:00","283","287","281","285","283","285","726982"
"2026-08-17","2026-08-17 00:00","284","287","283","283","284","283","349544"
"2026-08-18","2026-08-18 00:00","284","291","283","290","284","290","1460616"
"2026-08-19","2026-08-19 00:00","297","301","295","299","297","299","982461"
"2026-08-20","2026-08-20 00:00","296","299","295","295","296","295","543649"
"2026-08-21","2026-08-21 00:00","300","301","296","296","300","296","647314"
"2026-08-24","2026-08-24 00:00","296","299","295","298","296","298","479444"
"2026-08-25","2026-08-25 00:00","300","303","296","296","300","296","277906"
"2026-08-26","2026-08-26 00:00","298","300","294","294","298","294","609762"
"2026-08-27","2026-08-27 00:00","292","298","292","297","292","297","490638"
"2026-08-28","2026-08-28 00:00","296","297","292","294","296","294","459908"
"2026-08-31","2026-08-31 00:00","301","303","295","296","301","296","1140199"
"2026-09-01","2026-09-01 00:00","297","299","294","296","297","296","505448"
"2026-09-02","2026-09-02 00:00","301","305","301","304","301","304","893314"
"2026-09-03","2026-09-03 00:00","302","307","302","305","302","305","748149"
"2026-09-04","2026-09-04 00:00","304","304","299","300","304","300","377026"
"2026-09-07","2026-09-07 00:00","296","297","293","294","296","294","516420"
"2026-09-08","2026-09-08 00:00","296","299","292","299","296","299","832284"
"2026-09-09","2026-09-09 00:00","301","301","297","300","301","300","1738237"
"2026-09-10","2026-09-10 00:00","303","305","300","300","303","300","1114488"
"2026-09-11","2026-09-11 00:00","310","310","305","305","310","305","2010408"
"2026-09-14","2026-09-14 00:00","311","312","307","308","311","308","2190821"
"2026-09-15","2026-09-15 00:00","310","311","304","307","310","307","755634"
"2026-09-16","2026-09-16 00:00","307","310","306","306","307","306","869014"
"2026-09-17","2026-09-17 00:00","302","307","302","305","302","305","1191491"
"2026-09-18","2026-09-18 00:00","301","304","298","300","301","300","1326275"
"2026-09-24","2026-09-24 00:00","296","298","294","298","296","298","922329"
"2026-09-25","2026-09-25 00:00","298","298","294","294","298","294","392994"
