"date","utc_time","open","high","low","close","raw_open","raw_close","volume"
"2020-01-07","2020-01-07 00:00","9813.2470703125","9813.2470703125","9813.2470703125","9813.2470703125","9917","9917","0"
"2020-01-08","2020-01-08 00:00","9813.2470703125","9813.2470703125","9813.2470703125","9813.2470703125","9917","9917","0"
"2020-01-09","2020-01-09 00:00","9991.36328125","9991.36328125","9991.36328125","9991.36328125","10097","10097","0"
"2020-01-10","2020-01-10 00:00","10192.239517093629","10212.0302734375","10172.448760749758","10212.0302734375","10300","10320","2502"
"2020-01-14","2020-01-14 00:00","10281.296613202147","10291.191990115718","10241.715105547855","10261.505859375","10390","10370","5739"
"2020-01-15","2020-01-15 00:00","10291.193298812985","10291.193298812985","10192.239517093629","10212.0302734375","10400","10320","5119"
"2020-01-16","2020-01-16 00:00","10291.194670893721","10291.194670893721","10212.031634963769","10241.7177734375","10400","10350","1391"
"2020-01-17","2020-01-17 00:00","10330.775519587321","10350.56627728768","10301.089383036782","10340.6708984375","10440","10450","2381"
"2020-01-20","2020-01-20 00:00","10419.833466768947","10419.833466768947","10360.461196303027","10380.251953125","10530","10490","2852"
"2020-01-21","2020-01-21 00:00","10390.14628737392","10400.041664790466","10301.087890625","10301.087890625","10500","10410","4361"
"2020-01-22","2020-01-22 00:00","10400.0439453125","10409.939324898905","10301.090149448442","10400.0439453125","10510","10510","769"
"2020-01-23","2020-01-23 00:00","10390.14701072245","10390.14701072245","10271.40247345705","10281.2978515625","10500","10390","3233"
"2020-01-24","2020-01-24 00:00","10340.6708984375","10340.6708984375","10291.194004186604","10340.6708984375","10450","10450","958"
"2020-01-27","2020-01-27 00:00","10241.715952306256","10241.715952306256","10063.599153135712","10103.1806640625","10350","10210","6207"
"2020-01-28","2020-01-28 00:00","10093.2861328125","10093.2861328125","10024.018482881433","10093.2861328125","10200","10200","5346"
"2020-01-29","2020-01-29 00:00","10192.2392578125","10202.134635732706","10132.866990291262","10192.2392578125","10300","10300","2519"
"2020-01-30","2020-01-30 00:00","10142.763359182574","10142.763359182574","10043.8095703125","10043.8095703125","10250","10150","2953"
"2020-01-31","2020-01-31 00:00","10172.4501953125","10192.24095444735","10043.810260935981","10172.4501953125","10280","10280","1177"
"2020-02-03","2020-02-03 00:00","10043.809052570166","10043.809052570166","9895.37837691642","10004.2275390625","10150","10110","7134"
"2020-02-04","2020-02-04 00:00","10024.017253883227","10073.494140625","9974.540367141453","10073.494140625","10130","10180","2996"
"2020-02-05","2020-02-05 00:00","10202.1357421875","10231.821879167677","10093.286573260184","10202.1357421875","10310","10310","2043"
"2020-02-06","2020-02-06 00:00","10291.19354742612","10400.042709946973","10291.19354742612","10380.251953125","10400","10490","2633"
"2020-02-07","2020-02-07 00:00","10400.042709946973","10400.042709946973","10330.775061070066","10380.251953125","10510","10490","829"
"2020-02-10","2020-02-10 00:00","10281.298239563339","10340.67051043666","10192.23983325336","10310.984375","10390","10420","2350"
"2020-02-12","2020-02-12 00:00","10390.148180313692","10390.148180313692","10330.775904997614","10370.357421875","10500","10480","2007"
"2020-02-13","2020-02-13 00:00","10419.834575892857","10419.834575892857","10370.357678571429","10390.1484375","10530","10500","2186"
"2020-02-14","2020-02-14 00:00","10409.939836344787","10439.6259765625","10390.149076199645","10439.6259765625","10520","10550","1130"
"2020-02-17","2020-02-17 00:00","10538.578844330608","10538.578844330608","10439.625052365063","10518.7880859375","10650","10630","1677"
"2020-02-18","2020-02-18 00:00","10498.99740415631","10498.99740415631","10419.834370006214","10449.5205078125","10610","10560","1561"
"2020-02-19","2020-02-19 00:00","10489.101433398253","10498.996812109006","10409.938403712229","10479.2060546875","10600","10590","1159"
"2020-02-20","2020-02-20 00:00","10518.786715116279","10835.438808139535","10498.995959302325","10637.53125","10630","10750","4288"
"2020-02-21","2020-02-21 00:00","10627.635872093024","10637.53125","10588.054360465116","10637.53125","10740","10750","1462"
"2020-02-25","2020-02-25 00:00","10370.356385216346","10370.356385216346","10172.44882061298","10291.193359375","10480","10400","15600"
"2020-02-26","2020-02-26 00:00","10093.286746818862","10142.7636426366","9816.21613023952","9915.169921875","10200","10020","25586"
"2020-02-27","2020-02-27 00:00","9875.588585158659","9895.37934384635","9549.04106681173","9628.2041015625","9980","9730","19316"
"2020-02-28","2020-02-28 00:00","9242.28401871566","9301.656292925825","8985.004163804946","9004.794921875","9340","9100","16890"
"2020-03-02","2020-03-02 00:00","9004.79342681189","9192.805597261808","8876.153520714577","9113.642578125","9100","9210","20325"
"2020-03-03","2020-03-03 00:00","9608.4142708748","9608.4142708748","9262.075960390128","9321.4482421875","9710","9420","10618"
"2020-03-04","2020-03-04 00:00","9123.53712605056","9291.758526422425","9074.060243588247","9271.9677734375","9220","9370","5913"
"2020-03-05","2020-03-05 00:00","9410.50429626081","9489.667318731983","9361.027407216327","9440.1904296875","9510","9540","5047"
"2020-03-06","2020-03-06 00:00","9153.22448260451","9163.119860423541","8945.42154840484","8994.8984375","9250","9090","14945"
"2020-03-09","2020-03-09 00:00","8856.364515879657","8856.364515879657","8193.374099607101","8500.130859375","8950","8590","22555"
"2020-03-10","2020-03-10 00:00","8193.37203305636","8559.5009765625","8035.046003432081","8559.5009765625","8280","8650","20089"
"2020-03-11","2020-03-11 00:00","8440.758769060618","8480.34028732116","8213.1650390625","8213.1650390625","8530","8300","9640"
"2020-03-12","2020-03-12 00:00","8114.2107974551855","8163.68769256162","7668.918741497279","7728.291015625","8200","7810","17179"
"2020-03-13","2020-03-13 00:00","7263.208812489815","7718.396285752119","7154.3596341010025","7589.75634765625","7340","7670","18887"
"2020-03-16","2020-03-16 00:00","8035.047238968175","8035.047238968175","7540.2783203125","7540.2783203125","8120","7620","17563"
"2020-03-17","2020-03-17 00:00","7391.847701907468","7668.918298498377","7282.998538961039","7619.44140625","7470","7700","10877"
"2020-03-18","2020-03-18 00:00","7421.53515625","7490.802817708333","7322.581354166667","7421.53515625","7500","7500","11943"
"2020-03-19","2020-03-19 00:00","7609.546399340986","7609.546399340986","7114.77745269983","7273.103515625","7690","7350","13376"
"2020-03-23","2020-03-23 00:00","7025.718661857539","7174.149337812276","6867.39260750582","6906.97412109375","7100","6980","18496"
"2020-03-24","2020-03-24 00:00","7174.14911670321","7292.893653807263","7104.881470059179","7263.20751953125","7250","7340","7030"
"2020-03-25","2020-03-25 00:00","7708.500156324737","7817.349324129066","7579.860230737803","7757.97705078125","7790","7840","14741"
"2020-03-26","2020-03-26 00:00","7787.663235011723","7817.349371866914","7619.441792832309","7649.1279296875","7870","7730","7593"
"2020-03-27","2020-03-27 00:00","8035.0475374064845","8163.687461034913","7817.34920511222","7936.09375","8120","8020","6974"
"2020-03-30","2020-03-30 00:00","7698.604126899008","7866.82555383639","7569.964212182187","7856.93017578125","7780","7940","5382"
"2020-03-31","2020-03-31 00:00","8035.046875","8163.686788023399","7955.883851600985","8035.046875","8120","8120","5888"
"2020-04-01","2020-04-01 00:00","7876.722042123068","7886.617421572971","7609.546796975676","7678.814453125","7960","7760","5427"
"2020-04-02","2020-04-02 00:00","7659.022559733706","7668.917937717858","7520.487267955577","7629.33642578125","7740","7710","3958"
"2020-04-03","2020-04-03 00:00","7866.82663675417","7886.617395588772","7589.756013069747","7639.23291015625","7950","7720","3427"
"2020-04-06","2020-04-06 00:00","7847.035044866484","8025.15185546875","7797.558153032522","8025.15185546875","7930","8110","6244"
"2020-04-07","2020-04-07 00:00","8213.164162872203","8302.222569457565","8074.628863739419","8183.47802734375","8300","8270","5355"
"2020-04-08","2020-04-08 00:00","8223.0595703125","8262.641084489696","8054.838135059416","8223.0595703125","8310","8310","4542"
"2020-04-09","2020-04-09 00:00","8292.327969116785","8470.444799002347","8292.327969116785","8430.86328125","8380","8520","4812"
"2020-04-10","2020-04-10 00:00","8460.548627368249","8519.9208984375","8420.967113322082","8519.9208984375","8550","8610","4526"
"2020-04-13","2020-04-13 00:00","8480.338082265349","8480.338082265349","8361.593558359651","8420.9658203125","8570","8510","5683"
"2020-04-14","2020-04-14 00:00","8440.756454344291","8569.396353414017","8411.07032378974","8559.5009765625","8530","8650","5842"
"2020-04-15","2020-04-15 00:00","8608.979103589965","8608.979103589965","8549.606833910035","8579.29296875","8700","8670","3382"
"2020-04-16","2020-04-16 00:00","8430.862491833623","8519.9208984375","8391.280977787455","8519.9208984375","8520","8610","3146"
"2020-04-17","2020-04-17 00:00","8757.409439516981","8787.09557321026","8707.932550028185","8777.2001953125","8850","8870","6179"
"2020-04-20","2020-04-20 00:00","8698.038471247875","8777.201506253543","8688.143091872165","8727.724609375","8790","8820","6941"
"2020-04-21","2020-04-21 00:00","8579.293894153812","8648.561549585274","8460.549341985594","8500.130859375","8670","8590","6754"
"2020-04-22","2020-04-22 00:00","8371.491338916765","8420.96823808294","8282.43292041765","8381.38671875","8460","8470","3461"
"2020-04-23","2020-04-23 00:00","8480.339255541425","8519.920768986192","8470.443877180232","8510.025390625","8570","8600","1519"
"2020-04-24","2020-04-24 00:00","8450.652213236372","8470.442967834115","8411.070704040885","8440.7568359375","8540","8530","1854"
"2020-04-27","2020-04-27 00:00","8589.187953284983","8698.037109375","8539.711064153158","8698.037109375","8680","8790","3809"
"2020-04-28","2020-04-28 00:00","8698.039190118963","8707.9345703125","8658.457669344816","8707.9345703125","8790","8800","2889"
"2020-04-30","2020-04-30 00:00","8895.945441623264","8915.736199001736","8846.468548177083","8905.8408203125","8990","9000","9118"
"2020-05-01","2020-05-01 00:00","8757.410229659026","8757.410229659026","8658.456441753275","8688.142578125","8850","8780","4576"
"2020-05-07","2020-05-07 00:00","8539.711712906357","8599.083984375","8529.81633432825","8599.083984375","8630","8690","4220"
"2020-05-08","2020-05-08 00:00","8688.143142117275","8806.8876953125","8688.143142117275","8806.8876953125","8780","8900","2356"
"2020-05-11","2020-05-11 00:00","8905.839451818561","8935.525583324623","8876.1533203125","8876.1533203125","9000","8970","4097"
"2020-05-12","2020-05-12 00:00","8876.15390690541","8895.944662550686","8806.886262146953","8846.4677734375","8970","8940","2166"
"2020-05-13","2020-05-13 00:00","8608.978708937713","8757.409376333191","8579.292575458618","8698.037109375","8700","8790","5273"
"2020-05-14","2020-05-14 00:00","8519.921489155377","8549.607626748251","8470.444593167249","8490.2353515625","8610","8580","6562"
"2020-05-15","2020-05-15 00:00","8678.245701560712","8698.036455726187","8608.97806198155","8648.5595703125","8770","8740","3080"
"2020-05-18","2020-05-18 00:00","8717.829229999292","8747.515368126418","8698.038471247875","8727.724609375","8810","8820","4592"
"2020-05-19","2020-05-19 00:00","8965.211652637583","8975.107029737625","8915.734767137375","8945.4208984375","9060","9040","6458"
"2020-05-20","2020-05-20 00:00","8925.631964631782","8985.004239341086","8925.631964631782","8935.52734375","9020","9030","4846"
"2020-05-21","2020-05-21 00:00","9024.585679945056","9044.37643801511","8975.108784769918","9004.794921875","9120","9100","5258"
"2020-05-22","2020-05-22 00:00","9004.796324732044","9004.796324732044","8866.260996659243","8886.0517578125","9100","8980","4023"
"2020-05-25","2020-05-25 00:00","9064.166733622813","9064.166733622813","9004.794462441876","9044.3759765625","9160","9140","4210"
"2020-05-26","2020-05-26 00:00","9093.853694521147","9202.702868231412","9093.853694521147","9182.912109375","9190","9280","5271"
"2020-05-27","2020-05-27 00:00","9113.643226705926","9192.806251476444","9074.061714320667","9163.1201171875","9210","9260","4956"
"2020-05-28","2020-05-28 00:00","9301.65625","9321.447007978722","9242.283976063829","9301.65625","9400","9400","6879"
"2020-05-29","2020-05-29 00:00","9212.598247659618","9242.284385944235","9173.016729946794","9182.912109375","9310","9280","5433"
"2020-06-01","2020-06-01 00:00","9232.38626746765","9301.653902914888","9212.595514482724","9271.9677734375","9330","9370","5253"
"2020-06-02","2020-06-02 00:00","9262.073890807651","9311.55078125","9252.178512719182","9311.55078125","9360","9410","3077"
"2020-06-03","2020-06-03 00:00","9499.564324817518","9529.250463332573","9469.878186302463","9489.6689453125","9600","9590","9061"
"2020-06-04","2020-06-04 00:00","9638.098113321521","9647.993491261275","9578.72584568299","9598.5166015625","9740","9700","9014"
"2020-06-05","2020-06-05 00:00","9598.518727256767","9687.5771484375","9578.727966994382","9687.5771484375","9700","9790","8344"
"2020-06-08","2020-06-08 00:00","9917.904615234374","9927.802723632813","9848.617856445311","9898.1083984375","10020","10000","14323"
"2020-06-09","2020-06-09 00:00","9868.41405169297","9878.312160069794","9799.127293055206","9838.7197265625","9970","9940","87975"
"2020-06-10","2020-06-10 00:00","9779.3310546875","9818.923488107286","9769.432946332552","9779.3310546875","9880","9880","4923"
"2020-06-11","2020-06-11 00:00","9581.369441731771","9611.063768513997","9492.28646138509","9502.1845703125","9680","9600","11057"
"2020-06-12","2020-06-12 00:00","9135.952853151766","9254.73013834984","9076.56421055273","9244.83203125","9230","9340","18746"
"2020-06-15","2020-06-15 00:00","9096.361917317709","9096.361917317709","8908.2978515625","8908.2978515625","9190","9000","86118"
"2020-06-16","2020-06-16 00:00","9383.405959891476","9482.387035417756","9363.60974478622","9462.5908203125","9480","9560","19202"
"2020-06-17","2020-06-17 00:00","9502.183250523012","9502.183250523012","9442.794605207244","9462.5908203125","9600","9560","15278"
"2020-06-18","2020-06-18 00:00","9363.611977099868","9373.510087012235","9274.528987888558","9353.7138671875","9460","9450","16040"
"2020-06-19","2020-06-19 00:00","9432.896801680796","9432.896801680796","9383.406262322555","9413.1005859375","9530","9510","1047"
"2020-06-22","2020-06-22 00:00","9244.833347214819","9333.916323793976","9234.935238706023","9284.42578125","9340","9380","6613"
"2020-06-23","2020-06-23 00:00","9442.793597861842","9462.589810855263","9254.729574424342","9403.201171875","9540","9500","9978"
"2020-06-24","2020-06-24 00:00","9393.303725298714","9452.692368451288","9383.405618106619","9422.998046875","9490","9520","3157"
"2020-06-25","2020-06-25 00:00","9234.93359375","9274.526020732852","9175.544953275723","9234.93359375","9330","9330","8846"
"2020-06-26","2020-06-26 00:00","9324.017248107068","9353.711570553269","9304.221033142932","9314.119140625","9420","9410","6852"
"2020-06-29","2020-06-29 00:00","9106.260094326819","9185.44496471227","9096.361985528638","9116.158203125","9200","9210","18508"
"2020-06-30","2020-06-30 00:00","9294.3232421875","9333.915673464124","9284.425134368345","9294.3232421875","9390","9390","3804"
"2020-07-01","2020-07-01 00:00","9422.998032468387","9452.692353999275","9363.609389406613","9393.3037109375","9520","9490","6190"
"2020-07-02","2020-07-02 00:00","9432.896497654616","9472.488927865128","9413.10028254936","9462.5908203125","9530","9560","10014"
"2020-07-03","2020-07-03 00:00","9512.0830078125","9541.777335620447","9502.184898543184","9512.0830078125","9610","9610","14143"
"2020-07-06","2020-07-06 00:00","9541.77577245394","9670.451171875","9541.77577245394","9670.451171875","9640","9770","8214"
"2020-07-07","2020-07-07 00:00","9670.45213841119","9680.350247048254","9611.06348658881","9640.7578125","9770","9740","6156"
"2020-07-08","2020-07-08 00:00","9581.36880024637","9601.165016775803","9541.7763671875","9541.7763671875","9680","9640","4382"
"2020-07-09","2020-07-09 00:00","9630.859033354296","9630.859033354296","9591.2666015625","9591.2666015625","9730","9690","1547"
"2020-07-10","2020-07-10 00:00","9581.36843225891","9581.36843225891","9432.896813990435","9442.794921875","9680","9540","4332"
"2020-07-13","2020-07-13 00:00","9640.757177434816","9690.247717360045","9630.859069449769","9680.349609375","9740","9780","9439"
"2020-07-14","2020-07-14 00:00","9601.164379277505","9611.062486885008","9551.673841239992","9581.3681640625","9700","9680","2639"
"2020-07-15","2020-07-15 00:00","9749.637366814342","9769.433584818025","9729.841148810658","9739.7392578125","9850","9840","7870"
"2020-07-16","2020-07-16 00:00","9749.636046117666","9749.636046117666","9690.247400151467","9700.1455078125","9850","9800","6655"
"2020-07-17","2020-07-17 00:00","9729.840491145304","9759.534816143712","9719.9423828125","9719.9423828125","9830","9820","2193"
"2020-07-20","2020-07-20 00:00","9759.534166772635","9799.126597469482","9719.941736075789","9729.83984375","9860","9830","2951"
"2020-07-21","2020-07-21 00:00","9838.719758692672","9927.802734375","9838.719758692672","9927.802734375","9940","10030","20712"
"2020-07-22","2020-07-22 00:00","9858.5162727701","9878.3124901853","9828.821946647298","9848.6181640625","9960","9950","3346"
"2020-07-27","2020-07-27 00:00","9620.961266700924","9660.553699897226","9611.06315840185","9630.859375","9720","9730","9162"
"2020-07-28","2020-07-28 00:00","9660.5546875","9690.24901543289","9650.656578189037","9660.5546875","9760","9760","2237"
"2020-07-29","2020-07-29 00:00","9591.266589431289","9601.164697366718","9541.77604975414","9561.572265625","9690","9660","6312"
"2020-07-30","2020-07-30 00:00","9670.451171875","9690.247387170548","9660.553064227226","9670.451171875","9770","9770","6354"
"2020-07-31","2020-07-31 00:00","9700.146121939433","9700.146121939433","9591.266930774807","9601.1650390625","9800","9700","3485"
"2020-08-03","2020-08-03 00:00","9789.229820667615","9848.618474786932","9769.433602627842","9799.1279296875","9890","9900","4525"
"2020-08-04","2020-08-04 00:00","9868.412770192066","9908.005198557932","9868.412770192066","9888.208984375","9970","9990","3642"
"2020-08-05","2020-08-05 00:00","9868.414073242187","9898.1083984375","9848.617856445311","9898.1083984375","9970","10000","1886"
"2020-08-06","2020-08-06 00:00","9917.9052734375","9957.497709658806","9908.007164382172","9917.9052734375","10020","10020","4048"
"2020-08-07","2020-08-07 00:00","9987.190099322606","10016.884420727925","9947.59767078218","9977.2919921875","10090","10080","4742"
"2020-08-11","2020-08-11 00:00","10056.478534735812","10125.76529629403","10056.478534735812","10115.8671875","10160","10220","5842"
"2020-08-12","2020-08-12 00:00","10066.375988051472","10096.0703125","10046.579771752451","10096.0703125","10170","10200","4165"
"2020-08-13","2020-08-13 00:00","10204.951165225255","10214.84927498784","10165.358726174914","10175.2568359375","10310","10280","14286"
"2020-08-14","2020-08-14 00:00","10224.7470703125","10244.543289228885","10204.950851396115","10224.7470703125","10330","10330","6784"
"2020-08-17","2020-08-17 00:00","10185.1533203125","10195.051428495506","10165.35710394649","10185.1533203125","10290","10290","3322"
"2020-08-18","2020-08-18 00:00","10165.35806146139","10175.256170576735","10105.969406769307","10125.765625","10270","10230","3782"
"2020-08-19","2020-08-19 00:00","10115.866223323172","10155.45865472561","10076.273791920732","10145.560546875","10220","10250","6503"
"2020-08-20","2020-08-20 00:00","10115.865867509823","10115.865867509823","10066.375329997543","10076.2734375","10220","10180","23069"
"2020-08-21","2020-08-21 00:00","10155.45865472561","10165.35676257622","10125.764331173781","10145.560546875","10260","10250","18324"
"2020-08-24","2020-08-24 00:00","10185.153331667878","10214.84765625","10175.255223473838","10214.84765625","10290","10320","4819"
"2020-08-25","2020-08-25 00:00","10303.93034665628","10343.52277834372","10294.03223873442","10323.7265625","10410","10430","6890"
"2020-08-26","2020-08-26 00:00","10393.014319813514","10402.912428689526","10363.319993185474","10383.1162109375","10500","10490","3360"
"2020-08-27","2020-08-27 00:00","10422.70736109464","10452.401684060722","10412.80925343928","10432.60546875","10530","10540","3912"
"2020-08-28","2020-08-28 00:00","10541.486328125","10630.569311179577","10521.690109668427","10541.486328125","10650","10650","11249"
"2020-08-31","2020-08-31 00:00","10531.5869140625","10541.485022064438","10501.892590056685","10531.5869140625","10640","10640","8261"
"2020-09-01","2020-09-01 00:00","10511.789708632776","10531.585922773327","10472.197280351673","10501.8916015625","10620","10610","4629"
"2020-09-02","2020-09-02 00:00","10600.874362281977","10640.466796875","10590.976253633722","10640.466796875","10710","10750","5290"
"2020-09-03","2020-09-03 00:00","10788.938466680083","10788.938466680083","10749.346031939973","10759.244140625","10900","10870","23528"
"2020-09-04","2020-09-04 00:00","10323.728854166668","10412.811845238095","10313.83074404762","10393.015625","10430","10500","13860"
"2020-09-07","2020-09-07 00:00","10264.3369140625","10303.929341889163","10224.744486235837","10264.3369140625","10370","10370","14465"
"2020-09-08","2020-09-08 00:00","10353.42155631262","10373.2177734375","10313.829122062858","10373.2177734375","10460","10480","19104"
"2020-09-09","2020-09-09 00:00","9987.190128243652","10066.37498555381","9967.393913916112","10036.6806640625","10090","10140","12405"
"2020-09-10","2020-09-10 00:00","10264.3391870471","10264.3391870471","10175.256204710146","10244.54296875","10370","10350","31383"
"2020-09-11","2020-09-11 00:00","10076.274752323874","10135.663405088062","10046.58042594178","10115.8671875","10180","10220","6660"
"2020-09-14","2020-09-14 00:00","10096.070335343567","10155.458984375","10096.070335343567","10155.458984375","10200","10260","7092"
"2020-09-15","2020-09-15 00:00","10145.55828090768","10165.3544921875","10096.067752708132","10165.3544921875","10250","10270","3956"
"2020-09-16","2020-09-16 00:00","10165.358726174914","10185.154945700086","10125.766287124574","10175.2568359375","10270","10280","12940"
"2020-09-17","2020-09-17 00:00","10096.06927780878","10096.06927780878","9967.393885052394","9977.2919921875","10200","10080","9538"
"2020-09-18","2020-09-18 00:00","9967.3955078125","9997.089834052258","9927.803072826155","9967.3955078125","10070","10070","6055"
"2020-09-23","2020-09-23 00:00","9868.412770192066","9888.208984375","9838.718448917667","9888.208984375","9970","9990","10773"
"2020-09-24","2020-09-24 00:00","9650.656578189037","9710.045234054816","9630.86035956711","9660.5546875","9750","9760","15539"
"2020-09-25","2020-09-25 00:00","9739.738599478105","9769.432924476514","9719.9423828125","9719.9423828125","9840","9820","8637"
"2020-09-28","2020-09-28 00:00","9898.1083984375","9908.006506835936","9868.414073242187","9898.1083984375","10000","10000","24952"
"2020-09-29","2020-09-29 00:00","10066.375659347399","10096.0699828263","10036.681335868498","10086.171875","10170","10190","9874"
"2020-09-30","2020-09-30 00:00","10026.784130761522","10086.172783066131","9878.3125","9878.3125","10130","9980","5962"
"2020-10-02","2020-10-02 00:00","10115.865447478729","10115.865447478729","9858.514663100601","9888.208984375","10220","9990","11109"
"2020-10-05","2020-10-05 00:00","10086.171545002455","10105.967760007366","10066.375329997543","10076.2734375","10190","10180","6321"
"2020-10-06","2020-10-06 00:00","10185.1533203125","10204.94953667851","10165.35710394649","10185.1533203125","10290","10290","6218"
"2020-10-07","2020-10-07 00:00","10036.682317147748","10125.76529629403","10036.682317147748","10115.8671875","10140","10220","3066"
"2020-10-08","2020-10-08 00:00","10274.236985426682","10313.829420823316","10264.338876577523","10294.033203125","10380","10400","17295"
"2020-10-09","2020-10-09 00:00","10402.912099124822","10412.810207687262","10373.2177734375","10373.2177734375","10510","10480","6170"
"2020-10-12","2020-10-12 00:00","10422.70769031398","10452.402014218009","10393.013366409952","10442.50390625","10530","10550","8083"
"2020-10-13","2020-10-13 00:00","10581.078773298514","10581.078773298514","10511.792008646418","10571.1806640625","10690","10680","7342"
"2020-10-14","2020-10-14 00:00","10521.687168961864","10551.381488347457","10491.99284957627","10511.7890625","10630","10620","5867"
"2020-10-15","2020-10-15 00:00","10422.708316249702","10422.708316249702","10353.42155631262","10373.2177734375","10530","10480","16016"
"2020-10-16","2020-10-16 00:00","10442.50617559524","10442.50617559524","10373.219404761905","10393.015625","10550","10500","3234"
"2020-10-19","2020-10-19 00:00","10422.70736109464","10452.401684060722","10412.80925343928","10432.60546875","10530","10540","16751"
"2020-10-20","2020-10-20 00:00","10313.8271484375","10343.521468442597","10284.1328284324","10313.8271484375","10420","10420","4399"
"2020-10-21","2020-10-21 00:00","10333.6240234375","10353.420238041786","10313.827808833214","10333.6240234375","10440","10440","2992"
"2020-10-22","2020-10-22 00:00","10165.357092546905","10175.25520071881","10125.764659859284","10155.458984375","10270","10260","4429"
"2020-10-23","2020-10-23 00:00","10303.931623641303","10303.931623641303","10244.54296875","10244.54296875","10410","10350","5647"
"2020-10-26","2020-10-26 00:00","10244.542630599843","10254.440739421678","10204.9501953125","10204.9501953125","10350","10310","6970"
"2020-10-27","2020-10-27 00:00","10115.865894317627","10145.560216903687","10096.069679260254","10135.662109375","10220","10240","7415"
"2020-10-28","2020-10-28 00:00","10006.987952506188","10006.987952506188","9957.497408725247","9997.08984375","10110","10100","36545"
"2020-10-29","2020-10-29 00:00","9739.739920374115","9809.026688100354","9729.841810698937","9789.23046875","9840","9890","33025"
"2020-10-30","2020-10-30 00:00","9749.6366633779","9759.534771665592","9601.1650390625","9601.1650390625","9850","9700","28483"
"2020-11-02","2020-11-02 00:00","9680.350603801448","9759.535475816185","9660.554385797765","9739.7392578125","9780","9840","13071"
"2020-11-04","2020-11-04 00:00","10036.683930429726","10244.544248515549","9937.702826579334","10105.970703125","10140","10210","27380"
"2020-11-05","2020-11-05 00:00","10185.154005784254","10294.033203125","10175.255896935096","10294.033203125","10290","10400","49359"
"2020-11-06","2020-11-06 00:00","10313.829732789854","10313.829732789854","10214.848641304348","10244.54296875","10420","10350","10880"
"2020-11-09","2020-11-09 00:00","10383.117525967686","10482.09862726385","10373.219415838068","10452.404296875","10490","10560","11734"
"2020-11-10","2020-11-10 00:00","10590.974231647995","10630.566658682194","10462.298843786852","10491.9931640625","10700","10600","56291"
"2020-11-11","2020-11-11 00:00","10581.077477913259","10610.77180198598","10541.485045816296","10590.9755859375","10690","10700","11462"
"2020-11-12","2020-11-12 00:00","10689.958313899253","10699.85642344916","10571.180999300374","10610.7734375","10800","10720","12554"
"2020-11-13","2020-11-13 00:00","10561.279594809323","10571.177701271186","10491.99284957627","10511.7890625","10670","10620","5887"
"2020-11-16","2020-11-16 00:00","10739.447913363412","10739.447913363412","10699.855478659767","10729.5498046875","10850","10840","9214"
"2020-11-17","2020-11-17 00:00","10759.24378978588","10759.24378978588","10689.95703125","10689.95703125","10870","10800","12224"
"2020-11-18","2020-11-18 00:00","10689.958313899253","10689.958313899253","10610.7734375","10610.7734375","10800","10720","9424"
"2020-11-19","2020-11-19 00:00","10521.687168961864","10531.58527542373","10482.094743114407","10511.7890625","10630","10620","5403"
"2020-11-20","2020-11-20 00:00","10472.197280351673","10521.687815703051","10462.299173281397","10501.8916015625","10580","10610","2616"
"2020-11-24","2020-11-24 00:00","10670.160814525463","10709.753247974537","10660.262706163194","10689.95703125","10780","10800","9193"
"2020-11-25","2020-11-25 00:00","10808.732737241973","10858.223271753153","10779.038416535264","10788.9365234375","10920","10900","8650"
"2020-11-26","2020-11-26 00:00","10779.038732192095","10788.936839384192","10749.34441061581","10769.140625","10890","10880","6076"
"2020-11-27","2020-11-27 00:00","10729.549145823707","10729.549145823707","10680.058605483191","10709.7529296875","10840","10820","4124"
"2020-11-30","2020-11-30 00:00","10779.040982982242","10779.040982982242","10660.263671875","10660.263671875","10890","10770","5433"
"2020-12-01","2020-12-01 00:00","10779.041677080953","10858.226556251428","10779.041677080953","10828.5322265625","10890","10940","7136"
"2020-12-02","2020-12-02 00:00","10848.325841894977","10858.223949414954","10808.733411815068","10838.427734375","10960","10950","3145"
"2020-12-03","2020-12-03 00:00","10887.920242059427","10907.716460681353","10868.1240234375","10868.1240234375","11000","10980","6535"
"2020-12-04","2020-12-04 00:00","10838.429039725423","10858.225257149577","10818.632822301266","10848.3271484375","10950","10960","12668"
"2020-12-07","2020-12-07 00:00","10887.918271974886","10897.816379494863","10828.529626855023","10838.427734375","11000","10950","8517"
"2020-12-08","2020-12-08 00:00","10824.8603515625","10844.667964282651","10805.052738842349","10824.8603515625","10930","10930","23124"
"2020-12-09","2020-12-09 00:00","10904.090334689768","10923.897946560232","10904.090334689768","10913.994140625","11010","11020","8085"
"2020-12-10","2020-12-10 00:00","10834.764157922575","10854.571770642726","10824.8603515625","10824.8603515625","10940","10930","4184"
"2020-12-11","2020-12-11 00:00","10814.956038501381","10814.956038501381","10755.533203125","10755.533203125","10920","10860","6013"
"2020-12-14","2020-12-14 00:00","10814.956049311928","10824.85985521789","10795.1484375","10795.1484375","10920","10900","5191"
"2020-12-15","2020-12-15 00:00","10745.628899937961","10755.532705375692","10715.91748362477","10725.8212890625","10850","10830","6419"
"2020-12-16","2020-12-16 00:00","10824.860347086962","10824.860347086962","10785.24512166304","10805.052734375","10930","10910","2540"
"2020-12-17","2020-12-17 00:00","10814.95606004342","10844.66747779079","10814.95606004342","10834.763671875","10920","10940","3847"
"2020-12-18","2020-12-18 00:00","10864.4760724367","10864.4760724367","10834.764652001597","10854.572265625","10970","10960","3924"
"2020-12-21","2020-12-21 00:00","10874.3818359375","10884.28564453125","10824.86279296875","10874.3818359375","10980","10980","8895"
"2020-12-22","2020-12-22 00:00","10805.052720874137","10805.052720874137","10735.726076468894","10745.6298828125","10910","10850","8649"
"2020-12-23","2020-12-23 00:00","10805.052232605318","10814.956038501381","10725.821785436809","10755.533203125","10910","10860","6154"
"2020-12-24","2020-12-24 00:00","10814.95606004342","10834.763671875","10805.052254127628","10834.763671875","10920","10940","6810"
"2020-12-25","2020-12-25 00:00","10834.76611372717","10864.477538170662","10824.862305579338","10844.669921875","10940","10950","2401"
"2020-12-28","2020-12-28 00:00","10874.378916884074","10923.897946560232","10844.667499078381","10913.994140625","10980","11020","9498"
"2020-12-29","2020-12-29 00:00","10973.417002725944","11013.0322265625","10973.417002725944","11013.0322265625","11080","11120","12701"
"2020-12-30","2020-12-30 00:00","10933.802734375","10953.61034802423","10894.18750707654","10933.802734375","11040","11040","6603"
"2021-01-04","2021-01-04 00:00","10973.416986889693","10973.416986889693","10923.897957165462","10953.609375","11080","11060","7891"
"2021-01-05","2021-01-05 00:00","10814.956049311928","10844.667467029816","10765.43701978211","10795.1484375","10920","10900","28471"
"2021-01-06","2021-01-06 00:00","10814.955063763786","10864.47408878102","10755.532233743106","10775.33984375","10920","10880","7319"
"2021-01-07","2021-01-07 00:00","10963.51368066494","11032.840325438794","10923.898455079883","11003.12890625","11070","11110","16247"
"2021-01-08","2021-01-08 00:00","11181.397473843612","11240.8203125","11171.49366740088","11240.8203125","11290","11350","9393"
"2021-01-12","2021-01-12 00:00","11221.013185316082","11250.724605930336","11201.205571573248","11230.9169921875","11330","11340","12018"
"2021-01-13","2021-01-13 00:00","11181.397456604926","11191.301263032386","11141.782230895076","11161.58984375","11290","11270","17730"
"2021-01-14","2021-01-14 00:00","11221.013185316082","11260.628412801752","11201.205571573248","11230.9169921875","11330","11340","4647"
"2021-01-15","2021-01-15 00:00","11181.397933523995","11181.397933523995","11082.359865025112","11092.263671875","11290","11200","12216"
"2021-01-18","2021-01-18 00:00","11062.552734375","11072.456541657342","11032.841312527977","11062.552734375","11170","11170","4382"
"2021-01-19","2021-01-19 00:00","11092.262716090425","11201.204582052027","11092.262716090425","11171.4931640625","11200","11280","3023"
"2021-01-20","2021-01-20 00:00","11201.204582052027","11211.108388048537","11151.68555206948","11171.4931640625","11310","11280","4361"
"2021-01-21","2021-01-21 00:00","11300.245118041885","11329.956542541557","11290.341309875328","11320.052734375","11410","11430","5574"
"2021-01-22","2021-01-22 00:00","11290.338369887862","11310.145981063104","11250.72314753738","11260.626953125","11400","11370","6900"
"2021-01-25","2021-01-25 00:00","11320.052734375","11339.860350708115","11290.341309875328","11320.052734375","11430","11430","2424"
"2021-01-26","2021-01-26 00:00","11329.956049538663","11329.956049538663","11250.725587653778","11270.533203125","11440","11380","9705"
"2021-01-27","2021-01-27 00:00","11310.147947934925","11320.051755244851","11280.436526005149","11300.244140625","11420","11410","6297"
"2021-01-28","2021-01-28 00:00","10983.321297836646","11102.166974639207","10963.51368503622","11022.9365234375","11090","11130","65435"
"2021-01-29","2021-01-29 00:00","11141.781714654737","11181.396938529066","11032.839849000336","11052.6474609375","11250","11160","24036"
"2021-02-01","2021-02-01 00:00","10933.801789314515","11072.455072874664","10923.897983345934","11052.6474609375","11040","11160","8353"
"2021-02-02","2021-02-02 00:00","11221.01222502056","11290.3388671875","11191.300806949013","11290.3388671875","11330","11400","9623"
"2021-02-03","2021-02-03 00:00","11399.280279366327","11438.895501883673","11389.376473736991","11419.087890625","11510","11530","11054"
"2021-02-04","2021-02-04 00:00","11428.992669417898","11428.992669417898","11369.569830582102","11399.28125","11540","11510","4460"
"2021-02-05","2021-02-05 00:00","11567.646976409053","11607.262205780316","11547.83936172342","11597.3583984375","11680","11710","6632"
"2021-02-08","2021-02-08 00:00","11627.068853879036","11676.587886476476","11627.068853879036","11656.7802734375","11740","11770","10083"
"2021-02-09","2021-02-09 00:00","11676.588373923789","11676.588373923789","11617.165532326211","11646.876953125","11790","11760","5352"
"2021-02-10","2021-02-10 00:00","11607.262696976151","11646.87792802385","11577.551273690375","11627.0703125","11720","11740","5079"
"2021-02-12","2021-02-12 00:00","11627.06787400266","11636.9716796875","11607.260262632979","11636.9716796875","11740","11750","2986"
"2021-02-15","2021-02-15 00:00","11736.010746301074","11775.625972448925","11716.203133227147","11755.818359375","11850","11870","4831"
"2021-02-16","2021-02-16 00:00","11805.337408472802","11864.760247777196","11795.43360192207","11835.048828125","11920","11950","8757"
"2021-02-17","2021-02-17 00:00","11805.337890625","11815.241697580223","11775.626469759332","11805.337890625","11920","11920","8537"
"2021-02-18","2021-02-18 00:00","11795.434077099117","11825.145497948231","11755.818849300294","11765.72265625","11910","11880","4324"
"2021-02-19","2021-02-19 00:00","11706.29931019402","11726.106923240033","11656.780277578986","11676.587890625","11820","11790","24785"
"2021-02-22","2021-02-22 00:00","11686.491692995964","11716.203112554429","11656.7802734375","11656.7802734375","11800","11770","6501"
"2021-02-24","2021-02-24 00:00","11557.74071930612","11627.067356011472","11547.8369140625","11547.8369140625","11670","11660","11921"
"2021-02-25","2021-02-25 00:00","11815.241697580223","11825.145504535445","11795.434083669777","11805.337890625","11930","11920","4617"
"2021-02-26","2021-02-26 00:00","11537.93308185584","11557.740692296793","11458.702640092022","11468.6064453125","11650","11580","18133"
"2021-03-01","2021-03-01 00:00","11577.54932390545","11646.875966563566","11567.645517811434","11607.2607421875","11690","11720","16196"
"2021-03-02","2021-03-02 00:00","11825.145494637964","11835.049301584897","11745.9150390625","11745.9150390625","11940","11860","8727"
"2021-03-03","2021-03-03 00:00","11745.913582842726","11785.528805719092","11726.105971404542","11775.625","11860","11890","4155"
"2021-03-04","2021-03-04 00:00","11537.935056915809","11577.550284579038","11468.608408505155","11528.03125","11650","11640","24880"
"2021-03-05","2021-03-05 00:00","11498.317887844394","11557.74071930612","11419.087445895422","11547.8369140625","11610","11660","17585"
"2021-03-08","2021-03-08 00:00","11844.952618207666","11854.856424744628","11745.914552838036","11755.818359375","11960","11870","21063"
"2021-03-09","2021-03-09 00:00","11844.954106437188","11934.088376468906","11844.954106437188","11904.376953125","11960","12020","13287"
"2021-03-10","2021-03-10 00:00","11943.9912109375","11963.798824885987","11914.27979001477","11943.9912109375","12060","12060","6827"
"2021-03-11","2021-03-11 00:00","12013.317879111504","12082.644528042898","11983.606458140906","12062.8369140625","12130","12180","11641"
"2021-03-12","2021-03-12 00:00","12151.971682071297","12181.68310427685","12132.164067267595","12171.779296875","12270","12290","12569"
"2021-03-15","2021-03-15 00:00","12231.199703865732","12251.007314722194","12211.392093009268","12221.2958984375","12350","12340","16968"
"2021-03-16","2021-03-16 00:00","12251.00879693166","12310.431636690422","12251.00879693166","12290.6240234375","12370","12410","14135"
"2021-03-17","2021-03-17 00:00","12270.816896106351","12280.720703125","12251.009282069052","12280.720703125","12390","12400","5478"
"2021-03-18","2021-03-18 00:00","12320.334956219807","12350.046374924517","12260.912118810387","12300.52734375","12440","12420","13280"
"2021-03-19","2021-03-19 00:00","12122.26025510204","12171.779292091836","12102.452640306123","12132.1640625","12240","12250","13517"
"2021-03-22","2021-03-22 00:00","12082.644528042898","12122.259756003694","12033.125493091902","12062.8369140625","12200","12180","19397"
"2021-03-23","2021-03-23 00:00","12191.585432464002","12201.489238664217","12122.2587890625","12122.2587890625","12310","12240","4051"
"2021-03-24","2021-03-24 00:00","12043.029296875","12062.836910850123","12013.317875912315","12043.029296875","12160","12160","9164"
"2021-03-25","2021-03-25 00:00","12033.125489887438","12082.644524825246","12023.221682899877","12043.029296875","12150","12160","8405"
"2021-03-26","2021-03-26 00:00","12142.066904447604","12191.5859375","12132.163097837125","12191.5859375","12260","12310","6027"
"2021-03-29","2021-03-29 00:00","12350.045870806387","12350.045870806387","12241.104006669362","12251.0078125","12470","12370","9284"
"2021-03-30","2021-03-30 00:00","12389.660163264416","12409.4677734375","12369.852553091332","12409.4677734375","12510","12530","12306"
"2021-03-31","2021-03-31 00:00","12399.564955001988","12468.891596124204","12389.661149127387","12449.083984375","12520","12570","6011"
"2021-04-01","2021-04-01 00:00","12518.4111328125","12538.218745364418","12478.795907708663","12518.4111328125","12640","12640","16804"
"2021-04-02","2021-04-02 00:00","12647.162109375","12657.065916821652","12627.354494481695","12647.162109375","12770","12770","7925"
"2021-04-05","2021-04-05 00:00","12706.584956356284","12706.584956356284","12666.9697265625","12666.9697265625","12830","12790","9823"
"2021-04-06","2021-04-06 00:00","12766.00683214355","12766.00683214355","12716.487798659673","12746.19921875","12890","12870","12879"
"2021-04-07","2021-04-07 00:00","12726.390619671913","12726.390619671913","12676.871590023384","12706.5830078125","12850","12830","19451"
"2021-04-08","2021-04-08 00:00","12756.1035186531","12775.9111328125","12726.392097414002","12775.9111328125","12880","12900","11872"
"2021-04-09","2021-04-09 00:00","12756.103509540499","12766.007316613124","12716.48828125","12716.48828125","12880","12840","14096"
"2021-04-12","2021-04-12 00:00","12815.525877018079","12845.237297134812","12785.814456901344","12805.6220703125","12940","12930","11837"
"2021-04-13","2021-04-13 00:00","12835.333012326657","12865.044431336672","12815.525399653314","12855.140625","12960","12980","14558"
"2021-04-14","2021-04-14 00:00","12805.622074083012","12835.333494208495","12775.91065395753","12825.4296875","12930","12950","24678"
"2021-04-15","2021-04-15 00:00","12775.912110886708","12795.7197265625","12756.104495210913","12795.7197265625","12900","12920","13163"
"2021-04-16","2021-04-16 00:00","12874.947265625","12884.851071213943","12845.235848858174","12874.947265625","13000","13000","7533"
"2021-04-19","2021-04-19 00:00","12884.851071213943","12904.658682391828","12865.043460036059","12874.947265625","13010","13000","17334"
"2021-04-20","2021-04-20 00:00","12795.717782479745","12835.3330078125","12785.813976146557","12835.3330078125","12920","12960","28530"
"2021-04-21","2021-04-21 00:00","12676.871087636933","12686.77489317415","12627.35205995085","12657.0634765625","12800","12780","56534"
"2021-04-22","2021-04-22 00:00","12775.910650195767","12805.6220703125","12746.199230079032","12805.6220703125","12900","12930","7335"
"2021-04-23","2021-04-23 00:00","12696.6806640625","12706.584471132752","12666.969242851745","12696.6806640625","12820","12820","69917"
"2021-04-26","2021-04-26 00:00","12795.7197265625","12805.623534400396","12775.912110886708","12795.7197265625","12920","12920","31078"
"2021-04-27","2021-04-27 00:00","12865.043466031826","12894.7548828125","12845.23585484471","12894.7548828125","12990","13020","41086"
"2021-04-28","2021-04-28 00:00","12914.564459097859","12964.083494600534","12914.564459097859","12954.1796875","13040","13080","13875"
"2021-04-30","2021-04-30 00:00","12993.793449197861","13013.6010611631","12944.274419284759","12964.08203125","13120","13090","14479"
"2021-05-06","2021-05-06 00:00","12934.371583899198","12964.083004076607","12914.56397044759","12944.275390625","13060","13070","14781"
"2021-05-07","2021-05-07 00:00","12993.79492781155","13053.217770469226","12993.79492781155","13033.41015625","13120","13160","14049"
"2021-05-10","2021-05-10 00:00","13073.022959183672","13122.541985544218","13053.215348639455","13102.734375","13200","13230","23843"
"2021-05-11","2021-05-11 00:00","12954.179681508818","12964.083488604772","12855.141610549272","12914.564453125","13080","13040","25354"
"2021-05-12","2021-05-12 00:00","12825.430168210998","12845.237782370397","12726.392097414002","12775.9111328125","12950","12900","18277"
"2021-05-13","2021-05-13 00:00","12666.969239807127","12726.392082214355","12657.065432739257","12676.873046875","12790","12800","45981"
"2021-05-14","2021-05-14 00:00","12815.524432091346","12874.947265625","12805.620626502405","12874.947265625","12940","13000","41908"
"2021-05-17","2021-05-17 00:00","12973.98730170107","12983.891108801605","12914.564459097859","12954.1796875","13100","13080","11250"
"2021-05-18","2021-05-18 00:00","12934.371583899198","12964.083004076607","12934.371583899198","12944.275390625","13060","13070","7195"
"2021-05-19","2021-05-19 00:00","12726.39013975627","12785.812973093653","12716.486334200039","12736.2939453125","12850","12860","21722"
"2021-05-20","2021-05-20 00:00","12736.295904493702","12795.7187469719","12736.295904493702","12775.9111328125","12860","12900","5774"
"2021-05-21","2021-05-21 00:00","12874.948237673345","12904.65965668336","12855.140625","12855.140625","13000","12980","13261"
"2021-05-24","2021-05-24 00:00","12855.141118910935","12904.660152496877","12855.141118910935","12884.8525390625","12980","13010","7963"
"2021-05-25","2021-05-25 00:00","13003.696780316543","13013.6005859375","12973.985363453672","13013.6005859375","13130","13140","38470"
"2021-05-26","2021-05-26 00:00","12983.8916015625","13003.699216515302","12973.987794086099","12983.8916015625","13110","13110","8067"
"2021-05-27","2021-05-27 00:00","13023.50487760615","13023.50487760615","12973.985847653274","13003.697265625","13150","13130","7005"
"2021-05-28","2021-05-28 00:00","13152.2548828125","13181.966301975479","13152.2548828125","13152.2548828125","13280","13280","15291"
"2021-05-31","2021-05-31 00:00","13162.158684777998","13172.06249116233","13112.639652856335","13132.447265625","13290","13260","7972"
"2021-06-01","2021-06-01 00:00","13092.8325176831","13102.7363244287","13053.2172907007","13082.9287109375","13220","13210","8932"
"2021-06-02","2021-06-02 00:00","13053.217779347106","13112.640622045195","13053.217779347106","13092.8330078125","13180","13220","8187"
"2021-06-03","2021-06-03 00:00","13102.736335484175","13142.3515625","13102.736335484175","13142.3515625","13230","13270","16475"
"2021-06-04","2021-06-04 00:00","13132.447265625","13152.254878393665","13102.735846472004","13132.447265625","13260","13260","34404"
"2021-06-07","2021-06-07 00:00","13142.351067580485","13142.351067580485","13092.83203567551","13112.6396484375","13270","13240","17474"
"2021-06-08","2021-06-08 00:00","13097.481155660376","13137.110448113208","13087.573832547168","13127.203125","13220","13250","56449"
"2021-06-09","2021-06-09 00:00","13127.204198923715","13127.204198923715","13107.389551076283","13117.296875","13250","13240","12445"
"2021-06-10","2021-06-10 00:00","13127.204198923715","13127.204198923715","13107.389551076283","13117.296875","13250","13240","11574"
"2021-06-11","2021-06-11 00:00","13137.112985856378","13166.8349609375","13127.205660829337","13166.8349609375","13260","13290","13693"
"2021-06-14","2021-06-14 00:00","13226.278418407983","13236.185743065967","13206.463769092017","13216.37109375","13350","13340","32924"
"2021-06-15","2021-06-15 00:00","13265.90586315618","13315.442479523455","13265.90586315618","13305.53515625","13390","13430","15082"
"2021-06-16","2021-06-16 00:00","13255.99912058246","13265.906444289922","13246.091796875","13246.091796875","13380","13370","16375"
"2021-06-17","2021-06-17 00:00","13216.369237328863","13216.369237328863","13166.832620997046","13206.4619140625","13340","13330","15793"
"2021-06-18","2021-06-18 00:00","13226.277734081517","13226.277734081517","13186.6484375","13186.6484375","13350","13310","33547"
"2021-06-21","2021-06-21 00:00","13008.316207944205","13028.130855633382","12869.613674119972","12929.0576171875","13130","13050","59402"
"2021-06-22","2021-06-22 00:00","13216.369825752618","13255.99912058246","13196.555178337698","13246.091796875","13340","13370","25134"
"2021-06-23","2021-06-23 00:00","13315.442874351373","13374.886815754726","13315.442874351373","13364.9794921875","13440","13490","28988"
"2021-06-24","2021-06-24 00:00","13374.886912903376","13384.794236542562","13345.164941985811","13355.072265625","13500","13480","10873"
"2021-06-25","2021-06-25 00:00","13434.330174700184","13444.237497837868","13414.515528424816","13424.4228515625","13560","13550","9861"
"2021-06-28","2021-06-28 00:00","13473.959273673545","13473.959273673545","13434.329981692152","13444.2373046875","13600","13570","14738"
"2021-06-29","2021-06-29 00:00","13454.144627682848","13454.144627682848","13414.515335701455","13444.2373046875","13580","13570","12330"
"2021-06-30","2021-06-30 00:00","13464.0546875","13483.869337518396","13454.147362490801","13464.0546875","13590","13590","7285"
"2021-07-01","2021-07-01 00:00","13573.0341796875","13582.94150390625","13553.21953125","13573.0341796875","13700","13700","8259"
"2021-07-02","2021-07-02 00:00","13672.1064453125","13691.921092334693","13652.291798290307","13672.1064453125","13800","13800","12595"
"2021-07-05","2021-07-05 00:00","13711.735545179088","13711.735545179088","13682.013575066705","13691.9208984375","13840","13820","35403"
"2021-07-06","2021-07-06 00:00","13701.829492470766","13701.829492470766","13662.2001953125","13662.2001953125","13830","13790","13532"
"2021-07-07","2021-07-07 00:00","13612.662109375","13632.476755822416","13582.940139703875","13612.662109375","13740","13740","19406"
"2021-07-08","2021-07-08 00:00","13672.106243166909","13682.013566531523","13592.84765625","13592.84765625","13800","13720","11718"
"2021-07-09","2021-07-09 00:00","13454.145024188372","13513.588963912325","13394.701084464417","13503.681640625","13580","13630","25923"
"2021-07-12","2021-07-12 00:00","13672.105758101852","13682.013081114968","13612.661820023148","13642.3837890625","13800","13770","11700"
"2021-07-13","2021-07-13 00:00","13721.642578125","13741.457224447202","13711.735254963898","13721.642578125","13850","13850","19485"
"2021-07-14","2021-07-14 00:00","13691.922949855178","13721.644924420709","13672.108300144822","13682.015625","13820","13810","18535"
"2021-07-15","2021-07-15 00:00","13662.199510441269","13662.199510441269","13602.75556768373","13632.4775390625","13790","13760","18301"
"2021-07-16","2021-07-16 00:00","13563.125493256459","13612.662109375","13543.310846809043","13612.662109375","13690","13740","12149"
"2021-07-19","2021-07-19 00:00","13464.054786019191","13464.054786019191","13414.518160610733","13454.1474609375","13590","13580","35842"
"2021-07-20","2021-07-20 00:00","13275.813379707308","13315.442673378077","13226.276762618849","13285.720703125","13400","13410","40515"
"2021-07-21","2021-07-21 00:00","13503.681931439567","13523.496578440947","13464.052637436811","13473.9599609375","13630","13600","17846"
"2021-07-26","2021-07-26 00:00","13820.717481453756","13830.62480581322","13751.3662109375","13751.3662109375","13950","13880","42040"
"2021-07-27","2021-07-27 00:00","13830.624413501257","13830.624413501257","13790.9951171875","13790.9951171875","13960","13920","21629"
"2021-07-28","2021-07-28 00:00","13701.828028331602","13751.364644486091","13662.19873540801","13711.7353515625","13830","13840","19938"
"2021-07-29","2021-07-29 00:00","13721.644727551065","13731.5520522641","13652.293454559833","13701.830078125","13850","13830","10742"
"2021-07-30","2021-07-30 00:00","13652.291305397728","13652.291305397728","13612.66201278409","13622.5693359375","13780","13750","16551"
"2021-08-02","2021-08-02 00:00","13701.827547077482","13771.178807257918","13701.827547077482","13761.271484375","13830","13890","14475"
"2021-08-03","2021-08-03 00:00","13632.476466049382","13652.291112075618","13602.754497010032","13642.3837890625","13760","13770","16779"
"2021-08-04","2021-08-04 00:00","13662.200975289645","13682.015625","13642.38632557929","13682.015625","13790","13810","11687"
"2021-08-05","2021-08-05 00:00","13701.828809862012","13731.55078125","13691.921486066016","13731.55078125","13830","13860","16101"
"2021-08-06","2021-08-06 00:00","13771.180469030622","13800.902441265938","13771.180469030622","13790.9951171875","13900","13920","16214"
"2021-08-10","2021-08-10 00:00","13870.254981236598","13890.069631209793","13840.533006276804","13860.34765625","14000","13990","17582"
"2021-08-11","2021-08-11 00:00","13909.882715191281","13929.697362933719","13909.882715191281","13919.7900390625","14040","14050","9875"
"2021-08-12","2021-08-12 00:00","13939.602634912873","13939.602634912873","13919.787990087127","13929.6953125","14070","14060","11719"
"2021-08-13","2021-08-13 00:00","13969.328125","13989.142774822696","13969.328125","13969.328125","14100","14100","14946"
"2021-08-16","2021-08-16 00:00","13899.976074917293","13899.976074917293","13830.624804408084","13850.439453125","14030","13980","21385"
"2021-08-17","2021-08-17 00:00","13899.976956196391","13899.976956196391","13860.34765625","13860.34765625","14030","13990","9807"
"2021-08-18","2021-08-18 00:00","13810.811031317013","13870.254981236598","13800.903706330415","13860.34765625","13940","13990","10639"
"2021-08-19","2021-08-19 00:00","13721.643457454004","13771.180076433982","13711.736133658009","13731.55078125","13850","13860","29961"
"2021-08-20","2021-08-20 00:00","13721.644727551065","13761.2740264032","13672.1081039859","13701.830078125","13850","13830","25065"
"2021-08-23","2021-08-23 00:00","13870.253613907698","13919.790233957368","13860.346289897763","13899.9755859375","14000","14030","26677"
"2021-08-24","2021-08-24 00:00","13969.326953401645","13999.048925642926","13969.326953401645","13989.1416015625","14100","14120","17490"
"2021-08-25","2021-08-25 00:00","13989.141699149539","13999.049023299078","13959.419726700922","13979.234375","14120","14110","14425"
"2021-08-26","2021-08-26 00:00","14038.67792899735","14048.585252871024","14008.955957376325","14018.86328125","14170","14150","14924"
"2021-08-27","2021-08-27 00:00","13979.234277482074","13999.048925642926","13949.512305240793","13989.1416015625","14110","14120","12318"
"2021-08-30","2021-08-30 00:00","14088.214158298097","14098.121481897462","14038.677540301269","14058.4921875","14220","14190","40385"
"2021-08-31","2021-08-31 00:00","14147.658984375","14177.38095703125","14127.8443359375","14167.4736328125","14280","14300","22558"
"2021-09-01","2021-09-01 00:00","14167.472173072736","14217.0087890625","14157.564849874783","14217.0087890625","14300","14350","9128"
"2021-09-02","2021-09-02 00:00","14157.564646110723","14167.471969166083","14108.028030833917","14137.75","14290","14270","21855"
"2021-09-03","2021-09-03 00:00","14157.564849874783","14217.0087890625","14157.564849874783","14217.0087890625","14290","14350","21317"
"2021-09-06","2021-09-06 00:00","14137.75166015625","14167.4736328125","14108.0296875","14167.4736328125","14270","14300","23212"
"2021-09-07","2021-09-07 00:00","14177.3798828125","14177.3798828125","14147.657912408282","14177.3798828125","14310","14310","11989"
"2021-09-08","2021-09-08 00:00","14157.563190140538","14187.28515625","14147.655868104051","14187.28515625","14290","14320","10412"
"2021-09-09","2021-09-09 00:00","14127.84335524868","14137.75067877971","14058.49209053147","14068.3994140625","14260","14200","37159"
"2021-09-10","2021-09-10 00:00","14018.862699848258","14078.306640625","14008.955376385467","14078.306640625","14150","14210","25733"
"2021-09-13","2021-09-13 00:00","13999.049023299078","14008.956347448619","13939.605078401843","13979.234375","14130","14110","43406"
"2021-09-14","2021-09-14 00:00","14008.955957376325","14028.770605123675","13979.2339857553","14018.86328125","14140","14150","22343"
"2021-09-15","2021-09-15 00:00","13890.0685546875","13899.97587890625","13840.53193359375","13870.25390625","14020","14000","42933"
"2021-09-16","2021-09-16 00:00","13959.419529997105","13959.419529997105","13899.9755859375","13899.9755859375","14090","14030","27162"
"2021-09-17","2021-09-17 00:00","13929.69765707994","13999.048925642926","13919.790332999513","13989.1416015625","14060","14120","21495"
"2021-09-21","2021-09-21 00:00","13592.848243890807","13672.106834234193","13573.03359630496","13632.4775390625","13720","13760","85298"
"2021-09-22","2021-09-22 00:00","13483.866907466794","13612.662109375","13434.330291348253","13612.662109375","13610","13740","69262"
"2021-09-24","2021-09-24 00:00","13969.326268907469","13999.04823969238","13949.511621717531","13959.4189453125","14100","14090","71866"
"2021-09-27","2021-09-27 00:00","14048.584670236629","14098.12128755058","14038.677346773839","14078.306640625","14180","14210","25014"
"2021-09-28","2021-09-28 00:00","14008.955376385467","14078.306640625","13979.233405997096","14078.306640625","14140","14210","9772"
"2021-09-29","2021-09-29 00:00","13850.439160365364","13899.97578111059","13820.717187918228","13880.1611328125","13980","14010","27399"
"2021-09-30","2021-09-30 00:00","13909.882327337651","13989.140916097409","13899.97500374268","13959.4189453125","14040","14090","13627"
"2021-10-01","2021-10-01 00:00","13682.01474609375","13691.9220703125","13523.49755859375","13573.0341796875","13810","13700","48056"
"2021-10-04","2021-10-04 00:00","13771.180076433982","13781.087400229977","13682.014162270021","13731.55078125","13900","13860","44130"
"2021-10-05","2021-10-05 00:00","13573.032816480167","13622.569432598708","13503.68155391421","13612.662109375","13700","13740","24992"
"2021-10-06","2021-10-06 00:00","13741.458105045995","13790.994724025973","13691.921486066016","13731.55078125","13870","13860","15623"
"2021-10-07","2021-10-07 00:00","13850.438089280939","13929.696676344063","13830.623442515158","13890.0673828125","13980","14020","23566"
"2021-10-08","2021-10-08 00:00","13989.140431621287","14028.769724628713","13959.418461865718","14008.955078125","14120","14140","41634"
"2021-10-11","2021-10-11 00:00","13939.604208159111","14068.3994140625","13929.696884628082","14068.3994140625","14070","14200","32642"
"2021-10-12","2021-10-12 00:00","14038.678221964632","14058.492870125487","13959.419629321219","13989.1416015625","14170","14120","13040"
"2021-10-13","2021-10-13 00:00","13999.047754873143","14038.67704788057","13989.140431621287","14008.955078125","14130","14140","23173"
"2021-10-14","2021-10-14 00:00","14088.215136240378","14157.56640625","14078.30781195329","14157.56640625","14220","14290","21664"
"2021-10-15","2021-10-15 00:00","14395.3410215071","14474.599609375","14345.804404089664","14474.599609375","14530","14610","45519"
"2021-10-18","2021-10-18 00:00","14583.580661664393","14583.580661664393","14484.507423473739","14524.13671875","14720","14660","51722"
"2021-10-19","2021-10-19 00:00","14583.5810546875","14613.303026945696","14543.95175834324","14583.5810546875","14720","14720","31854"
"2021-10-20","2021-10-20 00:00","14732.189549729768","14752.004196064308","14702.46758022796","14722.2822265625","14870","14860","35485"
"2021-10-21","2021-10-21 00:00","14742.097260880566","14752.004584308577","14652.931350028466","14682.6533203125","14880","14820","38865"
"2021-10-22","2021-10-22 00:00","14682.65468671245","14771.820605862526","14682.65468671245","14742.0986328125","14820","14880","26233"
"2021-10-25","2021-10-25 00:00","14662.840330387206","14712.376953125","14643.025681292087","14712.376953125","14800","14850","18423"
"2021-10-26","2021-10-26 00:00","14811.448927345837","14851.078222134722","14791.634279951393","14841.1708984375","14950","14980","25380"
"2021-10-27","2021-10-27 00:00","14870.89267513021","14880.799998697918","14821.356057291667","14860.9853515625","15010","15000","22761"
"2021-10-28","2021-10-28 00:00","14771.820605862526","14771.820605862526","14722.283984112484","14742.0986328125","14910","14880","29427"
"2021-10-29","2021-10-29 00:00","14811.449511326031","14831.264159501718","14761.912890886813","14781.7275390625","14950","14920","15136"
"2021-11-01","2021-11-01 00:00","15009.596777730761","15019.504102336525","14969.96747930771","14999.689453125","15150","15140","40464"
"2021-11-02","2021-11-02 00:00","14969.966502088182","14979.873826047207","14880.800586456948","14900.615234375","15110","15040","31535"
"2021-11-04","2021-11-04 00:00","15158.205272414922","15158.205272414922","15128.48330129254","15138.390625","15300","15280","35041"
"2021-11-05","2021-11-05 00:00","15178.020800972858","15178.020800972858","15118.57685527714","15148.298828125","15320","15290","31167"
"2021-11-08","2021-11-08 00:00","15158.2060546875","15168.11337890625","15138.39140625","15158.2060546875","15300","15300","30621"
"2021-11-09","2021-11-09 00:00","15138.388364973702","15138.388364973702","15049.222464918228","15069.037109375","15280","15210","32754"
"2021-11-10","2021-11-10 00:00","15019.501265077659","15049.22323328032","14969.964651406559","14989.779296875","15160","15130","28636"
"2021-11-11","2021-11-11 00:00","15059.13252010834","15128.48378829305","15059.13252010834","15088.8544921875","15200","15230","36284"
"2021-11-12","2021-11-12 00:00","15118.575098743451","15158.204391269646","15108.667775611902","15128.482421875","15260","15270","24050"
"2021-11-15","2021-11-15 00:00","15217.648727984344","15227.556051374959","15168.11211103127","15187.9267578125","15360","15330","29017"
"2021-11-16","2021-11-16 00:00","15207.74209022522","15267.186033248901","15207.74209022522","15217.6494140625","15350","15360","19547"
"2021-11-17","2021-11-17 00:00","15376.1671875","15386.07451171875","15356.3525390625","15356.3525390625","15520","15500","25489"
"2021-11-18","2021-11-18 00:00","15267.185546875","15287.000193918317","15197.834282223395","15267.185546875","15410","15410","30009"
"2021-11-19","2021-11-19 00:00","15326.630371722978","15395.98164037331","15316.723047630074","15376.1669921875","15470","15520","24766"
"2021-11-22","2021-11-22 00:00","15277.093360891009","15326.629980089747","15267.18603705126","15316.72265625","15420","15460","33617"
"2021-11-24","2021-11-24 00:00","15356.3525390625","15386.07451171875","15316.7232421875","15356.3525390625","15500","15500","34811"
"2021-11-25","2021-11-25 00:00","15455.425294528754","15504.9619140625","15455.425294528754","15504.9619140625","15600","15650","35678"
"2021-11-26","2021-11-26 00:00","15376.166693811076","15376.166693811076","15187.927539698698","15207.7421875","15520","15350","89906"
"2021-11-29","2021-11-29 00:00","14989.781200152262","15039.317820113109","14935.290918195331","14945.1982421875","15130","15085","153422"
"2021-11-30","2021-11-30 00:00","15123.529972555956","15138.390958444481","14846.124902636817","14856.0322265625","15265","14995","52014"
"2021-12-01","2021-12-01 00:00","14796.589011047403","14930.337890625","14742.09872677505","14930.337890625","14935","15070","55330"
"2021-12-02","2021-12-02 00:00","14647.977843687313","14860.985299648948","14568.719255422518","14816.40234375","14785","14955","58067"
"2021-12-03","2021-12-03 00:00","14737.14312576977","14846.123679977141","14667.791864001441","14831.2626953125","14875","14970","28798"
"2021-12-06","2021-12-06 00:00","14707.421584493171","14756.958201483718","14672.74595259979","14737.1435546875","14845","14875","24761"
"2021-12-07","2021-12-07 00:00","14870.89331224623","14950.151904183584","14846.125002265806","14945.1982421875","15010","15085","32543"
"2021-12-08","2021-12-08 00:00","15203.680181364341","15208.635748568176","15079.791001268479","15168.9912109375","15340","15305","68945"
"2021-12-09","2021-12-09 00:00","15173.946292897168","15198.724128123977","15134.301756534276","15144.212890625","15310","15280","33630"
"2021-12-10","2021-12-10 00:00","15059.967776335312","15084.745610781405","15015.367674332345","15030.234375","15195","15165","23886"
"2021-12-13","2021-12-13 00:00","15213.590816502763","15258.19091987362","15203.679682420352","15243.32421875","15350","15380","25527"
"2021-12-14","2021-12-14 00:00","15079.791989942529","15109.525395114943","15055.01415229885","15089.703125","15215","15225","27537"
"2021-12-15","2021-12-15 00:00","14995.548824899894","15015.371096975108","14960.859848768268","15005.4599609375","15130","15140","25948"
"2021-12-16","2021-12-16 00:00","15307.7470703125","15317.658204705709","15248.28026395324","15307.7470703125","15445","15445","59713"
"2021-12-17","2021-12-17 00:00","15074.837409578737","15119.437520257963","15000.503891780025","15050.0595703125","15210","15185","32687"
"2021-12-20","2021-12-20 00:00","14817.146011706916","14856.79054953088","14703.167965463017","14722.990234375","14950","14855","69105"
"2021-12-21","2021-12-21 00:00","14822.100093430114","14886.5224609375","14767.588859385403","14886.5224609375","14955","15020","31267"
"2021-12-22","2021-12-22 00:00","15059.970706018994","15079.792977431984","15040.148434606004","15050.0595703125","15195","15185","23941"
"2021-12-23","2021-12-23 00:00","15228.458984375","15243.325686930524","15213.592281819476","15228.458984375","15365","15365","24892"
"2021-12-24","2021-12-24 00:00","15337.479986164837","15347.391120243134","15282.968748734202","15292.8798828125","15475","15430","41227"
"2021-12-27","2021-12-27 00:00","15372.168946572581","15372.168946572581","15337.479977318548","15362.2578125","15510","15500","70419"
"2021-12-28","2021-12-28 00:00","15590.214838173184","15619.9482421875","15570.392568830306","15619.9482421875","15730","15760","52445"
"2021-12-29","2021-12-29 00:00","15624.903317219176","15644.7255859375","15590.214346962108","15644.7255859375","15765","15785","53922"
"2021-12-30","2021-12-30 00:00","15634.817376011495","15659.595216544001","15610.039535478989","15654.6396484375","15775","15795","27488"
"2022-01-04","2022-01-04 00:00","15689.325665985614","15803.3037109375","15679.414531641973","15803.3037109375","15830","15945","33205"
"2022-01-05","2022-01-05 00:00","15793.392096608351","15803.30323065078","15738.880859375","15738.880859375","15935","15880","33506"
"2022-01-06","2022-01-06 00:00","15515.880876650954","15550.569846991597","15391.991696862939","15406.8583984375","15655","15545","53987"
"2022-01-07","2022-01-07 00:00","15501.015133443789","15540.65967342702","15481.192863452172","15515.8818359375","15640","15655","58818"
"2022-01-11","2022-01-11 00:00","15322.613771902314","15337.480473492129","15268.10253273966","15307.7470703125","15460","15445","92474"
"2022-01-12","2022-01-12 00:00","15456.415516104538","15501.015625","15431.637677829283","15501.015625","15595","15640","35083"
"2022-01-13","2022-01-13 00:00","15411.81495353844","15411.81495353844","15342.437008409972","15357.3037109375","15550","15495","44219"
"2022-01-14","2022-01-14 00:00","15134.30323275862","15139.258800287356","15025.280747126437","15089.703125","15270","15225","92387"
"2022-01-17","2022-01-17 00:00","15154.124514116203","15168.991215732405","15119.435543678395","15139.2578125","15290","15275","26357"
"2022-01-18","2022-01-18 00:00","15193.768072643712","15218.545907073985","15124.390136238946","15129.345703125","15330","15265","27597"
"2022-01-19","2022-01-19 00:00","14906.348181361047","14960.859428034906","14757.68114497779","14782.458984375","15040","14915","66757"
"2022-01-20","2022-01-20 00:00","14703.168436441078","14827.057621109438","14668.479464733937","14807.2353515625","14835","14940","62832"
"2022-01-21","2022-01-21 00:00","14470.256351843911","14475.211919087693","14336.456036261792","14445.478515625","14600","14575","56052"
"2022-01-24","2022-01-24 00:00","14296.81151668629","14366.189458188408","14272.033680435534","14336.4560546875","14425","14465","48624"
"2022-01-25","2022-01-25 00:00","14296.813033479795","14301.768601255699","14044.079076908749","14133.279296875","14425","14260","79479"
"2022-01-26","2022-01-26 00:00","14133.27782946585","14163.01123303415","14058.944320545097","14148.14453125","14260","14275","39340"
"2022-01-27","2022-01-27 00:00","14257.16703712666","14267.078171667588","13925.144030005531","13999.4775390625","14385","14125","54876"
"2022-01-28","2022-01-28 00:00","14237.34520366949","14306.723147578776","14202.65623171485","14291.8564453125","14365","14420","46757"
"2022-01-31","2022-01-31 00:00","14480.166008327318","14599.099610038425","14455.388174637503","14589.1884765625","14610","14720","34614"
"2022-02-01","2022-02-01 00:00","14737.855957523967","14752.722658220864","14678.389154736378","14732.900390625","14870","14865","34112"
"2022-02-02","2022-02-02 00:00","14881.568840843023","14921.21337987957","14866.70213870432","14916.2578125","15015","15050","21346"
"2022-02-03","2022-02-03 00:00","14767.590814425654","14802.279786137391","14737.857410101306","14797.32421875","14900","14930","29627"
"2022-02-04","2022-02-04 00:00","14792.368649402297","14817.146486335969","14727.94627337475","14807.2353515625","14925","14940","28288"
"2022-02-07","2022-02-07 00:00","14762.635252923134","14767.5908203125","14693.257309472001","14767.5908203125","14895","14900","20740"
"2022-02-08","2022-02-08 00:00","14708.124997369529","14737.858403698443","14693.258294205072","14718.0361328125","14840","14850","11466"
"2022-02-09","2022-02-09 00:00","14881.569331390818","14916.258304191262","14851.835926133293","14901.3916015625","15015","15035","19678"
"2022-02-10","2022-02-10 00:00","15079.792977431984","15079.792977431984","15005.459459633272","15050.0595703125","15215","15185","24681"
"2022-02-14","2022-02-14 00:00","14549.546392549471","14554.501960121865","14475.212878963557","14524.7685546875","14680","14655","42521"
"2022-02-15","2022-02-15 00:00","14495.034683070231","14495.034683070231","14390.967767396907","14420.701171875","14625","14550","23005"
"2022-02-16","2022-02-16 00:00","14668.480949620573","14693.2587890625","14653.614245955418","14693.2587890625","14800","14825","34101"
"2022-02-17","2022-02-17 00:00","14668.478032807732","14693.25586732261","14554.499994039294","14613.966796875","14800","14745","39143"
"2022-02-18","2022-02-18 00:00","14331.50046901801","14470.256351843911","14296.811498311536","14445.478515625","14460","14575","42215"
"2022-02-21","2022-02-21 00:00","14163.011202600743","14336.45605637647","14123.366664594863","14326.544921875","14290","14455","32575"
"2022-02-22","2022-02-22 00:00","13940.010246298469","14024.254886962199","13905.321276613402","13994.521484375","14065","14120","44760"
"2022-02-24","2022-02-24 00:00","13811.166073006565","13830.988342217912","13439.498525293793","13494.009765625","13935","13615","125051"
"2022-02-25","2022-02-25 00:00","14024.25684978945","14083.72366328679","13949.923332917775","13974.701171875","14150","14100","61374"
"2022-02-28","2022-02-28 00:00","14113.4560546875","14207.611835951215","14034.166975728582","14113.4560546875","14240","14240","44467"
"2022-03-01","2022-03-01 00:00","14346.368659101969","14366.190930133542","14301.768549280925","14321.5908203125","14475","14450","54123"
"2022-03-02","2022-03-02 00:00","14123.366691533316","14187.789065915747","14098.58885523238","14167.966796875","14250","14295","44604"
"2022-03-03","2022-03-03 00:00","14400.877924325456","14460.344729243523","14386.011223095938","14440.5224609375","14530","14570","51712"
"2022-03-04","2022-03-04 00:00","14381.056173558612","14381.056173558612","14073.811003758256","14257.1669921875","14510","14385","59351"
"2022-03-07","2022-03-07 00:00","13979.653808247696","14049.031742779944","13920.187007220056","13984.609375","14105","14110","47218"
"2022-03-08","2022-03-08 00:00","13756.654794868897","13865.677275231692","13702.1435546875","13702.1435546875","13880","13825","107369"
"2022-03-09","2022-03-09 00:00","13731.87743192165","13840.899916043727","13731.87743192165","13776.4775390625","13855","13900","31213"
"2022-03-10","2022-03-10 00:00","14103.545408955699","14143.189949810107","14093.634273742096","14108.5009765625","14230","14235","38707"
"2022-03-11","2022-03-11 00:00","14113.45458727655","14148.14355571438","14019.298815802444","14138.232421875","14240","14265","15138"
"2022-03-14","2022-03-14 00:00","14167.9653310076","14192.743164744934","14128.320797027865","14182.83203125","14295","14310","21583"
"2022-03-15","2022-03-15 00:00","14078.7666015625","14103.544437890487","14039.12206343772","14078.7666015625","14205","14205","55671"
"2022-03-16","2022-03-16 00:00","14346.367664691586","14425.656743322006","14311.678692790778","14400.87890625","14475","14530","59670"
"2022-03-17","2022-03-17 00:00","14777.501473882952","14797.323742794933","14683.345696551034","14722.990234375","14910","14855","52492"
"2022-03-18","2022-03-18 00:00","14812.19237108202","14851.8369140625","14797.325667464338","14851.8369140625","14945","14985","34384"
"2022-03-22","2022-03-22 00:00","15168.991199822154","15253.23584222561","15159.080065421747","15238.369140625","15305","15375","80120"
"2022-03-23","2022-03-23 00:00","15600.124514049077","15610.035647793708","15520.83544409203","15575.3466796875","15740","15715","77988"
"2022-03-24","2022-03-24 00:00","15377.1269221875","15486.1494140625","15352.349083125","15486.1494140625","15515","15625","33256"
"2022-03-25","2022-03-25 00:00","15733.925299759008","15738.880866782554","15610.036124170354","15679.4140625","15875","15820","56179"
"2022-03-28","2022-03-28 00:00","15783.480944237856","15887.5478515625","15748.79197512964","15887.5478515625","15925","16030","81495"
"2022-03-29","2022-03-29 00:00","16100.638173708301","16189.83838519699","16051.08250065903","16155.1494140625","16245","16300","63095"
"2022-03-30","2022-03-30 00:00","16234.438007055522","16234.438007055522","16011.437484980584","16110.548828125","16380","16255","60952"
"2022-03-31","2022-03-31 00:00","16006.482416442946","16110.549329986383","15986.660147196577","16036.2158203125","16150","16180","35812"
"2022-04-01","2022-04-01 00:00","15778.52586745858","15917.281748202564","15768.614733119724","15852.859375","15920","15995","40677"
"2022-04-04","2022-04-04 00:00","15847.904284105503","15917.2822265625","15793.393043603577","15917.2822265625","15990","16060","34064"
"2022-04-05","2022-04-05 00:00","16026.30469476519","16026.30469476519","15956.926752363608","15986.66015625","16170","16130","18553"
"2022-04-06","2022-04-06 00:00","15951.97118504921","15986.66015625","15927.193348477216","15986.66015625","16095","16130","30111"
"2022-04-07","2022-04-07 00:00","15758.70459091892","15783.482428326026","15724.015618548974","15753.7490234375","15900","15895","69989"
"2022-04-08","2022-04-08 00:00","15922.2373046875","15947.015140518011","15847.90379719596","15922.2373046875","16065","16065","34921"
"2022-04-11","2022-04-11 00:00","15882.594232196749","15932.149908428251","15842.949691211546","15907.3720703125","16025","16050","31101"
"2022-04-12","2022-04-12 00:00","15763.660164867633","15793.393569768357","15659.593247715095","15724.015625","15905","15865","65266"
"2022-04-13","2022-04-13 00:00","15753.749486083985","15867.727541503908","15753.749486083985","15857.81640625","15895","16000","32257"
"2022-04-14","2022-04-14 00:00","15882.59276735868","15937.104006185808","15857.814931528166","15922.2373046875","16025","16065","36459"
"2022-04-15","2022-04-15 00:00","15837.99364274571","15887.549317472698","15778.526833073323","15882.59375","15980","16025","10672"
"2022-04-18","2022-04-18 00:00","15748.793935503962","15798.349611827134","15704.193826813107","15788.4384765625","15890","15930","38267"
"2022-04-19","2022-04-19 00:00","15991.61521933708","16110.548831132584","15951.970682071913","16090.7265625","16135","16235","55483"
"2022-04-20","2022-04-20 00:00","16388.06202951758","16397.973164703257","16229.483866546743","16313.728515625","16535","16460","76832"
"2022-04-21","2022-04-21 00:00","16348.414549303401","16412.83691642706","16328.592282496124","16373.1923828125","16495","16520","31061"
"2022-04-22","2022-04-22 00:00","16046.126958563776","16075.860362440053","15996.571285436648","16016.3935546875","16190","16160","50019"
"2022-04-25","2022-04-25 00:00","15659.593782406668","15659.593782406668","15505.971185174198","15530.7490234375","15800","15670","70780"
"2022-04-26","2022-04-26 00:00","15649.683090214776","15738.883310488323","15590.216276699077","15704.1943359375","15790","15845","50537"
"2022-04-27","2022-04-27 00:00","15164.035626317711","15297.835940667574","15144.21335752514","15278.013671875","15300","15415","73263"
"2022-04-28","2022-04-28 00:00","15426.683515538441","15659.595216544001","15411.816811218938","15654.6396484375","15565","15795","47795"
"2022-05-02","2022-05-02 00:00","15332.525375552654","15461.370126607717","15268.103000025121","15411.814453125","15470","15550","59311"
"2022-05-06","2022-05-06 00:00","15426.679684682089","15466.324219689302","15372.16844904717","15456.4130859375","15565","15595","54283"
"2022-05-09","2022-05-09 00:00","15233.41455189351","15268.103524523065","15144.214336560364","15228.458984375","15370","15365","43299"
"2022-05-10","2022-05-10 00:00","14891.479484089967","14970.768559546019","14713.079064313846","14941.03515625","15025","15075","103326"
"2022-05-11","2022-05-11 00:00","14861.746082405929","14950.946292303664","14841.923813539766","14931.1240234375","14995","15065","37167"
"2022-05-12","2022-05-12 00:00","14623.878929636718","14663.523467568637","14480.16747963351","14485.123046875","14755","14615","93205"
"2022-05-13","2022-05-13 00:00","14485.123026992493","14648.656745737191","14440.522921880302","14604.056640625","14615","14735","58540"
"2022-05-16","2022-05-16 00:00","14901.389665189834","14921.211932785696","14653.611320241549","14732.900390625","15035","14865","67898"
"2022-05-17","2022-05-17 00:00","14762.63474772732","14876.61279378228","14732.901344408634","14871.6572265625","14895","15005","51047"
"2022-05-18","2022-05-18 00:00","15089.70411313848","15104.57081669822","14990.592756073529","15050.0595703125","15225","15185","26070"
"2022-05-19","2022-05-19 00:00","14267.077619904658","14470.25587013602","14257.16648574703","14390.966796875","14395","14520","119713"
"2022-05-20","2022-05-20 00:00","14272.034165514859","14386.012216142233","14257.167463259113","14341.412109375","14400","14470","65012"
"2022-05-23","2022-05-23 00:00","14371.144528559746","14410.789065190254","14247.255351589401","14390.966796875","14500","14520","86273"
"2022-05-24","2022-05-24 00:00","14405.834004698881","14420.700706458118","14286.900390625","14286.900390625","14535","14415","46434"
"2022-05-25","2022-05-25 00:00","14331.500484067568","14400.878425553374","14276.989244328723","14356.2783203125","14460","14485","58614"
"2022-05-26","2022-05-26 00:00","14415.745118867175","14539.63430001935","14405.833984375","14405.833984375","14545","14535","46057"
"2022-05-27","2022-05-27 00:00","14703.167485087626","14737.856454550252","14648.656247360641","14668.478515625","14835","14800","47123"
"2022-05-30","2022-05-30 00:00","15134.304668389188","15198.727052373817","15104.571260396282","15193.771484375","15270","15330","58528"
"2022-05-31","2022-05-31 00:00","15248.282729167515","15273.060569156412","15183.860345196383","15203.6826171875","15385","15340","54283"
"2022-06-01","2022-06-01 00:00","15238.368651708795","15322.613291409298","15233.413084667589","15243.32421875","15375","15380","42608"
"2022-06-02","2022-06-02 00:00","15188.813471792575","15253.23584540866","15154.124501383914","15218.546875","15325","15355","41201"
"2022-06-03","2022-06-03 00:00","15505.97119265505","15525.793463275255","15466.326651414642","15501.015625","15645","15640","46053"
"2022-06-06","2022-06-06 00:00","15342.436024947734","15421.725100012063","15322.61375618165","15406.8583984375","15480","15545","44954"
"2022-06-07","2022-06-07 00:00","15510.926283786494","15510.926283786494","15431.637203741579","15446.50390625","15650","15585","84464"
"2022-06-08","2022-06-08 00:00","15662.07419102425","15746.358857452682","15652.158347915023","15716.611328125","15795","15850","43291"
"2022-06-09","2022-06-09 00:00","15741.400181361607","15771.147709263392","15607.536305803571","15617.4521484375","15875","15750","69300"
"2022-06-10","2022-06-10 00:00","15369.556320907617","15379.4721636953","15290.229578606159","15295.1875","15500","15425","50705"
"2022-06-13","2022-06-13 00:00","14819.226959567486","14824.184880932346","14700.236846810838","14729.984375","14945","14855","90711"
"2022-06-14","2022-06-14 00:00","14368.057948473688","14561.416906372404","14348.226260484078","14556.458984375","14490","14680","161372"
"2022-06-15","2022-06-15 00:00","14462.25642827904","14467.21434957773","14353.18215970786","14382.9296875","14585","14505","58910"
"2022-06-16","2022-06-16 00:00","14571.331396098316","14650.658140684083","14422.59375","14422.59375","14695","14545","61781"
"2022-06-17","2022-06-17 00:00","13827.64332763586","14130.076544912943","13792.937876472915","14095.37109375","13945","14215","153438"
"2022-06-20","2022-06-20 00:00","14254.024556406577","14254.024556406577","14040.833928258584","14149.908203125","14375","14270","92175"
"2022-06-21","2022-06-21 00:00","14283.77031283791","14358.139127378894","14239.149024113322","14328.3916015625","14405","14450","12742"
"2022-06-22","2022-06-22 00:00","14586.205160708147","14591.163082244757","14417.63582846339","14422.59375","14710","14545","47729"
"2022-06-23","2022-06-23 00:00","14462.25629217734","14601.078087234237","14417.635000909053","14487.0458984375","14585","14610","64997"
"2022-06-24","2022-06-24 00:00","14506.87873391544","14690.321834788603","14482.089125689337","14665.5322265625","14630","14790","27009"
"2022-06-27","2022-06-27 00:00","14977.880918297169","15057.207662650944","14903.512095465505","15037.3759765625","15105","15165","74487"
"2022-06-28","2022-06-28 00:00","15047.291819606722","15096.871034827831","14943.175467642392","15037.3759765625","15175","15165","49248"
"2022-06-29","2022-06-29 00:00","14804.352625700954","14844.015995093321","14769.647177482633","14809.310546875","14930","14935","39809"
"2022-06-30","2022-06-30 00:00","14824.184619667074","14848.974226054477","14695.278666452577","14715.1103515625","14950","14840","27035"
"2022-07-01","2022-07-01 00:00","14640.741042240194","14660.572726686167","14368.055381108052","14407.71875","14765","14530","36837"
"2022-07-04","2022-07-04 00:00","14640.742618336397","14665.5322265625","14546.542107077206","14665.5322265625","14765","14790","25865"
"2022-07-05","2022-07-05 00:00","14858.89033999324","14923.343317777662","14844.016575889143","14898.5537109375","14985","15025","35818"
"2022-07-06","2022-07-06 00:00","14749.815366077455","14844.015867575094","14685.362391368546","14690.3203125","14875","14815","51791"
"2022-07-07","2022-07-07 00:00","14893.596851869179","14923.344382199144","14784.52257399264","14903.5126953125","15020","15030","24278"
"2022-07-08","2022-07-08 00:00","15057.205814665687","15106.785023801893","14977.879080047758","14987.794921875","15185","15115","131865"
"2022-07-11","2022-07-11 00:00","15101.8291015625","15161.32416039991","15086.955336853149","15101.8291015625","15230","15230","30773"
"2022-07-12","2022-07-12 00:00","15096.872046399321","15106.787890107958","14963.008156332728","14982.83984375","15225","15110","15315"
"2022-07-13","2022-07-13 00:00","14868.805726658502","14953.09038732979","14863.847805442543","14928.30078125","14995","15055","10362"
"2022-07-14","2022-07-14 00:00","14799.394915455365","14967.96423777546","14784.52115172124","14933.2587890625","14925","15060","17180"
"2022-07-15","2022-07-15 00:00","15062.1653246184","15072.08116749175","14982.8385816316","15022.501953125","15190","15150","18599"
"2022-07-19","2022-07-19 00:00","15106.787023132285","15126.618709411421","15072.081572143796","15101.8291015625","15235","15230","48303"
"2022-07-20","2022-07-20 00:00","15498.463664398923","15567.874570125598","15488.547820723685","15543.0849609375","15630","15675","48117"
"2022-07-21","2022-07-21 00:00","15582.74669921875","15627.367991071427","15533.167486049106","15617.4521484375","15715","15750","80615"
"2022-07-22","2022-07-22 00:00","15538.125407366071","15637.283833705356","15533.167486049106","15617.4521484375","15670","15750","48819"
"2022-07-25","2022-07-25 00:00","15359.63938812601","15414.176519588045","15295.186414579968","15344.765625","15490","15475","27770"
"2022-07-26","2022-07-26 00:00","15354.682504978678","15404.26171875","15329.892898093016","15404.26171875","15485","15535","22211"
"2022-07-27","2022-07-27 00:00","15409.219985535197","15443.92543595307","15389.388299582128","15424.09375","15540","15555","21311"
"2022-07-28","2022-07-28 00:00","15577.79018518704","15592.663950481616","15448.884219300706","15473.673828125","15710","15605","38136"
"2022-07-29","2022-07-29 00:00","15662.072942330135","15701.736311604793","15493.503622912844","15533.1669921875","15795","15665","76890"
"2022-08-01","2022-08-01 00:00","15627.369372605364","15632.327294360632","15488.547563457854","15528.2109375","15760","15660","27383"
"2022-08-02","2022-08-02 00:00","15394.346215685428","15409.219980145026","15230.734806629833","15255.5244140625","15525","15385","33911"
"2022-08-03","2022-08-03 00:00","15538.12543243768","15607.536330987177","15458.798691238253","15562.9150390625","15670","15695","39431"
"2022-08-04","2022-08-04 00:00","15815.76987613494","15855.43324886506","15786.022346587351","15835.6015625","15950","15970","42663"
"2022-08-05","2022-08-05 00:00","15691.82212125559","15815.770163287627","15686.864199574311","15795.9384765625","15825","15930","17720"
"2022-08-08","2022-08-08 00:00","15890.140130050726","15979.382726724958","15890.140130050726","15974.4248046875","16025","16110","55456"
"2022-08-09","2022-08-09 00:00","15949.6328125","15974.42241898508","15885.179835638794","15949.6328125","16085","16085","31896"
"2022-08-10","2022-08-10 00:00","15895.095728188575","15900.053649501173","15830.642751124804","15840.55859375","16030","15975","20195"
"2022-08-12","2022-08-12 00:00","15969.466421739467","16014.087718788724","15964.508499845106","16004.171875","16105","16140","39587"
"2022-08-15","2022-08-15 00:00","16217.361069043089","16237.19275485054","16172.739775976324","16202.4873046875","16355","16340","39482"
"2022-08-16","2022-08-16 00:00","16291.728948861479","16331.392318183114","16252.065579539843","16316.5185546875","16430","16455","39283"
"2022-08-17","2022-08-17 00:00","16470.21412711466","16509.877496475565","16425.592836583644","16485.087890625","16610","16625","34989"
"2022-08-18","2022-08-18 00:00","16410.71714577361","16460.296351652083","16371.053781070836","16430.548828125","16550","16570","62376"
"2022-08-19","2022-08-19 00:00","16579.290125186846","16633.82726375654","16579.290125186846","16584.248046875","16720","16725","45596"
"2022-08-22","2022-08-22 00:00","16430.552360922917","16509.879107384826","16410.72067430744","16465.2578125","16570","16605","29025"
"2022-08-23","2022-08-23 00:00","16271.897857666016","16291.72954305013","16157.865666707357","16182.6552734375","16410","16320","66913"
"2022-08-24","2022-08-24 00:00","16088.454558939873","16118.202086629748","16014.08573971519","16058.70703125","16225","16195","42121"
"2022-08-25","2022-08-25 00:00","16197.528493578406","16217.360178296592","16177.69680886022","16207.4443359375","16335","16345","12205"
"2022-08-26","2022-08-26 00:00","16341.309025674038","16380.972397095578","16321.477339963269","16366.0986328125","16480","16505","29522"
"2022-08-29","2022-08-29 00:00","15805.852947487516","15959.548506261703","15800.895026236734","15885.1796875","15940","16020","61063"
"2022-08-30","2022-08-30 00:00","15974.422765154455","15979.38068655891","15905.011865492084","15969.46484375","16110","16105","37944"
"2022-08-31","2022-08-31 00:00","15781.063537998825","15865.348200312988","15756.273931435837","15840.55859375","15915","15975","55393"
"2022-09-01","2022-09-01 00:00","15647.199849549888","15671.989456409125","15607.536478575112","15627.3681640625","15780","15760","36146"
"2022-09-02","2022-09-02 00:00","15855.432444241826","15890.137893619465","15810.811152184859","15845.5166015625","15990","15980","18038"
"2022-09-05","2022-09-05 00:00","15766.190543671135","15781.064308334977","15701.73756346116","15716.611328125","15900","15850","15928"
"2022-09-06","2022-09-06 00:00","15771.147781467556","15850.474522902163","15746.358174769242","15845.5166015625","15905","15980","13990"
"2022-09-07","2022-09-07 00:00","15944.674411525973","16033.9169921875","15865.347673160173","16033.9169921875","16080","16170","49299"
"2022-09-08","2022-09-08 00:00","16351.222743279213","16410.717792678653","16321.475218579493","16356.1806640625","16490","16495","54372"
"2022-09-09","2022-09-09 00:00","16460.297786615778","16490.04531273617","16346.265603154285","16400.802734375","16600","16540","35571"
"2022-09-12","2022-09-12 00:00","16589.2050519437","16643.7421875","16529.709994973193","16643.7421875","16730","16785","45189"
"2022-09-13","2022-09-13 00:00","16742.901453337774","16767.691061648904","16698.28015837774","16747.859375","16885","16890","48912"
"2022-09-14","2022-09-14 00:00","16232.23280938076","16281.812017717291","16138.032313541346","16142.990234375","16370","16280","118132"
"2022-09-15","2022-09-15 00:00","16128.118138631186","16192.571116129557","16108.28645324707","16182.6552734375","16265","16320","35042"
"2022-09-16","2022-09-16 00:00","15865.348719150266","15880.22248357447","15810.811582928187","15870.306640625","16000","16005","42610"
"2022-09-20","2022-09-20 00:00","15994.256031211276","16004.171875","15929.803046584573","16004.171875","16130","16140","19472"
"2022-09-21","2022-09-21 00:00","15815.769073524521","15895.095814959128","15800.895309505533","15845.5166015625","15950","15980","42976"
"2022-09-22","2022-09-22 00:00","15508.379648288595","15632.327695349726","15458.800429464143","15607.5380859375","15640","15740","91363"
"2022-09-26","2022-09-26 00:00","15141.493484864086","15161.325172467052","15017.545437345552","15047.29296875","15270","15175","84418"
"2022-09-27","2022-09-27 00:00","15116.703610414628","15210.90412487769","15111.745688600782","15200.98828125","15245","15330","32017"
"2022-09-28","2022-09-28 00:00","15086.955739594514","15126.619113211587","14928.302245126217","15012.5869140625","15215","15140","40410"
"2022-09-29","2022-09-29 00:00","15319.977452755746","15359.640824801716","15255.524473181045","15315.01953125","15450","15445","29147"
"2022-09-30","2022-09-30 00:00","15081.9970103651","15101.8286961118","14992.75442450495","15022.501953125","15210","15150","103596"
"2022-10-03","2022-10-03 00:00","14794.438618305805","14883.681210507382","14720.069791471158","14858.8916015625","14920","14985","174642"
"2022-10-04","2022-10-04 00:00","15220.818995715725","15379.47248361895","15210.903152721774","15369.556640625","15350","15500","111696"
"2022-10-05","2022-10-05 00:00","15597.619248370735","15597.619248370735","15488.544987892617","15548.0400390625","15730","15680","73739"
"2022-10-06","2022-10-06 00:00","15667.030793489419","15711.65208372404","15657.114951215059","15696.7783203125","15800","15830","76274"
"2022-10-07","2022-10-07 00:00","15468.71484375","15513.336136568509","15453.841079477163","15468.71484375","15600","15600","48150"
"2022-10-11","2022-10-11 00:00","15077.039028524168","15086.954871357791","14953.090993103877","14963.0068359375","15205","15090","94267"
"2022-10-12","2022-10-12 00:00","14982.83864118487","15091.912913225262","14963.006955359344","15081.9970703125","15110","15210","35254"
"2022-10-13","2022-10-13 00:00","15042.333552353293","15067.123159394087","15007.628102496183","15017.5439453125","15170","15145","34460"
"2022-10-14","2022-10-14 00:00","15438.965778584383","15577.78756464744","15394.344490206971","15548.0400390625","15570","15680","75963"
"2022-10-17","2022-10-17 00:00","15310.061410587476","15364.598546441252","15255.5242747337","15359.640625","15440","15490","48699"
"2022-10-18","2022-10-18 00:00","15771.147584645574","15949.632750645964","15731.484214423264","15890.1376953125","15905","16025","60473"
"2022-10-19","2022-10-19 00:00","15994.254104173142","16028.959553252253","15949.6328125","15949.6328125","16130","16085","49688"
"2022-10-20","2022-10-20 00:00","15781.064166980865","15865.348832654341","15711.653265838002","15820.7275390625","15915","15955","74269"
"2022-10-21","2022-10-21 00:00","15671.989603389118","15731.48466040926","15642.242074879048","15691.8212890625","15805","15825","42021"
"2022-10-24","2022-10-24 00:00","15944.674434726961","16068.62246360388","15924.842750106654","15979.3798828125","16080","16115","168133"
"2022-10-25","2022-10-25 00:00","16157.865234375","16187.612761655224","16113.243943454663","16157.865234375","16295","16295","59772"
"2022-10-26","2022-10-26 00:00","16162.823328733517","16222.31838393131","16142.991643667587","16167.78125","16300","16305","57267"
"2022-10-27","2022-10-27 00:00","16073.582781521067","16098.372390992876","15969.466421739467","16004.171875","16210","16140","39041"
"2022-10-28","2022-10-28 00:00","15825.685546875","15914.928134545347","15810.811782263276","15825.685546875","15960","15960","45889"
"2022-10-31","2022-10-31 00:00","16445.424001723033","16480.129448817414","16435.508159696066","16455.33984375","16585","16595","148311"
"2022-11-01","2022-11-01 00:00","16490.04670225068","16509.87838800203","16445.42540931013","16480.130859375","16630","16620","55316"
"2022-11-02","2022-11-02 00:00","16301.645594215566","16316.519358443866","16247.108458711804","16306.603515625","16440","16445","86847"
"2022-11-04","2022-11-04 00:00","15909.97015373182","15909.97015373182","15711.653292981033","15766.1904296875","16045","15900","74740"
"2022-11-07","2022-11-07 00:00","15716.610560935054","15855.432357687792","15711.652639622456","15840.55859375","15850","15975","48280"
"2022-11-08","2022-11-08 00:00","15969.463606811296","15994.253211913456","15939.716080688704","15954.58984375","16105","16090","33411"
"2022-11-09","2022-11-09 00:00","15934.759765625","15994.254823866288","15885.180550423927","15934.759765625","16070","16070","54771"
"2022-11-10","2022-11-10 00:00","15681.904729978001","15726.526020705098","15671.988887594203","15706.6943359375","15815","15840","61135"
"2022-11-11","2022-11-11 00:00","16073.581572433997","16113.244944605334","16009.128592655576","16103.3291015625","16210","16240","104964"
"2022-11-14","2022-11-14 00:00","15909.970012422875","15919.885855372344","15810.811582928187","15870.306640625","16045","16005","48444"
"2022-11-15","2022-11-15 00:00","15880.222258469808","15984.338607963366","15880.222258469808","15969.46484375","16015","16105","20815"
"2022-11-16","2022-11-16 00:00","15850.473674665178","15989.2954647467","15820.726148219137","15964.505859375","15985","16100","84214"
"2022-11-17","2022-11-17 00:00","15820.7275390625","15845.517146613523","15810.811696042092","15820.7275390625","15955","15955","46673"
"2022-11-18","2022-11-18 00:00","15845.516453375354","15860.390217255243","15776.105555269203","15781.0634765625","15980","15915","45998"
"2022-11-21","2022-11-21 00:00","15900.053797391287","15905.01171875","15860.390426521588","15905.01171875","16035","16040","36564"
"2022-11-22","2022-11-22 00:00","16063.665410899319","16098.370860861138","16028.9599609375","16028.9599609375","16200","16165","41581"
"2022-11-24","2022-11-24 00:00","16073.582405573803","16113.245779801005","16009.129422454598","16038.876953125","16210","16175","47903"
"2022-11-25","2022-11-25 00:00","16014.086023942858","16068.623159008917","15994.25433846429","16019.0439453125","16150","16155","33325"
"2022-11-28","2022-11-28 00:00","15999.21297501174","15999.21297501174","15825.685719317471","15835.6015625","16135","15970","28087"
"2022-11-29","2022-11-29 00:00","15751.316837447459","15820.727739469576","15726.527229582416","15776.1064453125","15885","15910","37023"
"2022-11-30","2022-11-30 00:00","15701.7373046875","15736.44275499783","15696.779383214596","15701.7373046875","15835","15835","23674"
"2022-12-01","2022-12-01 00:00","16058.708237770366","16083.497846041084","15929.80227476264","15959.5498046875","16195","16095","178470"
"2022-12-02","2022-12-02 00:00","15756.275304557168","15776.106991535842","15706.69608711048","15751.3173828125","15890","15885","50269"
"2022-12-05","2022-12-05 00:00","15662.07341519446","15696.7788643576","15612.494202104259","15671.9892578125","15795","15805","48895"
"2022-12-06","2022-12-06 00:00","15662.072872352239","15731.483768272761","15642.241187803518","15696.7783203125","15795","15830","69308"
"2022-12-07","2022-12-07 00:00","15359.641828757633","15443.926499864436","15354.68390692782","15429.052734375","15490","15560","92323"
"2022-12-08","2022-12-08 00:00","15280.315504807691","15359.693767170329","15235.665232228708","15349.771484375","15400","15470","94923"
"2022-12-09","2022-12-09 00:00","15414.265055417169","15434.10961937651","15344.80908155948","15404.3427734375","15535","15525","47576"
"2022-12-12","2022-12-12 00:00","15285.277052549927","15339.849609375","15285.277052549927","15339.849609375","15405","15460","42994"
"2022-12-13","2022-12-13 00:00","15617.67455512841","15657.363689957197","15602.791129567613","15647.44140625","15740","15770","92358"
"2022-12-14","2022-12-14 00:00","15523.413811116925","15573.025232692882","15503.569242486543","15553.1806640625","15645","15675","39287"
"2022-12-15","2022-12-15 00:00","15439.072833875241","15463.87854215589","15409.305983938464","15448.9951171875","15560","15570","34727"
"2022-12-16","2022-12-16 00:00","15285.27681829965","15295.199101206694","15205.898555043306","15250.548828125","15405","15370","88599"
"2022-12-19","2022-12-19 00:00","14987.609260224726","14997.531543746887","14918.153275569597","14942.958984375","15105","15060","141808"
"2022-12-20","2022-12-20 00:00","14913.191644139273","14977.686484915657","14322.815793955451","14337.69921875","15030","14450","132449"
"2022-12-21","2022-12-21 00:00","14407.155185634008","14491.494592712445","14352.582628112668","14456.7666015625","14520","14570","56409"
"2022-12-22","2022-12-22 00:00","14650.251020289179","14655.212161847016","14590.71732159515","14625.4453125","14765","14740","69233"
"2022-12-23","2022-12-23 00:00","14422.040919877014","14491.496913299194","14392.274065553222","14471.65234375","14535","14585","31677"
"2022-12-26","2022-12-26 00:00","14501.416380417486","14605.600350307588","14496.455238994147","14516.2998046875","14615","14630","28007"
"2022-12-27","2022-12-27 00:00","14610.562455309851","14670.096156316209","14600.640171808793","14635.3681640625","14725","14750","107008"
"2022-12-28","2022-12-28 00:00","14565.911817102138","14670.095791270784","14551.028392220902","14620.484375","14680","14735","141667"
"2022-12-29","2022-12-29 00:00","14466.687583340503","14476.609865633603","14397.231607288799","14417.076171875","14580","14530","113543"
"2022-12-30","2022-12-30 00:00","14546.068246450564","14555.990530384024","14481.573400883082","14501.41796875","14660","14615","49622"
"2023-01-04","2023-01-04 00:00","14302.970950575143","14307.93209207725","14228.553828043534","14273.2041015625","14415","14385","64050"
"2023-01-05","2023-01-05 00:00","14516.300736603336","14551.028728796166","14431.961326992174","14541.1064453125","14630","14655","62377"
"2023-01-06","2023-01-06 00:00","14496.454503598421","14625.444174061651","14491.493362426758","14605.599609375","14610","14720","60256"
"2023-01-10","2023-01-10 00:00","14610.562340283386","14635.368048840743","14551.02863974573","14590.7177734375","14725","14705","58757"
"2023-01-11","2023-01-11 00:00","14769.319494821368","14813.969772098288","14769.319494821368","14789.1640625","14885","14905","19084"
"2023-01-12","2023-01-12 00:00","14928.075808344249","14933.036950188165","14873.50324806117","14913.1923828125","15045","15030","37068"
"2023-01-13","2023-01-13 00:00","14670.095381909123","14689.939947863682","14610.56168404544","14630.40625","14785","14745","52016"
"2023-01-16","2023-01-16 00:00","14580.796353411708","14615.524347448414","14521.26264934878","14546.068359375","14695","14660","43848"
"2023-01-17","2023-01-17 00:00","14615.5224609375","14670.095015951183","14600.639036842858","14615.5224609375","14730","14730","31237"
"2023-01-18","2023-01-18 00:00","14560.949445887829","14967.763024955224","14555.988304679691","14888.384765625","14675","15005","99740"
"2023-01-19","2023-01-19 00:00","14387.31088413445","14392.272025818633","14288.088050450762","14307.9326171875","14500","14420","111631"
"2023-01-20","2023-01-20 00:00","14283.127903784876","14407.156454529797","14273.205619725284","14402.1953125","14395","14515","46068"
"2023-01-23","2023-01-23 00:00","14635.368640804356","14699.863485662137","14600.640647419397","14694.90234375","14750","14810","32693"
"2023-01-24","2023-01-24 00:00","14942.960007378617","14962.80457578151","14913.193154774277","14918.154296875","15060","15035","38351"
"2023-01-25","2023-01-25 00:00","14858.618936576895","14888.38578586553","14828.85208728826","14863.580078125","14975","14980","14712"
"2023-01-26","2023-01-26 00:00","14828.852494702947","14853.658203125","14789.163361227664","14853.658203125","14945","14970","46227"
"2023-01-27","2023-01-27 00:00","14977.68704657293","15017.376180846724","14957.842479436033","15012.4150390625","15095","15130","28774"
"2023-01-30","2023-01-30 00:00","15042.181364379761","15086.831638878251","14952.880815382785","14977.6865234375","15160","15095","189719"
"2023-01-31","2023-01-31 00:00","14982.646815964132","14987.607957293922","14893.34627202792","14903.2685546875","15100","15020","24290"
"2023-02-01","2023-02-01 00:00","15081.872023809525","15106.677734375","15037.221744791666","15106.677734375","15200","15225","18099"
"2023-02-02","2023-02-02 00:00","15166.21036946348","15171.171511226472","15096.754384781607","15156.2880859375","15285","15275","78439"
"2023-02-03","2023-02-03 00:00","15240.626545217958","15270.393393939086","15220.781979403871","15250.548828125","15360","15370","20603"
"2023-02-06","2023-02-06 00:00","15538.296192876882","15573.024185645125","15458.917923692326","15483.7236328125","15660","15605","270436"
"2023-02-07","2023-02-07 00:00","15568.062953504272","15582.94637889003","15518.45153555174","15533.3349609375","15690","15655","30125"
"2023-02-08","2023-02-08 00:00","15538.295039398281","15582.9453125","15503.567049208055","15582.9453125","15660","15705","14889"
"2023-02-09","2023-02-09 00:00","15453.956781868292","15528.373909228812","15424.189930924082","15483.7236328125","15575","15605","134473"
"2023-02-10","2023-02-10 00:00","15329.928187971334","15349.772755204955","15285.27791169569","15295.2001953125","15450","15415","71124"
"2023-02-13","2023-02-13 00:00","15305.122344556972","15374.578329264848","15295.200061027275","15369.6171875","15425","15490","19266"
"2023-02-14","2023-02-14 00:00","15617.673346071826","15627.59562901088","15538.29508255939","15558.1396484375","15740","15680","39661"
"2023-02-15","2023-02-15 00:00","15662.324058622246","15672.246341839618","15592.868076100638","15642.4794921875","15785","15765","27404"
"2023-02-16","2023-02-16 00:00","15855.809320834634","15910.381881075304","15850.848178994573","15885.576171875","15980","16010","73157"
"2023-02-17","2023-02-17 00:00","15607.75186400903","15682.168989870484","15607.75186400903","15657.36328125","15730","15780","26977"
"2023-02-20","2023-02-20 00:00","15622.63440088853","15652.401249540588","15592.867552236472","15607.7509765625","15745","15730","9975"
"2023-02-21","2023-02-21 00:00","15597.828371474667","15602.789512814194","15553.178099418918","15568.0615234375","15720","15690","11240"
"2023-02-22","2023-02-22 00:00","15429.15161762041","15439.073901618878","15384.501339627295","15399.384765625","15550","15520","28883"
"2023-02-24","2023-02-24 00:00","15394.423215022334","15444.034633697882","15354.734080081897","15409.306640625","15515","15530","47629"
"2023-02-27","2023-02-27 00:00","15468.84004802294","15478.762331568816","15439.073197385305","15463.87890625","15590","15585","36627"
"2023-02-28","2023-02-28 00:00","15508.527751380441","15523.411175326104","15493.644327434778","15498.60546875","15630","15620","19608"
"2023-03-01","2023-03-01 00:00","15414.267850748698","15478.7626953125","15384.500999411559","15478.7626953125","15535","15600","15096"
"2023-03-02","2023-03-02 00:00","15389.460615556318","15409.305181146978","15310.08235319368","15349.771484375","15510","15470","34907"
"2023-03-03","2023-03-03 00:00","15513.491778024129","15528.375204737935","15488.68606683445","15523.4140625","15635","15645","27681"
"2023-03-06","2023-03-06 00:00","15692.091955678185","15711.9365234375","15657.363962099384","15711.9365234375","15815","15835","31869"
"2023-03-07","2023-03-07 00:00","15731.780433070866","15766.50842519685","15731.780433070866","15751.625","15855","15875","17785"
"2023-03-08","2023-03-08 00:00","15657.362465387658","15706.973880043513","15627.595616594146","15677.20703125","15780","15800","16253"
"2023-03-09","2023-03-09 00:00","15657.363575616057","15657.363575616057","15577.985306538156","15602.791015625","15780","15725","30000"
"2023-03-10","2023-03-10 00:00","15240.627041149577","15240.627041149577","15111.63735916068","15191.015625","15360","15310","51761"
"2023-03-13","2023-03-13 00:00","15062.024940693804","15101.714070972313","14992.568962706415","15096.7529296875","15180","15215","107613"
"2023-03-14","2023-03-14 00:00","14699.864071862952","14843.737193052297","14675.058361313066","14799.0869140625","14815","14915","135877"
"2023-03-15","2023-03-15 00:00","15057.065180810177","15091.79317298997","15032.259472110325","15086.83203125","15175","15205","54577"
"2023-03-16","2023-03-16 00:00","14784.202060252926","14937.997450812605","14764.357493729098","14833.8134765625","14900","14950","46254"
"2023-03-17","2023-03-17 00:00","15096.754359470211","15111.63778473423","15057.065225432827","15062.0263671875","15215","15180","35781"
"2023-03-20","2023-03-20 00:00","14898.309643538269","14952.882206335113","14734.591955147738","14754.4365234375","15015","14870","48639"
"2023-03-22","2023-03-22 00:00","15131.482173260594","15200.938157006709","15126.521031564444","15161.2490234375","15250","15280","29424"
"2023-03-23","2023-03-23 00:00","14794.124387562815","14828.852379082915","14749.474112751257","14809.0078125","14910","14925","63320"
"2023-03-24","2023-03-24 00:00","14789.164405367306","14794.125547401982","14675.058138569771","14709.7861328125","14905","14825","26193"
"2023-03-27","2023-03-27 00:00","14933.03649679514","14947.919921875","14873.50279647569","14947.919921875","15050","15065","50134"
"2023-03-28","2023-03-28 00:00","14947.919074304746","14947.919074304746","14853.65738747707","14873.501953125","15065","14990","17394"
"2023-03-29","2023-03-29 00:00","14913.192676617018","15076.910360691656","14903.270392733706","15071.94921875","15030","15190","22087"
"2023-03-30","2023-03-30 00:00","15255.511264689629","15290.2392578125","15240.62783906554","15290.2392578125","15375","15410","63878"
"2023-03-31","2023-03-31 00:00","15439.072878136056","15503.567719850635","15404.34488644359","15424.189453125","15560","15545","23836"
"2023-04-03","2023-04-03 00:00","15632.556844618055","15637.51798611111","15563.100863715277","15627.595703125","15755","15750","41954"
"2023-04-04","2023-04-04 00:00","15577.98542029962","15662.324831810796","15568.063136592424","15647.44140625","15700","15770","19791"
"2023-04-05","2023-04-05 00:00","15439.073446540502","15463.879155805509","15414.267737275495","15434.1123046875","15560","15555","67356"
"2023-04-06","2023-04-06 00:00","15300.161088236484","15329.927938602703","15275.355379597968","15324.966796875","15420","15445","18075"
"2023-04-07","2023-04-07 00:00","15444.034543234515","15458.91796875","15424.189975880536","15458.91796875","15565","15580","22256"
"2023-04-10","2023-04-10 00:00","15513.489375211753","15587.906497254662","15513.489375211753","15558.1396484375","15635","15680","15313"
"2023-04-11","2023-04-11 00:00","15702.013512152504","15731.780362412508","15672.2466618925","15682.1689453125","15825","15805","46077"
"2023-04-12","2023-04-12 00:00","15706.97436123207","15741.702352555072","15702.013219614499","15736.7412109375","15830","15860","24201"
"2023-04-13","2023-04-13 00:00","15553.178783815298","15627.595907182837","15543.256500699626","15622.634765625","15675","15745","42518"
"2023-04-14","2023-04-14 00:00","15702.013876200024","15736.74186897519","15682.16930889993","15697.052734375","15825","15820","43188"
"2023-04-17","2023-04-17 00:00","15885.575967598736","15905.420534703793","15855.80911694115","15890.537109375","16010","16015","89301"
"2023-04-18","2023-04-18 00:00","15959.9921875","15989.759036466428","15935.186480027976","15959.9921875","16085","16085","24975"
"2023-04-19","2023-04-19 00:00","15910.380975979477","15955.03125","15905.419834421642","15955.03125","16035","16080","17497"
"2023-04-20","2023-04-20 00:00","15959.99373167618","16004.644009445869","15955.03258970177","15969.916015625","16085","16095","36236"
"2023-04-21","2023-04-21 00:00","15831.00313387784","15875.653409090908","15806.197425426135","15826.0419921875","15955","15950","20725"
"2023-04-24","2023-04-24 00:00","15816.118936676858","15855.808068261995","15791.313229436148","15821.080078125","15940","15945","8085"
"2023-04-25","2023-04-25 00:00","15865.731694960055","15890.53740430177","15826.042560013313","15835.96484375","15990","15960","14590"
"2023-04-26","2023-04-26 00:00","15647.44140625","15662.324831810796","15612.71341327481","15647.44140625","15770","15770","32899"
"2023-04-27","2023-04-27 00:00","15538.296783000478","15587.908203125","15518.452214950668","15587.908203125","15660","15710","18476"
"2023-04-28","2023-04-28 00:00","15806.196801173453","15979.836753477619","15761.54652772381","15959.9921875","15930","16085","186519"
"2023-05-01","2023-05-01 00:00","16247.738877083491","16361.845134846215","16232.855452157917","16351.9228515625","16375","16480","95153"
"2023-05-02","2023-05-02 00:00","16361.847969364413","16426.342821881615","16332.081114356472","16401.537109375","16490","16530","99248"
"2023-05-08","2023-05-08 00:00","16004.642914597936","16004.642914597936","15925.2646484375","15925.2646484375","16130","16050","58219"
"2023-05-09","2023-05-09 00:00","15984.79944154823","16009.605151420277","15964.95487365059","15969.916015625","16110","16095","14315"
"2023-05-10","2023-05-10 00:00","15959.991983568987","15979.836549293039","15940.147417844933","15964.953125","16085","16090","7152"
"2023-05-11","2023-05-11 00:00","15915.344270023328","15950.072265625","15890.538558879276","15950.072265625","16040","16075","39648"
"2023-05-12","2023-05-12 00:00","15915.343453906493","15969.916015625","15905.421169957674","15969.916015625","16040","16095","17211"
"2023-05-15","2023-05-15 00:00","16009.60487842413","16118.75","15999.682594644506","16118.75","16135","16245","29222"
"2023-05-16","2023-05-16 00:00","16103.866505868431","16103.866505868431","16049.2939453125","16049.2939453125","16230","16175","24264"
"2023-05-17","2023-05-17 00:00","16079.058713341346","16123.708984375","16059.2141484375","16123.708984375","16205","16250","23265"
"2023-05-18","2023-05-18 00:00","16381.69027038167","16401.53483763834","16337.039994054161","16361.845703125","16510","16490","44311"
"2023-05-19","2023-05-19 00:00","16689.281340843023","16699.20362463663","16639.669921875","16639.669921875","16820","16770","51239"
"2023-05-22","2023-05-22 00:00","16520.599933530557","16560.2890625","16490.833086803475","16560.2890625","16650","16690","31615"
"2023-05-23","2023-05-23 00:00","16694.23970625186","16724.00655268203","16629.744872319832","16659.51171875","16825","16790","36305"
"2023-05-24","2023-05-24 00:00","16490.836645367715","16495.797787559462","16426.341796875","16426.341796875","16620","16555","31652"
"2023-05-25","2023-05-25 00:00","16490.83389884523","16545.40645386548","16490.83389884523","16540.4453125","16620","16670","113117"
"2023-05-26","2023-05-26 00:00","16624.78503878198","16634.707321705755","16570.212482701227","16580.134765625","16755","16710","46867"
"2023-05-29","2023-05-29 00:00","17031.601135968605","17056.40684691525","16942.300576560672","16947.26171875","17165","17080","38312"
"2023-05-30","2023-05-30 00:00","16947.25988138686","16991.91015625","16902.60960652372","16991.91015625","17080","17125","18106"
"2023-05-31","2023-05-31 00:00","16857.959160144685","16862.92030174567","16738.89176172106","16758.736328125","16990","16890","38771"
"2023-06-01","2023-06-01 00:00","16699.202628913186","16773.619752927953","16684.319204110234","16758.736328125","16830","16890","45032"
"2023-06-02","2023-06-02 00:00","16798.42569268073","16857.959392713856","16783.542267672445","16848.037109375","16930","16980","30845"
"2023-06-05","2023-06-05 00:00","17185.39514410575","17195.31742767625","17155.62829339425","17170.51171875","17320","17305","32789"
"2023-06-06","2023-06-06 00:00","17061.36791262246","17120.90161862754","17061.36791262246","17091.134765625","17195","17225","27286"
"2023-06-07","2023-06-07 00:00","17031.602068908032","17036.563211369117","16962.14607445283","16972.068359375","17165","17105","33516"
"2023-06-08","2023-06-08 00:00","17014.167249177633","17048.920435855263","16944.66087582237","16979.4140625","17135","17100","38617"
"2023-06-09","2023-06-09 00:00","16989.342415630468","17038.989821871353","16969.483453134115","17019.130859375","17110","17140","33155"
"2023-06-12","2023-06-12 00:00","17103.533408239953","17128.35711420257","17078.70970227734","17113.462890625","17225","17235","26874"
"2023-06-13","2023-06-13 00:00","17247.50637867383","17287.224297795703","17237.57689889336","17272.330078125","17370","17395","28221"
"2023-06-14","2023-06-14 00:00","17441.132709060006","17446.097449370016","17411.344267199955","17436.16796875","17565","17560","29208"
"2023-06-15","2023-06-15 00:00","17446.096858246332","17619.862763208945","17446.096858246332","17595.0390625","17570","17720","97776"
"2023-06-16","2023-06-16 00:00","17669.511212019836","17739.017578125","17595.040105478587","17739.017578125","17795","17865","41913"
"2023-06-19","2023-06-19 00:00","17828.383838135993","17828.383838135993","17743.98324630967","17783.701171875","17955","17910","25346"
"2023-06-20","2023-06-20 00:00","17803.560443906903","17843.278370162134","17743.98355452406","17798.595703125","17930","17925","30410"
"2023-06-21","2023-06-21 00:00","17684.410970325633","17748.952616202732","17679.446228335084","17724.12890625","17810","17850","26180"
"2023-06-22","2023-06-22 00:00","17684.40665857591","17689.37139935597","17600.00606531488","17609.935546875","17810","17735","40933"
"2023-06-23","2023-06-23 00:00","17858.17537246904","17873.069597133315","17758.880541373852","17838.31640625","17985","17965","50303"
"2023-06-26","2023-06-26 00:00","17823.41899412699","17843.27795679454","17763.842106124335","17778.736328125","17950","17905","13967"
"2023-06-27","2023-06-27 00:00","17739.016143577068","17773.769323819175","17709.22770336955","17763.83984375","17865","17890","11812"
"2023-06-28","2023-06-28 00:00","17912.783616244462","17937.607318595135","17892.924654363924","17932.642578125","18040","18060","30516"
"2023-06-29","2023-06-29 00:00","18051.798828125","18071.6577927324","18031.9398635176","18051.798828125","18180","18180","36456"
"2023-06-30","2023-06-30 00:00","18151.091899952145","18195.774566007825","18126.26819658788","18156.056640625","18280","18285","32374"
"2023-07-03","2023-07-03 00:00","18314.926195885797","18349.679376523152","18275.20827515739","18334.78515625","18445","18465","30188"
"2023-07-04","2023-07-04 00:00","18344.71710584691","18369.540809643728","18324.85814280946","18359.611328125","18475","18490","13304"
"2023-07-05","2023-07-05 00:00","18324.858039985967","18364.57596583801","18319.89329925446","18354.646484375","18455","18485","11050"
"2023-07-06","2023-07-06 00:00","18314.9304157839","18314.9304157839","18146.129213795106","18161.0234375","18445","18290","35540"
"2023-07-07","2023-07-07 00:00","18091.514593079253","18136.19725810058","18036.902446942076","18041.8671875","18220","18170","14595"
"2023-07-10","2023-07-10 00:00","17853.206514550264","17912.7833994709","17813.48859126984","17828.3828125","17980","17955","37112"
"2023-07-11","2023-07-11 00:00","17773.77230579294","17793.6312692631","17674.477488442142","17719.16015625","17900","17845","17282"
"2023-07-12","2023-07-12 00:00","17734.05510041819","17734.05510041819","17634.760279027272","17659.583984375","17860","17785","17810"
"2023-07-13","2023-07-13 00:00","17674.476261010906","17753.912109375","17639.723077351617","17753.912109375","17800","17880","26151"
"2023-07-14","2023-07-14 00:00","17748.948807450644","17753.913548375804","17624.83028432162","17729.08984375","17875","17855","33360"
"2023-07-18","2023-07-18 00:00","17868.10279625296","17892.926501165784","17818.455386427304","17833.349609375","17995","17960","20285"
"2023-07-19","2023-07-19 00:00","18051.796058832602","18111.37294351522","18026.972356881513","18106.408203125","18180","18235","12695"
"2023-07-20","2023-07-20 00:00","18141.161799635374","18156.05602114575","18081.584913593877","18126.267578125","18270","18255","14165"
"2023-07-21","2023-07-21 00:00","18081.585530532197","18165.986121970705","18066.691308513637","18156.056640625","18210","18285","9439"
"2023-07-24","2023-07-24 00:00","18314.927320959123","18324.856801751186","18275.209397790873","18295.068359375","18445","18425","23553"
"2023-07-25","2023-07-25 00:00","18384.435238070102","18394.36471970017","18334.787829919765","18369.541015625","18515","18500","28260"
"2023-07-26","2023-07-26 00:00","18354.646587365638","18384.435031921817","18339.75236508755","18359.611328125","18485","18490","28622"
"2023-07-27","2023-07-27 00:00","18295.068875444613","18319.892578125","18200.738805259145","18319.892578125","18425","18450","80837"
"2023-07-28","2023-07-28 00:00","17987.255452429217","18319.893077412038","17843.277972959044","18061.7265625","18115","18190","109719"
"2023-07-31","2023-07-31 00:00","18404.29318302793","18518.482215455675","18389.39896140692","18508.552734375","18535","18640","56838"
"2023-08-01","2023-08-01 00:00","18627.704577137545","18712.10515757767","18622.739837111658","18697.2109375","18760","18830","44801"
"2023-08-02","2023-08-02 00:00","18602.883839223014","18662.460729020364","18533.377467792772","18558.201171875","18735","18690","20959"
"2023-08-03","2023-08-03 00:00","18498.622943582213","18548.27034815436","18448.97553901007","18493.658203125","18630","18625","52336"
"2023-08-04","2023-08-04 00:00","18344.717619687584","18399.32976957028","18324.858656093875","18384.435546875","18475","18515","28395"
"2023-08-07","2023-08-07 00:00","18161.021078648242","18245.421668680236","18136.19737569766","18235.4921875","18290","18365","38496"
"2023-08-08","2023-08-08 00:00","18374.5028865187","18444.009247072947","18369.53814647911","18419.185546875","18505","18550","30013"
"2023-08-09","2023-08-09 00:00","18389.39854082321","18429.116464237515","18364.57483868927","18394.36328125","18520","18525","22381"
"2023-08-10","2023-08-10 00:00","18374.503196644393","18439.044818248385","18369.538456521008","18434.080078125","18505","18565","16378"
"2023-08-14","2023-08-14 00:00","18473.799542708613","18528.41168862901","18399.328434635347","18414.22265625","18605","18545","62908"
"2023-08-15","2023-08-15 00:00","18647.566714884277","18687.284641859536","18637.637233140464","18662.4609375","18780","18795","27451"
"2023-08-16","2023-08-16 00:00","18458.903467191714","18458.903467191714","18409.256066795824","18419.185546875","18590","18550","25749"
"2023-08-17","2023-08-17 00:00","18394.365131551196","18429.118318034558","18374.506167846415","18389.400390625","18525","18520","22859"
"2023-08-18","2023-08-18 00:00","18175.915293492577","18190.809515257253","18116.338406433875","18141.162109375","18305","18270","42947"
"2023-08-21","2023-08-21 00:00","18141.161799635374","18175.91498315958","18096.47913510425","18126.267578125","18270","18255","13531"
"2023-08-22","2023-08-22 00:00","18339.74989634105","18354.644116614203","18304.996715703695","18334.78515625","18470","18465","16648"
"2023-08-23","2023-08-23 00:00","18265.2781743711","18314.925573594723","18255.348694526376","18304.99609375","18395","18435","19031"
"2023-08-24","2023-08-24 00:00","18424.152658196323","18533.376953125","18419.187917517746","18533.376953125","18555","18665","33237"
"2023-08-25","2023-08-25 00:00","18255.353822923746","18290.107012143344","18240.459598972488","18270.248046875","18385","18400","29365"
"2023-08-28","2023-08-28 00:00","18458.90583770867","18458.90583770867","18409.258430936996","18439.046875","18590","18570","16836"
"2023-08-29","2023-08-29 00:00","18538.342002852318","18573.095188181713","18513.518299045605","18548.271484375","18670","18680","17752"
"2023-08-30","2023-08-30 00:00","18751.825044377478","18811.401930936263","18746.860303830912","18791.54296875","18885","18925","43277"
"2023-08-31","2023-08-31 00:00","18851.120784874143","18866.015007248287","18826.297080917237","18836.2265625","18985","18970","55308"
"2023-09-01","2023-09-01 00:00","18746.861636676367","18786.579563872718","18722.037932178653","18761.755859375","18880","18895","47711"
"2023-09-04","2023-09-04 00:00","18826.297594761778","18875.945004030666","18821.33285383489","18861.05078125","18960","18995","17853"
"2023-09-05","2023-09-05 00:00","18895.80304357279","18915.66200630907","18861.049858784292","18910.697265625","19030","19045","18357"
"2023-09-06","2023-09-06 00:00","18925.59282556534","18980.20497695076","18870.980674179922","18880.91015625","19060","19015","23345"
"2023-09-07","2023-09-07 00:00","18856.084802861766","18870.97902466497","18791.543175047864","18801.47265625","18990","18935","24449"
"2023-09-08","2023-09-08 00:00","18746.861328125","18756.79080976066","18632.672289314916","18746.861328125","18880","18880","26917"
"2023-09-11","2023-09-11 00:00","18756.79132401316","18761.756064967107","18637.63754111842","18677.35546875","18890","18810","35782"
"2023-09-12","2023-09-12 00:00","18786.580488549367","18811.404194268907","18746.862559398098","18806.439453125","18920","18940","22533"
"2023-09-13","2023-09-13 00:00","18766.720600274544","18796.509045671803","18751.82637757591","18761.755859375","18900","18895","19779"
"2023-09-14","2023-09-14 00:00","18841.189659908316","18856.083880983344","18811.401217758263","18851.119140625","18975","18985","47986"
"2023-09-15","2023-09-15 00:00","19000.06280903231","19054.67495716384","18980.20384607539","19014.95703125","19135","19150","78496"
"2023-09-19","2023-09-19 00:00","18796.505859375","18816.364819606773","18791.541119317055","18796.505859375","18930","18930","25669"
"2023-09-20","2023-09-20 00:00","18776.648334187383","18776.648334187383","18746.85989156308","18771.68359375","18910","18905","38288"
"2023-09-21","2023-09-21 00:00","18642.600943584956","18667.424646572417","18597.918278207522","18612.8125","18775","18745","60580"
"2023-09-22","2023-09-22 00:00","18265.281458509293","18389.399978885136","18250.38723606419","18369.541015625","18395","18500","47085"
"2023-09-25","2023-09-25 00:00","18344.715257713233","18379.468439527576","18324.856296676466","18364.57421875","18475","18495","29674"
"2023-09-26","2023-09-26 00:00","18448.979548826544","18448.979548826544","18374.508425782304","18404.296875","18580","18535","20973"
"2023-09-27","2023-09-27 00:00","18240.45795716807","18285.140625","18220.59899368721","18285.140625","18370","18415","29022"
"2023-09-28","2023-09-28 00:00","18309.964638157897","18329.823601973683","18240.458264802633","18300.03515625","18440","18430","27260"
"2023-09-29","2023-09-29 00:00","18364.57596583801","18394.36441022704","18314.92855852296","18354.646484375","18495","18485","29977"
"2023-10-02","2023-10-02 00:00","18409.2578125","18478.76417964536","18404.293071989618","18409.2578125","18540","18540","25014"
"2023-10-03","2023-10-03 00:00","18374.505344143163","18379.470084846795","18324.85793710684","18349.681640625","18505","18480","16240"
"2023-10-04","2023-10-04 00:00","18051.797386198923","18056.762126954203","17962.43205260388","17982.291015625","18180","18110","53686"
"2023-10-05","2023-10-05 00:00","18141.161592859346","18146.126333306216","18066.69048615631","18116.337890625","18270","18245","38413"
"2023-10-06","2023-10-06 00:00","18061.725230044252","18106.407892790376","18056.760489739125","18091.513671875","18190","18220","11829"
"2023-10-10","2023-10-10 00:00","18394.364517125705","18463.870887770714","18364.57607256356","18453.94140625","18525","18585","16283"
"2023-10-11","2023-10-11 00:00","18533.377673274565","18568.130859375","18508.553968917113","18568.130859375","18665","18700","38490"
"2023-10-12","2023-10-12 00:00","18712.107628012298","18736.93133141905","18702.178146649596","18722.037109375","18845","18855","34992"
"2023-10-13","2023-10-13 00:00","18642.6015625","18667.425266311584","18622.742599450732","18642.6015625","18775","18775","29350"
"2023-10-16","2023-10-16 00:00","18558.198389326408","18568.12786947051","18508.550988605897","18518.48046875","18690","18650","19541"
"2023-10-17","2023-10-17 00:00","18702.179379275705","18717.073602301407","18657.496710198593","18687.28515625","18835","18820","15325"
"2023-10-18","2023-10-18 00:00","18687.285258964144","18707.14422310757","18662.46155378486","18692.25","18820","18825","21307"
"2023-10-19","2023-10-19 00:00","18503.588813853577","18518.48303613465","18444.011924729282","18453.94140625","18635","18585","43340"
"2023-10-20","2023-10-20 00:00","18295.070415296053","18319.89412006579","18280.17619243421","18300.03515625","18425","18430","22149"
"2023-10-23","2023-10-23 00:00","18161.0234375","18165.988178734966","18131.23499009021","18161.0234375","18290","18290","23270"
"2023-10-24","2023-10-24 00:00","18121.3046875","18126.269428510273","18056.763054366438","18121.3046875","18250","18250","17836"
"2023-10-25","2023-10-25 00:00","18195.774566007825","18195.774566007825","18141.16241860644","18156.056640625","18325","18285","14611"
"2023-10-26","2023-10-26 00:00","17912.78515625","17927.679378940895","17887.961451765175","17912.78515625","18040","18040","146804"
"2023-10-27","2023-10-27 00:00","17892.925472091087","17892.925472091087","17848.24280581783","17878.03125","18020","18005","28230"
"2023-10-30","2023-10-30 00:00","17689.37129974579","17719.159744258413","17669.512336737378","17699.30078125","17815","17825","51797"
"2023-10-31","2023-10-31 00:00","17753.91007147329","17843.275390625","17743.980591567542","17843.275390625","17880","17970","35513"
"2023-11-01","2023-11-01 00:00","18116.337787293553","18136.196748967755","18091.514085200797","18111.373046875","18245","18240","52988"
"2023-11-02","2023-11-02 00:00","18304.99958848086","18309.96432935107","18255.352179778714","18285.140625","18435","18415","63512"
"2023-11-06","2023-11-06 00:00","18642.597968084752","18672.386406915248","18632.66848847459","18657.4921875","18775","18790","68421"
"2023-11-07","2023-11-07 00:00","18702.180302478133","18736.933491253643","18702.180302478133","18731.96875","18835","18865","27532"
"2023-11-08","2023-11-08 00:00","18836.222864116833","18861.04656319975","18826.293384483666","18846.15234375","18970","18980","24777"
"2023-11-09","2023-11-09 00:00","18895.80530233473","18935.52323255509","18890.840561057186","18925.59375","19030","19060","43955"
"2023-11-10","2023-11-10 00:00","18821.332751201287","18856.0859375","18796.50904670221","18856.0859375","18955","18990","148389"
"2023-11-13","2023-11-13 00:00","19094.390521375164","19109.28474175065","19074.53156087451","19089.42578125","19230","19225","75006"
"2023-11-14","2023-11-14 00:00","19149.006167523476","19173.82987269268","19144.041426489635","19163.900390625","19285","19300","51860"
"2023-11-15","2023-11-15 00:00","19392.27662890027","19456.818256185394","19387.311888339875","19451.853515625","19530","19590","51884"
"2023-11-16","2023-11-16 00:00","19496.535363045623","19521.359064806566","19451.852699875923","19506.46484375","19635","19645","44128"
"2023-11-17","2023-11-17 00:00","19461.785361422742","19481.644326077254","19446.89113793186","19471.71484375","19600","19610","13393"
"2023-11-20","2023-11-20 00:00","19372.419202302633","19372.419202302633","19208.58275082237","19243.3359375","19510","19380","28272"
"2023-11-21","2023-11-21 00:00","19347.59374143808","19352.5584819414","19198.65152633848","19253.263671875","19485","19390","66720"
"2023-11-22","2023-11-22 00:00","19243.33409666966","19342.62890625","19233.404615711628","19342.62890625","19380","19480","33039"
"2023-11-24","2023-11-24 00:00","19541.219776546983","19551.14925814076","19481.64288698434","19496.537109375","19680","19635","33410"
"2023-11-27","2023-11-27 00:00","19501.50195062676","19501.50195062676","19377.383430065234","19407.171875","19640","19545","44484"
"2023-11-28","2023-11-28 00:00","19362.487868166067","19362.487868166067","19302.910982417863","19342.62890625","19500","19480","31942"
"2023-11-29","2023-11-29 00:00","19188.721530164763","19248.29841460512","19153.968347574555","19228.439453125","19325","19365","61561"
"2023-11-30","2023-11-30 00:00","19193.68801464415","19218.51171875","19173.82905135947","19218.51171875","19330","19355","44232"
"2023-12-01","2023-12-01 00:00","19357.523643777236","19382.347346834147","19307.876237663422","19367.453125","19495","19505","22530"
"2023-12-04","2023-12-04 00:00","19258.23128879116","19307.878701239708","19223.47810007718","19297.94921875","19395","19435","37938"
"2023-12-05","2023-12-05 00:00","19263.192635715208","19268.157376085237","19213.545232014912","19228.439453125","19400","19365","37422"
"2023-12-06","2023-12-06 00:00","19278.089021671964","19362.489617440293","19268.159539816865","19332.701171875","19415","19470","11379"
"2023-12-07","2023-12-07 00:00","19084.466912245167","19089.431653897675","18980.207337542473","18995.1015625","19220","19130","17527"
"2023-12-08","2023-12-08 00:00","18833.440097805815","18843.375967021224","18619.818909674545","18813.568359375","18955","18935","109165"
"2023-12-11","2023-12-11 00:00","19032.15708581962","19106.67610338352","19017.253282306843","19096.740234375","19155","19220","28737"
"2023-12-12","2023-12-12 00:00","19240.81231714779","19250.748187179885","19156.357421875","19156.357421875","19365","19280","29219"
"2023-12-13","2023-12-13 00:00","19250.750655400945","19305.39794758402","19250.750655400945","19290.494140625","19375","19415","32405"
"2023-12-14","2023-12-14 00:00","19196.101694984347","19220.941371090692","18972.54461002723","19042.095703125","19320","19165","154203"
"2023-12-15","2023-12-15 00:00","19141.454911134842","19166.294587894685","19071.903816207283","19116.615234375","19265","19240","37179"
"2023-12-18","2023-12-18 00:00","19151.388027075507","19176.227700262374","19131.51628852601","19171.259765625","19275","19295","35869"
"2023-12-19","2023-12-19 00:00","19270.61966265841","19414.68977614567","19215.972378232207","19404.75390625","19395","19530","37427"
"2023-12-20","2023-12-20 00:00","19548.822910538824","19573.66258386861","19494.175629213303","19528.951171875","19675","19655","56708"
"2023-12-21","2023-12-21 00:00","19275.58836944588","19280.556304592643","19181.197601657354","19230.876953125","19400","19355","114591"
"2023-12-22","2023-12-22 00:00","19215.973147684705","19270.620434299115","19191.133471950885","19230.876953125","19340","19355","91973"
"2023-12-25","2023-12-25 00:00","19275.5859375","19330.233217219717","19250.746264900128","19275.5859375","19400","19400","20410"
"2023-12-26","2023-12-26 00:00","19305.394208743248","19320.298012815874","19275.586600597995","19315.330078125","19430","19440","21890"
"2023-12-27","2023-12-27 00:00","19409.72314727861","19444.498694253518","19384.883470867968","19424.626953125","19535","19550","52135"
"2023-12-28","2023-12-28 00:00","19305.39794758402","19350.109368461082","19275.59033366598","19290.494140625","19430","19415","87304"
"2023-12-29","2023-12-29 00:00","19325.265947506752","19345.137686270253","19305.394208743248","19315.330078125","19450","19440","26744"
"2024-01-04","2024-01-04 00:00","19220.940451545215","19320.299151217198","19176.22903669282","19310.36328125","19345","19435","116230"
"2024-01-05","2024-01-05 00:00","19379.91552458793","19399.78726570517","19350.10791291207","19365.01171875","19505","19490","31951"
"2024-01-09","2024-01-09 00:00","19568.695620023886","19568.695620023886","19464.368986863057","19499.14453125","19695","19625","24710"
"2024-01-10","2024-01-10 00:00","19573.661315964313","19633.276528094153","19568.69338162016","19628.30859375","19700","19755","46382"
"2024-01-11","2024-01-11 00:00","19891.609375","19901.54524381868","19861.801768543955","19891.609375","20020","20020","102845"
"2024-01-12","2024-01-12 00:00","19777.34993285059","19807.15754390236","19732.638516272935","19767.4140625","19905","19895","82250"
"2024-01-15","2024-01-15 00:00","19777.34993285059","19787.285803201183","19762.446127324707","19767.4140625","19905","19895","10587"
"2024-01-16","2024-01-16 00:00","19777.35092383741","19881.677567746123","19762.447117564738","19856.837890625","19905","19985","63540"
"2024-01-17","2024-01-17 00:00","20015.81119419643","20040.650870535716","19971.099776785715","19995.939453125","20145","20125","41550"
"2024-01-18","2024-01-18 00:00","20020.776680406205","20045.616353706955","19971.0973338047","19981.033203125","20150","20110","36162"
"2024-01-19","2024-01-19 00:00","20204.590354758697","20284.077309682754","20184.718616027683","20279.109375","20335","20410","27622"
"2024-01-22","2024-01-22 00:00","20472.857421875","20512.600896608074","20448.01775016683","20472.857421875","20605","20605","51794"
"2024-01-23","2024-01-23 00:00","20492.731930040027","20552.347150200145","20452.988449933284","20477.828125","20625","20610","40372"
"2024-01-24","2024-01-24 00:00","20616.930981409947","20616.930981409947","20552.34782411878","20577.1875","20750","20710","59552"
"2024-01-25","2024-01-25 00:00","20522.536959279845","20557.3125","20497.697287336876","20557.3125","20655","20690","83473"
"2024-01-26","2024-01-26 00:00","20597.058748527725","20606.994618642788","20547.379397952405","20562.283203125","20730","20695","45724"
"2024-01-29","2024-01-29 00:00","20611.963058479025","20661.64241027097","20611.963058479025","20636.802734375","20745","20770","35424"
"2024-01-30","2024-01-30 00:00","20731.191728883212","20731.191728883212","20696.41618560447","20721.255859375","20865","20855","19615"
"2024-01-31","2024-01-31 00:00","20616.928569015734","20681.51171875","20606.99269982585","20681.51171875","20750","20815","34037"
"2024-02-01","2024-02-01 00:00","20368.532387853746","20378.468257311233","20323.82097529504","20363.564453125","20500","20495","48797"
"2024-02-02","2024-02-02 00:00","20611.9609375","20621.896806835986","20577.185394824057","20611.9609375","20745","20745","28885"
"2024-02-05","2024-02-05 00:00","20994.492987284993","21004.428857132265","20924.941898354093","20939.845703125","21130","21075","25409"
"2024-02-06","2024-02-06 00:00","20939.845703125","20974.62124759045","20929.90983327773","20939.845703125","21075","21075","15482"
"2024-02-07","2024-02-07 00:00","20890.167812481453","20939.847165186522","20890.167812481453","20924.943359375","21025","21060","16604"
"2024-02-08","2024-02-08 00:00","21113.721218310373","21198.176103183618","21088.881546288834","21188.240234375","21250","21325","40793"
"2024-02-09","2024-02-09 00:00","21287.602053969655","21322.37759991546","21272.698248564306","21302.505859375","21425","21440","42990"
"2024-02-13","2024-02-13 00:00","21391.927903364936","21416.767578125","21367.088228604876","21416.767578125","21530","21555","29386"
"2024-02-14","2024-02-14 00:00","21322.376784100186","21332.312653990262","21267.729499704776","21297.537109375","21460","21435","65876"
"2024-02-15","2024-02-15 00:00","21516.12416365722","21516.12416365722","21431.66927776893","21451.541015625","21655","21590","32880"
"2024-02-16","2024-02-16 00:00","21550.90120581499","21595.612619105064","21531.029466574957","21555.869140625","21690","21695","33746"
"2024-02-19","2024-02-19 00:00","21476.38105018721","21560.8359375","21441.605508352535","21560.8359375","21615","21700","19723"
"2024-02-20","2024-02-20 00:00","21456.512042234914","21471.415847774788","21401.86475525539","21446.576171875","21595","21585","16088"
"2024-02-21","2024-02-21 00:00","21312.44172964523","21322.37759991546","21267.73031342919","21302.505859375","21450","21440","33380"
"2024-02-22","2024-02-22 00:00","21511.157727334925","21575.740879865032","21501.22185771491","21555.869140625","21650","21695","41692"
"2024-02-26","2024-02-26 00:00","21863.878238906356","21868.846173066526","21794.327160663983","21824.134765625","22005","21965","44354"
"2024-02-27","2024-02-27 00:00","21799.299475008553","21799.299475008553","21754.588058583056","21779.427734375","21940","21920","17595"
"2024-02-28","2024-02-28 00:00","21824.136074667385","21853.943681416305","21809.232271292927","21844.0078125","21965","21985","21564"
"2024-02-29","2024-02-29 00:00","21794.330061607143","21819.169735714284","21699.9393","21734.71484375","21935","21875","41737"
"2024-03-01","2024-03-01 00:00","21819.16914283692","21938.399575311436","21819.16914283692","21933.431640625","21960","22075","20806"
"2024-03-04","2024-03-04 00:00","22017.887211104848","22042.726885305103","21973.17579754439","22032.791015625","22160","22175","24901"
"2024-03-05","2024-03-05 00:00","22032.788568489817","22037.75650277809","22007.948897048456","22017.884765625","22175","22160","22802"
"2024-03-06","2024-03-06 00:00","21784.392578125","21799.29638148518","21754.58497140465","21784.392578125","21925","21925","92506"
"2024-03-07","2024-03-07 00:00","21779.425745412842","21779.425745412842","21615.483900157684","21660.1953125","21920","21800","45240"
"2024-03-08","2024-03-08 00:00","21779.425136736554","21819.168613263446","21734.713725643804","21799.296875","21920","21940","27666"
"2024-03-11","2024-03-11 00:00","21506.190268205108","21516.12613804489","21456.510919006207","21511.158203125","21645","21650","42881"
"2024-03-12","2024-03-12 00:00","21521.09443923293","21685.03629437944","21501.22269921517","21680.068359375","21660","21820","20199"
"2024-03-13","2024-03-13 00:00","21839.04296875","21844.010903911225","21759.556006170384","21839.04296875","21980","21980","41403"
"2024-03-14","2024-03-14 00:00","21834.07260703391","21883.751953125","21804.26499937926","21883.751953125","21975","22025","21493"
"2024-03-15","2024-03-15 00:00","21819.171875","21878.787098702185","21819.171875","21819.171875","21960","21960","24033"
"2024-03-18","2024-03-18 00:00","21809.23520273819","21888.722164752726","21799.29933248637","21873.818359375","21950","22015","22529"
"2024-03-19","2024-03-19 00:00","21938.399629296786","22122.213213147326","21918.527890502133","22112.27734375","22080","22255","34437"
"2024-03-21","2024-03-21 00:00","22594.165715078365","22663.716796875","22509.710830039592","22663.716796875","22740","22810","70880"
"2024-03-22","2024-03-22 00:00","22753.143057112775","22777.98273293932","22688.559899963766","22708.431640625","22900","22855","37536"
"2024-03-25","2024-03-25 00:00","22638.880199460047","22653.784004726313","22589.200848572487","22599.13671875","22785","22745","22091"
"2024-03-26","2024-03-26 00:00","22614.03955474753","22633.91129425082","22599.135750120062","22628.943359375","22760","22775","17723"
"2024-03-27","2024-03-27 00:00","22619.007014389106","22698.493970732226","22609.071144846217","22673.654296875","22765","22820","41269"
"2024-03-28","2024-03-28 00:00","22698.494632750986","22748.17398191437","22693.526697834644","22713.3984375","22845","22860","17364"
"2024-03-29","2024-03-29 00:00","22713.401694984703","22763.081051272948","22708.43375935588","22733.2734375","22860","22880","7440"
"2024-04-01","2024-04-01 00:00","22713.396845749892","22882.30662106824","22708.428911181705","22822.69140625","22860","22970","40004"
"2024-04-02","2024-04-02 00:00","22693.526697834644","22733.270177165356","22673.654958169293","22713.3984375","22840","22860","20600"
"2024-04-03","2024-04-03 00:00","22564.35920452667","22564.35920452667","22519.647792628664","22539.51953125","22710","22685","47869"
"2024-04-04","2024-04-04 00:00","22668.687991489405","22703.46353738913","22648.81625097528","22683.591796875","22815","22830","22208"
"2024-04-05","2024-04-05 00:00","22301.060223746103","22310.99609375","22211.637393711033","22310.99609375","22445","22455","50723"
"2024-04-08","2024-04-08 00:00","22604.10366910632","22609.07160397865","22544.488450638346","22569.328125","22750","22715","24142"
"2024-04-09","2024-04-09 00:00","22609.072434101323","22633.912109375","22594.168628937114","22633.912109375","22755","22780","19475"
"2024-04-10","2024-04-10 00:00","22633.90901874863","22653.780756254113","22623.973149995883","22638.876953125","22780","22785","17314"
"2024-04-11","2024-04-11 00:00","22544.488297561813","22604.103515625","22524.616558207417","22604.103515625","22690","22750","17739"
"2024-04-12","2024-04-12 00:00","22782.948896067188","22797.852700403906","22753.141287393744","22792.884765625","22930","22940","39613"
"2024-04-15","2024-04-15 00:00","22544.488635039746","22653.783203125","22499.777220823053","22653.783203125","22690","22800","21778"
"2024-04-16","2024-04-16 00:00","22410.35496309219","22410.35496309219","22281.188652065724","22335.8359375","22555","22480","38953"
"2024-04-17","2024-04-17 00:00","22420.289690957165","22420.289690957165","22330.86686480223","22340.802734375","22565","22485","22205"
"2024-04-18","2024-04-18 00:00","22211.639495114574","22276.22265625","22181.831882282837","22276.22265625","22355","22420","16570"
"2024-04-19","2024-04-19 00:00","22156.986902573528","22156.986902573528","21665.161408547792","21958.26953125","22300","22100","62135"
"2024-04-22","2024-04-22 00:00","22047.692737567355","22127.1796875","21998.01339385945","22127.1796875","22190","22270","22572"
"2024-04-23","2024-04-23 00:00","22196.73486601152","22211.638671875","22142.08757784542","22211.638671875","22340","22355","26438"
"2024-04-24","2024-04-24 00:00","22489.841979120818","22574.296875","22479.906109017385","22574.296875","22635","22720","31146"
"2024-04-25","2024-04-25 00:00","22405.387378437637","22455.06672960934","22400.41944332047","22445.130859375","22550","22590","27667"
"2024-04-26","2024-04-26 00:00","22653.781611468792","22768.04410643892","22638.877807777037","22763.076171875","22800","22910","41475"
"2024-04-30","2024-04-30 00:00","22872.369977799437","22961.792797000217","22847.53030579922","22936.953125","23020","23085","49458"
"2024-05-01","2024-05-01 00:00","22698.494157252782","22763.07730981227","22698.494157252782","22758.109375","22845","22905","22753"
"2024-05-02","2024-05-02 00:00","22465.0001708499","22554.42299329026","22445.128432529822","22489.83984375","22610","22635","36319"
"2024-05-07","2024-05-07 00:00","22867.406093665268","22927.02131702481","22807.790870305722","22902.181640625","23015","23050","46036"
"2024-05-08","2024-05-08 00:00","22971.72885870738","23041.27994089205","22966.760924265618","23021.408203125","23120","23170","25132"
"2024-05-09","2024-05-09 00:00","23056.185224228677","23105.86457183529","23026.37761566471","23066.12109375","23205","23215","16354"
"2024-05-10","2024-05-10 00:00","23200.255875226932","23264.83902862692","23200.255875226932","23259.87109375","23350","23410","22800"
"2024-05-13","2024-05-13 00:00","23274.77394863697","23349.29296875","23235.03047124335","23349.29296875","23425","23500","19823"
"2024-05-14","2024-05-14 00:00","23344.327477972838","23379.103024332875","23339.359542778548","23364.19921875","23495","23515","16993"
"2024-05-15","2024-05-15 00:00","23513.236159168122","23523.17202908537","23463.556809581878","23488.396484375","23665","23640","17519"
"2024-05-16","2024-05-16 00:00","23488.396484375","23533.107899002618","23389.037785202516","23488.396484375","23640","23640","31005"
"2024-05-17","2024-05-17 00:00","23567.88445447142","23652.339352390056","23557.948584128048","23637.435546875","23720","23790","28409"
"2024-05-20","2024-05-20 00:00","23706.983388192406","23716.919257173206","23672.2078467596","23677.17578125","23860","23830","33556"
"2024-05-21","2024-05-21 00:00","23776.535648915484","23806.343257334516","23766.599779442473","23791.439453125","23930","23945","21572"
"2024-05-22","2024-05-22 00:00","23821.24626464844","23846.0859375","23806.3424609375","23846.0859375","23975","24000","19862"
"2024-05-23","2024-05-23 00:00","23905.703307814765","24005.062008179746","23885.83156774177","23990.158203125","24060","24145","47930"
"2024-05-24","2024-05-24 00:00","23697.048997873037","23756.664215477747","23682.145193471857","23721.888671875","23850","23875","38762"
"2024-05-27","2024-05-27 00:00","23826.21419921875","23846.0859375","23781.502788085938","23846.0859375","23980","24000","18472"
"2024-05-28","2024-05-28 00:00","23875.89436120079","23875.89436120079","23831.182948539365","23851.0546875","24030","24005","25859"
"2024-05-29","2024-05-29 00:00","23860.989075624086","23900.73255107797","23791.437993579795","23806.341796875","24015","23960","17767"
"2024-05-30","2024-05-30 00:00","23711.95177777595","23716.919712361698","23543.04200186051","23572.849609375","23865","23725","34064"
"2024-05-31","2024-05-31 00:00","23513.236974898897","23528.14078029182","23423.814142541367","23493.365234375","23665","23645","25543"
"2024-06-03","2024-06-03 00:00","23816.280126963284","23880.86328125","23796.408387182757","23880.86328125","23970","24035","49081"
"2024-06-04","2024-06-04 00:00","23622.530772788097","24005.06176532326","23617.56283782011","23667.2421875","23775","23820","29589"
"2024-06-05","2024-06-05 00:00","23567.881694082407","23657.304516699074","23552.97789031296","23632.46484375","23720","23785","22971"
"2024-06-06","2024-06-06 00:00","23846.089509394573","23846.089509394573","23731.826997162058","23796.41015625","24000","23950","25430"
"2024-06-07","2024-06-07 00:00","23793.234375","23823.056686729684","23768.382448558597","23793.234375","23935","23935","17099"
"2024-06-10","2024-06-10 00:00","23867.788294708644","23982.107147432154","23867.788294708644","23947.314453125","24010","24090","28116"
"2024-06-11","2024-06-11 00:00","24006.961208845878","24046.724291593448","23997.020438158983","24041.75390625","24150","24185","30579"
"2024-06-12","2024-06-12 00:00","24096.43058987029","24141.1640625","24081.519432327055","24141.1640625","24240","24285","45571"
"2024-06-13","2024-06-13 00:00","24285.303639715272","24354.889036963737","24275.362868679775","24330.037109375","24430","24475","61119"
"2024-06-14","2024-06-14 00:00","24349.916383542004","24538.791015625","24339.975613432372","24538.791015625","24495","24685","60782"
"2024-06-17","2024-06-17 00:00","24424.473973973178","24424.473973973178","24374.770119732286","24414.533203125","24570","24560","52411"
"2024-06-18","2024-06-18 00:00","24658.081031866943","24672.9921875","24598.43640933471","24672.9921875","24805","24820","71423"
"2024-06-19","2024-06-19 00:00","24747.54691938028","24747.54691938028","24707.78383937324","24717.724609375","24895","24865","30373"
"2024-06-20","2024-06-20 00:00","24757.486517578123","24861.86459765625","24757.486517578123","24851.923828125","24905","25000","28996"
"2024-06-21","2024-06-21 00:00","24851.926416933227","24866.837572783385","24822.104105232906","24861.8671875","25000","25010","37645"
"2024-06-24","2024-06-24 00:00","24951.333712036205","24961.274482439407","24846.955622802587","24916.541015625","25100","25065","42738"
"2024-06-25","2024-06-25 00:00","24851.926781068643","24851.926781068643","24757.48945930058","24837.015625","25000","24985","30430"
"2024-06-26","2024-06-26 00:00","24921.511627039396","24986.126635246717","24911.57085654596","24981.15625","25070","25130","37931"
"2024-06-27","2024-06-27 00:00","25030.8596929596","25040.8004632904","24981.155841305586","25035.830078125","25180","25185","32319"
"2024-06-28","2024-06-28 00:00","25184.94294782641","25299.261812598466","25184.94294782641","25239.6171875","25335","25390","50260"
"2024-07-01","2024-07-01 00:00","25135.236602349305","25179.970066739486","25090.503137959124","25170.029296875","25285","25320","34994"
"2024-07-02","2024-07-02 00:00","25214.763626882752","25244.5859375","25189.91170136838","25244.5859375","25365","25395","42613"
"2024-07-03","2024-07-03 00:00","25373.81694956901","25443.40234375","25368.846564270367","25443.40234375","25525","25595","55099"
"2024-07-04","2024-07-04 00:00","25552.752318575374","25552.752318575374","25453.344606773877","25527.900390625","25705","25680","70369"
"2024-07-05","2024-07-05 00:00","25488.13617642745","25498.07694716709","25373.817312921634","25418.55078125","25640","25570","35423"
"2024-07-08","2024-07-08 00:00","25493.106786452237","25508.017942693095","25438.43254690243","25483.166015625","25645","25635","43577"
"2024-07-09","2024-07-09 00:00","25647.188135654786","25681.980832738038","25622.336209166748","25657.12890625","25800","25810","51010"
"2024-07-10","2024-07-10 00:00","25701.862281660706","25746.595749178585","25696.891896380945","25716.7734375","25855","25870","46272"
"2024-07-11","2024-07-11 00:00","25980.202444337243","26010.02475439388","25945.409749271173","26000.083984375","26135","26155","61856"
"2024-07-12","2024-07-12 00:00","25244.585397599352","25438.43041246574","25209.792702623337","25388.7265625","25395","25540","132145"
"2024-07-16","2024-07-16 00:00","25468.252140348533","25587.541377539863","25463.28175546556","25562.689453125","25620","25715","66739"
"2024-07-17","2024-07-17 00:00","25602.452983640385","25632.27529346408","25478.193359375","25478.193359375","25755","25630","38748"
"2024-07-18","2024-07-18 00:00","24896.658432584132","25050.740367383514","24871.80650761649","24961.2734375","25045","25110","50637"
"2024-07-19","2024-07-19 00:00","24931.450907437647","25110.384765625","24906.598982689404","25110.384765625","25080","25260","27294"
"2024-07-22","2024-07-22 00:00","24846.95293360944","24851.923318273093","24742.57485567269","24752.515625","24995","24900","51727"
"2024-07-23","2024-07-23 00:00","24916.539556065258","24916.539556065258","24772.398393662326","24802.220703125","25065","24950","25460"
"2024-07-24","2024-07-24 00:00","24603.407896580717","24663.05252178455","24335.007083163473","24384.7109375","24750","24530","81870"
"2024-07-25","2024-07-25 00:00","23922.4635237944","23932.40429400998","23664.003498189308","23718.677734375","24065","23860","92238"
"2024-07-26","2024-07-26 00:00","23753.471292693754","23842.93822788281","23708.737825099226","23793.234375","23895","23935","34778"
"2024-07-29","2024-07-29 00:00","24101.398530371356","24156.07276914927","23977.1388967852","24041.75390625","24245","24185","33643"
"2024-07-30","2024-07-30 00:00","23947.313517972932","24151.099290956925","23912.520825024443","24146.12890625","24090","24290","16118"
"2024-07-31","2024-07-31 00:00","23733.589252939837","24031.812363971545","23619.27039371102","23907.552734375","23875","24050","70816"
"2024-08-01","2024-08-01 00:00","23758.441360543773","23813.115597984357","23529.803640337705","23788.263671875","23900","23930","35021"
"2024-08-02","2024-08-02 00:00","23171.93650780236","23211.699590612832","22968.15070839869","22973.12109375","23310","23110","118086"
"2024-08-05","2024-08-05 00:00","22013.835606625205","22058.569072522616","21059.52166748047","21153.958984375","22145","21280","198614"
"2024-08-06","2024-08-06 00:00","21815.021298489548","21974.07362967015","21641.057811260765","21934.310546875","21945","22065","132454"
"2024-08-07","2024-08-07 00:00","21566.502023693476","22331.9413672401","21536.679711607245","22148.037109375","21695","22280","95996"
"2024-08-08","2024-08-08 00:00","21650.999046993453","21844.84407978334","21506.857868765077","21636.087890625","21780","21765","64916"
"2024-08-09","2024-08-09 00:00","22446.259584514675","22456.200354924116","22227.562635507005","22351.822265625","22580","22485","54041"
"2024-08-13","2024-08-13 00:00","22466.139769541558","22625.192086494062","22451.228614827258","22605.310546875","22600","22740","70391"
"2024-08-14","2024-08-14 00:00","22814.066044953754","22848.8587382685","22704.71758025027","22838.91796875","22950","22975","65700"
"2024-08-15","2024-08-15 00:00","22943.29878164215","23052.647259370944","22933.35801093953","22973.12109375","23080","23110","52357"
"2024-08-16","2024-08-16 00:00","23654.060546875","23668.97170082344","23594.41593108124","23654.060546875","23795","23795","50478"
"2024-08-19","2024-08-19 00:00","23519.862645348836","23534.77380087209","23072.52797965116","23082.46875","23660","23220","57377"
"2024-08-20","2024-08-20 00:00","23499.979341045484","23614.29819147781","23355.838181804724","23604.357421875","23640","23745","40042"
"2024-08-21","2024-08-21 00:00","23246.49173229788","23355.840207412388","23191.817494740626","23330.98828125","23385","23470","30523"
"2024-08-22","2024-08-22 00:00","23335.95834845448","23405.54374076084","23266.37295614812","23326.017578125","23475","23465","19939"
"2024-08-23","2024-08-23 00:00","23330.98964668694","23360.811959827144","23206.730008602754","23291.2265625","23470","23430","24899"
"2024-08-26","2024-08-26 00:00","23152.05495880225","23216.669968348073","23087.43994925643","23186.84765625","23290","23325","24806"
"2024-08-27","2024-08-27 00:00","23181.87717821253","23266.37372881922","23171.93640755292","23246.4921875","23320","23385","22848"
"2024-08-28","2024-08-28 00:00","23122.231288786646","23241.520530173337","23112.29051867109","23226.609375","23260","23365","15587"
"2024-08-29","2024-08-29 00:00","22933.357194767443","23102.350290697676","22923.416424418603","23082.46875","23070","23220","27579"
"2024-08-30","2024-08-30 00:00","23196.789284939234","23261.404296875","23152.05581513755","23261.404296875","23335","23400","13979"
"2024-09-02","2024-09-02 00:00","23614.29991809742","23624.240688427075","23490.04028897672","23539.744140625","23755","23680","24166"
"2024-09-03","2024-09-03 00:00","23664.00203949187","23743.528196314357","23559.62395866235","23604.357421875","23805","23745","33404"
"2024-09-04","2024-09-04 00:00","22953.237821891333","22988.03051672746","22794.185502640463","22824.0078125","23090","22960","60890"
"2024-09-05","2024-09-05 00:00","22595.37104826862","22724.60106306294","22575.48950753103","22625.193359375","22730","22760","30166"
"2024-09-06","2024-09-06 00:00","22550.63758204078","22550.63758204078","22346.851789476605","22411.466796875","22685","22545","43489"
"2024-09-09","2024-09-09 00:00","22048.628678837325","22232.532930667123","22038.68790846815","22197.740234375","22180","22330","73489"
"2024-09-10","2024-09-10 00:00","22436.31813069318","22471.11082606643","22341.880814680073","22371.703125","22570","22505","23359"
"2024-09-11","2024-09-11 00:00","22336.91147852748","22341.8818638142","21998.9252790304","22113.244140625","22470","22245","25395"
"2024-09-12","2024-09-12 00:00","22650.04478739754","22754.42287397541","22595.37055157104","22739.51171875","22785","22875","19422"
"2024-09-13","2024-09-13 00:00","22664.95849394273","22679.869650846642","22520.81731053827","22565.55078125","22800","22700","28626"
"2024-09-17","2024-09-17 00:00","22674.896484375","22689.807639450213","22590.399938948787","22674.896484375","22810","22810","30601"
"2024-09-18","2024-09-18 00:00","22913.47601854874","22918.44640380222","22779.275616704745","22843.890625","23050","22980","21056"
"2024-09-19","2024-09-19 00:00","23087.436736098076","23251.45942980986","23087.436736098076","23166.962890625","23225","23305","45679"
"2024-09-20","2024-09-20 00:00","23335.95816576741","23335.95816576741","23196.787382244198","23231.580078125","23475","23370","32694"
"2024-09-24","2024-09-24 00:00","23490.041510284977","23604.360375019754","23410.515343512958","23589.44921875","23630","23730","37142"
"2024-09-25","2024-09-25 00:00","23455.248046875","23504.951899485455","23430.39612056977","23455.248046875","23595","23595","18013"
"2024-09-26","2024-09-26 00:00","23733.58807681151","23857.847700250313","23708.736152123747","23828.025390625","23875","23970","78127"
"2024-09-27","2024-09-27 00:00","23867.788796054672","24101.396891309683","23828.025716011267","24046.72265625","24010","24190","58285"
"2024-09-30","2024-09-30 00:00","23455.244751446266","23480.096674259832","23241.518215249573","23251.458984375","23595","23390","67071"
"2024-10-01","2024-10-01 00:00","23659.035013996443","23793.23542268928","23644.123857475017","23748.501953125","23800","23890","41898"
"2024-10-02","2024-10-02 00:00","23435.36459783776","23549.683449534532","23365.779209848424","23425.423828125","23575","23565","64256"
"2024-10-03","2024-10-03 00:00","23992.049647583895","24051.69427069784","23882.701171875","23882.701171875","24135","24025","45782"
"2024-10-04","2024-10-04 00:00","23957.25800145955","23962.228386937033","23813.116822612596","23837.96875","24100","23980","40376"
"2024-10-07","2024-10-07 00:00","24479.147941752675","24494.059097859325","24379.740234375","24379.740234375","24625","24525","58474"
"2024-10-08","2024-10-08 00:00","24151.101926246396","24175.95385249279","24056.664606510094","24126.25","24295","24270","51721"
"2024-10-09","2024-10-09 00:00","24359.85896346002","24414.533203125","24335.007036339575","24414.533203125","24505","24560","27341"
"2024-10-10","2024-10-10 00:00","24722.6953125","24797.25108847256","24687.90261704614","24722.6953125","24870","24870","39786"
"2024-10-11","2024-10-11 00:00","24643.170285843174","24658.08144172408","24588.49604761319","24618.318359375","24790","24765","18476"
"2024-10-15","2024-10-15 00:00","25130.268895924022","25150.150437772063","25080.56504130392","25120.328125","25280","25270","40940"
"2024-10-16","2024-10-16 00:00","24822.104376185365","24896.66015625","24797.252449497155","24896.66015625","24970","25045","30659"
"2024-10-17","2024-10-17 00:00","24986.126953125","24991.09733843495","24926.482329405582","24986.126953125","25135","25135","18073"
"2024-10-18","2024-10-18 00:00","25130.267988107036","25135.238373389497","25045.771438305255","25075.59375","25280","25225","17976"
"2024-10-21","2024-10-21 00:00","25145.17950923859","25145.17950923859","25035.831031436013","25050.7421875","25295","25200","29833"
"2024-10-22","2024-10-22 00:00","25239.614916227594","25289.318766003547","25189.911066451645","25234.64453125","25390","25385","44751"
"2024-10-23","2024-10-23 00:00","25309.20063067516","25488.134492164616","25304.230245633786","25453.341796875","25460","25605","53727"
"2024-10-24","2024-10-24 00:00","25393.69894771658","25423.52126004508","25299.261625343002","25358.90625","25545","25510","26161"
"2024-10-25","2024-10-25 00:00","25264.469750399854","25319.143991449313","25189.91396715059","25249.55859375","25415","25400","17994"
"2024-10-28","2024-10-28 00:00","25547.777850956878","25726.711703609497","25522.92592697735","25647.185546875","25700","25800","46784"
"2024-10-29","2024-10-29 00:00","25547.779386761405","25562.690542045508","25458.312455056795","25488.134765625","25700","25640","31424"
"2024-10-30","2024-10-30 00:00","25662.100339380577","25716.774579886714","25612.396484375","25612.396484375","25815","25765","39724"
"2024-10-31","2024-10-31 00:00","25448.370268680133","25517.955656133556","25339.0218026819","25343.9921875","25600","25495","22668"
"2024-11-01","2024-11-01 00:00","24856.896618832074","25015.948946727018","24822.103922105052","24981.15625","25005","25130","37188"
"2024-11-05","2024-11-05 00:00","24916.54268326649","25095.4765625","24871.80921345811","25095.4765625","25065","25245","30363"
"2024-11-06","2024-11-06 00:00","25095.476332720587","25855.9453125","25080.565176254324","25855.9453125","25245","26010","101602"
"2024-11-07","2024-11-07 00:00","26193.928644896052","26268.484419027634","26154.165565359206","26238.662109375","26350","26395","99889"
"2024-11-08","2024-11-08 00:00","26233.6921314422","26248.60328649986","26109.432505961704","26183.98828125","26390","26340","47647"
"2024-11-11","2024-11-11 00:00","26318.192213071387","26452.39262662246","26298.31067032308","26422.5703125","26475","26580","57965"
"2024-11-12","2024-11-12 00:00","26387.776390745737","26482.213714427064","26348.01330709044","26372.865234375","26545","26530","53421"
"2024-11-13","2024-11-13 00:00","26492.154250023425","26536.887718738286","26462.33193754685","26521.9765625","26650","26680","46175"
"2024-11-14","2024-11-14 00:00","26681.030200971734","26775.46752843419","26681.030200971734","26725.763671875","26840","26885","61218"
"2024-11-15","2024-11-15 00:00","26646.23428045849","26661.14543562383","26492.15234375","26492.15234375","26805","26650","57812"
"2024-11-18","2024-11-18 00:00","26074.642260486176","26174.049970209722","25716.77450548141","26069.671875","26230","26225","78724"
"2024-11-19","2024-11-19 00:00","26109.43318524114","26164.107421875","26010.025482270492","26164.107421875","26265","26320","18274"
"2024-11-20","2024-11-20 00:00","26258.54401896335","26427.537109375","26238.662478914917","26427.537109375","26415","26585","30567"
"2024-11-21","2024-11-21 00:00","26348.014230175337","26348.014230175337","26164.10996182663","26203.873046875","26505","26360","47155"
"2024-11-22","2024-11-22 00:00","26258.54401896335","26427.537109375","26238.662478914917","26427.537109375","26415","26585","21869"
"2024-11-25","2024-11-25 00:00","26462.32967139175","26526.944676224226","26392.744281572166","26517.00390625","26620","26675","40461"
"2024-11-26","2024-11-26 00:00","26447.420013847357","26447.420013847357","26283.397299985874","26387.775390625","26605","26545","33325"
"2024-11-27","2024-11-27 00:00","26397.71534200371","26407.656112232293","26253.57417368925","26283.396484375","26555","26440","25117"
"2024-11-28","2024-11-28 00:00","26049.787974457762","26139.25490510845","26039.847204385464","26124.34375","26205","26280","29348"
"2024-11-29","2024-11-29 00:00","26064.701135490686","26064.701135490686","25816.181864557326","25880.796875","26220","26035","42926"
"2024-12-02","2024-12-02 00:00","25945.411063898453","26034.87799860155","25920.559137592034","25990.14453125","26100","26145","26264"
"2024-12-03","2024-12-03 00:00","25975.232332384734","26069.66964855682","25940.439636952917","26034.876953125","26130","26190","23576"
"2024-12-04","2024-12-04 00:00","26019.965161934804","26094.52093603777","25970.261312532828","26024.935546875","26175","26180","14556"
"2024-12-05","2024-12-05 00:00","26144.22551455463","26169.077439948695","25975.232421875","25975.232421875","26300","26130","31661"
"2024-12-06","2024-12-06 00:00","26032.529016361066","26047.44737109824","25967.8828125","25967.8828125","26175","26110","10134"
"2024-12-09","2024-12-09 00:00","26062.366672128217","26097.176167778834","26012.63882119876","26082.2578125","26205","26225","11811"
"2024-12-10","2024-12-10 00:00","26156.84724389053","26186.683951773295","26067.337120242235","26097.173828125","26300","26240","16830"
"2024-12-11","2024-12-11 00:00","26186.686319956036","26186.686319956036","26112.09454350345","26156.849609375","26330","26300","18704"
"2024-12-12","2024-12-12 00:00","26420.404197551135","26509.914319056108","26355.757998686433","26499.96875","26565","26645","48624"
"2024-12-13","2024-12-13 00:00","26390.568770269318","26470.133326576895","26375.65041596165","26450.2421875","26535","26595","55586"
"2024-12-16","2024-12-16 00:00","26509.91486020892","26619.31612205934","26485.050937061096","26554.669921875","26655","26700","41700"
"2024-12-17","2024-12-17 00:00","26693.908717258575","26738.66378030912","26664.072008558214","26674.017578125","26840","26820","29946"
"2024-12-18","2024-12-18 00:00","26509.917324540856","26584.50910091829","26499.971754357197","26534.78125","26655","26680","17436"
"2024-12-19","2024-12-19 00:00","25967.88219474318","26107.12016897773","25918.154346802272","26067.337890625","26110","26210","79049"
"2024-12-20","2024-12-20 00:00","26415.43248815166","26445.269196534362","26161.8204668987","26231.439453125","26560","26375","69005"
"2024-12-23","2024-12-23 00:00","26619.316945507668","26683.96314769179","26554.670743323546","26674.017578125","26765","26820","66436"
"2024-12-24","2024-12-24 00:00","26793.366007350895","26838.121073064733","26753.58372671637","26763.529296875","26940","26910","35630"
"2024-12-25","2024-12-25 00:00","27042.003649184284","27081.785927447152","26952.49352309283","27051.94921875","27190","27200","53980"
"2024-12-26","2024-12-26 00:00","27061.896890470296","27146.434238345708","27061.896890470296","27121.5703125","27210","27270","71315"
"2024-12-27","2024-12-27 00:00","27225.997896304478","27235.94346631226","27141.460551238324","27156.37890625","27375","27305","86155"
"2024-12-30","2024-12-30 00:00","26962.43801333518","26972.383582502767","26892.819029162052","26942.546875","27110","27090","52272"
"2025-01-06","2025-01-06 00:00","26743.63751348733","26803.310933004224","26713.800803728886","26788.392578125","26890","26935","55246"
"2025-01-07","2025-01-07 00:00","26947.520816723285","27032.058158277872","26887.847399155344","26897.79296875","27095","27045","48837"
"2025-01-08","2025-01-08 00:00","26738.66316356914","26793.36379492478","26693.908101550893","26773.47265625","26885","26920","29996"
"2025-01-09","2025-01-09 00:00","26723.7451685089","26723.7451685089","26599.425550121716","26683.962890625","26870","26830","21066"
"2025-01-10","2025-01-10 00:00","26589.479596773723","26728.717567357166","26539.75175013678","26698.880859375","26735","26845","34323"
"2025-01-14","2025-01-14 00:00","26315.97623239437","26480.078125","26266.248386150237","26480.078125","26460","26625","60212"
"2025-01-15","2025-01-15 00:00","26410.459987530732","26415.432772314674","26256.303659228444","26296.0859375","26555","26440","20778"
"2025-01-16","2025-01-16 00:00","26584.508198519092","26649.15440251848","26410.460726213038","26569.58984375","26730","26715","33506"
"2025-01-17","2025-01-17 00:00","26365.7048464232","26475.10611134612","26296.08585965407","26450.2421875","26510","26595","29106"
"2025-01-20","2025-01-20 00:00","26753.582159788064","26753.582159788064","26659.099248814833","26748.609375","26900","26895","36496"
"2025-01-21","2025-01-21 00:00","26753.58239258905","26768.50074708306","26559.643784166936","26664.072265625","26900","26810","48988"
"2025-01-22","2025-01-22 00:00","26962.44206855785","27027.088277870145","26912.714215240703","27012.169921875","27110","27160","50032"
"2025-01-23","2025-01-23 00:00","27176.27096868429","27225.998820411067","27156.379827993576","27196.162109375","27325","27345","47321"
"2025-01-24","2025-01-24 00:00","27275.72494719541","27330.425580635547","27066.867983151253","27111.623046875","27425","27260","68168"
"2025-01-27","2025-01-27 00:00","27017.138873660548","27022.11165828666","26823.200273242222","26858.009765625","27165","27005","29897"
"2025-01-28","2025-01-28 00:00","26649.154063633512","26803.31039428711","26619.31735447475","26733.69140625","26795","26880","85802"
"2025-01-29","2025-01-29 00:00","26927.63060193892","26977.358451619326","26862.984397354394","26937.576171875","27075","27085","69875"
"2025-01-30","2025-01-30 00:00","26793.365234375","26803.310804246703","26728.71903020891","26793.365234375","26940","26940","27856"
"2025-01-31","2025-01-31 00:00","26788.391319348208","26947.5204305825","26738.66347208749","26912.7109375","26935","27060","19919"
"2025-02-03","2025-02-03 00:00","26415.43486381691","26470.13550077135","26286.142449197323","26291.115234375","26560","26435","112538"
"2025-02-04","2025-02-04 00:00","26758.55657913231","26763.529364224138","26390.570482336956","26534.78125","26905","26680","105890"
"2025-02-05","2025-02-05 00:00","26504.94186355268","26564.6152786301","26301.057695371506","26335.8671875","26650","26480","57495"
"2025-02-06","2025-02-06 00:00","26465.16146591069","26490.025390625","26335.86905739628","26490.025390625","26610","26635","24022"
"2025-02-07","2025-02-07 00:00","26261.27788001051","26380.624721351214","26231.441169675338","26315.978515625","26405","26460","20436"
"2025-02-10","2025-02-10 00:00","26206.57709478022","26291.114440247253","26176.740384615387","26246.359375","26350","26390","18704"
"2025-02-12","2025-02-12 00:00","26509.916447587137","26659.099995406985","26504.943662659807","26644.181640625","26655","26790","25512"
"2025-02-13","2025-02-13 00:00","26748.608706011943","26813.25490663997","26698.880859375","26698.880859375","26895","26845","25557"
"2025-02-14","2025-02-14 00:00","26733.690352020858","26778.445413994108","26674.016936056527","26698.880859375","26880","26845","23087"
"2025-02-17","2025-02-17 00:00","26574.562757394237","26609.372252024055","26539.753262764414","26564.6171875","26720","26710","13964"
"2025-02-18","2025-02-18 00:00","26514.88869634842","26664.072241151578","26509.915911521646","26589.48046875","26660","26735","17222"
"2025-02-19","2025-02-19 00:00","26629.262747364177","26713.8000894193","26589.48046875","26589.48046875","26775","26735","31246"
"2025-02-20","2025-02-20 00:00","26549.69573081581","26549.69573081581","26301.05651250886","26306.029296875","26695","26450","28050"
"2025-02-21","2025-02-21 00:00","26166.79251144732","26350.785541269353","26161.819726857535","26335.8671875","26310","26480","25909"
"2025-02-25","2025-02-25 00:00","25674.487767170263","25763.997893029078","25619.787134700986","25694.37890625","25815","25835","59592"
"2025-02-26","2025-02-26 00:00","25455.685595428116","25604.869140625","25381.093822829673","25604.869140625","25595","25745","58370"
"2025-02-27","2025-02-27 00:00","25405.958641381636","25570.060546875","25341.31243618728","25570.060546875","25545","25710","21887"
"2025-02-28","2025-02-28 00:00","25226.938143590913","25241.85649849546","24978.29889518178","25202.07421875","25365","25340","47538"
"2025-03-03","2025-03-03 00:00","25699.351021669576","25704.32380630999","25565.085836378345","25644.650390625","25840","25785","56222"
"2025-03-04","2025-03-04 00:00","25047.91914806105","25082.72864459399","24858.953309739365","25077.755859375","25185","25215","113727"
"2025-03-05","2025-03-05 00:00","24963.378750187276","24988.24267324523","24849.00470412068","24893.759765625","25100","25030","81502"
"2025-03-06","2025-03-06 00:00","24868.896227497877","24953.433567203425","24839.059519366503","24878.841796875","25005","25015","24824"
"2025-03-07","2025-03-07 00:00","24401.4548991486","24426.318823031983","24237.3530015183","24257.244140625","24535","24390","33982"
"2025-03-10","2025-03-10 00:00","24182.65262534288","24292.053891589545","24108.060852901966","24247.298828125","24315","24380","20654"
"2025-03-11","2025-03-11 00:00","23546.135869885533","23754.992830083036","23282.578277255343","23730.12890625","23675","23860","75482"
"2025-03-12","2025-03-12 00:00","23665.48046875","23715.208311718587","23615.752625781413","23665.48046875","23795","23795","21913"
"2025-03-13","2025-03-13 00:00","23834.556658373178","23854.447796832075","23486.461735342484","23531.216796875","23965","23660","24846"
"2025-03-14","2025-03-14 00:00","23526.24314557478","23690.34503181531","23476.515301259464","23640.6171875","23655","23770","67237"
"2025-03-17","2025-03-17 00:00","23844.50352034702","23924.06807849625","23814.66681104106","23859.421875","23975","23990","24880"
"2025-03-18","2025-03-18 00:00","24277.136589954946","24287.082160045054","24202.544814279132","24282.109375","24410","24415","39022"
"2025-03-19","2025-03-19 00:00","24043.414216768277","24132.924342084065","24033.468647288748","24113.033203125","24175","24245","36356"
"2025-03-21","2025-03-21 00:00","24098.11528324318","24247.298828125","24088.169713584393","24247.298828125","24230","24380","30255"
"2025-03-24","2025-03-24 00:00","24426.31966900549","24481.020303443413","24396.48295931208","24451.18359375","24560","24585","18769"
"2025-03-25","2025-03-25 00:00","24868.898288283912","24903.707783988368","24784.36094157309","24799.279296875","25005","24935","33509"
"2025-03-26","2025-03-26 00:00","24829.11459153974","24913.65193342962","24804.250667454482","24853.978515625","24965","24990","15044"
"2025-03-27","2025-03-27 00:00","24555.611224830944","24635.17578125","24505.883377069033","24635.17578125","24690","24770","28791"
"2025-03-28","2025-03-28 00:00","24575.501439768246","24645.12042401688","24545.664732233116","24595.392578125","24710","24730","11748"
"2025-03-31","2025-03-31 00:00","23730.129784539473","23730.129784539473","23575.97345106908","23620.728515625","23860","23750","46343"
"2025-04-01","2025-04-01 00:00","24003.632683855893","24018.551038538215","23899.20420107964","24008.60546875","24135","24140","27799"
"2025-04-02","2025-04-02 00:00","24187.626287597857","24187.626287597857","24093.143372411927","24137.8984375","24320","24270","14152"
"2025-04-03","2025-04-03 00:00","23158.256659712548","23377.059170562312","23113.5016006751","23203.01171875","23285","23330","95434"
"2025-04-04","2025-04-04 00:00","22586.390348138386","22621.199844491748","22238.295384604768","22521.744140625","22710","22645","47868"
"2025-04-07","2025-04-07 00:00","20269.071879213658","20776.295954699377","20229.289598783405","20283.990234375","20380","20395","98919"
"2025-04-08","2025-04-08 00:00","21621.668250902887","21775.82457927869","21512.266985603932","21686.314453125","21740","21805","100858"
"2025-04-09","2025-04-09 00:00","20691.757063786226","20701.70263315118","20099.99568657148","20418.25390625","20805","20530","140182"
"2025-04-10","2025-04-10 00:00","23098.5851928445","23113.50354711329","22705.735197099675","22825.08203125","23225","22950","53622"
"2025-04-11","2025-04-11 00:00","21472.48302283654","22039.380444004524","21228.81658742223","21979.70703125","21590","22100","50252"
"2025-04-14","2025-04-14 00:00","22208.457911123143","22243.267406281644","21959.818659991","22099.056640625","22330","22220","16230"
"2025-04-15","2025-04-15 00:00","22104.02878236331","22218.40283455552","22079.164857973705","22123.919921875","22225","22245","31068"
"2025-04-16","2025-04-16 00:00","21959.816836501028","21959.816836501028","21636.58583686956","21716.150390625","22080","21835","16918"
"2025-04-17","2025-04-17 00:00","21462.539035726524","21880.25295579164","21427.729542387766","21765.87890625","21580","21885","31984"
"2025-04-18","2025-04-18 00:00","21721.12497846313","21721.12497846313","21542.10471765162","21646.533203125","21840","21765","17803"
"2025-04-21","2025-04-21 00:00","21348.16516991361","21378.001878746472","21104.498714445228","21154.2265625","21465","21270","36080"
"2025-04-22","2025-04-22 00:00","20890.668997249883","20980.179123874612","20751.4310225003","20850.88671875","21005","20965","28483"
"2025-04-23","2025-04-23 00:00","21989.65621264515","21994.628997858323","21721.12581113388","21840.47265625","22110","21960","24187"
"2025-04-24","2025-04-24 00:00","22094.083553148354","22143.81140269404","21875.281015147335","21959.818359375","22215","22080","38668"
"2025-04-25","2025-04-25 00:00","22526.715557474014","22740.545307798824","22501.851633017643","22725.626953125","22650","22850","89321"
"2025-04-28","2025-04-28 00:00","22685.844779314888","22690.817564229248","22556.552371541504","22646.0625","22810","22770","17077"
"2025-04-30","2025-04-30 00:00","22606.27945106908","22675.8984375","22546.60603412829","22675.8984375","22730","22800","9433"
"2025-05-01","2025-05-01 00:00","22989.185224490204","23242.79726135999","22974.26686938022","23227.87890625","23115","23355","42928"
"2025-05-02","2025-05-02 00:00","23287.54927473129","23570.997984673566","23267.65813719148","23421.814453125","23415","23550","57462"
"2025-05-07","2025-05-07 00:00","23168.202421976155","23222.903050145662","23043.8828125","23043.8828125","23295","23170","99977"
"2025-05-08","2025-05-08 00:00","23193.067542673874","23451.65234375","23133.394127040923","23451.65234375","23320","23580","23834"
"2025-05-09","2025-05-09 00:00","23670.456881452803","23715.21194698496","23600.837890625","23600.837890625","23800","23730","26926"
"2025-05-12","2025-05-12 00:00","23929.04131747159","24068.279296875","23919.095747514202","24068.279296875","24060","24200","40618"
"2025-05-13","2025-05-13 00:00","24779.38537836238","24789.33094744862","24630.20184206881","24679.9296875","24915","24815","33937"
"2025-05-14","2025-05-14 00:00","24888.788138117245","24913.652062331148","24779.38687157607","24849.005859375","25025","24985","38630"
"2025-05-15","2025-05-15 00:00","24709.7696222218","24724.687977799716","24535.722140479444","24555.61328125","24845","24690","32931"
"2025-05-16","2025-05-16 00:00","24689.878242069248","24709.769382646948","24550.640258025353","24640.150390625","24825","24775","22621"
"2025-05-19","2025-05-19 00:00","24640.149703267623","24665.013628296147","24515.830078125","24515.830078125","24775","24650","25643"
"2025-05-20","2025-05-20 00:00","24804.251890299412","24898.73480648139","24570.53099237558","24580.4765625","24940","24715","21384"
"2025-05-21","2025-05-21 00:00","24565.556692506132","24580.475046772834","24336.80859375","24336.80859375","24700","24470","11311"
"2025-05-22","2025-05-22 00:00","24083.198942562758","24122.981224524454","24003.634378639363","24018.552734375","24215","24150","20808"
"2025-05-23","2025-05-23 00:00","24118.00686567744","24162.76192996426","23968.823318054692","24003.6328125","24250","24135","4969"
"2025-05-26","2025-05-26 00:00","23993.686471911857","24033.46875","23904.17634621353","24033.46875","24125","24165","7383"
"2025-05-27","2025-05-27 00:00","23993.686241543168","24118.005859375","23864.393838998065","24118.005859375","24125","24250","21595"
"2025-05-28","2025-05-28 00:00","24481.019274270304","24585.447753807108","24426.31864213198","24490.96484375","24615","24625","19055"
"2025-05-29","2025-05-29 00:00","24988.245320419646","25097.64659346427","24928.571898758943","25018.08203125","25125","25155","37831"
"2025-05-30","2025-05-30 00:00","24297.025035366536","24416.371863211152","24212.4876989766","24386.53515625","24430","24520","28664"
"2025-06-02","2025-06-02 00:00","24282.109591611264","24292.055161790093","24122.98046875","24122.98046875","24415","24255","18698"
"2025-06-03","2025-06-03 00:00","24202.54312360748","24336.808310444834","24202.54312360748","24272.162109375","24335","24405","7313"
"2025-06-04","2025-06-04 00:00","24640.148180603188","24724.685520476094","24590.420333619124","24650.09375","24775","24785","19341"
"2025-06-05","2025-06-05 00:00","24326.862639115785","24376.590485884215","24282.1075770242","24351.7265625","24460","24485","15023"
"2025-06-06","2025-06-06 00:00","24349.659904873373","24508.873046875","24349.659904873373","24508.873046875","24470","24630","7215"
"2025-06-09","2025-06-09 00:00","24772.571068789683","24807.398945367615","24673.06284999559","24683.013671875","24895","24805","12294"
"2025-06-10","2025-06-10 00:00","24792.47265625","25016.366148028297","24717.8414923239","24792.47265625","24915","24915","18192"
"2025-06-11","2025-06-11 00:00","24961.63626743028","24986.513321713148","24901.931337151396","24976.5625","25085","25100","37332"
"2025-06-12","2025-06-12 00:00","24767.59379807935","24782.52002977767","24608.380659963932","24658.134765625","24890","24780","17920"
"2025-06-13","2025-06-13 00:00","24568.577925271187","24573.55333594864","24245.176231236634","24424.291015625","24690","24545","59769"
"2025-06-16","2025-06-16 00:00","24673.061248158247","24722.815354325132","24628.28255260805","24692.962890625","24795","24815","15613"
"2025-06-17","2025-06-17 00:00","24772.570111276054","24921.832433697884","24772.570111276054","24822.32421875","24895","24945","11040"
"2025-06-18","2025-06-18 00:00","24757.64307990982","24867.10211281939","24757.64307990982","24827.298828125","24880","24950","6809"
"2025-06-19","2025-06-19 00:00","24752.669221720353","24757.64463261919","24608.382305654042","24732.767578125","24875","24855","24786"
"2025-06-20","2025-06-20 00:00","24737.742585090662","24832.275390625","24702.914709367484","24832.275390625","24860","24955","11515"
"2025-06-23","2025-06-23 00:00","24837.251042287076","25061.14453125","24797.447755360336","25061.14453125","24960","25185","21859"
"2025-06-24","2025-06-24 00:00","25250.20988676576","25250.20988676576","25140.75084883298","25220.357421875","25375","25345","25989"
"2025-06-25","2025-06-25 00:00","25230.309191606175","25275.087890625","25155.678026574802","25275.087890625","25355","25400","15195"
"2025-06-26","2025-06-26 00:00","25230.30939541728","25265.137272713262","25185.530696036734","25225.333984375","25355","25350","11445"
"2025-06-27","2025-06-27 00:00","25394.497696981576","25429.325573917093","25319.866532119755","25384.546875","25520","25510","15568"
"2025-06-30","2025-06-30 00:00","25538.784558191233","25583.563257007463","25449.227160558767","25494.005859375","25665","25620","12625"
"2025-07-01","2025-07-01 00:00","25474.102664576803","25498.979717960177","25394.49609375","25394.49609375","25600","25520","12368"
"2025-07-02","2025-07-02 00:00","25419.373345950833","25543.75861384059","25399.47170308847","25538.783203125","25545","25665","8441"
"2025-07-03","2025-07-03 00:00","25553.71073406529","25633.31730956082","25538.78450115988","25603.46484375","25680","25730","17969"
"2025-07-04","2025-07-04 00:00","25906.96454906666","25926.866192661102","25782.579276601387","25787.5546875","26035","25915","21482"
"2025-07-07","2025-07-07 00:00","25817.40594937488","25901.98793070835","25742.77478937476","25892.037109375","25945","26020","23598"
"2025-07-08","2025-07-08 00:00","25931.84024475483","26056.225510702425","25911.938602203212","26026.373046875","26060","26155","22014"
"2025-07-09","2025-07-09 00:00","26120.90740156637","26160.710689035423","26066.17788129642","26125.8828125","26250","26255","20638"
"2025-07-10","2025-07-10 00:00","26135.833736045915","26135.833736045915","26041.300927939144","26101.005859375","26265","26230","26839"
"2025-07-11","2025-07-11 00:00","26275.144430379187","26359.726413964956","26105.98046320765","26300.021484375","26405","26430","36377"
"2025-07-14","2025-07-14 00:00","26235.340294414138","26250.266526328272","26135.832081653225","26220.4140625","26365","26350","8400"
"2025-07-15","2025-07-15 00:00","26444.307043406687","26573.667717560696","26399.528348507218","26538.83984375","26575","26670","17690"
"2025-07-16","2025-07-16 00:00","26504.014575576137","26573.670330045457","26469.186698341477","26474.162109375","26635","26605","13541"
"2025-07-17","2025-07-17 00:00","26454.258960603533","26653.275390625","26449.283549852997","26653.275390625","26585","26785","17752"
"2025-07-18","2025-07-18 00:00","26767.710982374465","26862.243790676534","26747.809338521398","26852.29296875","26900","26985","19790"
"2025-07-22","2025-07-22 00:00","26588.596199608062","26658.251953125","26578.645377677072","26658.251953125","26720","26790","23987"
"2025-07-23","2025-07-23 00:00","26533.86583398657","26623.42322851343","26389.57892058218","26578.64453125","26665","26710","20852"
"2025-07-24","2025-07-24 00:00","26643.324770680407","26663.22641383311","26548.79196570507","26603.521484375","26775","26735","10968"
"2025-07-25","2025-07-25 00:00","26802.537910787225","26897.07071574452","26767.710035276643","26797.5625","26935","26930","28031"
"2025-07-28","2025-07-28 00:00","27076.185842738065","27195.595703125","27041.357966791875","27195.595703125","27210","27330","41365"
"2025-07-29","2025-07-29 00:00","27135.88992402523","27175.69320957569","27101.062049168577","27115.98828125","27270","27250","19817"
"2025-07-30","2025-07-30 00:00","27046.334188110486","27061.26042110613","26966.727612133705","26996.580078125","27180","27130","10679"
"2025-07-31","2025-07-31 00:00","27329.930939649184","27394.611278665285","27300.07847548791","27310.029296875","27465","27445","46559"
"2025-08-01","2025-08-01 00:00","27300.07852655707","27324.955580071335","27200.5703125","27200.5703125","27435","27335","15864"
"2025-08-04","2025-08-04 00:00","26290.070409458443","26484.11142875611","26285.09499870722","26459.234375","26420","26590","35466"
"2025-08-05","2025-08-05 00:00","26593.570261188164","26703.029296875","26553.766975483857","26703.029296875","26725","26835","11068"
"2025-08-06","2025-08-06 00:00","26533.867027168842","26668.203125","26533.867027168842","26668.203125","26665","26800","15766"
"2025-08-07","2025-08-07 00:00","26747.809745211085","26867.219610145065","26737.858923133255","26752.78515625","26880","26885","24757"
"2025-08-08","2025-08-08 00:00","26712.98176611564","26797.563753454804","26658.252244896183","26777.662109375","26845","26910","15172"
"2025-08-12","2025-08-12 00:00","27011.506006191416","27096.08799221191","27001.555184306653","27071.2109375","27145","27205","30640"
"2025-08-13","2025-08-13 00:00","27250.32456916465","27295.10326573622","27210.521283323254","27260.275390625","27385","27395","31606"
"2025-08-14","2025-08-14 00:00","27210.521943235213","27210.521943235213","27001.5546875","27001.5546875","27345","27135","16602"
"2025-08-15","2025-08-15 00:00","27310.03009833956","27339.882563376912","27255.30057910441","27305.0546875","27445","27440","18913"
"2025-08-18","2025-08-18 00:00","27210.52193567337","27270.226865866836","27190.620292275544","27195.595703125","27345","27330","20333"
"2025-08-19","2025-08-19 00:00","27290.127805963362","27300.078627405826","27170.717948653768","27175.693359375","27425","27310","9097"
"2025-08-20","2025-08-20 00:00","27081.160306989706","27081.160306989706","26911.996344021187","26946.82421875","27215","27080","21757"
"2025-08-21","2025-08-21 00:00","26936.873996975806","27001.55433719758","26902.046121471772","26991.603515625","27070","27125","10673"
"2025-08-22","2025-08-22 00:00","27081.16186110249","27115.989737829976","27021.456929569653","27046.333984375","27215","27180","16134"
"2025-08-25","2025-08-25 00:00","27245.350512739948","27290.129211537365","27200.57181394253","27215.498046875","27380","27350","19205"
"2025-08-26","2025-08-26 00:00","27245.349764578365","27265.251407941825","26981.652990012502","27111.013671875","27380","27245","45421"
"2025-08-27","2025-08-27 00:00","27295.10456544747","27389.63737382215","27275.202921579115","27324.95703125","27430","27460","21241"
"2025-08-28","2025-08-28 00:00","27245.34905805525","27300.07857588553","27220.472004496034","27285.15234375","27380","27420","13664"
"2025-08-29","2025-08-29 00:00","27310.029296875","27354.807993116916","27305.053886181453","27310.029296875","27445","27445","16965"
"2025-09-01","2025-09-01 00:00","27265.251759998166","27305.05504723904","27111.014021939784","27120.96484375","27400","27255","33358"
"2025-09-02","2025-09-02 00:00","27175.69330808944","27339.881861580277","27175.69330808944","27285.15234375","27310","27420","31480"
"2025-09-03","2025-09-03 00:00","27315.004457058327","27354.807742241654","27265.25035057917","27275.201171875","27450","27410","14305"
"2025-09-04","2025-09-04 00:00","27300.079773548256","27399.58799215058","27285.153540757907","27374.7109375","27435","27510","23611"
"2025-09-05","2025-09-05 00:00","27633.432239236925","27678.2109375","27583.678130055727","27678.2109375","27770","27815","22215"
"2025-09-08","2025-09-08 00:00","27583.676682692305","27628.45537860577","27484.16846955128","27553.82421875","27720","27690","38293"
"2025-09-09","2025-09-09 00:00","27429.438751857753","27454.3158049612","27339.881360685355","27409.537109375","27565","27545","16532"
"2025-09-10","2025-09-10 00:00","27514.022432914862","27568.751953125","27509.04702198667","27568.751953125","27650","27705","10052"
"2025-09-11","2025-09-11 00:00","27588.652043404338","27663.283203125","27568.75040081216","27663.283203125","27725","27800","14392"
"2025-09-12","2025-09-12 00:00","27737.91511342893","27822.497096734456","27737.91511342893","27767.767578125","27875","27905","25425"
"2025-09-16","2025-09-16 00:00","27922.00525945922","27941.906902552204","27862.30033018026","27877.2265625","28060","28015","40753"
"2025-09-17","2025-09-17 00:00","27737.916467451654","27747.86728950276","27678.211535145034","27722.990234375","27875","27860","25120"
"2025-09-18","2025-09-18 00:00","27857.32486701389","27986.685546875","27827.472402430554","27986.685546875","27995","28125","19672"
"2025-09-19","2025-09-19 00:00","28150.8740008881","28170.775643872115","27956.83298179396","28011.5625","28290","28150","26196"
"2025-09-22","2025-09-22 00:00","28225.505509114355","28290.185849607653","28205.60386588565","28215.5546875","28365","28355","23697"
"2025-09-24","2025-09-24 00:00","28155.849456518754","28290.185546875","28111.07075973334","28290.185546875","28295","28430","20209"
"2025-09-25","2025-09-25 00:00","28300.137418745606","28329.989884377195","28270.28495311402","28320.0390625","28440","28460","17626"
"2025-09-26","2025-09-26 00:00","28349.890725864","28389.694012246397","28275.259563897","28325.013671875","28490","28465","18412"
"2025-09-29","2025-09-29 00:00","28464.32602510838","28464.32602510838","28379.74403901734","28404.62109375","28605","28545","17821"
"2025-09-30","2025-09-30 00:00","28344.91636553562","28389.69506437533","28260.334378838394","28354.8671875","28485","28495","7272"
"2025-10-01","2025-10-01 00:00","28285.211401639754","28310.088456522462","28066.293318671916","28076.244140625","28425","28215","15083"
"2025-10-02","2025-10-02 00:00","28265.308142923117","28339.93930330753","28265.308142923117","28280.234375","28405","28420","7066"
"2025-10-03","2025-10-03 00:00","28325.013418395196","28499.152794759826","28315.062596888645","28484.2265625","28465","28625","18849"
"2025-10-06","2025-10-06 00:00","28832.505906086008","29006.64528601923","28802.6534409546","28917.087890625","28975","29060","37998"
"2025-10-07","2025-10-07 00:00","28986.742437960744","29051.422776390795","28981.767027312275","29021.5703125","29130","29165","19278"
"2025-10-08","2025-10-08 00:00","29230.538208794293","29384.77594232155","29230.538208794293","29344.97265625","29375","29490","21380"
"2025-10-09","2025-10-09 00:00","29583.793566986777","29628.572265625","29479.30993683092","29628.572265625","29730","29775","19151"
"2025-10-10","2025-10-10 00:00","29568.867390943662","29583.79362385176","29469.359171556334","29519.11328125","29715","29665","12896"
"2025-10-14","2025-10-14 00:00","29041.473169820718","29185.760084661357","28673.292766434264","28723.046875","29185","28865","50958"
"2025-10-15","2025-10-15 00:00","28892.211389101267","28917.088443853376","28802.65399199367","28877.28515625","29035","29020","13008"
"2025-10-16","2025-10-16 00:00","28872.309294009385","28927.038813608575","28737.973200447737","28892.2109375","29015","29035","13941"
"2025-10-17","2025-10-17 00:00","28449.39879230109","28519.054543104205","28245.406950663393","28265.30859375","28590","28405","30927"
"2025-10-20","2025-10-20 00:00","28812.60341520553","28936.98868292788","28742.94766528101","28837.48046875","28955","28980","23714"
"2025-10-21","2025-10-21 00:00","29111.128952848074","29225.56340267127","29051.42402250554","29195.7109375","29255","29340","16972"
"2025-10-22","2025-10-22 00:00","29285.26827846456","29369.850262958935","29205.661704822793","29305.169921875","29430","29450","25235"
"2025-10-23","2025-10-23 00:00","29131.03029418717","29315.120494167517","29096.20241851521","29270.341796875","29275","29415","25506"
"2025-10-27","2025-10-27 00:00","29981.82471931912","30071.382111444535","29892.26732719371","30051.48046875","30130","30200","26945"
"2025-10-28","2025-10-28 00:00","30081.333537853578","30091.284359400997","29852.464642262894","29902.21875","30230","30050","16384"
"2025-10-29","2025-10-29 00:00","29971.87384784312","30180.84109578625","29922.119741189992","30160.939453125","30120","30310","21970"
"2025-10-30","2025-10-30 00:00","30150.989682041036","30359.9569372631","30041.53064359138","30190.79296875","30300","30340","31779"
"2025-10-31","2025-10-31 00:00","30280.34940880803","30330.103515625","30230.59530199106","30330.103515625","30430","30480","10791"
"2025-11-04","2025-11-04 00:00","30250.498772061273","30280.351237954754","29872.367537410508","29882.318359375","30400","30030","26366"
"2025-11-05","2025-11-05 00:00","29752.95707749708","29837.5390625","29469.35865719318","29837.5390625","29900","29985","27946"
"2025-11-06","2025-11-06 00:00","30061.43420970559","30061.43420970559","29892.27023037259","29912.171875","30210","30060","7451"
"2025-11-07","2025-11-07 00:00","29543.990076880764","29678.326171875","29424.580214663663","29678.326171875","29690","29825","16063"
"2025-11-10","2025-11-10 00:00","29787.784503255207","29932.071416666666","29708.17793033854","29852.46484375","29935","30000","20519"
"2025-11-11","2025-11-11 00:00","30210.6953125","30280.351065855568","30141.039559144436","30210.6953125","30360","30360","24157"
"2025-11-12","2025-11-12 00:00","30230.59753880719","30449.515625","30230.59753880719","30449.515625","30380","30600","25333"
"2025-11-13","2025-11-13 00:00","30310.20426018224","30509.220703125","30310.20426018224","30509.220703125","30460","30660","27546"
"2025-11-14","2025-11-14 00:00","29892.269181339496","29942.023291161964","29752.957673836583","29882.318359375","30040","30030","25072"
"2025-11-17","2025-11-17 00:00","29892.270169559994","30021.630859375","29817.63900235903","30021.630859375","30040","30170","10207"
"2025-11-18","2025-11-18 00:00","29743.005614411246","29782.8089006132","29389.75144936889","29514.13671875","29890","29660","16286"
"2025-11-19","2025-11-19 00:00","29519.112331401975","29548.9647962576","29354.92377469605","29464.3828125","29665","29610","17786"
"2025-11-20","2025-11-20 00:00","30210.694558189654","30419.66181303879","30180.842093211206","30300.251953125","30360","30450","50130"
"2025-11-21","2025-11-21 00:00","29558.91702150084","29673.35147554806","29504.1875","29504.1875","29705","29650","22918"
"2025-11-25","2025-11-25 00:00","30141.039615831614","30180.842903538225","30071.383862345043","30101.236328125","30290","30250","19488"
"2025-11-26","2025-11-26 00:00","30330.103665275048","30399.75941516249","30270.398736800096","30389.80859375","30480","30540","16593"
"2025-11-27","2025-11-27 00:00","30549.02399171355","30549.02399171355","30449.51577024217","30509.220703125","30700","30660","20877"
"2025-11-28","2025-11-28 00:00","30578.875846290775","30668.43324382303","30558.97420239472","30658.482421875","30730","30810","23173"
"2025-12-01","2025-12-01 00:00","30678.382971951847","30678.382971951847","30270.3992866291","30350.005859375","30830","30500","38519"
"2025-12-02","2025-12-02 00:00","30389.80964410574","30469.416218157097","30359.95717883648","30419.662109375","30540","30570","19212"
"2025-12-03","2025-12-03 00:00","30549.02128429878","30648.529496951218","30479.365535442073","30598.775390625","30700","30750","38292"
"2025-12-04","2025-12-04 00:00","30598.775390625","30688.332782012196","30539.070463033535","30598.775390625","30750","30750","33324"
"2025-12-05","2025-12-05 00:00","30369.908203125","30449.514777707238","30340.055737656658","30369.908203125","30520","30520","18223"
"2025-12-08","2025-12-08 00:00","30493.454630878463","30563.142578125","30423.766683631922","30563.142578125","30630","30700","13356"
"2025-12-09","2025-12-09 00:00","30543.232078853045","30573.098342293906","30493.454973118278","30553.1875","30680","30690","14252"
"2025-12-10","2025-12-10 00:00","30632.830421001298","30672.652105006502","30583.053315994795","30622.875","30770","30760","14327"
"2025-12-11","2025-12-11 00:00","30602.964816916094","30602.964816916094","30344.123865309124","30433.72265625","30740","30570","26994"
"2025-12-12","2025-12-12 00:00","30652.74105534529","30742.33984375","30632.830213477577","30742.33984375","30790","30880","36576"
"2025-12-15","2025-12-15 00:00","30413.81133722719","30483.49928464473","30314.257126630702","30334.16796875","30550","30470","26329"
"2025-12-16","2025-12-16 00:00","30204.74778101137","30204.74778101137","29975.773094471075","29985.728515625","30340","30120","26673"
"2025-12-17","2025-12-17 00:00","30045.460045968008","30204.746779147426","29965.8166793783","30184.8359375","30180","30320","7431"
"2025-12-18","2025-12-18 00:00","29896.129383349235","30005.639014790075","29866.263120229007","29995.68359375","30030","30130","21084"
"2025-12-19","2025-12-19 00:00","30125.103858471073","30264.479752066116","30115.1484375","30115.1484375","30260","30250","16859"
"2025-12-22","2025-12-22 00:00","30861.805822347138","30871.761243580153","30772.20703125","30772.20703125","31000","30910","44801"
"2025-12-23","2025-12-23 00:00","30841.89519222962","30841.89519222962","30622.875923595322","30652.7421875","30980","30790","29346"
"2025-12-24","2025-12-24 00:00","30812.029166413344","30841.8954305488","30692.564109871513","30702.51953125","30950","30840","21774"
"2025-12-25","2025-12-25 00:00","30812.02884794588","30911.583060701763","30812.02884794588","30881.716796875","30950","31020","18574"
"2025-12-26","2025-12-26 00:00","30931.494140625","31021.092932792886","30901.627876569037","30931.494140625","31070","31070","33499"
"2025-12-29","2025-12-29 00:00","31001.181163669862","31001.181163669862","30901.626953125","30901.626953125","31140","31040","25134"
"2025-12-30","2025-12-30 00:00","30772.20566059168","30861.804447697898","30762.2502398021","30812.02734375","30910","30950","11949"
"2026-01-05","2026-01-05 00:00","30812.02884794588","30891.672218150587","30802.073426670293","30881.716796875","30950","31020","34718"
"2026-01-06","2026-01-06 00:00","30881.717033865065","30931.494140625","30861.80619116109","30931.494140625","31020","31070","64096"
"2026-01-07","2026-01-07 00:00","31100.736434613533","31140.558120189224","31031.048484856077","31041.00390625","31240","31180","42446"
"2026-01-08","2026-01-08 00:00","31021.09200577883","31090.779953160236","30861.805268907054","30901.626953125","31160","31040","26069"
"2026-01-09","2026-01-09 00:00","31060.914536741213","31160.46875","31060.914536741213","31160.46875","31200","31300","29091"
"2026-01-13","2026-01-13 00:00","31469.08688551163","31688.106155198835","31449.176042812796","31668.1953125","31610","31810","45811"
"2026-01-14","2026-01-14 00:00","31678.14912293632","31737.881647995284","31628.372018720518","31658.23828125","31820","31800","19119"
"2026-01-15","2026-01-15 00:00","31369.53206895273","31459.130859375","31329.71038432061","31459.130859375","31510","31600","25404"
"2026-01-16","2026-01-16 00:00","31538.774704258678","31568.640968183165","31488.997597717866","31558.685546875","31680","31700","30866"
"2026-01-19","2026-01-19 00:00","31508.906972337296","31538.773234870318","31001.18050927594","31090.779296875","31650","31230","44131"
"2026-01-20","2026-01-20 00:00","31080.825248226596","31110.691512078192","31021.092720523407","31050.958984375","31220","31190","17831"
"2026-01-21","2026-01-21 00:00","30752.296662115044","30871.76171875","30742.341240728798","30871.76171875","30890","31010","22221"
"2026-01-22","2026-01-22 00:00","31230.156487458225","31299.844436266707","31190.334802424808","31279.93359375","31370","31420","17100"
"2026-01-23","2026-01-23 00:00","31319.755410273945","31439.22046587575","31299.84456767364","31389.443359375","31460","31530","46529"
"2026-01-26","2026-01-26 00:00","30692.56419279341","30692.56419279341","30334.169022199647","30473.544921875","30830","30610","55808"
"2026-01-27","2026-01-27 00:00","30692.56321492697","30841.89453125","30632.830688397757","30841.89453125","30830","30980","24966"
"2026-01-28","2026-01-28 00:00","30453.63376146882","30652.7421875","30443.678340167262","30652.7421875","30590","30790","32599"
"2026-01-29","2026-01-29 00:00","30523.321473954944","30642.786528647528","30433.72268293551","30602.96484375","30660","30740","19862"
"2026-01-30","2026-01-30 00:00","30483.500343280382","30573.09913592882","30403.856972037323","30473.544921875","30620","30610","30153"
"2026-02-02","2026-02-02 00:00","30722.430085180626","30812.028876744662","30304.302391215107","30314.2578125","30860","30450","23808"
"2026-02-03","2026-02-03 00:00","31080.82548540533","31140.55801356434","31041.003799965987","31100.736328125","31220","31240","30684"
"2026-02-04","2026-02-04 00:00","30831.93821924205","30981.26953125","30802.071956840457","30981.26953125","30970","31120","9994"
"2026-02-05","2026-02-05 00:00","30951.40371502617","31031.047082578505","30802.07240086554","30911.58203125","31090","31050","13129"
"2026-02-06","2026-02-06 00:00","30274.435707885303","30553.1875","30145.01523297491","30553.1875","30410","30690","34350"
"2026-02-09","2026-02-09 00:00","31260.02259202392","31260.02259202392","31001.181640625","31001.181640625","31400","31140","41387"
"2026-02-10","2026-02-10 00:00","31080.825460904813","31110.691724960776","30861.80619116109","30931.494140625","31220","31070","22668"
"2026-02-12","2026-02-12 00:00","30423.767814848088","30563.143714523438","30314.258179388882","30473.544921875","30560","30610","35162"
"2026-02-13","2026-02-13 00:00","29935.951858231074","30025.550649958404","29831.41993454919","29916.041015625","30070","30050","26700"
"2026-02-16","2026-02-16 00:00","29935.95140985537","30025.550200240705","29906.085146393594","29985.728515625","30070","30120","16203"
"2026-02-17","2026-02-17 00:00","30095.238693362317","30105.19411469654","29736.843525330212","29771.6875","30230","29905","12036"
"2026-02-18","2026-02-18 00:00","29945.90662202381","30145.0150437128","29935.951200939362","30105.193359375","30080","30240","8502"
"2026-02-19","2026-02-19 00:00","30463.5883677728","30622.87510433632","30423.766683631922","30563.142578125","30600","30700","51418"
"2026-02-20","2026-02-20 00:00","30493.45428886153","30612.919339944237","30473.54344701441","30573.09765625","30630","30710","12309"
"2026-02-24","2026-02-24 00:00","30294.345838705387","30493.45425696832","30284.39041779224","30403.85546875","30430","30540","14100"
"2026-02-25","2026-02-25 00:00","30752.296638142427","30782.162902277887","30682.608688493026","30702.51953125","30890","30840","28329"
"2026-02-26","2026-02-26 00:00","31011.135793651592","31031.046635252653","30911.58158564629","30981.26953125","31150","31120","29590"
"2026-02-27","2026-02-27 00:00","30702.518845187948","30762.25137212411","30632.830897095755","30722.4296875","30840","30860","16484"
"2026-03-02","2026-03-02 00:00","30513.365130708647","30662.696444562032","30443.677184243734","30573.09765625","30650","30710","22156"
"2026-03-03","2026-03-03 00:00","30911.581999625567","30951.403683360993","30702.518160014573","30742.33984375","31050","30880","27153"
"2026-03-04","2026-03-04 00:00","30722.42931468852","30802.07268297028","30513.365472948903","30563.142578125","30860","30700","24951"
"2026-03-05","2026-03-05 00:00","30891.671397611542","30951.40392367847","30732.384661433076","30792.1171875","31030","30930","22603"
"2026-03-06","2026-03-06 00:00","30831.939005743596","30931.493216288458","30792.117321525653","30901.626953125","30970","31040","8736"
"2026-03-09","2026-03-09 00:00","30025.550805720406","30194.79296875","29906.085749464226","30194.79296875","30160","30330","29549"
"2026-03-10","2026-03-10 00:00","30583.052631578947","30652.74057702851","30543.230948464912","30642.78515625","30720","30780","32418"
"2026-03-11","2026-03-11 00:00","30752.295264683857","30901.62657869171","30742.33984375","30742.33984375","30890","30880","25610"
"2026-03-12","2026-03-12 00:00","30642.78629032258","30652.741711469534","30513.365815412188","30553.1875","30780","30690","17908"
"2026-03-13","2026-03-13 00:00","30443.67762983437","30583.053524804178","30383.945103418733","30503.41015625","30580","30640","14392"
"2026-03-16","2026-03-16 00:00","30364.034023577966","30483.49907547401","30354.07860258663","30453.6328125","30500","30590","9546"
"2026-03-17","2026-03-17 00:00","30523.32075943936","30543.231601422034","30423.76654952599","30453.6328125","30660","30590","4988"
"2026-03-18","2026-03-18 00:00","30553.18684600672","30742.33984375","30543.231425072863","30742.33984375","30690","30880","22132"
"2026-03-19","2026-03-19 00:00","30294.345838705387","30403.85546875","30244.568734139655","30403.85546875","30430","30540","19598"
"2026-03-23","2026-03-23 00:00","29582.53424562269","29711.954721878148","29562.623403121852","29637.2890625","29715","29770","24089"
"2026-03-24","2026-03-24 00:00","29935.950797705616","30025.549586258774","29667.154432046136","29776.6640625","30070","29910","45620"
"2026-03-25","2026-03-25 00:00","30015.595359903433","30095.23873067598","29975.77367451716","30025.55078125","30150","30160","15629"
"2026-03-26","2026-03-26 00:00","30055.415433250415","30145.014220563848","29975.772066749585","30015.59375","30190","30150","12478"
"2026-03-27","2026-03-27 00:00","29766.70922240192","29821.464038697308","29667.15501095576","29816.486328125","29900","29950","18855"
"2026-03-30","2026-03-30 00:00","29005.11848925032","29194.271484375","28970.274516464193","29194.271484375","29135","29325","29235"
"2026-03-31","2026-03-31 00:00","28995.164667379515","29343.604414455323","28925.476717964357","29204.228515625","29125","29335","14475"
"2026-04-01","2026-04-01 00:00","29746.79884083514","29836.397632524404","29701.99944499051","29831.419921875","29880","29965","25364"
"2026-04-02","2026-04-02 00:00","29925.996505591054","29955.86276956869","29597.46760183706","29602.4453125","30060","29735","35285"
"2026-04-03","2026-04-03 00:00","30085.283203125","30115.149467059277","30035.50609656788","30085.283203125","30220","30220","11972"
"2026-04-06","2026-04-06 00:00","29995.68280564693","30164.92495888158","29985.727384868424","30075.326171875","30130","30210","16048"
"2026-04-07","2026-04-07 00:00","30214.703230103787","30264.480335919445","30105.193597309342","30154.970703125","30350","30290","14612"
"2026-04-08","2026-04-08 00:00","30762.251953125","30831.939902533373","30672.65316102852","30762.251953125","30900","30900","32691"
"2026-04-09","2026-04-09 00:00","30792.11776832923","30841.89487432394","30772.206925931343","30831.939453125","30930","30970","26485"
"2026-04-10","2026-04-10 00:00","31080.824115099505","31160.467482466833","31070.86869417859","31140.556640625","31220","31280","15845"
"2026-04-13","2026-04-13 00:00","30871.76082338483","31011.13671875","30851.849981189807","31011.13671875","31010","31150","14210"
"2026-04-14","2026-04-14 00:00","31429.26401472394","31439.21943569788","31369.531488880308","31419.30859375","31570","31560","13347"
"2026-04-15","2026-04-15 00:00","31727.927734375","31787.660262271533","31708.016891742824","31727.927734375","31870","31870","26008"
"2026-04-16","2026-04-16 00:00","32006.677973966423","32056.455078125","31956.900869807843","32056.455078125","32150","32200","26403"
"2026-04-17","2026-04-17 00:00","32146.05492545029","32215.74287356988","32126.14408313041","32195.83203125","32290","32340","19497"
"2026-04-20","2026-04-20 00:00","32255.564110228326","32285.43037329335","32225.6978471633","32265.51953125","32400","32410","16247"
"2026-04-21","2026-04-21 00:00","32404.89477089724","32474.582716641107","32404.89477089724","32454.671875","32550","32600","34831"
"2026-04-22","2026-04-22 00:00","32414.85029482944","32454.671978238322","32394.939453125","32394.939453125","32560","32540","14572"
"2026-04-23","2026-04-23 00:00","32594.049621096143","32594.049621096143","32375.03035058175","32514.40625","32740","32660","24102"
"2026-04-24","2026-04-24 00:00","32613.96035729294","32643.826621356395","32534.31698645706","32574.138671875","32760","32720","15666"
"2026-04-27","2026-04-27 00:00","32693.60317256469","32783.201963232495","32673.692330194066","32703.55859375","32840","32850","25477"
"2026-04-28","2026-04-28 00:00","32823.02388630319","32862.845571333586","32683.647988696808","32753.3359375","32970","32900","26030"
"2026-04-30","2026-04-30 00:00","32902.66725636398","32952.44436265198","32723.469673727202","32753.3359375","33050","32900","22495"
"2026-05-01","2026-05-01 00:00","32514.405458966477","32613.95967041463","32514.405458966477","32594.048828125","32660","32740","22432"
"2026-05-07","2026-05-07 00:00","32952.44188864834","33051.99609375","32942.48646813817","33051.99609375","33100","33200","30249"
"2026-05-08","2026-05-08 00:00","33002.219231672934","33111.72885808271","32992.263811090226","33101.7734375","33150","33250","16865"
"2026-05-11","2026-05-11 00:00","33201.3308934846","33310.84053061453","33181.42005037006","33290.9296875","33350","33440","20343"
"2026-05-12","2026-05-12 00:00","33430.30307705913","33470.12476029565","33271.01634411305","33420.34765625","33580","33570","29849"
"2026-05-13","2026-05-13 00:00","33400.43729233182","33549.76860660454","33400.43729233182","33519.90234375","33550","33670","13331"
"2026-05-14","2026-05-14 00:00","33768.786766872974","33818.5638700081","33679.187981229734","33778.7421875","33920","33930","28555"
"2026-05-15","2026-05-15 00:00","34067.44918089207","34097.31544259361","33848.429928414094","33898.20703125","34220","34050","26225"
"2026-05-18","2026-05-18 00:00","33679.190007186575","33699.10084963835","33519.90326757233","33549.76953125","33830","33700","24565"
"2026-05-19","2026-05-19 00:00","33768.78882491881","33838.476773555136","33609.502085178625","33719.01171875","33920","33870","12355"
"2026-05-20","2026-05-20 00:00","33599.54502448798","33639.36670747997","33470.12455476403","33539.8125","33750","33690","15822"
"2026-05-21","2026-05-21 00:00","33748.87572274229","33938.02871351872","33719.00946104075","33898.20703125","33900","34050","28834"
"2026-05-22","2026-05-22 00:00","34037.58388115876","34137.13808964416","34027.62846031022","34097.31640625","34190","34250","42876"
"2026-05-25","2026-05-25 00:00","34306.38214962121","34495.53515625","34266.56046401515","34495.53515625","34460","34650","20798"
"2026-05-26","2026-05-26 00:00","34386.02299281277","34455.7109375","34276.51336544712","34455.7109375","34540","34610","26732"
"2026-05-27","2026-05-27 00:00","34386.02504748553","34415.891311278945","34336.24794116317","34395.98046875","34540","34550","23771"
"2026-05-28","2026-05-28 00:00","34435.80215380789","34505.49010265919","34296.42625610528","34395.98046875","34590","34550","20440"
"2026-05-29","2026-05-29 00:00","34595.087547872914","34644.864652258344","34535.3550226104","34605.04296875","34750","34760","28205"
"2026-06-01","2026-06-01 00:00","34704.598816721526","34824.06387288924","34704.598816721526","34784.2421875","34860","34940","26172"
"2026-06-02","2026-06-02 00:00","34834.01699526109","34834.01699526109","34644.86400214592","34794.1953125","34990","34950","18385"
"2026-06-03","2026-06-03 00:00","35033.12798301515","35242.19183287116","34933.57376879799","35003.26171875","35190","35160","22708"
"2026-06-04","2026-06-04 00:00","34724.50712750716","34953.48180179978","34545.309556321634","34744.41796875","34880","34900","20132"
"2026-06-05","2026-06-05 00:00","3479.4197584124245","3509.286022433132","3446.5668679896467","3461.5","3495","3477","93449"
"2026-06-08","2026-06-08 00:00","339.70001220703125","345","338.8999938964844","340.3999938964844","339.70001220703125","340.3999938964844","2705670"
"2026-06-09","2026-06-09 00:00","3409","3424","3392","3424","3409","3424","89315"
"2026-06-10","2026-06-10 00:00","3394","3400","3380","3392","3394","3392","124769"
"2026-06-11","2026-06-11 00:00","3337","3370","3330","3366","3337","3366","151979"
"2026-06-12","2026-06-12 00:00","3407","3413","3398","3413","3407","3413","195799"
"2026-06-15","2026-06-15 00:00","3441","3480","3439","3470","3441","3470","248705"
"2026-06-16","2026-06-16 00:00","3475","3479","3467","3479","3475","3479","139252"
"2026-06-17","2026-06-17 00:00","3465","3474","3460","3464","3465","3464","110872"
"2026-06-18","2026-06-18 00:00","3447","3464","3440","3455","3447","3455","297738"
"2026-06-19","2026-06-19 00:00","3467","3479","3455","3479","3467","3479","114700"
"2026-06-22","2026-06-22 00:00","3451","3470","3451","3470","3451","3470","480840"
"2026-06-23","2026-06-23 00:00","3464","3469","3429","3429","3464","3429","175841"
"2026-06-24","2026-06-24 00:00","3423","3430","3417","3427","3423","3427","101388"
"2026-06-25","2026-06-25 00:00","3442","3448","3430","3447","3442","3447","117495"
"2026-06-26","2026-06-26 00:00","3419","3424","3387","3400","3419","3400","193404"
"2026-06-29","2026-06-29 00:00","3429","3435","3416","3433","3429","3433","174574"
"2026-06-30","2026-06-30 00:00","3455","3475","3451","3475","3455","3475","143667"
"2026-07-01","2026-07-01 00:00","3500","3502","3485","3488","3500","3488","141767"
"2026-07-02","2026-07-02 00:00","3491","3502","3479","3490","3491","3490","123050"
"2026-07-03","2026-07-03 00:00","3471","3477","3460","3467","3471","3467","194282"
"2026-07-06","2026-07-06 00:00","3484","3499","3480","3499","3484","3499","131629"
"2026-07-07","2026-07-07 00:00","3508","3513","3490","3500","3508","3500","208902"
"2026-07-08","2026-07-08 00:00","3488","3503","3488","3492","3488","3492","84845"
"2026-07-09","2026-07-09 00:00","3493","3501","3489","3501","3493","3501","113147"
"2026-07-10","2026-07-10 00:00","3510","3517","3490","3502","3510","3502","155393"
"2026-07-13","2026-07-13 00:00","3517","3520","3500","3511","3517","3511","237428"
"2026-07-14","2026-07-14 00:00","3500","3512","3492","3512","3500","3512","109734"
"2026-07-15","2026-07-15 00:00","3519","3525","3512","3522","3519","3522","224517"
"2026-07-16","2026-07-16 00:00","3526","3534","3523","3528","3526","3528","173199"
"2026-07-17","2026-07-17 00:00","3508","3509","3479","3489","3508","3489","306538"
"2026-07-21","2026-07-21 00:00","3477","3495","3470","3494","3477","3494","148558"
"2026-07-22","2026-07-22 00:00","3517","3519","3500","3500","3517","3500","191076"
"2026-07-23","2026-07-23 00:00","3512","3520","3505","3510","3512","3510","102896"
"2026-07-24","2026-07-24 00:00","3488","3495","3483","3486","3488","3486","70605"
"2026-07-27","2026-07-27 00:00","3514","3517","3501","3508","3514","3508","66025"
"2026-07-28","2026-07-28 00:00","3489","3490","3473","3476","3489","3476","313460"
"2026-07-29","2026-07-29 00:00","3511","3514","3474","3491","3511","3491","256810"
"2026-07-30","2026-07-30 00:00","3446","3458","3443","3457","3446","3457","288529"
"2026-07-31","2026-07-31 00:00","3448","3456","3435","3451","3448","3451","341407"
"2026-08-03","2026-08-03 00:00","3407","3426","3355","3426","3407","3426","339583"
"2026-08-04","2026-08-04 00:00","3444","3455","3435","3455","3444","3455","125061"
"2026-08-05","2026-08-05 00:00","3510","3523","3508","3519","3510","3519","317177"
"2026-08-06","2026-08-06 00:00","3502","3508","3499","3508","3502","3508","200216"
"2026-08-07","2026-08-07 00:00","3511","3513","3504","3506","3511","3506","129151"
"2026-08-10","2026-08-10 00:00","3512","3536","3505","3534","3512","3534","198123"
"2026-08-12","2026-08-12 00:00","3538","3543","3534","3542","3538","3542","144811"
"2026-08-13","2026-08-13 00:00","3548","3554","3545","3554","3548","3554","150595"
"2026-08-14","2026-08-14 00:00","3575","3579","3567","3569","3575","3569","162705"
"2026-08-17","2026-08-17 00:00","3567","3568","3558","3565","3567","3565","104825"
"2026-08-18","2026-08-18 00:00","3547","3553","3538","3541","3547","3541","154066"
"2026-08-19","2026-08-19 00:00","3526","3529","3514","3514","3526","3514","161274"
"2026-08-20","2026-08-20 00:00","3512","3523","3510","3520","3512","3520","254522"
"2026-08-21","2026-08-21 00:00","3494","3500","3492","3500","3494","3500","107252"
"2026-08-24","2026-08-24 00:00","3509","3512","3497","3500","3509","3500","72632"
"2026-08-25","2026-08-25 00:00","3501","3520","3497","3520","3501","3520","91097"
"2026-08-26","2026-08-26 00:00","3511","3512","3498","3508","3511","3508","98106"
"2026-08-27","2026-08-27 00:00","3538","3538","3524","3529","3538","3529","86437"
"2026-08-28","2026-08-28 00:00","3536","3547","3535","3540","3536","3540","80633"
"2026-08-31","2026-08-31 00:00","3535","3540","3526","3537","3535","3537","92548"
"2026-09-01","2026-09-01 00:00","3534","3537","3530","3536","3534","3536","58777"
"2026-09-02","2026-09-02 00:00","3516","3518","3495","3500","3516","3500","97190"
"2026-09-03","2026-09-03 00:00","3506","3506","3467","3468","3506","3468","279387"
"2026-09-04","2026-09-04 00:00","3468","3489","3459","3485","3468","3485","152400"
"2026-09-07","2026-09-07 00:00","3466","3474","3450","3454","3466","3454","226883"
"2026-09-08","2026-09-08 00:00","3410","3411","3392","3400","3410","3400","400717"
"2026-09-09","2026-09-09 00:00","3386","3399","3380","3385","3386","3385","146687"
"2026-09-10","2026-09-10 00:00","3376","3386","3372","3384","3376","3384","132184"
"2026-09-11","2026-09-11 00:00","3372","3383","3371","3377","3372","3377","132986"
"2026-09-14","2026-09-14 00:00","3365","3382","3358","3379","3365","3379","184500"
"2026-09-15","2026-09-15 00:00","3388","3395","3379","3382","3388","3382","106855"
"2026-09-16","2026-09-16 00:00","3392","3400","3390","3390","3392","3390","130655"
"2026-09-17","2026-09-17 00:00","3405","3415","3399","3405","3405","3405","208241"
"2026-09-18","2026-09-18 00:00","3430","3471","3429","3469","3430","3469","232044"
"2026-09-24","2026-09-24 00:00","3510","3512","3491","3500","3510","3500","211723"
"2026-09-25","2026-09-25 00:00","3514","3517","3503","3511","3514","3511","167095"
"2026-09-28","2026-09-28 00:00","3500","3510","3497","3498","3500","3498","127559"
"2026-09-29","2026-09-29 00:00","3482","3494","3467","3478","3482","3478","190474"
"2026-09-30","2026-09-30 00:00","3483","3484","3459","3471","3483","3471","79788"
"2026-10-01","2026-10-01 00:00","3486","3513","3483","3511","3486","3511","98473"
"2026-10-02","2026-10-02 00:00","3490","3494","3486","3490","3490","3490","62705"
"2026-10-05","2026-10-05 00:00","3506","3512","3500","3500","3506","3500","118037"
"2026-10-06","2026-10-06 00:00","3532","3545","3530","3545","3532","3545","248757"
"2026-10-07","2026-10-07 00:00","3567","3571","3563","3569","3567","3569","161934"
