"date","utc_time","open","high","low","close","raw_open","raw_close","volume"
"2020-01-07","2020-01-07 00:00","9781.587890625","9781.587890625","9781.587890625","9781.587890625","9926","9926","0"
"2020-01-08","2020-01-08 00:00","9781.587890625","9781.587890625","9781.587890625","9781.587890625","9926","9926","0"
"2020-01-09","2020-01-09 00:00","9933.34765625","9933.34765625","9933.34765625","9933.34765625","10080","10080","0"
"2020-01-10","2020-01-10 00:00","10140.291954299528","10160.0009765625","10130.43744316804","10160.0009765625","10290","10310","1285"
"2020-01-14","2020-01-14 00:00","10238.837930177195","10248.692442140791","10199.419882322807","10219.12890625","10390","10370","4223"
"2020-01-15","2020-01-15 00:00","10199.419021088446","10199.419021088446","10150.146465431013","10160.0009765625","10350","10310","2171"
"2020-01-16","2020-01-16 00:00","10179.710897871377","10199.419921875","10169.856385869565","10199.419921875","10330","10350","789"
"2020-01-17","2020-01-17 00:00","10278.255859375","10288.110371224831","10248.692323825504","10278.255859375","10430","10430","2275"
"2020-01-20","2020-01-20 00:00","10288.108362960085","10327.526402664915","10258.544833181466","10307.8173828125","10440","10460","2150"
"2020-01-21","2020-01-21 00:00","10347.238446197218","10347.238446197218","10209.275266914587","10268.40234375","10500","10420","2244"
"2020-01-22","2020-01-22 00:00","10278.253888477311","10288.1083984375","10219.126828716177","10288.1083984375","10430","10440","746"
"2020-01-23","2020-01-23 00:00","10288.111535904254","10288.111535904254","10189.56640625","10189.56640625","10440","10340","1964"
"2020-01-24","2020-01-24 00:00","10228.982421875","10228.982421875","10189.564377860068","10228.982421875","10380","10380","623"
"2020-01-27","2020-01-27 00:00","10169.855717921982","10169.855717921982","9992.474513539622","10041.7470703125","10320","10190","3213"
"2020-01-28","2020-01-28 00:00","10031.892655171352","10031.892655171352","9884.074983435035","9992.474609375","10180","10140","4132"
"2020-01-29","2020-01-29 00:00","10012.183517156864","10061.456073835785","9992.474494485294","10051.6015625","10160","10200","418"
"2020-01-30","2020-01-30 00:00","10031.89273282797","10031.89273282797","9923.493106048885","9953.056640625","10180","10100","1536"
"2020-01-31","2020-01-31 00:00","10012.181606090373","10041.745134454814","9982.618077725932","10031.890625","10160","10180","238"
"2020-02-03","2020-02-03 00:00","9864.364222761404","9953.054810178839","9824.94618390921","9884.0732421875","10010","10030","6887"
"2020-02-04","2020-02-04 00:00","9903.7841796875","9903.7841796875","9844.657109958023","9903.7841796875","10050","10050","1997"
"2020-02-05","2020-02-05 00:00","10051.603473581214","10081.167013209393","9953.05834148728","10071.3125","10200","10220","704"
"2020-02-06","2020-02-06 00:00","10228.983378699471","10238.837890625","10130.438259444178","10238.837890625","10380","10390","880"
"2020-02-07","2020-02-07 00:00","10278.257964263092","10278.257964263092","10179.712825583674","10209.2763671875","10430","10360","560"
"2020-02-10","2020-02-10 00:00","10120.583964425767","10140.292988699233","10061.456891605363","10130.4384765625","10270","10280","1148"
"2020-02-12","2020-02-12 00:00","10238.837930177195","10238.837930177195","10150.147322504823","10219.12890625","10390","10370","1110"
"2020-02-13","2020-02-13 00:00","10268.4014066256","10278.255918532152","10199.419823279748","10248.6923828125","10420","10400","500"
"2020-02-14","2020-02-14 00:00","10248.69240255053","10268.401426401588","10160.001795220765","10238.837890625","10400","10390","642"
"2020-02-17","2020-02-17 00:00","10288.110450252647","10288.110450252647","10130.438259444178","10238.837890625","10440","10390","1120"
"2020-02-18","2020-02-18 00:00","10268.401466067986","10268.401466067986","10150.147322504823","10219.12890625","10420","10370","465"
"2020-02-19","2020-02-19 00:00","10258.546875","10268.401386887608","10189.565291786745","10258.546875","10410","10410","338"
"2020-02-20","2020-02-20 00:00","10278.255683927935","10426.073359152211","10278.255683927935","10366.9462890625","10430","10520","1202"
"2020-02-21","2020-02-21 00:00","10357.0908203125","10445.781417251426","10278.254734144564","10357.0908203125","10510","10510","1385"
"2020-02-25","2020-02-25 00:00","10159.999282957062","10248.6898683563","9903.782036248154","10012.181640625","10310","10160","5451"
"2020-02-26","2020-02-26 00:00","9903.782619969163","9903.782619969163","9588.43829774129","9686.9833984375","10050","9830","11296"
"2020-02-27","2020-02-27 00:00","9608.148649223613","9657.421206399118","9420.912931956691","9499.7490234375","9750","9640","7768"
"2020-02-28","2020-02-28 00:00","9213.968336092716","9351.931498344371","8928.1875","8928.1875","9350","9060","9654"
"2020-03-02","2020-03-02 00:00","8869.060183453483","9066.150409752448","8819.78762687874","9056.2958984375","9000","9190","5251"
"2020-03-03","2020-03-03 00:00","9351.931898328992","9361.786410339877","9174.55068213308","9223.8232421875","9490","9360","4419"
"2020-03-04","2020-03-04 00:00","8957.75165191254","9105.5693359375","8947.89713964421","9105.5693359375","9090","9240","2129"
"2020-03-05","2020-03-05 00:00","9312.513671875","9312.513671875","9204.11404183201","9312.513671875","9450","9450","1196"
"2020-03-06","2020-03-06 00:00","9164.6958984375","9164.6958984375","8829.6425","8869.060546875","9300","9000","10380"
"2020-03-09","2020-03-09 00:00","8573.425135550997","8573.425135550997","8258.080762749121","8405.8984375","8700","8530","9897"
"2020-03-10","2020-03-10 00:00","7982.154548221664","8356.625996162928","7932.881989282025","8346.771484375","8100","8470","5037"
"2020-03-11","2020-03-11 00:00","8336.916393954298","8336.916393954298","8090.553616355176","8139.826171875","8460","8260","3543"
"2020-03-12","2020-03-12 00:00","7982.154960485039","8001.863985078829","7509.138370234074","7656.9560546875","8100","7770","9918"
"2020-03-13","2020-03-13 00:00","7144.5209772386825","7518.992421562916","6996.703301847537","7400.73828125","7250","7510","12405"
"2020-03-16","2020-03-16 00:00","7834.337441668415","7834.337441668415","7292.3392538800335","7341.61181640625","7950","7450","5551"
"2020-03-17","2020-03-17 00:00","7154.376078806628","7440.156941458683","7036.121928743709","7341.61181640625","7260","7450","5945"
"2020-03-18","2020-03-18 00:00","7213.502558432335","7341.611210426351","7075.53939474647","7154.37548828125","7320","7260","6419"
"2020-03-19","2020-03-19 00:00","7154.375308098592","7292.338468309859","6908.012522007042","6996.703125","7260","7100","9338"
"2020-03-23","2020-03-23 00:00","6898.158003535584","6996.703117871806","6701.067774863139","6750.34033203125","7000","6850","12197"
"2020-03-24","2020-03-24 00:00","7026.266431137466","7124.811542373615","6947.430342148546","7114.95703125","7130","7220","2880"
"2020-03-25","2020-03-25 00:00","7558.41151673312","7686.520186508257","7479.575412256112","7607.68408203125","7670","7720","6256"
"2020-03-26","2020-03-26 00:00","7745.647201360887","7824.483305191532","7499.284376890121","7637.24755859375","7860","7750","2825"
"2020-03-27","2020-03-27 00:00","7982.154016984121","7982.154016984121","7706.227705285904","7873.75439453125","8100","7990","3536"
"2020-03-30","2020-03-30 00:00","7587.974349956098","7725.937519955301","7499.283740670898","7716.0830078125","7700","7830","2058"
"2020-03-31","2020-03-31 00:00","7824.482402220912","7883.6094732704405","7755.500819329795","7834.3369140625","7940","7950","4075"
"2020-04-01","2020-04-01 00:00","7735.792022423625","7735.792022423625","7440.156658509346","7479.57470703125","7850","7590","3047"
"2020-04-02","2020-04-02 00:00","7509.138045808273","7587.974140777389","7390.8839033546","7578.11962890625","7620","7690","1139"
"2020-04-03","2020-04-03 00:00","7725.936848109517","7725.936848109517","7469.719554677314","7558.41015625","7840","7670","2054"
"2020-04-06","2020-04-06 00:00","7676.664686176678","7854.0458984375","7597.8285918385345","7854.0458984375","7790","7970","2244"
"2020-04-07","2020-04-07 00:00","7913.172774115164","8041.2814242565055","7863.9002163684945","7952.5908203125","8030","8070","2805"
"2020-04-08","2020-04-08 00:00","7942.736580025597","8060.99072265625","7735.791830421952","8060.99072265625","8060","8180","4329"
"2020-04-09","2020-04-09 00:00","8277.789212740385","8287.643723707934","8139.826059194712","8198.953125","8400","8320","1572"
"2020-04-10","2020-04-10 00:00","8208.807413544135","8317.20703125","8110.262306538803","8317.20703125","8330","8440","1969"
"2020-04-13","2020-04-13 00:00","8277.791015625","8327.063581194197","8179.245884486608","8277.791015625","8400","8400","11032"
"2020-04-14","2020-04-14 00:00","8228.518346662353","8346.77250254253","8198.954807692307","8327.0634765625","8350","8450","2453"
"2020-04-15","2020-04-15 00:00","8258.0799670468","8346.7705633516","8238.370945645735","8317.20703125","8380","8440","1914"
"2020-04-16","2020-04-16 00:00","8169.38865422628","8198.95218373494","8080.6980657003005","8179.2431640625","8290","8300","2210"
"2020-04-17","2020-04-17 00:00","8327.062363602186","8396.0439453125","8287.644316910579","8396.0439453125","8450","8520","2931"
"2020-04-20","2020-04-20 00:00","8474.879921510781","8474.879921510781","8336.916759997815","8455.1708984375","8600","8580","2787"
"2020-04-21","2020-04-21 00:00","8327.061691649222","8327.061691649222","8208.807561116926","8238.37109375","8450","8360","2760"
"2020-04-22","2020-04-22 00:00","8218.66203479266","8258.080078125","8021.571818130967","8258.080078125","8340","8380","4170"
"2020-04-23","2020-04-23 00:00","8179.244121822352","8238.371187763238","8139.826077861763","8189.0986328125","8300","8310","1368"
"2020-04-24","2020-04-24 00:00","8179.24421629086","8179.24421629086","8100.408127459141","8139.826171875","8300","8260","2573"
"2020-04-27","2020-04-27 00:00","8327.062480376404","8336.9169921875","8198.953826832152","8336.9169921875","8450","8460","2273"
"2020-04-28","2020-04-28 00:00","8415.753166289342","8415.753166289342","8080.699761542459","8297.4990234375","8540","8420","9183"
"2020-04-30","2020-04-30 00:00","8553.717730783046","8593.135784841954","8396.045514547413","8573.4267578125","8680","8700","2370"
"2020-05-01","2020-05-01 00:00","8405.89851571702","8474.880097909305","8336.916933524735","8366.48046875","8530","8490","2540"
"2020-05-07","2020-05-07 00:00","8238.373957091775","8307.355557210965","8198.95589988081","8267.9375","8360","8390","2641"
"2020-05-08","2020-05-08 00:00","8405.898302371003","8474.8798828125","8366.480256404433","8474.8798828125","8530","8600","1345"
"2020-05-11","2020-05-11 00:00","8602.988186708073","8652.2607421875","8543.861120132759","8652.2607421875","8730","8780","2471"
"2020-05-12","2020-05-12 00:00","8573.42381018585","8622.696360819102","8494.587729172647","8583.2783203125","8700","8710","2080"
"2020-05-13","2020-05-13 00:00","8327.06329131294","8425.608419020786","8317.208778542155","8415.75390625","8450","8540","1807"
"2020-05-14","2020-05-14 00:00","8297.498009848934","8356.625074052134","8228.516434945202","8317.20703125","8420","8440","3003"
"2020-05-15","2020-05-15 00:00","8396.042987110752","8396.042987110752","8327.061413272988","8386.1884765625","8520","8510","509"
"2020-05-18","2020-05-18 00:00","8474.880982874707","8474.880982874707","8396.04488070843","8415.75390625","8600","8540","1842"
"2020-05-19","2020-05-19 00:00","8593.133732142856","8622.697265625","8573.42470982143","8622.697265625","8720","8750","1540"
"2020-05-20","2020-05-20 00:00","8602.98719803221","8671.968767775881","8593.132688068828","8662.1142578125","8730","8790","1422"
"2020-05-21","2020-05-21 00:00","8671.970703125","8701.534239612925","8632.552654474432","8671.970703125","8800","8800","1289"
"2020-05-22","2020-05-22 00:00","8711.38792377437","8711.38792377437","8583.279277836511","8593.1337890625","8840","8720","2068"
"2020-05-25","2020-05-25 00:00","8662.1151779071","8721.2422439679","8662.1151779071","8691.6787109375","8790","8820","986"
"2020-05-26","2020-05-26 00:00","8731.09757724719","8829.642696629213","8711.388553370787","8770.515625","8860","8900","2615"
"2020-05-27","2020-05-27 00:00","8849.350678891378","8869.059700447928","8770.514592665173","8800.078125","8980","8930","1049"
"2020-05-28","2020-05-28 00:00","8888.768517958379","8967.60460237486","8888.768517958379","8908.4775390625","9020","9040","1398"
"2020-05-29","2020-05-29 00:00","9016.876325724512","9016.876325724512","8750.804565293296","8819.7861328125","9150","8950","3395"
"2020-06-01","2020-06-01 00:00","8928.188558844928","8967.606609877355","8888.7705078125","8888.7705078125","9060","9020","2276"
"2020-06-02","2020-06-02 00:00","8967.60546875","9007.023514766483","8888.769376717033","8967.60546875","9100","9100","641"
"2020-06-03","2020-06-03 00:00","9184.406187332888","9243.533265792112","9164.697161179813","9213.9697265625","9320","9350","2178"
"2020-06-04","2020-06-04 00:00","9322.368262652762","9361.786310274972","9273.095703125","9273.095703125","9460","9410","4319"
"2020-06-05","2020-06-05 00:00","9302.658092105263","9371.63966694079","9263.240049342106","9361.78515625","9440","9500","2499"
"2020-06-08","2020-06-08 00:00","9562.80288648754","9612.095684871496","9483.934409073208","9493.79296875","9700","9630","3303"
"2020-06-09","2020-06-09 00:00","9602.236299701144","9602.236299701144","9424.782240774428","9483.93359375","9740","9620","3036"
"2020-06-10","2020-06-10 00:00","9444.498685632861","9464.215801886792","9375.488778744104","9405.064453125","9580","9540","1903"
"2020-06-11","2020-06-11 00:00","9257.187155207212","9267.045714477934","9089.591647604952","9158.6015625","9390","9290","4024"
"2020-06-12","2020-06-12 00:00","8862.845395074617","9000.865234375","8793.835475424425","9000.865234375","8990","9130","3112"
"2020-06-15","2020-06-15 00:00","8862.846683012911","8892.422367160896","8685.392578125","8685.392578125","8990","8810","3892"
"2020-06-16","2020-06-16 00:00","9119.167325417115","9217.752918124328","9050.157410522066","9158.6015625","9250","9290","3420"
"2020-06-17","2020-06-17 00:00","9276.90245634934","9276.90245634934","9119.165538919382","9148.7412109375","9410","9280","896"
"2020-06-18","2020-06-18 00:00","9109.308580984478","9109.308580984478","9000.864431210854","9050.1572265625","9240","9180","1016"
"2020-06-19","2020-06-19 00:00","9178.318831768574","9188.177391201194","9069.87467800976","9089.591796875","9310","9220","1684"
"2020-06-22","2020-06-22 00:00","9040.297193049864","9089.589980362021","9000.862963200138","9020.580078125","9170","9150","2627"
"2020-06-23","2020-06-23 00:00","9168.460444478154","9217.753242566747","9069.874848300971","9138.884765625","9300","9270","1234"
"2020-06-24","2020-06-24 00:00","9188.17610047043","9217.751774613575","9148.74186827957","9168.458984375","9320","9300","580"
"2020-06-25","2020-06-25 00:00","9020.581214954867","9069.874008479212","8941.71274531592","9010.72265625","9150","9140","1384"
"2020-06-26","2020-06-26 00:00","9138.883773157573","9148.742331704669","9069.873863327904","9079.732421875","9270","9210","878"
"2020-06-29","2020-06-29 00:00","8971.28742772577","9010.721658177312","8902.277524435573","8951.5703125","9100","9080","1779"
"2020-06-30","2020-06-30 00:00","9099.4482421875","9119.165356471764","9079.731127903236","9099.4482421875","9230","9230","896"
"2020-07-01","2020-07-01 00:00","9217.753069499051","9217.753069499051","9089.591796875","9089.591796875","9350","9220","1136"
"2020-07-02","2020-07-02 00:00","9178.317542422716","9188.17610047043","9129.02475218414","9168.458984375","9310","9300","652"
"2020-07-03","2020-07-03 00:00","9178.318532568777","9257.187005458734","9178.318532568777","9227.611328125","9310","9360","1079"
"2020-07-06","2020-07-06 00:00","9286.761755601416","9434.640127505896","9267.044639347485","9405.064453125","9420","9540","2002"
"2020-07-07","2020-07-07 00:00","9444.498685632861","9474.074360013758","9375.488778744104","9405.064453125","9580","9540","3005"
"2020-07-08","2020-07-08 00:00","9375.488760260087","9414.922992690203","9345.9130859375","9345.9130859375","9510","9480","2336"
"2020-07-09","2020-07-09 00:00","9395.207684677684","9434.641924697316","9385.349124672775","9414.9248046875","9530","9550","1466"
"2020-07-10","2020-07-10 00:00","9414.924463665675","9414.924463665675","9276.90462859623","9316.3388671875","9550","9450","1495"
"2020-07-13","2020-07-13 00:00","9503.652994791666","9503.652994791666","9395.208821614584","9464.21875","9640","9600","1646"
"2020-07-14","2020-07-14 00:00","9454.35838716553","9454.35838716553","9395.20703125","9395.20703125","9590","9530","719"
"2020-07-15","2020-07-15 00:00","9523.36881779442","9552.94449735279","9513.510257941633","9543.0859375","9660","9680","837"
"2020-07-16","2020-07-16 00:00","9543.086260998965","9552.944821185947","9483.93489987707","9523.369140625","9680","9660","1121"
"2020-07-17","2020-07-17 00:00","9543.08544365285","9552.944002995468","9483.93408759715","9513.509765625","9680","9650","660"
"2020-07-20","2020-07-20 00:00","9552.944821185947","9552.944821185947","9503.652020251035","9523.369140625","9690","9660","946"
"2020-07-21","2020-07-21 00:00","9572.659717490174","9720.5380859375","9562.801159593686","9720.5380859375","9710","9860","3399"
"2020-07-22","2020-07-22 00:00","9651.529618730809","9700.82241555783","9621.953940634596","9631.8125","9790","9770","2058"
"2020-07-27","2020-07-27 00:00","9523.367829067047","9523.367829067047","9414.923681945167","9483.93359375","9660","9620","3580"
"2020-07-28","2020-07-28 00:00","9464.217779503106","9552.944821185947","9464.217779503106","9523.369140625","9600","9660","1151"
"2020-07-29","2020-07-29 00:00","9464.215002606881","9474.073559901264","9424.780773429353","9454.3564453125","9600","9590","1151"
"2020-07-30","2020-07-30 00:00","9562.803057205578","9562.803057205578","9523.36881779442","9543.0859375","9700","9680","349"
"2020-07-31","2020-07-31 00:00","9572.66044605538","9572.66044605538","9365.630714472309","9434.640625","9710","9570","1466"
"2020-08-03","2020-08-03 00:00","9503.652020251035","9523.369140625","9474.076339690087","9523.369140625","9640","9660","1063"
"2020-08-04","2020-08-04 00:00","9582.5185546875","9612.094229239005","9562.80143831983","9582.5185546875","9720","9720","863"
"2020-08-05","2020-08-05 00:00","9621.951647610482","9621.951647610482","9562.800305514516","9592.3759765625","9760","9730","891"
"2020-08-06","2020-08-06 00:00","9641.671382211538","9671.247061298078","9612.095703125","9612.095703125","9780","9750","1222"
"2020-08-07","2020-08-07 00:00","9661.388178096213","9690.963856192426","9612.095381269191","9631.8125","9800","9770","1265"
"2020-08-11","2020-08-11 00:00","9769.831391331658","9848.699858668342","9720.53859924623","9809.265625","9910","9950","3481"
"2020-08-12","2020-08-12 00:00","9848.700019452654","9848.700019452654","9759.972992250378","9799.4072265625","9990","9940","1572"
"2020-08-13","2020-08-13 00:00","9868.4169921875","9897.992667488761","9858.558433753746","9868.4169921875","10010","10010","1153"
"2020-08-14","2020-08-14 00:00","9907.851402328219","9917.7099609375","9897.992843718936","9917.7099609375","10050","10060","1146"
"2020-08-17","2020-08-17 00:00","9848.7001953125","9868.417312820633","9828.983077804367","9848.7001953125","9990","9990","4210"
"2020-08-18","2020-08-18 00:00","9868.417136608714","9868.417136608714","9799.4072265625","9799.4072265625","10010","9940","1979"
"2020-08-19","2020-08-19 00:00","9799.407721210506","9848.70051658883","9779.690603059178","9828.9833984375","9940","9970","2722"
"2020-08-20","2020-08-20 00:00","9809.26560821379","9819.124166614003","9750.1142578125","9750.1142578125","9950","9890","3179"
"2020-08-21","2020-08-21 00:00","9809.265785140531","9819.12434371856","9779.690109406438","9799.4072265625","9950","9940","2286"
"2020-08-24","2020-08-24 00:00","9838.841636558433","9858.558754066566","9819.1245190503","9848.7001953125","9980","9990","2753"
"2020-08-25","2020-08-25 00:00","9947.285812121352","9976.861488470575","9917.710135772131","9967.0029296875","10090","10110","2130"
"2020-08-26","2020-08-26 00:00","10016.29410406404","10036.011218442118","9976.859875307882","10006.435546875","10160","10150","2326"
"2020-08-27","2020-08-27 00:00","10065.5888671875","10075.44742631305","10026.154630685296","10065.5888671875","10210","10210","3108"
"2020-08-28","2020-08-28 00:00","10105.025390625","10203.611004192073","10085.308267911585","10105.025390625","10250","10250","3342"
"2020-08-31","2020-08-31 00:00","10095.165362035224","10124.741041806812","10075.4482421875","10075.4482421875","10240","10220","3139"
"2020-09-01","2020-09-01 00:00","10055.731122339776","10154.3167215784","10036.01400249205","10075.4482421875","10200","10220","3178"
"2020-09-02","2020-09-02 00:00","10154.314950387223","10183.890625","10134.597833978703","10183.890625","10300","10330","2255"
"2020-09-03","2020-09-03 00:00","10262.759429431353","10292.335105020493","10223.3251953125","10223.3251953125","10410","10370","4835"
"2020-09-04","2020-09-04 00:00","9927.568694555206","9996.57860603672","9888.13445942291","9967.0029296875","10070","10110","5329"
"2020-09-07","2020-09-07 00:00","9897.993003731344","9957.144356343284","9878.27588619403","9907.8515625","10040","10050","4047"
"2020-09-08","2020-09-08 00:00","9996.579423866724","10045.872221814785","9937.42806632905","9976.8623046875","10140","10120","2654"
"2020-09-09","2020-09-09 00:00","9681.103515625","9710.679188279659","9612.093612764129","9681.103515625","9820","9820","6531"
"2020-09-10","2020-09-10 00:00","9878.2757109375","9878.2757109375","9809.26580078125","9858.55859375","10020","10000","2619"
"2020-09-11","2020-09-11 00:00","9740.255875094315","9819.12434371856","9730.397316516284","9799.4072265625","9880","9940","2885"
"2020-09-14","2020-09-14 00:00","9828.981627565183","9888.132971361963","9819.12307026572","9878.2744140625","9970","10020","1302"
"2020-09-15","2020-09-15 00:00","9819.124359375","9878.2757109375","9809.26580078125","9858.55859375","9960","10000","1072"
"2020-09-16","2020-09-16 00:00","9878.2744140625","9897.991528661427","9848.69874216411","9878.2744140625","10020","10020","1266"
"2020-09-17","2020-09-17 00:00","9838.84078069536","9838.84078069536","9720.5380859375","9720.5380859375","9980","9860","4804"
"2020-09-18","2020-09-18 00:00","9730.396643833988","9759.972317523454","9681.103854351546","9720.5380859375","9870","9860","2422"
"2020-09-23","2020-09-23 00:00","9612.095220834932","9651.529457638357","9592.378102433218","9641.6708984375","9750","9780","5758"
"2020-09-24","2020-09-24 00:00","9434.640625","9493.791976880877","9385.347831765936","9434.640625","9570","9570","4797"
"2020-09-25","2020-09-25 00:00","9513.509431297152","9533.226549289478","9474.0751953125","9474.0751953125","9650","9610","1100"
"2020-09-28","2020-09-28 00:00","9621.953125","9641.670242059427","9572.660332351435","9621.953125","9760","9760","2476"
"2020-09-29","2020-09-29 00:00","9769.830736050793","9799.406409318353","9740.255062783233","9789.5478515625","9910","9930","2393"
"2020-09-30","2020-09-30 00:00","9759.972944415984","9789.548620005124","9621.953125","9621.953125","9900","9760","4053"
"2020-10-02","2020-10-02 00:00","9799.406508678774","9819.1236243904","9582.518235850874","9602.2353515625","9940","9740","2507"
"2020-10-05","2020-10-05 00:00","9759.97217829494","9819.12352483006","9720.537947271525","9789.5478515625","9900","9930","1935"
"2020-10-06","2020-10-06 00:00","9888.134125574106","9927.568359375","9868.41700867366","9927.568359375","10030","10070","2961"
"2020-10-07","2020-10-07 00:00","9799.407401542167","9897.992989082833","9789.548842788101","9848.7001953125","9940","9990","3457"
"2020-10-08","2020-10-08 00:00","9957.143891765287","9996.578125","9947.285333456608","9996.578125","10100","10140","4122"
"2020-10-09","2020-10-09 00:00","10085.305167164523","10105.02228381587","10045.870933861826","10055.7294921875","10230","10200","3112"
"2020-10-12","2020-10-12 00:00","10095.163583252192","10124.7392578125","10055.729350505113","10124.7392578125","10240","10270","2211"
"2020-10-13","2020-10-13 00:00","10183.890625","10203.60774140852","10134.597833978703","10183.890625","10330","10330","2399"
"2020-10-14","2020-10-14 00:00","10183.891105696299","10193.749664365898","10124.739753678701","10154.3154296875","10330","10300","3942"
"2020-10-15","2020-10-15 00:00","10055.728332820197","10095.162561576355","9996.57698968596","10006.435546875","10200","10150","4062"
"2020-10-16","2020-10-16 00:00","10036.012841169017","10045.87139995209","9947.285812121352","9967.0029296875","10180","10110","6370"
"2020-10-19","2020-10-19 00:00","10016.293786873157","10055.728014380531","10006.435229996314","10026.15234375","10160","10170","1665"
"2020-10-20","2020-10-20 00:00","9976.861488470575","10026.154282385942","9937.42725333828","9967.0029296875","10120","10110","2766"
"2020-10-21","2020-10-21 00:00","9976.861168096002","10016.295401961994","9967.002609629504","9986.7197265625","10120","10130","2088"
"2020-10-22","2020-10-22 00:00","9779.6904296875","9828.983224191974","9750.114752984817","9779.6904296875","9920","9920","9245"
"2020-10-23","2020-10-23 00:00","9897.992989082833","9897.992989082833","9838.841636558433","9848.7001953125","10040","9990","2441"
"2020-10-26","2020-10-26 00:00","9868.416494121055","9878.275052057239","9838.8408203125","9838.8408203125","10010","9980","1799"
"2020-10-27","2020-10-27 00:00","9750.11604916351","9779.69172979798","9720.54036852904","9759.974609375","9890","9900","2542"
"2020-10-28","2020-10-28 00:00","9661.3876953125","9700.821930803571","9631.812018694196","9661.3876953125","9800","9800","4865"
"2020-10-29","2020-10-29 00:00","9513.508949121499","9582.518858596992","9434.640481149507","9503.650390625","9650","9640","6454"
"2020-10-30","2020-10-30 00:00","9444.500142609128","9454.358702256945","9306.480307539683","9316.3388671875","9580","9450","6806"
"2020-11-02","2020-11-02 00:00","9365.633138020834","9464.21875","9365.633138020834","9464.21875","9500","9600","4501"
"2020-11-04","2020-11-04 00:00","9759.97217829494","9897.991986876888","9681.103716248112","9789.5478515625","9900","9930","7713"
"2020-11-05","2020-11-05 00:00","9838.840026794616","9888.1328125","9789.547241089233","9888.1328125","9980","10030","4167"
"2020-11-06","2020-11-06 00:00","9907.851225922515","9937.426901223776","9838.841316886239","9868.4169921875","10050","10010","4222"
"2020-11-09","2020-11-09 00:00","10006.437034606934","10114.88117980957","9996.578475952148","10095.1640625","10150","10240","3630"
"2020-11-10","2020-11-10 00:00","10262.759413266853","10262.759413266853","10124.73959406826","10164.173828125","10410","10310","4215"
"2020-11-11","2020-11-11 00:00","10243.04280818059","10282.477044208234","10183.891454139122","10252.9013671875","10390","10400","2614"
"2020-11-12","2020-11-12 00:00","10351.486472315437","10361.345030860499","10262.759445409876","10282.4765625","10500","10430","9552"
"2020-11-13","2020-11-13 00:00","10252.902992277992","10262.76155284749","10164.17594715251","10213.46875","10400","10360","2138"
"2020-11-16","2020-11-16 00:00","10351.48828679865","10410.6396484375","10341.629726525509","10410.6396484375","10500","10560","8129"
"2020-11-17","2020-11-17 00:00","10459.931307097031","10479.648425489297","10390.921392724102","10420.4970703125","10610","10570","4344"
"2020-11-18","2020-11-18 00:00","10381.060203355873","10390.918760054217","10321.908863165812","10341.6259765625","10530","10490","3657"
"2020-11-19","2020-11-19 00:00","10282.477044208234","10292.335603215144","10223.325690166766","10252.9013671875","10430","10400","11504"
"2020-11-20","2020-11-20 00:00","10262.759126420455","10312.051917613637","10262.759126420455","10302.193359375","10410","10450","1035"
"2020-11-24","2020-11-24 00:00","10440.214200670272","10489.50699670743","10440.214200670272","10479.6484375","10590","10630","2915"
"2020-11-25","2020-11-25 00:00","10588.09210285237","10617.66777911732","10509.2236328125","10509.2236328125","10740","10660","3272"
"2020-11-26","2020-11-26 00:00","10548.658686372422","10548.658686372422","10489.507329252578","10519.0830078125","10700","10670","1484"
"2020-11-27","2020-11-27 00:00","10499.365234375","10519.082352186033","10479.648116563967","10499.365234375","10650","10650","1788"
"2020-11-30","2020-11-30 00:00","10548.658351952023","10558.516911159453","10459.931319085135","10479.6484375","10700","10630","1726"
"2020-12-01","2020-12-01 00:00","10489.506212174116","10588.091796875","10489.506212174116","10588.091796875","10640","10740","1864"
"2020-12-02","2020-12-02 00:00","10617.667151922631","10617.667151922631","10568.37436105948","10607.80859375","10770","10760","2953"
"2020-12-03","2020-12-03 00:00","10627.526206991428","10657.101882892146","10607.809089724282","10637.384765625","10780","10790","1759"
"2020-12-04","2020-12-04 00:00","10617.667648357854","10666.960441525718","10617.667648357854","10637.384765625","10770","10790","4659"
"2020-12-07","2020-12-07 00:00","10696.536117426436","10706.39467606001","10607.809089724282","10637.384765625","10850","10790","3664"
"2020-12-08","2020-12-08 00:00","10594.375220835263","10653.561674582947","10584.510811877317","10643.697265625","10740","10790","1763"
"2020-12-09","2020-12-09 00:00","10693.019380040323","10722.612607106856","10663.42615297379","10702.8837890625","10840","10850","4200"
"2020-12-10","2020-12-10 00:00","10633.834442223837","10643.698852652617","10574.647979651163","10604.2412109375","10780","10750","12084"
"2020-12-11","2020-12-11 00:00","10574.647765771027","10604.24099645882","10554.9189453125","10554.9189453125","10720","10700","4492"
"2020-12-14","2020-12-14 00:00","10584.50991593546","10594.374324058419","10564.78109968954","10574.6455078125","10730","10720","2257"
"2020-12-15","2020-12-15 00:00","10525.326994820927","10554.920229108146","10485.869349104634","10535.19140625","10670","10680","3069"
"2020-12-16","2020-12-16 00:00","10584.50991593546","10594.374324058419","10535.187875320662","10574.6455078125","10730","10720","2252"
"2020-12-17","2020-12-17 00:00","10604.23962979321","10643.697265625","10584.510811877317","10643.697265625","10750","10790","1149"
"2020-12-18","2020-12-18 00:00","10673.2900390625","10673.2900390625","10643.696813445877","10673.2900390625","10820","10820","2355"
"2020-12-21","2020-12-21 00:00","10673.290492498842","10673.290492498842","10574.646402919368","10643.697265625","10820","10790","4887"
"2020-12-22","2020-12-22 00:00","10574.649051966291","10594.377874824439","10515.462583391854","10535.19140625","10720","10680","4357"
"2020-12-23","2020-12-23 00:00","10604.241149731057","10604.241149731057","10515.461456384472","10545.0546875","10750","10690","2151"
"2020-12-24","2020-12-24 00:00","10623.96732313368","10653.560546875","10614.102915219906","10653.560546875","10770","10800","3341"
"2020-12-25","2020-12-25 00:00","10693.02066020314","10722.613890812558","10485.868045937212","10683.15625","10840","10830","4870"
"2020-12-28","2020-12-28 00:00","10791.664978027344","10850.851440429688","10722.61410522461","10732.478515625","10940","10880","8669"
"2020-12-29","2020-12-29 00:00","10801.528386835831","10860.71484375","10791.663977350136","10860.71484375","10950","11010","2877"
"2020-12-30","2020-12-30 00:00","10801.529814506488","10850.851868454007","10781.800992927481","10831.123046875","10950","10980","3038"
"2021-01-04","2021-01-04 00:00","10821.256383167614","10850.849609375","10781.798748224432","10850.849609375","10970","11000","4835"
"2021-01-05","2021-01-05 00:00","10752.206575580398","10840.986262901704","10752.206575580398","10781.7998046875","10900","10930","7834"
"2021-01-06","2021-01-06 00:00","10791.66467173165","10801.529081852064","10722.613800888761","10752.20703125","10940","10900","4644"
"2021-01-07","2021-01-07 00:00","10880.44193249887","10919.899564167043","10831.119892913654","10910.03515625","11030","11060","7797"
"2021-01-08","2021-01-08 00:00","11028.408203125","11156.6455078125","11028.408203125","11156.6455078125","11180","11310","3196"
"2021-01-12","2021-01-12 00:00","11136.91654186451","11166.509765625","11117.187726024182","11166.509765625","11290","11320","2979"
"2021-01-13","2021-01-13 00:00","11176.37432391827","11275.018404447115","11107.323467548078","11156.6455078125","11330","11310","8234"
"2021-01-14","2021-01-14 00:00","11136.91654186451","11196.10298938549","11117.187726024182","11166.509765625","11290","11320","2971"
"2021-01-15","2021-01-15 00:00","11156.648531333407","11156.648531333407","11087.59765625","11087.59765625","11310","11240","8273"
"2021-01-18","2021-01-18 00:00","11018.547544368577","11048.140778596962","10969.22548732127","11038.2763671875","11170","11190","7253"
"2021-01-19","2021-01-19 00:00","11048.13687058304","11186.238581465326","11048.13687058304","11166.509765625","11200","11320","1764"
"2021-01-20","2021-01-20 00:00","11215.83203125","11225.696439368954","11156.64558253628","11215.83203125","11370","11370","6849"
"2021-01-21","2021-01-21 00:00","11304.611779240486","11334.205003793471","11275.0185546875","11275.0185546875","11460","11430","2236"
"2021-01-22","2021-01-22 00:00","11275.019309850066","11284.883718695079","11215.832856779987","11225.697265625","11430","11380","1969"
"2021-01-25","2021-01-25 00:00","11225.699126637555","11294.75","11215.834716157206","11294.75","11380","11450","6123"
"2021-01-26","2021-01-26 00:00","11245.425180288461","11245.425180288461","11136.91669170673","11156.6455078125","11400","11310","4016"
"2021-01-27","2021-01-27 00:00","11166.510217144598","11166.510217144598","11127.052583868468","11136.9169921875","11320","11290","4774"
"2021-01-28","2021-01-28 00:00","10860.714458403716","11008.68059543919","10850.850049268018","10949.494140625","11010","11100","8387"
"2021-01-29","2021-01-29 00:00","11038.274128497293","11067.867356723827","10919.901215591155","10929.765625","11190","11080","2970"
"2021-02-01","2021-02-01 00:00","10811.392712093862","10949.49444381769","10791.663893276173","10929.765625","10960","11080","5369"
"2021-02-02","2021-02-02 00:00","11136.919311631178","11196.10577387191","11087.597259763901","11176.376953125","11290","11330","2557"
"2021-02-03","2021-02-03 00:00","11304.615081121949","11324.343903253051","11275.021847925294","11314.4794921875","11460","11470","3495"
"2021-02-04","2021-02-04 00:00","11363.800719895287","11363.800719895287","11265.156616423974","11304.6142578125","11520","11460","3635"
"2021-02-05","2021-02-05 00:00","11413.120792102567","11442.714018011216","11373.663157557701","11432.849609375","11570","11590","3023"
"2021-02-08","2021-02-08 00:00","11511.76487091377","11561.0869140625","11501.900462284024","11561.0869140625","11670","11720","2881"
"2021-02-09","2021-02-09 00:00","11570.95162510016","11570.95162510016","11492.036353999732","11541.3583984375","11730","11700","3080"
"2021-02-10","2021-02-10 00:00","11521.629580662393","11551.222807325054","11501.900762887286","11541.3583984375","11680","11700","1572"
"2021-02-12","2021-02-12 00:00","11590.680139951739","11590.680139951739","11541.358096803007","11561.0869140625","11750","11720","3994"
"2021-02-15","2021-02-15 00:00","11659.730393187552","11748.510066232127","11649.865985071488","11728.78125","11820","11890","5424"
"2021-02-16","2021-02-16 00:00","11797.833529894704","11886.613213648092","11787.969120588772","11827.4267578125","11960","11990","5811"
"2021-02-17","2021-02-17 00:00","11827.4267578125","11857.019985730296","11787.969120588772","11827.4267578125","11990","11990","8048"
"2021-02-18","2021-02-18 00:00","11738.646261867088","11778.10389636076","11679.459810126582","11689.32421875","11900","11850","8080"
"2021-02-19","2021-02-19 00:00","11610.409482214096","11630.13830036569","11551.223027759308","11590.6806640625","11770","11750","6361"
"2021-02-22","2021-02-22 00:00","11630.13830036569","11669.595936668882","11590.6806640625","11590.6806640625","11790","11750","4342"
"2021-02-24","2021-02-24 00:00","11501.900844059008","11551.222888844852","11462.443208230332","11472.3076171875","11660","11630","10453"
"2021-02-25","2021-02-25 00:00","11689.325043805333","11709.053862444667","11679.460634485666","11699.189453125","11850","11860","2507"
"2021-02-26","2021-02-26 00:00","11442.716585497836","11501.903050595238","11393.39453125","11393.39453125","11600","11550","8675"
"2021-03-01","2021-03-01 00:00","11482.171724114807","11541.358176300966","11462.442906719421","11492.0361328125","11640","11650","3726"
"2021-03-02","2021-03-02 00:00","11669.59744236789","11748.512725156515","11620.275390625","11620.275390625","11830","11780","6526"
"2021-03-03","2021-03-03 00:00","11649.867708773227","11709.054166226773","11630.138889622045","11679.4609375","11810","11840","3054"
"2021-03-04","2021-03-04 00:00","11492.03726122879","11561.088128892827","11442.715212897338","11482.1728515625","11650","11640","5412"
"2021-03-05","2021-03-05 00:00","11482.172397172237","11531.494443551843","11353.935076585261","11511.765625","11640","11670","6682"
"2021-03-08","2021-03-08 00:00","11718.91903379022","11748.512263673529","11649.8681640625","11649.8681640625","11880","11810","5494"
"2021-03-09","2021-03-09 00:00","11738.647090403669","11797.83354632167","11689.325043805333","11699.189453125","11900","11860","3714"
"2021-03-10","2021-03-10 00:00","11787.968984473726","11797.833393665755","11699.189301745473","11709.0537109375","11950","11870","4153"
"2021-03-11","2021-03-11 00:00","11827.428405202696","11847.1572265625","11738.648709083576","11847.1572265625","11990","12010","4306"
"2021-03-12","2021-03-12 00:00","11935.936371026011","11955.665191473989","11906.343140354045","11945.80078125","12100","12110","5693"
"2021-03-15","2021-03-15 00:00","12044.443662197498","12054.308071421246","11995.121616078754","12024.71484375","12210","12190","8825"
"2021-03-16","2021-03-16 00:00","12064.173220061635","12113.495269203342","12044.444400404951","12103.630859375","12230","12270","9595"
"2021-03-17","2021-03-17 00:00","12103.62996525999","12103.62996525999","11985.257056064293","12034.5791015625","12270","12200","5649"
"2021-03-18","2021-03-18 00:00","12064.171875","12113.493918642682","12054.307466271463","12064.171875","12230","12230","5571"
"2021-03-19","2021-03-19 00:00","11985.259555785124","11985.259555785124","11906.344266528926","11935.9375","12150","12100","9595"
"2021-03-22","2021-03-22 00:00","11916.20666138912","11916.20666138912","11847.155794973785","11876.7490234375","12080","12040","4489"
"2021-03-23","2021-03-23 00:00","11945.799211600457","11955.663620528285","11857.01953125","11857.01953125","12110","12020","2744"
"2021-03-24","2021-03-24 00:00","11778.104947260705","11916.206680310663","11748.51171875","11748.51171875","11940","11910","7348"
"2021-03-25","2021-03-25 00:00","11768.239408557047","11847.154677013423","11758.375","11758.375","11930","11920","4793"
"2021-03-26","2021-03-26 00:00","11847.157799586777","11935.9375","11847.157799586777","11935.9375","12010","12100","3335"
"2021-03-29","2021-03-29 00:00","12044.444729946626","12064.1735501431","11945.800628964264","11955.6650390625","12210","12120","4459"
"2021-03-30","2021-03-30 00:00","12024.716491349303","12044.4453125","11995.123259623258","12044.4453125","12190","12210","1917"
"2021-03-31","2021-03-31 00:00","12064.171573660715","12103.629207589285","12034.578348214285","12083.900390625","12230","12250","3251"
"2021-04-01","2021-04-01 00:00","12133.222958443606","12162.816185171518","12103.629731715697","12113.494140625","12300","12280","7554"
"2021-04-02","2021-04-02 00:00","12300.918423275472","12300.918423275472","12251.596376670519","12271.3251953125","12470","12440","9808"
"2021-04-05","2021-04-05 00:00","12360.105251214443","12369.969660832332","12291.054383889223","12310.783203125","12530","12480","5663"
"2021-04-06","2021-04-06 00:00","12389.696363340672","12389.696363340672","12291.052284014711","12320.6455078125","12560","12490","8468"
"2021-04-07","2021-04-07 00:00","12340.376060559436","12340.376060559436","12222.003148707547","12271.3251953125","12510","12440","7295"
"2021-04-08","2021-04-08 00:00","12310.78259784345","12350.240234375","12271.324961311902","12350.240234375","12480","12520","3728"
"2021-04-09","2021-04-09 00:00","12360.104574482093","12389.69780171549","12291.0537109375","12291.0537109375","12530","12460","5175"
"2021-04-12","2021-04-12 00:00","12360.104946874999","12379.833765624999","12291.054081249998","12330.51171875","12530","12500","4829"
"2021-04-13","2021-04-13 00:00","12330.5129093003","12379.8349609375","12320.64849897286","12379.8349609375","12500","12550","4404"
"2021-04-14","2021-04-14 00:00","12369.969052640776","12369.969052640776","12310.78259784345","12350.240234375","12540","12520","4328"
"2021-04-15","2021-04-15 00:00","12330.511567308653","12340.3759765625","12310.782748800959","12340.3759765625","12500","12510","2040"
"2021-04-16","2021-04-16 00:00","12399.561895940722","12439.01953125","12379.833078286081","12439.01953125","12570","12610","3767"
"2021-04-19","2021-04-19 00:00","12439.019682384673","12468.61290922619","12409.426455543155","12429.1552734375","12610","12600","8758"
"2021-04-20","2021-04-20 00:00","12369.97055061006","12399.563781592382","12330.5129093003","12379.8349609375","12540","12550","4640"
"2021-04-21","2021-04-21 00:00","12261.460802637592","12261.460802637592","12093.765843953086","12143.087890625","12430","12310","9881"
"2021-04-22","2021-04-22 00:00","12281.189453125","12320.647089922188","12231.867407128513","12281.189453125","12450","12450","8668"
"2021-04-23","2021-04-23 00:00","12222.004425196257","12281.190887303745","12212.140014845008","12251.59765625","12390","12420","3107"
"2021-04-26","2021-04-26 00:00","12350.240841596555","12360.105251214443","12291.054383889223","12310.783203125","12520","12480","5290"
"2021-04-27","2021-04-27 00:00","12369.971220539976","12399.564453125","12350.242398816627","12399.564453125","12540","12570","5096"
"2021-04-28","2021-04-28 00:00","12429.154821110451","12458.748046875","12409.426003934086","12458.748046875","12600","12630","3077"
"2021-04-30","2021-04-30 00:00","12498.205681227731","12517.934498404098","12429.154821110451","12458.748046875","12670","12630","8722"
"2021-05-06","2021-05-06 00:00","12439.021331932201","12458.750152442799","12389.699280655706","12448.8857421875","12610","12620","7903"
"2021-05-07","2021-05-07 00:00","12488.344114480808","12547.530579478347","12478.479703647883","12527.8017578125","12660","12700","9649"
"2021-05-10","2021-05-10 00:00","12577.122590687353","12626.444640062597","12557.393770937255","12606.7158203125","12750","12780","14166"
"2021-05-11","2021-05-11 00:00","12478.478451244788","12478.478451244788","12369.969942973094","12419.2919921875","12650","12590","10203"
"2021-05-12","2021-05-12 00:00","12350.239638852576","12369.968456167036","12212.137917651347","12261.4599609375","12520","12430","10393"
"2021-05-13","2021-05-13 00:00","12162.816557648895","12231.867422128653","12143.087739226106","12152.9521484375","12330","12320","10412"
"2021-05-14","2021-05-14 00:00","12291.053930293265","12360.104795070192","12271.32511178557","12340.3759765625","12460","12510","4475"
"2021-05-17","2021-05-17 00:00","12488.341272639549","12498.205681227731","12389.69718675772","12458.748046875","12660","12630","6214"
"2021-05-18","2021-05-18 00:00","12458.74969583745","12488.342925518775","12448.885285943676","12478.478515625","12630","12650","2914"
"2021-05-19","2021-05-19 00:00","12300.9181200153","12360.104574482093","12261.460483704102","12291.0537109375","12470","12460","6573"
"2021-05-20","2021-05-20 00:00","12330.509915745095","12340.374323677692","12281.187876082115","12320.6455078125","12500","12490","3037"
"2021-05-21","2021-05-21 00:00","12409.426455543155","12458.748500279018","12399.562046595982","12429.1552734375","12580","12600","3172"
"2021-05-24","2021-05-24 00:00","12448.885374229929","12468.614194157393","12409.427734375","12409.427734375","12620","12580","3820"
"2021-05-25","2021-05-25 00:00","12527.798527171775","12547.52734375","12488.34089401533","12547.52734375","12700","12720","3227"
"2021-05-26","2021-05-26 00:00","12537.6640625","12567.257290027537","12527.799653324155","12537.6640625","12710","12710","2981"
"2021-05-27","2021-05-27 00:00","12567.257964392675","12577.12237409785","12527.800325571976","12557.3935546875","12740","12730","2862"
"2021-05-28","2021-05-28 00:00","12675.766449686529","12715.224088440416","12656.037630309585","12685.630859375","12850","12860","12249"
"2021-05-31","2021-05-31 00:00","12715.22378445264","12744.81701281056","12675.766146642081","12705.359375","12890","12880","4194"
"2021-06-01","2021-06-01 00:00","12665.901215953307","12695.494443093385","12636.307988813229","12675.765625","12840","12850","4008"
"2021-06-02","2021-06-02 00:00","12675.766146642081","12734.95260335792","12675.766146642081","12705.359375","12850","12880","2777"
"2021-06-03","2021-06-03 00:00","12774.410004792391","12784.2744140625","12725.08795844184","12784.2744140625","12950","12960","10922"
"2021-06-04","2021-06-04 00:00","12784.274042182662","12784.274042182662","12715.223179300503","12744.81640625","12960","12920","7644"
"2021-06-07","2021-06-07 00:00","12744.81648832685","12744.81648832685","12675.765625","12675.765625","12920","12850","9498"
"2021-06-08","2021-06-08 00:00","12712.778215843024","12742.388724109738","12693.037876998545","12732.5185546875","12880","12900","8551"
"2021-06-09","2021-06-09 00:00","12742.38986089865","12742.38986089865","12693.039009384713","12702.9091796875","12910","12870","6139"
"2021-06-10","2021-06-10 00:00","12722.6494140625","12732.519584282874","12693.038903401377","12722.6494140625","12890","12890","3772"
"2021-06-11","2021-06-11 00:00","12722.64914992272","12772","12722.64914992272","12772","12890","12940","5558"
"2021-06-14","2021-06-14 00:00","12831.220755749615","12860.83126518596","12801.61024631327","12821.3505859375","13000","12990","13766"
"2021-06-15","2021-06-15 00:00","12870.701725657393","12959.533255972512","12850.961385587367","12949.6630859375","13040","13120","13005"
"2021-06-16","2021-06-16 00:00","12910.183043870193","12979.274237530048","12831.2216796875","12831.2216796875","13080","13000","12315"
"2021-06-17","2021-06-17 00:00","12850.963107304508","12870.70345001926","12742.391222373362","12811.482421875","13020","12980","12020"
"2021-06-18","2021-06-18 00:00","12831.222163051898","12831.222163051898","12742.390625","12742.390625","13000","12910","7751"
"2021-06-21","2021-06-21 00:00","12574.597051968232","12604.207563079617","12456.155007522691","12505.505859375","12740","12670","19066"
"2021-06-22","2021-06-22 00:00","12801.610457136823","12801.610457136823","12722.649097339527","12781.8701171875","12970","12950","5398"
"2021-06-23","2021-06-23 00:00","12831.221361145674","12890.4423828125","12831.221361145674","12890.4423828125","13000","13060","7407"
"2021-06-24","2021-06-24 00:00","12900.310701896808","12929.921208481115","12860.830026451064","12870.7001953125","13070","13040","4333"
"2021-06-25","2021-06-25 00:00","12939.792757842204","12979.2734375","12900.31207818441","12979.2734375","13110","13150","9828"
"2021-06-28","2021-06-28 00:00","13028.624287072244","13048.36462690114","12979.2734375","12979.2734375","13200","13150","8980"
"2021-06-29","2021-06-29 00:00","12979.274521164556","12989.144691903084","12939.793838210444","12959.5341796875","13150","13130","5248"
"2021-06-30","2021-06-30 00:00","12969.40326758555","12989.143607414448","12959.533097671103","12979.2734375","13140","13150","3457"
"2021-07-01","2021-07-01 00:00","13048.36462690114","13058.234796815588","12969.40326758555","12979.2734375","13220","13150","12065"
"2021-07-02","2021-07-02 00:00","13087.844883786847","13087.844883786847","13018.753696617536","13058.234375","13260","13230","13955"
"2021-07-05","2021-07-05 00:00","13087.844883786847","13097.715053382464","13028.62386621315","13058.234375","13260","13230","13788"
"2021-07-06","2021-07-06 00:00","13077.974872011127","13077.974872011127","13008.88368400805","13028.6240234375","13250","13200","10424"
"2021-07-07","2021-07-07 00:00","12979.273490267075","12979.273490267075","12910.182300585046","12969.4033203125","13150","13140","8980"
"2021-07-08","2021-07-08 00:00","12979.273861897474","12979.273861897474","12900.3125","12900.3125","13150","13070","6934"
"2021-07-09","2021-07-09 00:00","12781.870827073319","12850.962020733174","12693.039292367788","12831.2216796875","12950","13000","21884"
"2021-07-12","2021-07-12 00:00","12999.014862641614","12999.014862641614","12939.793838210444","12959.5341796875","13170","13130","7199"
"2021-07-13","2021-07-13 00:00","13018.753853722774","13028.6240234375","12979.273174863873","13028.6240234375","13190","13200","4704"
"2021-07-14","2021-07-14 00:00","12979.27436063355","13008.884872482902","12969.404190017098","12989.14453125","13150","13160","8354"
"2021-07-15","2021-07-15 00:00","12979.27359604254","12979.27359604254","12900.312235762432","12949.6630859375","13150","13120","6779"
"2021-07-16","2021-07-16 00:00","12850.960623924884","12929.921979525037","12831.220285024847","12910.181640625","13020","13080","7286"
"2021-07-19","2021-07-19 00:00","12772","12781.870170015456","12732.519319938176","12772","12940","12940","17539"
"2021-07-20","2021-07-20 00:00","12604.207954323161","12683.169319737872","12574.597442292645","12614.078125","12770","12780","24371"
"2021-07-21","2021-07-21 00:00","12821.350903150376","12821.350903150376","12742.389542699873","12762.1298828125","12990","12930","5346"
"2021-07-26","2021-07-26 00:00","13028.625590861344","13048.36593266568","12910.183540035332","12920.0537109375","13200","13090","15480"
"2021-07-27","2021-07-27 00:00","12979.273702140983","12979.273702140983","12929.9228515625","12929.9228515625","13150","13100","5258"
"2021-07-28","2021-07-28 00:00","12880.571446572581","12880.571446572581","12791.739919354839","12850.9609375","13050","13020","7510"
"2021-07-29","2021-07-29 00:00","12880.571446572581","12910.181955645161","12850.9609375","12850.9609375","13050","13020","5405"
"2021-07-30","2021-07-30 00:00","12850.961095373845","12870.701434998075","12811.480416125385","12821.3505859375","13020","12990","3251"
"2021-08-02","2021-08-02 00:00","12910.18179777299","12910.18179777299","12860.830949922174","12880.5712890625","13080","13050","5939"
"2021-08-03","2021-08-03 00:00","12860.830949922174","12880.5712890625","12831.220441211686","12880.5712890625","13030","13050","2721"
"2021-08-04","2021-08-04 00:00","12860.831819051262","12900.3125","12841.091478576893","12900.3125","13030","13070","2439"
"2021-08-05","2021-08-05 00:00","12880.571948298055","12939.79296875","12880.571948298055","12939.79296875","13050","13110","3389"
"2021-08-06","2021-08-06 00:00","12959.5341796875","13008.885033380142","12959.5341796875","12959.5341796875","13130","13130","5092"
"2021-08-10","2021-08-10 00:00","13028.62510669575","13028.62510669575","12979.274254018872","13008.884765625","13200","13180","4875"
"2021-08-11","2021-08-11 00:00","13048.366264903481","13068.106607210446","13038.49609375","13038.49609375","13220","13210","4600"
"2021-08-12","2021-08-12 00:00","13068.10557512292","13087.84591587084","13038.49506400104","13048.365234375","13240","13220","4792"
"2021-08-13","2021-08-13 00:00","13087.844883786847","13097.715053382464","13038.494035808768","13058.234375","13260","13230","4183"
"2021-08-16","2021-08-16 00:00","13038.495384332256","13048.365554948708","12979.27436063355","12989.14453125","13210","13160","6429"
"2021-08-17","2021-08-17 00:00","13068.105019858256","13068.105019858256","12939.792810448773","12969.4033203125","13240","13140","5099"
"2021-08-18","2021-08-18 00:00","12929.923667471916","12989.144691903084","12920.053496733388","12959.5341796875","13100","13130","3631"
"2021-08-19","2021-08-19 00:00","12890.440533035371","12920.05103961968","12870.7001953125","12870.7001953125","13060","13040","4369"
"2021-08-20","2021-08-20 00:00","12850.961413319315","12860.831583375628","12762.1298828125","12762.1298828125","13020","12930","8972"
"2021-08-23","2021-08-23 00:00","12910.18332599486","12979.274521164556","12870.702643040746","12959.5341796875","13080","13130","6634"
"2021-08-24","2021-08-24 00:00","13087.845809337236","13087.845809337236","12999.014276694676","13068.10546875","13260","13240","17621"
"2021-08-25","2021-08-25 00:00","13087.845094531842","13087.845094531842","13018.75390625","13018.75390625","13260","13190","4322"
"2021-08-26","2021-08-26 00:00","13068.10557512292","13087.84591587084","13038.49506400104","13048.365234375","13240","13220","3149"
"2021-08-27","2021-08-27 00:00","13048.366264903481","13058.236436056965","12999.015409136071","13038.49609375","13220","13210","3683"
"2021-08-30","2021-08-30 00:00","13097.715979630853","13117.456320218089","13058.235298456382","13068.10546875","13270","13240","8617"
"2021-08-31","2021-08-31 00:00","13137.19489824496","13226.02641896938","13117.454560306198","13216.15625","13310","13390","12577"
"2021-09-01","2021-09-01 00:00","13226.028974739971","13285.25","13216.1588038633","13285.25","13400","13460","6617"
"2021-09-02","2021-09-02 00:00","13255.639487369986","13285.25","13235.899145616642","13285.25","13430","13460","2337"
"2021-09-03","2021-09-03 00:00","13314.857421875","13324.727590460527","13295.117084703947","13314.857421875","13490","13490","6696"
"2021-09-06","2021-09-06 00:00","13304.989967317997","13354.3408203125","13285.249626120196","13354.3408203125","13480","13530","5708"
"2021-09-07","2021-09-07 00:00","13374.081001394266","13383.951171875","13324.730148990597","13383.951171875","13550","13560","7208"
"2021-09-08","2021-09-08 00:00","13374.079973056374","13393.8203125","13344.469463890937","13393.8203125","13550","13570","7235"
"2021-09-09","2021-09-09 00:00","13344.471295907904","13344.471295907904","13226.029242985645","13235.8994140625","13520","13410","11107"
"2021-09-10","2021-09-10 00:00","13206.288632986627","13285.25","13186.548291233285","13285.25","13380","13460","4497"
"2021-09-13","2021-09-13 00:00","13226.028426873132","13235.898597340947","13156.93723359842","13206.2880859375","13400","13380","8110"
"2021-09-14","2021-09-14 00:00","13216.157937912714","13265.5087890625","13206.287767682756","13265.5087890625","13390","13440","3268"
"2021-09-15","2021-09-15 00:00","13147.066459076823","13186.547139134109","13097.715609005212","13137.1962890625","13320","13310","9740"
"2021-09-16","2021-09-16 00:00","13196.418505969763","13196.418505969763","13097.716796875","13097.716796875","13370","13270","5095"
"2021-09-17","2021-09-17 00:00","13097.714479918244","13216.156509879826","13097.714479918244","13166.8056640625","13270","13340","7600"
"2021-09-21","2021-09-21 00:00","12880.571446572581","12979.273143481183","12801.6100890457","12850.9609375","13050","13020","39835"
"2021-09-22","2021-09-22 00:00","12791.740997596155","12841.091850210338","12673.298951322116","12831.2216796875","12960","13000","13138"
"2021-09-24","2021-09-24 00:00","13137.1973192258","13186.548173167293","13107.586806860902","13127.3271484375","13310","13300","6117"
"2021-09-27","2021-09-27 00:00","13156.936313078486","13226.027501519258","13156.936313078486","13196.4169921875","13330","13370","6822"
"2021-09-28","2021-09-28 00:00","13156.93733991977","13226.028533752808","13117.456657729464","13186.5478515625","13330","13360","5822"
"2021-09-29","2021-09-29 00:00","13008.884765625","13048.365447766502","12969.404083483498","13008.884765625","13180","13180","5805"
"2021-09-30","2021-09-30 00:00","13077.976508737509","13087.8466796875","13008.885312087576","13087.8466796875","13250","13260","2715"
"2021-10-01","2021-10-01 00:00","12900.314073350693","12920.054416232639","12772.001844618055","12791.7421875","13070","12960","14338"
"2021-10-04","2021-10-04 00:00","12959.533896484376","12959.533896484376","12801.61116811899","12831.2216796875","13130","13000","7042"
"2021-10-05","2021-10-05 00:00","12752.261501736111","12801.612358940973","12683.170301649305","12791.7421875","12920","12960","8265"
"2021-10-06","2021-10-06 00:00","12910.182114246536","12910.182114246536","12801.61024631327","12821.3505859375","13080","12990","3794"
"2021-10-07","2021-10-07 00:00","12880.571948298055","12989.143819126622","12880.571948298055","12939.79296875","13050","13110","3270"
"2021-10-08","2021-10-08 00:00","13058.235404748959","13117.45642699272","13028.62489362708","13048.365234375","13230","13220","5353"
"2021-10-11","2021-10-11 00:00","13048.363634100919","13176.675833225965","13048.363634100919","13166.8056640625","13220","13340","5148"
"2021-10-12","2021-10-12 00:00","13127.326119048179","13166.806799105465","13097.715609005212","13137.1962890625","13300","13310","2402"
"2021-10-13","2021-10-13 00:00","13156.937660802396","13156.937660802396","13107.586806860902","13127.3271484375","13330","13300","2490"
"2021-10-14","2021-10-14 00:00","13196.418622457884","13265.509819434103","13196.418622457884","13255.6396484375","13370","13430","6637"
"2021-10-15","2021-10-15 00:00","13443.172264771485","13551.744140625","13393.821412110798","13551.744140625","13620","13730","15796"
"2021-10-18","2021-10-18 00:00","13591.225693892045","13601.09586505682","13541.874838068183","13571.4853515625","13770","13750","6794"
"2021-10-19","2021-10-19 00:00","13620.8369140625","13640.577257416213","13551.745712324502","13620.8369140625","13800","13800","6884"
"2021-10-20","2021-10-20 00:00","13709.6650390625","13719.535208277088","13689.924700633324","13709.6650390625","13890","13890","5792"
"2021-10-21","2021-10-21 00:00","13729.406567294674","13739.27673736462","13640.575036665163","13670.185546875","13910","13850","4760"
"2021-10-22","2021-10-22 00:00","13709.6650390625","13729.405377491676","13640.573854560385","13709.6650390625","13890","13890","4121"
"2021-10-25","2021-10-25 00:00","13660.315218614913","13699.7958984375","13620.834538792327","13699.7958984375","13840","13880","4067"
"2021-10-26","2021-10-26 00:00","13768.886561577923","13808.367239890691","13719.535713686962","13798.4970703125","13950","13980","5957"
"2021-10-27","2021-10-27 00:00","13818.23828125","13818.23828125","13749.14708984375","13818.23828125","14000","14000","4356"
"2021-10-28","2021-10-28 00:00","13759.015885135439","13759.015885135439","13680.054531418737","13709.6650390625","13940","13890","6745"
"2021-10-29","2021-10-29 00:00","13759.016706795528","13768.886876599541","13699.795687971444","13739.2763671875","13940","13920","4868"
"2021-11-01","2021-11-01 00:00","13897.200248756219","13897.200248756219","13837.979224968905","13887.330078125","14080","14070","6106"
"2021-11-02","2021-11-02 00:00","13877.4599609375","13916.94064361442","13837.97927826058","13877.4599609375","14060","14060","7456"
"2021-11-04","2021-11-04 00:00","14055.123378743037","14173.5654296875","13995.902353270805","14173.5654296875","14240","14360","7088"
"2021-11-05","2021-11-05 00:00","14183.4337178893","14213.044226694916","13966.28998664813","13976.16015625","14370","14160","26023"
"2021-11-08","2021-11-08 00:00","13976.161894806339","14153.824969740317","13946.551382317342","14015.642578125","14160","14200","12565"
"2021-11-09","2021-11-09 00:00","14035.382583618164","14045.252754211426","13857.719512939453","13897.2001953125","14220","14080","10344"
"2021-11-10","2021-11-10 00:00","13887.3282815004","13916.9387895633","13828.1072653746","13857.7177734375","14070","14040","4015"
"2021-11-11","2021-11-11 00:00","13877.460613823478","13956.421982892174","13877.460613823478","13936.681640625","14060","14120","2816"
"2021-11-12","2021-11-12 00:00","13936.681211487676","14015.642578125","13936.681211487676","14015.642578125","14120","14200","3305"
"2021-11-15","2021-11-15 00:00","14084.733505345395","14084.733505345395","14025.512481496711","14064.9931640625","14270","14250","7641"
"2021-11-16","2021-11-16 00:00","14074.863334703949","14084.733505345395","14045.252822779607","14064.9931640625","14260","14250","3810"
"2021-11-17","2021-11-17 00:00","14134.083984375","14143.95415475515","14104.47347323455","14134.083984375","14320","14320","9127"
"2021-11-18","2021-11-18 00:00","14045.251900319303","14064.992240305697","13986.03088036012","14055.1220703125","14230","14240","7440"
"2021-11-19","2021-11-19 00:00","14094.603302854399","14134.083984375","14055.122621333798","14134.083984375","14280","14320","5664"
"2021-11-22","2021-11-22 00:00","14055.122940042076","14084.733451853963","14005.772087022266","14074.86328125","14240","14260","7514"
"2021-11-24","2021-11-24 00:00","14074.862146824704","14104.47265625","14045.251637399406","14104.47265625","14260","14290","5924"
"2021-11-25","2021-11-25 00:00","14094.604062391192","14173.5654296875","14094.604062391192","14173.5654296875","14280","14360","4033"
"2021-11-26","2021-11-26 00:00","14064.99205373381","14084.73239345835","13867.588656488422","13907.0693359375","14250","14090","17478"
"2021-11-29","2021-11-29 00:00","13704.731515117584","13882.394581212015","13571.484215546761","13601.0947265625","13885","13780","27292"
"2021-11-30","2021-11-30 00:00","13729.407120359987","13768.887802230181","13453.042347268629","13477.7177734375","13910","13655","14290"
"2021-12-01","2021-12-01 00:00","13472.782617613326","13581.3544921875","13438.237021157907","13581.3544921875","13650","13760","12041"
"2021-12-02","2021-12-02 00:00","13403.690733451156","13443.171413078406","13324.729374196659","13438.236328125","13580","13615","20262"
"2021-12-03","2021-12-03 00:00","13467.848554332386","13680.057234375001","13423.43278409091","13571.4853515625","13645","13750","13301"
"2021-12-06","2021-12-06 00:00","13497.457689994199","13556.6787109375","13423.431413815071","13556.6787109375","13675","13735","11639"
"2021-12-07","2021-12-07 00:00","13561.61316565545","13694.860456584378","13527.067571710912","13675.1201171875","13740","13855","8992"
"2021-12-08","2021-12-08 00:00","13890.516192986493","13920.144027027702","13727.563105759848","13915.2060546875","14065","14090","7132"
"2021-12-09","2021-12-09 00:00","13900.391569276573","13915.205485691433","13826.321987202275","13890.515625","14075","14065","5887"
"2021-12-10","2021-12-10 00:00","13791.754276754868","13796.69224821092","13702.870790545921","13757.1884765625","13965","13930","8751"
"2021-12-13","2021-12-13 00:00","13855.949787803496","13895.453564817904","13836.197899296292","13880.6396484375","14030","14055","6839"
"2021-12-14","2021-12-14 00:00","13747.312837837839","13747.312837837839","13658.429349662163","13702.87109375","13920","13875","12944"
"2021-12-15","2021-12-15 00:00","13618.926187057301","13628.802130630222","13564.608497406238","13594.236328125","13790","13765","12011"
"2021-12-16","2021-12-16 00:00","13831.259195264998","13836.197167130498","13762.127589148002","13806.5693359375","14005","13980","7878"
"2021-12-17","2021-12-17 00:00","13678.182552224558","13722.624300589187","13609.050943657357","13658.4306640625","13850","13830","9997"
"2021-12-20","2021-12-20 00:00","13451.035840493347","13485.601644782428","13342.400455584811","13362.15234375","13620","13530","17867"
"2021-12-21","2021-12-21 00:00","13416.47058372776","13559.671778769389","13406.59463924213","13530.0439453125","13585","13700","7803"
"2021-12-22","2021-12-22 00:00","13658.432018649193","13678.183908770161","13589.300403225805","13623.8662109375","13830","13795","10647"
"2021-12-23","2021-12-23 00:00","13747.312028725313","13757.187971274685","13732.498114901256","13752.25","13920","13925","7056"
"2021-12-24","2021-12-24 00:00","13841.135106058742","13851.01104976624","13796.693359375","13796.693359375","14015","13970","5008"
"2021-12-27","2021-12-27 00:00","13885.5771484375","13890.515120396403","13836.197428848462","13885.5771484375","14060","14060","8331"
"2021-12-28","2021-12-28 00:00","14092.972119157752","14092.972119157752","14018.902538993992","14078.158203125","14270","14255","11674"
"2021-12-29","2021-12-29 00:00","14092.972119157752","14092.972119157752","14028.778483015827","14078.158203125","14270","14255","6980"
"2021-12-30","2021-12-30 00:00","14083.095164970166","14083.095164970166","14048.529363373114","14068.28125","14260","14245","4220"
"2022-01-04","2022-01-04 00:00","14117.6629639519","14241.112272835704","14107.787019241196","14231.236328125","14295","14410","16494"
"2022-01-05","2022-01-05 00:00","14241.111000785613","14241.111000785613","14142.3515625","14142.3515625","14420","14320","10404"
"2022-01-06","2022-01-06 00:00","14018.901981482406","14018.901981482406","13870.76282704617","13910.2666015625","14195","14085","11606"
"2022-01-07","2022-01-07 00:00","13974.460027098403","14004.087857544548","13934.95625317021","13994.2119140625","14150","14170","9438"
"2022-01-11","2022-01-11 00:00","13885.577620564301","13885.577620564301","13826.32195504269","13880.6396484375","14060","14055","11006"
"2022-01-12","2022-01-12 00:00","14023.841923060041","14063.345703125","13974.462197978844","14063.345703125","14200","14240","7314"
"2022-01-13","2022-01-13 00:00","14018.90265350126","14018.90265350126","13944.833072732496","13964.5849609375","14195","14140","4642"
"2022-01-14","2022-01-14 00:00","13831.258589478195","13831.258589478195","13697.93335494913","13772.0029296875","14005","13945","23754"
"2022-01-17","2022-01-17 00:00","13831.258689484572","13831.258689484572","13776.941000950359","13801.630859375","14005","13975","4658"
"2022-01-18","2022-01-18 00:00","13855.948007140938","13865.82395012536","13762.12654878895","13786.81640625","14030","13960","10953"
"2022-01-19","2022-01-19 00:00","13678.181848494823","13678.181848494823","13549.794582046858","13594.236328125","13850","13765","20037"
"2022-01-20","2022-01-20 00:00","13460.910457333044","13579.421774638984","13431.282628006558","13549.7939453125","13630","13720","19394"
"2022-01-21","2022-01-21 00:00","13381.903627500926","13411.531458410522","13223.888529316413","13327.5859375","13550","13495","21771"
"2022-01-24","2022-01-24 00:00","13184.385432208132","13618.926974543081","13169.571515992167","13238.703125","13350","13405","15700"
"2022-01-25","2022-01-25 00:00","13184.384743421988","13194.260687050019","12937.486152721202","13031.3076171875","13350","13195","16464"
"2022-01-26","2022-01-26 00:00","13016.493701745454","13065.873419885611","12967.113983605295","13031.3076171875","13180","13195","9256"
"2022-01-27","2022-01-27 00:00","13120.189132468271","13144.87898781729","12818.97289721025","12888.1044921875","13285","13050","17759"
"2022-01-28","2022-01-28 00:00","13085.62516520794","13135.0048828125","13026.369504082471","13135.0048828125","13250","13300","4792"
"2022-01-31","2022-01-31 00:00","13268.331876182838","13376.967269288913","13218.952152043712","13372.029296875","13435","13540","7716"
"2022-02-01","2022-02-01 00:00","13475.72568341522","13505.353515625","13451.035823240403","13505.353515625","13645","13675","6678"
"2022-02-02","2022-02-02 00:00","13594.236121530912","13678.181640625","13589.298149819495","13678.181640625","13765","13850","5930"
"2022-02-03","2022-02-03 00:00","13539.917497379693","13564.607354231224","13525.103583268774","13544.85546875","13710","13715","5039"
"2022-02-04","2022-02-04 00:00","13544.85546875","13564.607354231224","13465.8479268251","13544.85546875","13715","13715","4444"
"2022-02-07","2022-02-07 00:00","13554.733806526574","13554.733806526574","13465.850306155908","13530.0439453125","13725","13700","6081"
"2022-02-08","2022-02-08 00:00","13500.415071900128","13549.79479052449","13500.415071900128","13510.291015625","13670","13680","2376"
"2022-02-09","2022-02-09 00:00","13633.73945854839","13707.809031847277","13623.863515441872","13692.9951171875","13805","13865","3873"
"2022-02-10","2022-02-10 00:00","13826.320717799643","13846.072604539357","13772.00302926543","13801.630859375","14000","13975","4871"
"2022-02-14","2022-02-14 00:00","13431.2822265625","13465.84802641027","13381.902512494255","13431.2822265625","13600","13600","12020"
"2022-02-15","2022-02-15 00:00","13401.654465010437","13411.530407873377","13293.019093518089","13307.8330078125","13570","13475","7141"
"2022-02-16","2022-02-16 00:00","13549.794450136611","13554.732421875","13520.166619706284","13554.732421875","13720","13725","5795"
"2022-02-17","2022-02-17 00:00","13539.91988979813","13584.361639983463","13460.912333913093","13530.0439453125","13710","13700","3183"
"2022-02-18","2022-02-18 00:00","13332.524705091058","13441.160091576987","13268.331067622103","13421.408203125","13500","13590","9867"
"2022-02-21","2022-02-21 00:00","13144.881349107309","13302.89645172618","13090.563657582072","13293.0205078125","13310","13460","10005"
"2022-02-22","2022-02-22 00:00","13036.245995871299","13075.749771616363","12907.858724699838","13006.6181640625","13200","13170","17426"
"2022-02-24","2022-02-24 00:00","12883.167979468835","12883.167979468835","12542.447937083496","12596.765625","13045","12755","28159"
"2022-02-25","2022-02-25 00:00","12927.60940854604","13011.55492418595","12878.22969346374","12937.4853515625","13090","13100","15859"
"2022-02-28","2022-02-28 00:00","13026.370376230454","13105.3779296875","12981.928627410865","13105.3779296875","13190","13270","11148"
"2022-03-01","2022-03-01 00:00","13332.525005255045","13342.400949703382","13194.261782978327","13214.013671875","13500","13380","10695"
"2022-03-02","2022-03-02 00:00","13021.432713624432","13065.874463500284","12972.052991540153","13051.060546875","13185","13215","12174"
"2022-03-03","2022-03-03 00:00","13214.013361497487","13273.269026795682","13169.571612523841","13268.3310546875","13380","13435","5440"
"2022-03-04","2022-03-04 00:00","13174.510070568354","13174.510070568354","12828.852010246097","12967.115234375","13340","13130","19380"
"2022-03-07","2022-03-07 00:00","12739.968397246384","12774.534202975346","12542.449507366595","12631.3330078125","12900","12790","20472"
"2022-03-08","2022-03-08 00:00","12458.504315025566","12631.333348329528","12414.062563604548","12433.814453125","12615","12590","18028"
"2022-03-09","2022-03-09 00:00","12473.3171395366","12606.64238212072","12473.3171395366","12547.38671875","12630","12705","6481"
"2022-03-10","2022-03-10 00:00","12873.292628297018","12922.672346855887","12868.354656441132","12917.734375","13035","13080","4425"
"2022-03-11","2022-03-11 00:00","12897.981883623994","12897.981883623994","12754.78070650872","12883.16796875","13060","13045","6705"
"2022-03-14","2022-03-14 00:00","12848.602637916987","12897.98235597201","12754.781173612442","12878.23046875","13010","13040","10058"
"2022-03-15","2022-03-15 00:00","12794.284783742904","12858.478416390013","12789.346812000818","12828.8505859375","12955","12990","5176"
"2022-03-16","2022-03-16 00:00","12967.115520252222","13065.874968235865","12937.48768585713","13055.9990234375","13130","13220","9520"
"2022-03-17","2022-03-17 00:00","13406.593697567114","13510.29110738255","13238.702653104026","13243.640625","13575","13410","15834"
"2022-03-18","2022-03-18 00:00","13347.338995426619","13386.8427734375","13307.835217415737","13386.8427734375","13515","13555","6052"
"2022-03-22","2022-03-22 00:00","13599.174266885904","13628.802097532714","13544.856577366752","13584.3603515625","13770","13755","18413"
"2022-03-23","2022-03-23 00:00","13880.639436066234","13964.5849609375","13880.639436066234","13964.5849609375","14055","14140","13281"
"2022-03-24","2022-03-24 00:00","13796.692649716415","13895.45208171152","13767.064820117883","13875.7001953125","13970","14050","7578"
"2022-03-25","2022-03-25 00:00","14063.343926740898","14063.343926740898","13934.956657746774","13969.5224609375","14240","14145","10115"
"2022-03-28","2022-03-28 00:00","14073.221648141238","14088.035565665597","13979.400170486964","14063.345703125","14250","14240","12160"
"2022-03-29","2022-03-29 00:00","14250.986898321298","14320.118504896662","14206.545151237136","14275.6767578125","14430","14455","10886"
"2022-03-30","2022-03-30 00:00","14443.566473599138","14443.566473599138","14226.295730064654","14320.1171875","14625","14500","9353"
"2022-03-31","2022-03-31 00:00","14270.73828125","14320.11799848616","14226.296535737458","14270.73828125","14450","14450","5171"
"2022-04-01","2022-04-01 00:00","14063.344513525306","14171.979899514616","14048.530597254035","14147.2900390625","14240","14325","10561"
"2022-04-04","2022-04-04 00:00","14186.79272900526","14260.8623046875","14127.537068459467","14260.8623046875","14365","14440","6527"
"2022-04-05","2022-04-05 00:00","14320.116614043609","14329.992556536054","14270.736901581391","14295.4267578125","14500","14475","3706"
"2022-04-06","2022-04-06 00:00","14295.4267578125","14310.240671551166","14250.985016596504","14295.4267578125","14475","14475","7752"
"2022-04-07","2022-04-07 00:00","14107.787455698077","14107.787455698077","14023.841923060041","14063.345703125","14285","14240","5925"
"2022-04-08","2022-04-08 00:00","14191.732389912298","14191.732389912298","14097.910916214201","14181.8564453125","14370","14360","2247"
"2022-04-11","2022-04-11 00:00","14176.91739869101","14186.793342542414","14137.413623285393","14152.2275390625","14355","14330","3211"
"2022-04-12","2022-04-12 00:00","14102.846511551299","14122.59839742182","14004.0870821987","14053.466796875","14280","14230","4249"
"2022-04-13","2022-04-13 00:00","14088.034534646738","14196.669921875","14073.220618206522","14196.669921875","14265","14375","3742"
"2022-04-14","2022-04-14 00:00","14221.359034267913","14265.80078125","14171.979315398927","14265.80078125","14400","14445","7769"
"2022-04-15","2022-04-15 00:00","14181.856101939431","14226.2978515625","14132.47638013602","14226.2978515625","14360","14405","4374"
"2022-04-18","2022-04-18 00:00","14142.351057675514","14152.227001151545","14063.343509867273","14137.4130859375","14320","14315","6360"
"2022-04-19","2022-04-19 00:00","14265.799501616379","14369.496901939654","14221.357758620688","14320.1171875","14445","14500","9285"
"2022-04-20","2022-04-20 00:00","14537.387661454793","14596.643317683549","14468.256062521245","14527.51171875","14720","14710","7848"
"2022-04-21","2022-04-21 00:00","14542.327717823093","14586.769466366526","14512.699885460805","14567.017578125","14725","14750","6042"
"2022-04-22","2022-04-22 00:00","14354.685322397274","14354.685322397274","14255.92587745474","14285.5537109375","14535","14465","10233"
"2022-04-25","2022-04-25 00:00","14023.83896806922","14107.78448301893","13895.45170991084","14053.466796875","14200","14230","13555"
"2022-04-26","2022-04-26 00:00","14097.909079940331","14097.909079940331","13934.956015268515","14068.28125","14275","14245","5716"
"2022-04-27","2022-04-27 00:00","13584.361594428497","13821.384261288755","13544.857816618456","13816.4462890625","13755","13990","18711"
"2022-04-28","2022-04-28 00:00","13915.204660380874","14122.599477888325","13860.886970081303","14083.095703125","14090","14260","6256"
"2022-05-02","2022-05-02 00:00","13910.26726837374","13999.150765296255","13865.825519912481","13964.5849609375","14085","14140","8548"
"2022-05-06","2022-05-06 00:00","13964.58530424131","13964.58530424131","13851.011944270464","13920.1435546875","14140","14095","9646"
"2022-05-09","2022-05-09 00:00","13732.49993459106","13781.879653881211","13653.492383726818","13712.748046875","13905","13885","10911"
"2022-05-10","2022-05-10 00:00","13500.413758313007","13613.987100098377","13372.02650238172","13411.5302734375","13670","13580","18696"
"2022-05-11","2022-05-11 00:00","13367.090509882037","13455.974007915976","13332.524705091058","13421.408203125","13535","13590","8892"
"2022-05-12","2022-05-12 00:00","13273.269841269841","13347.339427437642","13060.937027588812","13065.875","13440","13230","20195"
"2022-05-13","2022-05-13 00:00","13085.62599076837","13268.330957431928","13080.688018696383","13238.703125","13250","13405","12003"
"2022-05-16","2022-05-16 00:00","13510.291061046511","13530.042948562661","13307.834214005976","13376.9658203125","13680","13545","9939"
"2022-05-17","2022-05-17 00:00","13386.8417190641","13515.228987487437","13357.213887889482","13510.291015625","13555","13680","4366"
"2022-05-18","2022-05-18 00:00","13717.686835076345","13717.686835076345","13579.423612836556","13663.369140625","13890","13835","6708"
"2022-05-19","2022-05-19 00:00","13070.811543858523","13288.082306204491","13055.997628244026","13223.888671875","13235","13390","18141"
"2022-05-20","2022-05-20 00:00","13184.384929600046","13238.702620321244","13115.253323227611","13233.7646484375","13350","13400","10229"
"2022-05-23","2022-05-23 00:00","13263.392040160268","13312.771757361163","13179.446520918747","13248.578125","13430","13415","9128"
"2022-05-24","2022-05-24 00:00","13327.5854436701","13327.5854436701","13036.2451171875","13036.2451171875","13495","13200","11766"
"2022-05-25","2022-05-25 00:00","13080.6884765625","13095.502393297","13031.30875411417","13080.6884765625","13245","13245","4643"
"2022-05-26","2022-05-26 00:00","13120.190801886793","13194.26037735849","13080.687028301887","13085.625","13285","13250","4539"
"2022-05-27","2022-05-27 00:00","13372.027683864393","13372.027683864393","13258.454332044275","13327.5859375","13540","13495","8617"
"2022-05-30","2022-05-30 00:00","13584.360178108078","13678.181640625","13534.980460993907","13678.181640625","13755","13850","10532"
"2022-05-31","2022-05-31 00:00","13712.748046875","13796.693569668258","13697.934131087954","13712.748046875","13885","13885","12544"
"2022-06-01","2022-06-01 00:00","13767.064453125","13806.568224869978","13742.374595784388","13767.064453125","13940","13940","6593"
"2022-06-02","2022-06-02 00:00","13727.56014362657","13762.125942549372","13683.118402154398","13752.25","13900","13925","4451"
"2022-06-03","2022-06-03 00:00","13974.460807383948","13974.460807383948","13910.267171166282","13934.95703125","14150","14110","6480"
"2022-06-06","2022-06-06 00:00","13826.322552563875","13934.957944048307","13826.322552563875","13915.2060546875","14000","14090","6899"
"2022-06-07","2022-06-07 00:00","13969.521655707851","13969.521655707851","13875.7001953125","13875.7001953125","14145","14050","5125"
"2022-06-08","2022-06-08 00:00","14054.69618373691","14198.01059629963","14044.81243114638","14158.4755859375","14220","14325","9796"
"2022-06-09","2022-06-09 00:00","14232.603472465802","14232.603472465802","14089.2890625","14089.2890625","14400","14255","10052"
"2022-06-10","2022-06-10 00:00","13857.021014371658","13901.497900651739","13827.369756851605","13861.962890625","14020","14025","9733"
"2022-06-13","2022-06-13 00:00","13471.554393450184","13525.915031134686","13343.065613468634","13392.484375","13630","13550","17111"
"2022-06-14","2022-06-14 00:00","13095.970907378116","13333.180946455153","13066.319652493487","13278.8203125","13250","13435","19029"
"2022-06-15","2022-06-15 00:00","13244.228731824578","13333.18250688907","13130.565574797725","13170.1005859375","13400","13325","9149"
"2022-06-16","2022-06-16 00:00","13338.12394437547","13372.717077984445","13184.92578125","13184.92578125","13495","13340","16018"
"2022-06-17","2022-06-17 00:00","12942.773584709268","13036.669231181004","12804.401053066711","12982.30859375","13095","13135","37466"
"2022-06-20","2022-06-20 00:00","13081.146479529461","13081.146479529461","12809.343284828245","12947.7158203125","13235","13100","12570"
"2022-06-21","2022-06-21 00:00","13007.017726089016","13056.436486446497","12967.48271780303","13046.552734375","13160","13200","10144"
"2022-06-22","2022-06-22 00:00","13263.995980290456","13263.995980290456","13066.320928423236","13100.9140625","13420","13255","6639"
"2022-06-23","2022-06-23 00:00","13091.03041898464","13189.86794574179","13051.495408281779","13130.5654296875","13245","13285","4916"
"2022-06-24","2022-06-24 00:00","13125.624416542196","13234.345703125","13076.205649913649","13234.345703125","13280","13390","3966"
"2022-06-27","2022-06-27 00:00","13466.612920579588","13501.2060546875","13392.484776062636","13501.2060546875","13625","13660","5918"
"2022-06-28","2022-06-28 00:00","13550.62576193338","13550.62576193338","13446.84635237809","13491.3232421875","13710","13650","3339"
"2022-06-29","2022-06-29 00:00","13412.25238683258","13412.25238683258","13343.066118072205","13397.4267578125","13570","13555","3981"
"2022-06-30","2022-06-30 00:00","13352.949468610543","13412.25198290489","13263.99569716902","13288.705078125","13510","13445","4424"
"2022-07-01","2022-07-01 00:00","13214.575606768864","13229.401233852","12997.133076216198","13066.3193359375","13370","13220","6600"
"2022-07-04","2022-07-04 00:00","13234.343675497848","13239.285551403562","13145.389909195026","13214.576171875","13390","13370","3742"
"2022-07-05","2022-07-05 00:00","13392.485495280307","13451.788014078596","13387.543618713784","13432.0205078125","13550","13590","3050"
"2022-07-06","2022-07-06 00:00","13244.228841023962","13323.298863955448","13194.810076691783","13199.751953125","13400","13355","3703"
"2022-07-07","2022-07-07 00:00","13352.94929237112","13372.716796875","13239.286141473809","13372.716796875","13510","13530","2672"
"2022-07-08","2022-07-08 00:00","13540.740844726562","13540.740844726562","13392.484558105469","13441.9033203125","13700","13600","6420"
"2022-07-11","2022-07-11 00:00","13570.390907078383","13570.390907078383","13491.320894509827","13516.0302734375","13730","13675","3346"
"2022-07-12","2022-07-12 00:00","13511.088891340209","13511.088891340209","13362.832612356959","13387.5419921875","13670","13545","3232"
"2022-07-13","2022-07-13 00:00","13343.065503363074","13377.65863614957","13313.414246688933","13362.8330078125","13500","13520","10825"
"2022-07-14","2022-07-14 00:00","13293.647785496676","13392.48531550037","13254.112773495199","13382.6015625","13450","13540","3720"
"2022-07-15","2022-07-15 00:00","13397.426251153136","13422.13563191882","13328.239985009224","13392.484375","13555","13550","3494"
"2022-07-19","2022-07-19 00:00","13511.088755498535","13516.030631414957","13446.844368585045","13481.4375","13670","13640","6994"
"2022-07-20","2022-07-20 00:00","13822.427190519864","13847.13657055297","13773.00843045365","13807.6015625","13985","13970","11439"
"2022-07-21","2022-07-21 00:00","13807.602178909317","13847.13718872724","13768.067169091395","13842.1953125","13970","14005","8444"
"2022-07-22","2022-07-22 00:00","13812.544921875","13837.254304561717","13763.126156501565","13812.544921875","13975","13975","3956"
"2022-07-25","2022-07-25 00:00","13629.694769453266","13674.171655938066","13585.217882968465","13614.869140625","13790","13775","5254"
"2022-07-26","2022-07-26 00:00","13664.28722038806","13693.9384765625","13629.694088184546","13693.9384765625","13825","13855","2909"
"2022-07-27","2022-07-27 00:00","13713.706524662603","13713.706524662603","13649.462133736255","13708.7646484375","13875","13870","2923"
"2022-07-28","2022-07-28 00:00","13827.369352570293","13827.369352570293","13693.938697631265","13753.2412109375","13990","13915","3897"
"2022-07-29","2022-07-29 00:00","13837.253030541562","13847.136782706235","13679.112995906802","13733.4736328125","14000","13895","10314"
"2022-08-01","2022-08-01 00:00","13807.602719464576","13807.602719464576","13688.997685367527","13723.5908203125","13970","13885","5682"
"2022-08-02","2022-08-02 00:00","13659.345145905725","13659.345145905725","13451.786355700211","13511.0888671875","13820","13670","6583"
"2022-08-03","2022-08-03 00:00","13698.8818359375","13748.30060157941","13629.695564038826","13698.8818359375","13860","13860","3944"
"2022-08-04","2022-08-04 00:00","13906.439379448399","13921.265007784697","13847.136866103203","13886.671875","14070","14050","12387"
"2022-08-05","2022-08-05 00:00","13837.25322376598","13916.3232421875","13837.25322376598","13916.3232421875","14000","14080","6873"
"2022-08-08","2022-08-08 00:00","13970.684391413393","14059.638165394801","13970.684391413393","14054.6962890625","14135","14220","8179"
"2022-08-09","2022-08-09 00:00","14054.69617963795","14084.347437400898","13970.684282642926","14025.044921875","14220","14190","2997"
"2022-08-10","2022-08-10 00:00","14015.161384996014","14020.1032613659","13931.149486707956","13950.9169921875","14180","14115","2878"
"2022-08-12","2022-08-12 00:00","14054.695423519737","14089.28855571546","14039.869795435854","14084.3466796875","14220","14250","3595"
"2022-08-15","2022-08-15 00:00","14188.126198092807","14277.079967359847","14188.126198092807","14247.4287109375","14355","14415","5219"
"2022-08-16","2022-08-16 00:00","14277.080078125","14277.080078125","14227.661317037686","14277.080078125","14445","14445","6243"
"2022-08-17","2022-08-17 00:00","14331.441623561985","14390.744140625","14331.441623561985","14390.744140625","14500","14560","9173"
"2022-08-18","2022-08-18 00:00","14375.919921875","14375.919921875","14301.791768273031","14375.919921875","14545","14545","3753"
"2022-08-19","2022-08-19 00:00","14410.51179098887","14454.988679232663","14405.569914517337","14430.279296875","14580","14600","4022"
"2022-08-22","2022-08-22 00:00","14331.443029713819","14375.919921875","14272.140506832244","14375.919921875","14500","14545","5707"
"2022-08-23","2022-08-23 00:00","14232.603730366493","14252.371235547556","14113.998699280106","14158.4755859375","14400","14325","10081"
"2022-08-24","2022-08-24 00:00","14118.93984895468","14138.707353118425","14034.927956258765","14094.23046875","14285","14260","8107"
"2022-08-25","2022-08-25 00:00","14183.184753417969","14232.603515625","14183.184753417969","14232.603515625","14350","14400","2924"
"2022-08-26","2022-08-26 00:00","14341.325231630939","14351.208984375","14306.73209702673","14351.208984375","14510","14520","4774"
"2022-08-29","2022-08-29 00:00","13926.20886810937","14064.581418963544","13886.673853579605","14029.98828125","14090","14195","17083"
"2022-08-30","2022-08-30 00:00","14099.17140553828","14104.11328125","14034.927021285916","14104.11328125","14265","14270","4358"
"2022-08-31","2022-08-31 00:00","13965.740891617063","14015.159649195326","13916.3221340388","14010.2177734375","14130","14175","12301"
"2022-09-01","2022-09-01 00:00","13896.556422991072","13911.38205217634","13787.835142299107","13837.25390625","14060","14000","9552"
"2022-09-02","2022-09-02 00:00","13960.800201199578","13960.800201199578","13886.672058538341","13936.0908203125","14125","14100","3336"
"2022-09-05","2022-09-05 00:00","13876.788261935686","13901.497642743976","13792.7763671875","13792.7763671875","14040","13955","8216"
"2022-09-06","2022-09-06 00:00","13876.788774277227","13955.85879578308","13861.96314524488","13931.1494140625","14040","14095","3099"
"2022-09-07","2022-09-07 00:00","14034.927771485749","14054.695275389251","13921.26462404062","14044.8115234375","14200","14210","4109"
"2022-09-08","2022-09-08 00:00","14291.907154875778","14326.500291142767","14262.25589521836","14272.1396484375","14460","14440","7167"
"2022-09-09","2022-09-09 00:00","14370.976598743557","14415.453486428802","14331.441587467783","14380.8603515625","14540","14550","4700"
"2022-09-12","2022-09-12 00:00","14499.463041988867","14553.823673707298","14464.869912713502","14538.998046875","14670","14710","8392"
"2022-09-13","2022-09-13 00:00","14672.430083528381","14672.430083528381","14627.953198802294","14647.720703125","14845","14820","3573"
"2022-09-14","2022-09-14 00:00","14262.254736226329","14346.266631761966","14207.894097938564","14222.7197265625","14430","14390","12573"
"2022-09-15","2022-09-15 00:00","14237.545391845704","14242.487268066407","14158.475372314453","14232.603515625","14405","14400","4748"
"2022-09-16","2022-09-16 00:00","14025.043982449384","14049.753362263426","13980.567098784111","14034.927734375","14190","14200","8385"
"2022-09-20","2022-09-20 00:00","14143.65075320162","14143.65075320162","14049.755098306152","14109.0576171875","14310","14275","6933"
"2022-09-21","2022-09-21 00:00","13955.859916651929","14015.162437544217","13936.092409687832","13970.685546875","14120","14135","6515"
"2022-09-22","2022-09-22 00:00","13777.950563957887","13876.7880859375","13679.113041978277","13876.7880859375","13940","14040","16375"
"2022-09-26","2022-09-26 00:00","13619.810565655049","13684.054955115686","13333.18175113836","13362.8330078125","13780","13520","57799"
"2022-09-27","2022-09-27 00:00","13436.960838418112","13540.740234375","13422.13521042427","13540.740234375","13595","13700","9509"
"2022-09-28","2022-09-28 00:00","13446.845630520795","13501.206270702982","13288.705586354436","13427.078125","13605","13585","18090"
"2022-09-29","2022-09-29 00:00","13585.217846511192","13619.81098035098","13481.438444991827","13604.9853515625","13745","13765","11434"
"2022-09-30","2022-09-30 00:00","13471.553883611343","13639.577666459027","13387.5419921875","13387.5419921875","13630","13545","14494"
"2022-10-03","2022-10-03 00:00","13343.066550498523","13382.6015625","13175.042749492246","13382.6015625","13500","13540","16993"
"2022-10-04","2022-10-04 00:00","13679.113896396397","13713.70703125","13575.334491835585","13713.70703125","13840","13875","12790"
"2022-10-05","2022-10-05 00:00","13876.788049046685","13886.671801218372","13817.485536016571","13866.904296875","14040","14030","7777"
"2022-10-06","2022-10-06 00:00","13866.904517277324","13955.858288236337","13866.904517277324","13926.20703125","14030","14090","4949"
"2022-10-07","2022-10-07 00:00","13807.600942994259","13817.484694564047","13688.9959241568","13773.0078125","13970","13935","6817"
"2022-10-11","2022-10-11 00:00","13476.496269603322","13516.031278828414","13298.588728090406","13392.484375","13635","13550","14556"
"2022-10-12","2022-10-12 00:00","13402.369930033896","13486.3818359375","13362.834915491023","13486.3818359375","13560","13645","3703"
"2022-10-13","2022-10-13 00:00","13441.90440434703","13476.497540681745","13432.020651108538","13471.5556640625","13600","13630","3555"
"2022-10-14","2022-10-14 00:00","13768.067023026315","13832.311413298872","13679.113251879699","13802.66015625","13930","13965","7674"
"2022-10-17","2022-10-17 00:00","13619.810299295776","13684.0546875","13540.74028304442","13684.0546875","13780","13845","7783"
"2022-10-18","2022-10-18 00:00","13901.4974294759","13931.148685990956","13822.427412102414","13866.904296875","14065","14030","16187"
"2022-10-19","2022-10-19 00:00","13941.031943111097","14005.27632994571","13936.090067200741","13995.392578125","14105","14160","3821"
"2022-10-20","2022-10-20 00:00","13782.892943162602","13881.73046875","13768.067314324491","13881.73046875","13945","14045","4237"
"2022-10-21","2022-10-21 00:00","13852.078631739814","13857.0205078125","13807.601747085637","13857.0205078125","14015","14020","3685"
"2022-10-24","2022-10-24 00:00","13990.451421387066","14064.57956385291","13857.020764948546","13926.20703125","14155","14090","7365"
"2022-10-25","2022-10-25 00:00","14029.985858412192","14059.637114189041","14015.160230523768","14034.927734375","14195","14200","2996"
"2022-10-26","2022-10-26 00:00","14054.69581914543","14104.114580816125","14039.870190644222","14059.6376953125","14220","14225","4156"
"2022-10-27","2022-10-27 00:00","14034.928820054462","14064.580078125","14000.335685638835","14064.580078125","14200","14230","3215"
"2022-10-28","2022-10-28 00:00","13931.149158171791","13990.4516732119","13857.021014371658","13861.962890625","14095","14025","6117"
"2022-10-31","2022-10-31 00:00","14198.009691421226","14227.660947303068","14163.41655955908","14178.2421875","14365","14345","9430"
"2022-11-01","2022-11-01 00:00","14198.010060385299","14277.080078125","14183.184432059104","14277.080078125","14365","14445","6661"
"2022-11-02","2022-11-02 00:00","14178.242730865904","14198.010235544698","14158.475226187109","14193.068359375","14345","14360","2611"
"2022-11-04","2022-11-04 00:00","13896.555563062566","14000.3349609375","13861.962430437588","14000.3349609375","14060","14165","8904"
"2022-11-07","2022-11-07 00:00","14089.289713655486","14133.7666015625","14034.929072880246","14133.7666015625","14255","14300","5463"
"2022-11-08","2022-11-08 00:00","14232.604891304347","14232.604891304347","14133.767357336956","14207.8955078125","14400","14375","3268"
"2022-11-09","2022-11-09 00:00","14232.604130585383","14267.197265625","14183.185366243073","14267.197265625","14400","14435","4506"
"2022-11-10","2022-11-10 00:00","13970.684282642926","14044.8124270503","13911.381767117027","14025.044921875","14135","14190","8083"
"2022-11-11","2022-11-11 00:00","14311.673535156251","14316.615411376953","14212.836010742189","14232.603515625","14480","14400","7913"
"2022-11-14","2022-11-14 00:00","14212.83579040272","14212.83579040272","14074.463258368201","14173.30078125","14380","14340","6682"
"2022-11-15","2022-11-15 00:00","14173.301000976564","14232.603515625","14138.707867431642","14232.603515625","14340","14400","2710"
"2022-11-16","2022-11-16 00:00","14193.069842064046","14207.89547212191","14094.232308344936","14198.01171875","14360","14365","5726"
"2022-11-17","2022-11-17 00:00","14089.289423388604","14094.231299720905","14034.928783733298","14054.6962890625","14255","14220","4845"
"2022-11-18","2022-11-18 00:00","14133.765291003256","14133.765291003256","14044.8115234375","14044.8115234375","14300","14210","3145"
"2022-11-21","2022-11-21 00:00","14128.822659808602","14128.822659808602","14064.578275556238","14104.11328125","14295","14270","3002"
"2022-11-22","2022-11-22 00:00","14232.604855551688","14237.546732237644","14188.12796537809","14198.01171875","14400","14365","3711"
"2022-11-24","2022-11-24 00:00","14282.02426064584","14825.630720393605","14247.431122298254","14375.919921875","14450","14545","22659"
"2022-11-25","2022-11-25 00:00","14301.78949555193","14331.440752280785","14247.428858215691","14286.9638671875","14470","14455","10874"
"2022-11-28","2022-11-28 00:00","14286.964110728692","14311.673491757278","14079.405310088565","14089.2890625","14455","14255","18627"
"2022-11-29","2022-11-29 00:00","14069.520731202452","14128.8232421875","14015.160096132826","14128.8232421875","14235","14295","8753"
"2022-11-30","2022-11-30 00:00","14074.463470469682","14123.88223265532","14034.92846072117","14099.1728515625","14240","14265","10405"
"2022-12-01","2022-12-01 00:00","14395.684556100572","14400.626432020963","14232.602650727651","14262.25390625","14565","14430","14279"
"2022-12-02","2022-12-02 00:00","14128.825630252102","14143.651260504203","14059.639355742298","14114","14295","14280","16173"
"2022-12-05","2022-12-05 00:00","14109.05682298484","14163.417462232766","14059.638060032177","14158.4755859375","14275","14325","10102"
"2022-12-06","2022-12-06 00:00","14158.475695124738","14212.836334791884","14104.115055457594","14188.126953125","14325","14355","18423"
"2022-12-07","2022-12-07 00:00","13911.383025982712","13975.627423616024","13842.196751608375","13970.685546875","14075","14135","15419"
"2022-12-08","2022-12-08 00:00","13848.12772755611","13892.639566680396","13818.453168139917","13882.748046875","14000","14035","15836"
"2022-12-09","2022-12-09 00:00","13932.206339807632","13966.826660850818","13887.694498466393","13907.4775390625","14085","14060","7643"
"2022-12-12","2022-12-12 00:00","13858.019089776044","13991.554605630417","13858.019089776044","13981.6630859375","14010","14135","33466"
"2022-12-13","2022-12-13 00:00","14164.6572265625","14174.54874697211","14095.416583695225","14164.6572265625","14320","14320","10323"
"2022-12-14","2022-12-14 00:00","14105.30798361267","14125.0910242629","14006.39278036153","14090.470703125","14260","14245","10583"
"2022-12-15","2022-12-15 00:00","14026.175127437944","14031.12088735594","13858.019290226064","13947.04296875","14180","14100","15284"
"2022-12-16","2022-12-16 00:00","13848.128377322259","13892.64021853508","13823.399576648468","13843.1826171875","14000","13995","13689"
"2022-12-19","2022-12-19 00:00","13719.539762931034","13719.539762931034","13501.926298774953","13625.5703125","13870","13775","22866"
"2022-12-20","2022-12-20 00:00","13605.786768790562","13665.135893190958","13106.264971753904","13145.8310546875","13755","13290","47844"
"2022-12-21","2022-12-21 00:00","13210.125852305853","13279.366496982859","13155.722488631063","13254.6376953125","13355","13400","21311"
"2022-12-22","2022-12-22 00:00","13427.738565930582","13452.467366236162","13353.552165013838","13403.009765625","13575","13550","13560"
"2022-12-23","2022-12-23 00:00","13284.31042874536","13363.442583198052","13254.635870825603","13328.822265625","13430","13475","12196"
"2022-12-26","2022-12-26 00:00","13353.551063891466","13403.008660424397","13313.98498666512","13328.822265625","13500","13475","15856"
"2022-12-27","2022-12-27 00:00","13383.22648374496","13516.7620029841","13383.22648374496","13492.033203125","13530","13640","9603"
"2022-12-28","2022-12-28 00:00","13477.19669432701","13551.383098148995","13447.522132798218","13526.654296875","13625","13675","14037"
"2022-12-29","2022-12-29 00:00","13403.009192582762","13403.009192582762","13304.093995589532","13333.7685546875","13550","13480","11711"
"2022-12-30","2022-12-30 00:00","13432.684244310838","13432.684244310838","13333.769043689992","13393.1181640625","13580","13540","6624"
"2023-01-04","2023-01-04 00:00","13264.528930254888","13299.14925184765","13195.288287069368","13279.3662109375","13410","13425","18043"
"2023-01-05","2023-01-05 00:00","13388.171591969718","13412.900390625","13318.930955734928","13412.900390625","13535","13560","5467"
"2023-01-06","2023-01-06 00:00","13403.008635244963","13501.923828125","13403.008635244963","13501.923828125","13550","13650","3898"
"2023-01-10","2023-01-10 00:00","13610.731811567843","13610.731811567843","13521.708129660787","13595.89453125","13760","13745","5285"
"2023-01-11","2023-01-11 00:00","13670.081259067827","13675.027019291803","13571.16605458832","13635.4609375","13820","13785","7685"
"2023-01-12","2023-01-12 00:00","13699.75582041168","13709.64734085963","13600.840615932173","13635.4609375","13850","13785","3795"
"2023-01-13","2023-01-13 00:00","13536.546908380682","13600.841796875","13531.601147727273","13600.841796875","13685","13750","5727"
"2023-01-16","2023-01-16 00:00","13581.057250932157","13595.89453125","13511.816609448892","13595.89453125","13730","13745","5700"
"2023-01-17","2023-01-17 00:00","13571.164875114051","13600.839433878877","13526.65303696681","13551.3818359375","13720","13700","3776"
"2023-01-18","2023-01-18 00:00","13541.490079286395","13724.48318846594","13482.140962795731","13640.4052734375","13690","13790","6098"
"2023-01-19","2023-01-19 00:00","13403.00911023339","13482.141267341778","13299.14815402863","13323.876953125","13550","13470","15468"
"2023-01-20","2023-01-20 00:00","13323.878130331288","13407.9560546875","13299.14932905005","13407.9560546875","13470","13555","3715"
"2023-01-23","2023-01-23 00:00","13561.273355525775","13590.947914290602","13516.761517378534","13551.3818359375","13710","13700","6112"
"2023-01-24","2023-01-24 00:00","13699.756594270078","13719.539636283465","13615.678665713187","13670.08203125","13850","13820","6185"
"2023-01-25","2023-01-25 00:00","13660.187947075336","13660.187947075336","13615.67611089732","13655.2421875","13810","13805","4562"
"2023-01-26","2023-01-26 00:00","13655.242552560167","13655.242552560167","13600.839195777058","13640.4052734375","13805","13790","3234"
"2023-01-27","2023-01-27 00:00","13749.214602953767","13749.214602953767","13694.811235819778","13719.5400390625","13900","13870","5600"
"2023-01-30","2023-01-30 00:00","13739.321165004072","13749.212684921282","13650.297485749186","13665.134765625","13890","13815","6541"
"2023-01-31","2023-01-31 00:00","13665.136396892014","13689.865199637023","13620.624551950998","13625.5703125","13815","13775","7148"
"2023-02-01","2023-02-01 00:00","13749.212930830174","13749.212930830174","13670.080770077195","13694.8095703125","13900","13845","6950"
"2023-02-02","2023-02-02 00:00","13783.833210853192","13783.833210853192","13699.755290299012","13749.212890625","13935","13900","4881"
"2023-02-03","2023-02-03 00:00","13808.560664076536","13808.560664076536","13739.320030374147","13764.048828125","13960","13915","5257"
"2023-02-06","2023-02-06 00:00","13986.610151803185","13991.55591211146","13892.640705945949","13902.5322265625","14140","14055","14131"
"2023-02-07","2023-02-07 00:00","13937.151203385973","13971.771522202049","13917.3681640625","13917.3681640625","14090","14070","5464"
"2023-02-08","2023-02-08 00:00","13917.370277984164","13951.990602058751","13912.42451740208","13937.1533203125","14070","14090","4804"
"2023-02-09","2023-02-09 00:00","13907.476726185192","13937.151285344904","13872.856407165527","13927.259765625","14060","14080","3706"
"2023-02-10","2023-02-10 00:00","13788.780674812366","13843.184041893763","13783.834914168601","13838.23828125","13940","13990","6983"
"2023-02-13","2023-02-13 00:00","13823.398721018146","13823.398721018146","13749.21232358871","13798.669921875","13975","13950","4054"
"2023-02-14","2023-02-14 00:00","13996.500567929965","14011.337847683953","13927.259929078014","13947.04296875","14150","14100","11904"
"2023-02-15","2023-02-15 00:00","14045.959432238464","14085.525515146177","13971.773026786499","14041.013671875","14200","14195","12017"
"2023-02-16","2023-02-16 00:00","14179.49410024594","14233.8974609375","14134.982259680117","14233.8974609375","14335","14390","15858"
"2023-02-17","2023-02-17 00:00","14045.958334247718","14115.198973923587","14021.229534363478","14085.5244140625","14200","14240","7972"
"2023-02-20","2023-02-20 00:00","14055.850056923178","14085.524617212248","14021.229736585929","14050.904296875","14210","14205","4286"
"2023-02-21","2023-02-21 00:00","14055.8505859375","14070.687866640461","14016.28450406294","14055.8505859375","14210","14210","4608"
"2023-02-22","2023-02-22 00:00","13942.099769195005","13966.82857332625","13912.425204237514","13961.8828125","14095","14115","12093"
"2023-02-24","2023-02-24 00:00","13956.933794266208","13956.933794266208","13867.910120170958","13922.3134765625","14110","14075","8927"
"2023-02-27","2023-02-27 00:00","13937.151896173289","13961.880696556847","13922.314615943154","13942.09765625","14090","14095","4197"
"2023-02-28","2023-02-28 00:00","13991.554769253908","14006.392048966796","13971.771729636723","14001.4462890625","14145","14155","3970"
"2023-03-01","2023-03-01 00:00","13917.36865338044","13991.555053451764","13877.8025733424","13976.7177734375","14070","14130","8109"
"2023-03-02","2023-03-02 00:00","13971.771931850877","13996.500731730259","13917.368572116236","13966.826171875","14125","14120","5419"
"2023-03-03","2023-03-03 00:00","14095.416218975333","14095.416218975333","14045.958618207","14060.7958984375","14250","14215","4236"
"2023-03-06","2023-03-06 00:00","14214.115153448163","14224.006674083827","14184.440591541173","14204.2236328125","14370","14360","8855"
"2023-03-07","2023-03-07 00:00","14224.005940811761","14258.626261251846","14209.168660623154","14233.8974609375","14380","14390","5509"
"2023-03-08","2023-03-08 00:00","14144.873373757846","14194.330972966789","14139.927613836951","14184.439453125","14300","14340","8643"
"2023-03-09","2023-03-09 00:00","14174.549114164629","14224.006717493883","14130.037271168298","14149.8203125","14330","14305","8533"
"2023-03-10","2023-03-10 00:00","13858.01928606156","13902.531125310152","13808.561686896459","13828.3447265625","14010","13980","23930"
"2023-03-13","2023-03-13 00:00","13749.213053385416","14144.873860677084","13679.972412109375","13768.99609375","13900","13920","17684"
"2023-03-14","2023-03-14 00:00","13571.165811863868","13620.623413219057","13403.009967256225","13605.7861328125","13720","13755","17900"
"2023-03-15","2023-03-15 00:00","13808.56254213862","13813.508302361448","13749.21341946467","13754.1591796875","13960","13905","7910"
"2023-03-16","2023-03-16 00:00","13487.08801135975","13625.569296404881","13467.304970639017","13561.2744140625","13635","13710","16496"
"2023-03-17","2023-03-17 00:00","13754.158772639616","13754.158772639616","13684.918131569153","13704.701171875","13905","13855","8407"
"2023-03-20","2023-03-20 00:00","13586.003217123114","13620.6235383899","13437.63041169403","13442.576171875","13735","13590","18555"
"2023-03-22","2023-03-22 00:00","13739.323095170454","13778.889180397728","13600.841796875","13600.841796875","13890","13750","10132"
"2023-03-23","2023-03-23 00:00","13388.171799852282","13496.978515625","13348.605721389475","13496.978515625","13535","13645","14573"
"2023-03-24","2023-03-24 00:00","13492.034060541835","13492.034060541835","13353.55277253041","13417.84765625","13640","13565","13241"
"2023-03-27","2023-03-27 00:00","13576.110634908187","13645.351272026117","13462.35815964302","13551.3818359375","13725","13700","11478"
"2023-03-28","2023-03-28 00:00","13531.599118942731","13744.266795154184","13452.466960352422","13472.25","13680","13620","12322"
"2023-03-29","2023-03-29 00:00","13496.980254330841","13650.298828125","13482.142972995924","13650.298828125","13645","13800","5815"
"2023-03-30","2023-03-30 00:00","13749.21232358871","13798.669921875","13729.429284274192","13798.669921875","13900","13950","11316"
"2023-03-31","2023-03-31 00:00","13907.47709157261","13961.880451461408","13877.802531633266","13912.4228515625","14060","14065","11032"
"2023-04-03","2023-04-03 00:00","14011.337808871092","14011.337808871092","13961.88020982813","14001.4462890625","14165","14155","8352"
"2023-04-04","2023-04-04 00:00","13991.554404248633","14045.95776177664","13966.825605372265","14016.283203125","14145","14170","6517"
"2023-04-05","2023-04-05 00:00","13902.531086485795","13922.314126096588","13853.073487458807","13882.748046875","14055","14035","5140"
"2023-04-06","2023-04-06 00:00","13773.940794757593","13778.886554468458","13729.428957359813","13759.103515625","13925","13910","6228"
"2023-04-07","2023-04-07 00:00","13838.236857052743","13862.965657726532","13833.291096917985","13843.1826171875","13990","13995","2629"
"2023-04-10","2023-04-10 00:00","13917.368245905096","13956.934324784712","13902.53096632524","13927.259765625","14070","14080","7505"
"2023-04-11","2023-04-11 00:00","14036.065759097197","14075.6318359375","14021.228480282085","14075.6318359375","14190","14230","9718"
"2023-04-12","2023-04-12 00:00","14120.14453125","14139.927570873468","14090.469971814799","14120.14453125","14275","14275","10621"
"2023-04-13","2023-04-13 00:00","13996.50073447924","14110.253213946738","13976.717694571847","14085.5244140625","14150","14240","5130"
"2023-04-14","2023-04-14 00:00","14164.6571453529","14174.548665705799","14134.9825842942","14154.765625","14320","14310","6534"
"2023-04-17","2023-04-17 00:00","14258.625447280534","14283.354246183206","14243.788167938932","14253.6796875","14415","14410","15046"
"2023-04-18","2023-04-18 00:00","14298.192545404254","14362.487427137306","14278.409504871006","14317.9755859375","14455","14475","17944"
"2023-04-19","2023-04-19 00:00","14313.029907015878","14342.704467984122","14313.029907015878","14327.8671875","14470","14485","5730"
"2023-04-20","2023-04-20 00:00","14327.86637453949","14362.486693704757","14327.86637453949","14347.6494140625","14485","14505","5441"
"2023-04-21","2023-04-21 00:00","14253.680419582319","14288.300739824192","14224.005859375","14224.005859375","14410","14380","5400"
"2023-04-24","2023-04-24 00:00","14248.734741126107","14288.300821629062","14228.951700874632","14233.8974609375","14405","14390","3779"
"2023-04-25","2023-04-25 00:00","14263.571899625476","14293.246459749524","14248.734619563453","14278.4091796875","14420","14435","4812"
"2023-04-26","2023-04-26 00:00","14095.416868195829","14139.9287109375","14045.959265149528","14139.9287109375","14250","14295","9250"
"2023-04-27","2023-04-27 00:00","14075.633341428476","14080.5791015625","14016.284219820205","14080.5791015625","14230","14235","4357"
"2023-04-28","2023-04-28 00:00","14243.790475370308","14357.54296875","14199.278630134775","14357.54296875","14400","14515","11414"
"2023-05-01","2023-05-01 00:00","14550.426430971094","14639.450114097363","14481.185788539553","14629.55859375","14710","14790","27328"
"2023-05-02","2023-05-02 00:00","14619.667477836507","14679.0166015625","14570.20987473151","14679.0166015625","14780","14840","14400"
"2023-05-08","2023-05-08 00:00","14436.673665308748","14441.619425385936","14387.216064536879","14416.890625","14595","14575","11717"
"2023-05-09","2023-05-09 00:00","14436.674437724589","14466.34899977541","14421.837156699177","14451.51171875","14595","14610","4489"
"2023-05-10","2023-05-10 00:00","14446.564453125","14446.564453125","14426.781413819112","14446.564453125","14605","14605","3095"
"2023-05-11","2023-05-11 00:00","14382.270955613605","14392.162476215815","14337.75911290366","14377.3251953125","14540","14535","9165"
"2023-05-12","2023-05-12 00:00","14397.10884644813","14402.054606958764","14357.54276236308","14392.1630859375","14555","14550","3836"
"2023-05-15","2023-05-15 00:00","14456.455489326734","14505.9130859375","14402.052133054893","14505.9130859375","14615","14665","9826"
"2023-05-16","2023-05-16 00:00","14530.643392259926","14540.53491260864","14505.914591388144","14510.8603515625","14690","14670","4640"
"2023-05-17","2023-05-17 00:00","14510.859456823697","14520.7509765625","14496.022177215493","14520.7509765625","14670","14680","4449"
"2023-05-18","2023-05-18 00:00","14679.015461580633","14713.635781065494","14644.395142095775","14659.232421875","14840","14820","9593"
"2023-05-19","2023-05-19 00:00","14768.040523760632","14896.630293893846","14768.040523760632","14827.3896484375","14930","14990","18334"
"2023-05-22","2023-05-22 00:00","14787.822550251256","14812.551350502512","14753.202229899496","14763.09375","14950","14925","14829"
"2023-05-23","2023-05-23 00:00","14866.955078125","14921.358440021","14857.063557780273","14866.955078125","15030","15030","10496"
"2023-05-24","2023-05-24 00:00","14738.365519957983","14772.985841649159","14698.79943802521","14713.63671875","14900","14875","10980"
"2023-05-25","2023-05-25 00:00","14723.527872694027","14738.365153049446","14698.799072101661","14728.4736328125","14885","14890","4587"
"2023-05-26","2023-05-26 00:00","14797.715659513053","14827.390223001381","14753.20381428056","14777.9326171875","14960","14940","6202"
"2023-05-29","2023-05-29 00:00","15074.676146859607","15119.187985875924","15040.055827624692","15059.8388671875","15240","15225","15502"
"2023-05-30","2023-05-30 00:00","15035.109539257555","15074.675616992443","15005.434980956388","15054.892578125","15200","15220","7854"
"2023-05-31","2023-05-31 00:00","14965.870117838107","14985.653158311126","14822.443074408728","14847.171875","15130","15010","11765"
"2023-06-01","2023-06-01 00:00","14832.335203696963","14862.009765625","14772.98607984089","14862.009765625","14995","15025","7909"
"2023-06-02","2023-06-02 00:00","14906.521441761364","14960.9248046875","14876.846880165289","14960.9248046875","15070","15125","8699"
"2023-06-05","2023-06-05 00:00","15282.399294969511","15282.399294969511","15173.59256859756","15208.212890625","15450","15375","16618"
"2023-06-06","2023-06-06 00:00","15134.02604082006","15227.995483557177","15134.02604082006","15213.158203125","15300","15380","11882"
"2023-06-07","2023-06-07 00:00","15158.754761142418","15173.592041495902","15059.83955878586","15084.568359375","15325","15250","16642"
"2023-06-08","2023-06-08 00:00","15128.925305127785","15143.776998817373","15049.716272116644","15109.123046875","15280","15260","7403"
"2023-06-09","2023-06-09 00:00","15114.073611438196","15138.826434254177","15089.320788622215","15109.123046875","15265","15260","7906"
"2023-06-12","2023-06-12 00:00","15208.134289439373","15208.134289439373","15119.02412758719","15188.33203125","15360","15340","10545"
"2023-06-13","2023-06-13 00:00","15257.638651016383","15341.798241239381","15252.688086885619","15297.2431640625","15410","15450","12831"
"2023-06-14","2023-06-14 00:00","15480.414692570612","15490.315821251503","15435.859613506611","15445.7607421875","15635","15600","15097"
"2023-06-15","2023-06-15 00:00","15495.266875593168","15663.586068490984","15495.266875593168","15648.734375","15650","15805","11897"
"2023-06-16","2023-06-16 00:00","15703.190298966534","15752.695943036417","15638.83296167569","15718.0419921875","15860","15875","14820"
"2023-06-19","2023-06-19 00:00","15891.311700020566","15906.163393198154","15792.300412169969","15797.2509765625","16050","15955","15911"
"2023-06-20","2023-06-20 00:00","15851.708139384378","15876.46096283751","15782.400233715614","15836.8564453125","16010","15995","8811"
"2023-06-21","2023-06-21 00:00","15722.992640860257","15802.20167179658","15703.190383126175","15782.3994140625","15880","15940","11579"
"2023-06-22","2023-06-22 00:00","15713.092535762138","15762.598183322825","15683.389147225726","15703.19140625","15870","15860","7942"
"2023-06-23","2023-06-23 00:00","15797.251821652904","15856.658597541289","15742.795610421885","15812.103515625","15955","15970","11261"
"2023-06-26","2023-06-26 00:00","15782.399198346051","15812.10258454118","15708.140732858225","15732.8935546875","15940","15890","11231"
"2023-06-27","2023-06-27 00:00","15703.191511990477","15732.894900726904","15658.636428885839","15727.9443359375","15860","15885","9950"
"2023-06-28","2023-06-28 00:00","15822.00464493973","15851.708032883924","15812.103515625","15812.103515625","15980","15970","10902"
"2023-06-29","2023-06-29 00:00","15891.312393355109","15921.01578100624","15846.757311878413","15866.5595703125","16050","16025","7322"
"2023-06-30","2023-06-30 00:00","16000.224740631775","16000.224740631775","15950.719094775859","15985.373046875","16160","16145","7824"
"2023-07-03","2023-07-03 00:00","16138.839713262334","16193.295920883773","16074.482376982454","16153.69140625","16300","16315","15152"
"2023-07-04","2023-07-04 00:00","16193.29711280028","16237.852195042775","16158.643159945004","16203.1982421875","16355","16365","13324"
"2023-07-05","2023-07-05 00:00","16203.19641897219","16203.19641897219","16138.839085196865","16188.3447265625","16365","16350","10810"
"2023-07-06","2023-07-06 00:00","16173.494501127478","16173.494501127478","15960.620223947042","15985.373046875","16335","16145","13660"
"2023-07-07","2023-07-07 00:00","15876.46096283751","15950.719433196899","15802.202492478118","15836.8564453125","16035","15995","14619"
"2023-07-10","2023-07-10 00:00","15732.893947592893","15732.893947592893","15619.030964334668","15688.3388671875","15890","15845","14685"
"2023-07-11","2023-07-11 00:00","15643.783858306837","15663.586116355327","15554.673697088634","15569.525390625","15800","15725","8144"
"2023-07-12","2023-07-12 00:00","15569.525021542733","15623.981229885172","15564.574457147966","15574.4755859375","15725","15730","7506"
"2023-07-13","2023-07-13 00:00","15643.785206597768","15747.7470703125","15643.785206597768","15747.7470703125","15800","15905","8557"
"2023-07-14","2023-07-14 00:00","15831.906302787162","15831.906302787162","15653.685969172297","15752.697265625","15990","15910","11185"
"2023-07-18","2023-07-18 00:00","15896.263221600013","15896.263221600013","15762.59797495311","15836.8564453125","16055","15995","7222"
"2023-07-19","2023-07-19 00:00","15995.273329430313","15995.273329430313","15906.163171606187","15970.5205078125","16155","16130","8125"
"2023-07-20","2023-07-20 00:00","16029.928366677304","16029.928366677304","15980.422720084725","15995.2744140625","16190","16155","5717"
"2023-07-21","2023-07-21 00:00","15995.27428270669","16015.076541181104","15906.164119571835","16010.1259765625","16155","16170","9266"
"2023-07-24","2023-07-24 00:00","16128.939107678407","16158.642494617041","16089.334591760227","16094.28515625","16290","16255","11524"
"2023-07-25","2023-07-25 00:00","16178.445761480565","16237.8525390625","16138.841243092607","16237.8525390625","16340","16400","7090"
"2023-07-26","2023-07-26 00:00","16232.900260297645","16247.751953125","16173.493488988232","16247.751953125","16395","16410","8677"
"2023-07-27","2023-07-27 00:00","16193.297824460582","16232.90234375","16109.13822097057","16232.90234375","16355","16395","17918"
"2023-07-28","2023-07-28 00:00","15975.471371900489","16227.950157139698","15831.905003823293","16084.3837890625","16135","16245","21241"
"2023-07-31","2023-07-31 00:00","16307.159893465909","16336.86328125","16203.19803622159","16336.86328125","16470","16500","16634"
"2023-08-01","2023-08-01 00:00","16490.33216388409","16515.08498910757","16435.875948392426","16475.48046875","16655","16640","10099"
"2023-08-02","2023-08-02 00:00","16341.812846579316","16470.527519106145","16336.86228225136","16376.466796875","16505","16540","17589"
"2023-08-03","2023-08-03 00:00","16272.504774503923","16282.40590305549","16158.641796160877","16247.751953125","16435","16410","10242"
"2023-08-04","2023-08-04 00:00","16158.64134174312","16208.146983108754","16094.284007967794","16188.3447265625","16320","16350","12181"
"2023-08-07","2023-08-07 00:00","16054.680747142294","16123.98865046021","15975.471714778965","16119.0380859375","16215","16280","14560"
"2023-08-08","2023-08-08 00:00","16208.147853058","16257.65349708078","16163.5927734375","16163.5927734375","16370","16325","11736"
"2023-08-09","2023-08-09 00:00","16198.246963001224","16198.246963001224","16133.889624823041","16173.494140625","16360","16335","5348"
"2023-08-10","2023-08-10 00:00","16188.346416766826","16218.0498046875","16153.692464192709","16218.0498046875","16350","16380","6877"
"2023-08-14","2023-08-14 00:00","16307.160817417658","16307.160817417658","16193.297824460582","16232.90234375","16470","16395","7837"
"2023-08-15","2023-08-15 00:00","16336.864760315535","16336.864760315535","16292.309674605583","16317.0625","16500","16480","7628"
"2023-08-16","2023-08-16 00:00","16193.297508389342","16203.198638018439","16099.236776912912","16158.6435546875","16355","16320","13191"
"2023-08-17","2023-08-17 00:00","16128.938845659348","16143.790538887395","16039.828686291065","16123.98828125","16290","16285","7725"
"2023-08-18","2023-08-18 00:00","15955.669076026299","15990.323026858501","15896.262303171097","15940.8173828125","16115","16100","12422"
"2023-08-21","2023-08-21 00:00","15930.91751976275","15965.571473348313","15866.560177389563","15871.5107421875","16090","16030","7463"
"2023-08-22","2023-08-22 00:00","16084.383487254438","16089.334051578","15970.5205078125","15970.5205078125","16245","16130","5510"
"2023-08-23","2023-08-23 00:00","15960.619831879247","16029.927734375","15950.71870295128","16029.927734375","16120","16190","5167"
"2023-08-24","2023-08-24 00:00","16084.384134278544","16158.642602119166","16049.730182619587","16119.0380859375","16245","16280","5384"
"2023-08-25","2023-08-25 00:00","15975.47265625","16010.126609951194","15945.769267363265","15975.47265625","16135","16135","9558"
"2023-08-28","2023-08-28 00:00","16128.93836818898","16138.83949671457","16089.333854086612","16104.185546875","16290","16265","6162"
"2023-08-29","2023-08-29 00:00","16173.494747838891","16203.198135805538","16153.69248919446","16178.4453125","16335","16340","4994"
"2023-08-30","2023-08-30 00:00","16317.061022727272","16381.418362926135","16312.11045809659","16336.86328125","16480","16500","8955"
"2023-08-31","2023-08-31 00:00","16406.16748843467","16430.92030600925","16351.711289770583","16386.365234375","16570","16550","11732"
"2023-09-01","2023-09-01 00:00","16326.962389626551","16376.468036653921","16322.011824923815","16346.7646484375","16490","16510","10539"
"2023-09-04","2023-09-04 00:00","16435.875","16435.875","16381.418787650602","16435.875","16600","16600","7244"
"2023-09-05","2023-09-05 00:00","16495.28064254353","16495.28064254353","16450.725562776755","16490.330078125","16660","16655","6735"
"2023-09-06","2023-09-06 00:00","16505.18325091111","16524.98551036031","16465.5787320127","16470.529296875","16670","16635","8351"
"2023-09-07","2023-09-07 00:00","16455.674954723814","16470.52664692122","16376.465929670992","16401.21875","16620","16565","6952"
"2023-09-08","2023-09-08 00:00","16351.71462963578","16356.665194161858","16242.802210062064","16302.208984375","16515","16465","11069"
"2023-09-11","2023-09-11 00:00","16351.713889415782","16356.664453717754","16257.6531676783","16312.109375","16515","16475","12134"
"2023-09-12","2023-09-12 00:00","16386.368271587482","16411.12109375","16341.813191694948","16411.12109375","16550","16575","5765"
"2023-09-13","2023-09-13 00:00","16376.465929670992","16411.1198781316","16366.564801539389","16401.21875","16540","16565","3011"
"2023-09-14","2023-09-14 00:00","16440.824088306632","16455.67578125","16386.36788084762","16455.67578125","16605","16620","4666"
"2023-09-15","2023-09-15 00:00","16534.885242224882","16599.24257999402","16524.984113337323","16554.6875","16700","16720","12431"
"2023-09-19","2023-09-19 00:00","16460.626345564455","16465.57690987891","16435.873523992177","16455.67578125","16625","16620","9883"
"2023-09-20","2023-09-20 00:00","16430.920658492236","16440.821785734475","16396.266713144407","16421.01953125","16595","16585","6172"
"2023-09-21","2023-09-21 00:00","16401.22210634102","16401.22210634102","16287.3591095267","16317.0625","16565","16480","12957"
"2023-09-22","2023-09-22 00:00","16049.731128767424","16183.396378760244","15955.670397290996","16158.6435546875","16210","16320","18321"
"2023-09-25","2023-09-25 00:00","16183.3955078125","16193.296636908746","16119.038168686908","16183.3955078125","16345","16345","8761"
"2023-09-26","2023-09-26 00:00","16252.704524958857","16252.704524958857","16143.792097438572","16168.544921875","16415","16330","11404"
"2023-09-27","2023-09-27 00:00","16039.829552006457","16099.236328125","16015.076728623731","16099.236328125","16200","16260","12441"
"2023-09-28","2023-09-28 00:00","16119.03858683118","16148.74197489045","16039.829552006457","16099.236328125","16280","16260","5513"
"2023-09-29","2023-09-29 00:00","16099.237013453001","16168.544921875","16099.237013453001","16168.544921875","16260","16330","5359"
"2023-10-02","2023-10-02 00:00","16227.950613069228","16237.851742180314","16143.791015625","16143.791015625","16390","16305","17088"
"2023-10-03","2023-10-03 00:00","16138.839409722223","16138.839409722223","16020.025868055556","16039.828125","16300","16200","11446"
"2023-10-04","2023-10-04 00:00","15826.956109333249","15826.956109333249","15683.389726108142","15747.7470703125","15985","15905","23792"
"2023-10-05","2023-10-05 00:00","15851.706293646614","15871.508550103386","15782.398396047909","15861.607421875","16010","16020","8345"
"2023-10-06","2023-10-06 00:00","15861.608612953096","15930.916515756262","15826.954661551512","15911.1142578125","16020","16070","5547"
"2023-10-10","2023-10-10 00:00","16109.136849719318","16123.988543188634","16039.828946862504","16094.28515625","16270","16255","11159"
"2023-10-11","2023-10-11 00:00","16252.704785778264","16336.864390212693","16237.85309087807","16322.0126953125","16415","16485","29767"
"2023-10-12","2023-10-12 00:00","16356.664754746836","16425.97265625","16356.664754746836","16425.97265625","16520","16590","14112"
"2023-10-13","2023-10-13 00:00","16341.812760811836","16361.615018019727","16272.504860584218","16312.109375","16505","16475","7396"
"2023-10-16","2023-10-16 00:00","16237.850977338734","16257.653234628173","16138.839690891547","16193.2958984375","16400","16355","9215"
"2023-10-17","2023-10-17 00:00","16312.110746526458","16336.863570117544","16257.654534626066","16267.5556640625","16475","16430","5674"
"2023-10-18","2023-10-18 00:00","16287.355946654903","16307.158203125","16262.60312606728","16307.158203125","16450","16470","3706"
"2023-10-19","2023-10-19 00:00","16138.83949671457","16143.790060977368","16084.383289823816","16104.185546875","16300","16265","16118"
"2023-10-20","2023-10-20 00:00","15970.522593347618","15990.324853227776","15921.016943647222","15955.6708984375","16130","16115","13586"
"2023-10-23","2023-10-23 00:00","15866.560441589356","15896.263830871583","15822.005357666016","15841.8076171875","16025","16000","14499"
"2023-10-24","2023-10-24 00:00","15841.80579449484","15861.608051737958","15767.547329833144","15826.9541015625","16000","15985","14460"
"2023-10-25","2023-10-25 00:00","15921.016390166875","15930.91751976275","15831.906223804","15871.5107421875","16080","16030","12943"
"2023-10-26","2023-10-26 00:00","15713.091952482808","15727.94364619971","15614.080661036793","15658.6357421875","15870","15815","22645"
"2023-10-27","2023-10-27 00:00","15658.635111888801","15713.091319992112","15619.030596904573","15693.2890625","15815","15850","10085"
"2023-10-30","2023-10-30 00:00","15539.821419540718","15549.722548192862","15470.513518975706","15524.9697265625","15695","15680","17473"
"2023-10-31","2023-10-31 00:00","15599.229993967469","15599.229993967469","15529.922085393828","15579.427734375","15755","15735","9185"
"2023-11-01","2023-11-01 00:00","15772.499708862306","15841.8076171875","15772.499708862306","15841.8076171875","15930","16000","6428"
"2023-11-02","2023-11-02 00:00","16015.075825782218","16020.026390179679","15906.163409038105","15980.421875","16175","16140","7221"
"2023-11-06","2023-11-06 00:00","16252.704233457986","16267.55592785347","16193.297455876049","16237.8525390625","16415","16400","19101"
"2023-11-07","2023-11-07 00:00","16257.6533203125","16267.554449009402","16237.851062918697","16257.6533203125","16420","16420","8055"
"2023-11-08","2023-11-08 00:00","16292.307248158413","16312.109505524757","16282.406119475243","16297.2578125","16455","16460","7434"
"2023-11-09","2023-11-09 00:00","16317.060416035161","16351.71436716145","16312.10985158855","16331.912109375","16480","16495","10574"
"2023-11-10","2023-11-10 00:00","16287.356683816828","16307.15894118317","16267.554426450486","16297.2578125","16450","16460","5101"
"2023-11-13","2023-11-13 00:00","16485.379560237558","16485.379560237558","16406.170529317496","16411.12109375","16650","16575","12131"
"2023-11-14","2023-11-14 00:00","16485.378168845662","16534.883808992345","16485.378168845662","16495.279296875","16650","16660","6357"
"2023-11-15","2023-11-15 00:00","16718.05706494241","16822.018924096632","16713.106500220783","16817.068359375","16885","16985","17649"
"2023-11-16","2023-11-16 00:00","16851.721786539307","16935.881384180662","16836.870092837893","16876.474609375","17020","17045","15028"
"2023-11-17","2023-11-17 00:00","16841.81823031388","16866.571049582417","16817.06541104534","16856.669921875","17010","17025","5334"
"2023-11-20","2023-11-20 00:00","16817.06915357262","16831.920848438887","16688.354464731616","16727.958984375","16985","16895","6637"
"2023-11-21","2023-11-21 00:00","16782.410540982695","16802.21279530834","16698.250960098714","16737.85546875","16950","16905","6563"
"2023-11-22","2023-11-22 00:00","16723.00377800577","16762.608286657054","16673.49814219166","16737.85546875","16890","16905","9709"
"2023-11-24","2023-11-24 00:00","16911.129169721407","16921.030299211878","16876.475216504765","16881.42578125","17080","17050","9728"
"2023-11-27","2023-11-27 00:00","16930.928379680616","16935.878943534324","16802.213719484214","16856.669921875","17100","17025","6659"
"2023-11-28","2023-11-28 00:00","16812.11671073482","16826.96840394218","16752.709937905365","16792.314453125","16980","16960","6843"
"2023-11-29","2023-11-29 00:00","16698.255726891104","16732.909681853525","16663.601771928687","16713.107421875","16865","16880","8425"
"2023-11-30","2023-11-30 00:00","16703.206159597885","16727.958984375","16668.552204909924","16727.958984375","16870","16895","4437"
"2023-12-01","2023-12-01 00:00","16846.77357077206","16851.724136029414","16792.317352941176","16831.921875","17015","17000","9571"
"2023-12-04","2023-12-04 00:00","16797.26358173077","16797.26358173077","16713.10399408284","16732.90625","16965","16900","14541"
"2023-12-05","2023-12-05 00:00","16752.71194183205","16752.71194183205","16693.305161896475","16713.107421875","16920","16880","9694"
"2023-12-06","2023-12-06 00:00","16752.711622645675","16822.01953125","16747.761057745363","16822.01953125","16920","16990","10577"
"2023-12-07","2023-12-07 00:00","16619.047809408723","16653.70176671163","16515.0859375","16515.0859375","16785","16680","16753"
"2023-12-08","2023-12-08 00:00","16378.938732244318","16383.89303918087","16200.583682528408","16349.212890625","16530","16500","17518"
"2023-12-11","2023-12-11 00:00","16517.65815457472","16552.33830067011","16478.02370189428","16542.4296875","16670","16695","12593"
"2023-12-12","2023-12-12 00:00","16715.830634913986","16720.784941563335","16606.83588862824","16631.607421875","16870","16785","9439"
"2023-12-13","2023-12-13 00:00","16646.4718852337","16671.243420777202","16587.020199929295","16641.517578125","16800","16795","9072"
"2023-12-14","2023-12-14 00:00","16626.65413807006","16641.517058932455","16458.207701629537","16512.705078125","16780","16665","14991"
"2023-12-15","2023-12-15 00:00","16621.69849558637","16626.65280214243","16567.20112346969","16591.97265625","16775","16745","6590"
"2023-12-18","2023-12-18 00:00","16591.97532775242","16621.701171875","16591.97532775242","16621.701171875","16745","16775","8130"
"2023-12-19","2023-12-19 00:00","16676.196706187187","16765.374228680164","16611.790717720036","16760.419921875","16830","16915","12946"
"2023-12-20","2023-12-20 00:00","16844.643709606346","16943.729849074618","16844.643709606346","16864.4609375","17000","17020","17474"
"2023-12-21","2023-12-21 00:00","16715.831259959607","16720.785566794213","16651.425271109732","16710.876953125","16870","16865","11493"
"2023-12-22","2023-12-22 00:00","16745.556327846974","16745.556327846974","16671.241728758898","16705.921875","16900","16860","12039"
"2023-12-25","2023-12-25 00:00","16844.643810769005","16844.643810769005","16745.557670705657","16814.91796875","17000","16970","13548"
"2023-12-26","2023-12-26 00:00","16844.644428152493","16899.14180718475","16809.96427785924","16894.1875","17000","17050","22281"
"2023-12-27","2023-12-27 00:00","16973.45384888549","17008.13399393575","16933.819397399475","17003.1796875","17130","17160","42342"
"2023-12-28","2023-12-28 00:00","16938.77570009301","16993.27307730887","16879.324015857528","16978.41015625","17095","17135","22042"
"2023-12-29","2023-12-29 00:00","16943.7315981856","16968.503135609848","16894.188523337107","16963.548828125","17100","17120","20575"
"2024-01-04","2024-01-04 00:00","16953.638050269747","16953.638050269747","16750.511469305085","16874.369140625","17110","17030","44803"
"2024-01-05","2024-01-05 00:00","16958.590710470675","16973.453629585896","16889.230421266293","16914.001953125","17115","17070","20788"
"2024-01-09","2024-01-09 00:00","17018.043526459187","17027.95213986615","16904.09447227911","16933.8203125","17175","17090","19081"
"2024-01-10","2024-01-10 00:00","16973.455849230377","16988.318770289246","16953.63862115188","16978.41015625","17130","17135","13763"
"2024-01-11","2024-01-11 00:00","17151.81090706169","17186.491056209416","17122.085064935065","17166.673828125","17310","17325","16161"
"2024-01-12","2024-01-12 00:00","17122.084246180457","17186.490234375","17097.312712259478","17186.490234375","17280","17345","16969"
"2024-01-15","2024-01-15 00:00","17201.355162023672","17201.355162023672","17146.857781037997","17161.720703125","17360","17320","11051"
"2024-01-16","2024-01-16 00:00","17201.351609821173","17240.986060535044","17141.899933750363","17176.580078125","17360","17335","22410"
"2024-01-17","2024-01-17 00:00","17290.531503652597","17295.4858106737","17166.673828125","17166.673828125","17450","17325","27413"
"2024-01-18","2024-01-18 00:00","17221.172804737147","17221.172804737147","17146.858192518775","17151.8125","17380","17310","17096"
"2024-01-19","2024-01-19 00:00","17305.395250205416","17340.07540100743","17250.89787037368","17335.12109375","17465","17495","17747"
"2024-01-22","2024-01-22 00:00","17533.29296875","17558.06450445041","17468.886975928934","17533.29296875","17695","17695","20497"
"2024-01-23","2024-01-23 00:00","17563.01922367561","17607.60798898254","17518.430458368675","17523.384765625","17725","17685","30070"
"2024-01-24","2024-01-24 00:00","17632.37663906294","17632.37663906294","17553.10773593706","17592.7421875","17795","17755","18457"
"2024-01-25","2024-01-25 00:00","17592.7421875","17597.69649394537","17558.06204238243","17592.7421875","17755","17755","14895"
"2024-01-26","2024-01-26 00:00","17597.698807681485","17627.42465026203","17563.018658004185","17607.607421875","17760","17770","11122"
"2024-01-29","2024-01-29 00:00","17681.92115361002","17691.82976731336","17642.28669879666","17652.1953125","17845","17815","24538"
"2024-01-30","2024-01-30 00:00","17711.646025810478","17746.326171875","17681.9201863266","17746.326171875","17875","17910","14759"
"2024-01-31","2024-01-31 00:00","17696.783203125","17711.646122948452","17642.285830439003","17696.783203125","17860","17860","26944"
"2024-02-01","2024-02-01 00:00","17538.247687393978","17572.92783818826","17439.16154226746","17523.384765625","17700","17685","28938"
"2024-02-02","2024-02-02 00:00","17672.014442614913","17751.283360776346","17597.699831838567","17676.96875","17835","17840","16066"
"2024-02-05","2024-02-05 00:00","17890.002775094435","17894.957082149293","17835.50539749099","17870.185546875","18055","18035","19259"
"2024-02-06","2024-02-06 00:00","17870.185546875","17875.139853929857","17835.50539749099","17870.185546875","18035","18035","20645"
"2024-02-07","2024-02-07 00:00","17870.18400387916","17880.09261713332","17840.458164116677","17860.275390625","18035","18025","17285"
"2024-02-08","2024-02-08 00:00","17944.500257909218","18098.083777510317","17939.54595082531","18008.90625","18110","18175","32126"
"2024-02-09","2024-02-09 00:00","18088.17423866128","18122.85438647575","18078.265625","18078.265625","18255","18245","23661"
"2024-02-13","2024-02-13 00:00","18177.351513060526","18221.94027392658","18167.442899534737","18202.123046875","18345","18370","26170"
"2024-02-14","2024-02-14 00:00","18162.491416908255","18167.445724441506","18122.856956642223","18157.537109375","18330","18325","24381"
"2024-02-15","2024-02-15 00:00","18271.48324256922","18306.163389721598","18216.985868472617","18251.666015625","18440","18420","26962"
"2024-02-16","2024-02-16 00:00","18375.52451860039","18430.021895172136","18325.98144898971","18420.11328125","18545","18590","34083"
"2024-02-19","2024-02-19 00:00","18410.205592771326","18410.205592771326","18316.073755779224","18350.75390625","18580","18520","28325"
"2024-02-20","2024-02-20 00:00","18365.615745517593","18380.47866627199","18301.209755581865","18306.1640625","18535","18475","15813"
"2024-02-21","2024-02-21 00:00","18281.391396513478","18286.345703125","18241.75694362131","18286.345703125","18450","18455","16462"
"2024-02-22","2024-02-22 00:00","18415.15928347675","18459.748046875","18390.387748255504","18459.748046875","18585","18630","22068"
"2024-02-26","2024-02-26 00:00","18648.01022466396","18662.873144609228","18598.46715817973","18613.330078125","18820","18785","22475"
"2024-02-27","2024-02-27 00:00","18633.14771554594","18638.102022303596","18578.650341211716","18603.421875","18805","18775","21636"
"2024-02-28","2024-02-28 00:00","18618.285516651158","18638.102744449614","18608.376902751927","18633.1484375","18790","18805","15563"
"2024-02-29","2024-02-29 00:00","18588.559465168313","18588.559465168313","18494.427634187985","18543.970703125","18760","18715","23059"
"2024-03-01","2024-03-01 00:00","18568.743470612582","18707.464072847684","18568.743470612582","18702.509765625","18740","18875","21696"
"2024-03-04","2024-03-04 00:00","18791.68549750691","18821.411337998616","18761.959657015206","18816.45703125","18965","18990","27387"
"2024-03-05","2024-03-05 00:00","18806.548878099446","18806.548878099446","18757.005809400554","18781.77734375","18980","18955","21183"
"2024-03-06","2024-03-06 00:00","18623.24054287231","18667.82930714096","18583.606085744625","18662.875","18795","18835","31118"
"2024-03-07","2024-03-07 00:00","18672.78345874232","18672.78345874232","18509.291324452457","18548.92578125","18845","18720","24236"
"2024-03-08","2024-03-08 00:00","18633.149157154232","18677.737921422882","18588.560392885585","18662.875","18805","18835","13247"
"2024-03-11","2024-03-11 00:00","18449.84066700269","18449.84066700269","18365.617441616265","18430.0234375","18620","18600","28197"
"2024-03-12","2024-03-12 00:00","18385.432475592457","18558.833213034046","18355.70663488818","18553.87890625","18555","18725","16229"
"2024-03-13","2024-03-13 00:00","18667.828845389507","18702.508994518415","18593.514240113276","18697.5546875","18840","18870","20920"
"2024-03-14","2024-03-14 00:00","18697.555047408656","18712.41796875","18657.920590498412","18712.41796875","18870","18885","9517"
"2024-03-15","2024-03-15 00:00","18677.734831749935","18697.55205703561","18628.191768535744","18643.0546875","18850","18815","6175"
"2024-03-18","2024-03-18 00:00","18628.193980071504","18722.32581135378","18628.193980071504","18707.462890625","18800","18880","18135"
"2024-03-19","2024-03-19 00:00","18727.278645833336","18875.907841435186","18717.37003279321","18861.044921875","18900","19035","16614"
"2024-03-21","2024-03-21 00:00","19277.206573282772","19316.841025245318","19197.937669357685","19311.88671875","19455","19490","33168"
"2024-03-22","2024-03-22 00:00","19346.570365084135","19396.113439002405","19272.25575420673","19321.798828125","19525","19500","29441"
"2024-03-25","2024-03-25 00:00","19262.346114256303","19287.117649897067","19222.711657231084","19252.4375","19440","19430","18722"
"2024-03-26","2024-03-26 00:00","19242.528885743694","19267.300421384458","19222.711657231084","19252.4375","19420","19430","9129"
"2024-03-27","2024-03-27 00:00","19257.390476338256","19346.56799848235","19257.390476338256","19331.705078125","19435","19510","11338"
"2024-03-28","2024-03-28 00:00","19326.75267198698","19371.34143744401","19311.889750167968","19356.478515625","19505","19535","15598"
"2024-03-29","2024-03-29 00:00","19381.247323828724","19391.15593697997","19326.749951496895","19351.521484375","19560","19530","12392"
"2024-04-01","2024-04-01 00:00","19381.247539181957","19440.69921875","19326.750166244583","19440.69921875","19560","19620","18419"
"2024-04-02","2024-04-02 00:00","19420.88414926998","19420.88414926998","19277.20924102283","19341.615234375","19600","19520","30984"
"2024-04-03","2024-04-03 00:00","19247.482832820948","19267.30006096285","19188.031148395246","19237.57421875","19425","19415","25680"
"2024-04-04","2024-04-04 00:00","19346.569079499328","19376.294921875","19326.751851248882","19376.294921875","19525","19555","9830"
"2024-04-05","2024-04-05 00:00","19118.669511622636","19133.532431688684","19039.400604603732","19128.578125","19295","19305","30333"
"2024-04-08","2024-04-08 00:00","19292.071133917096","19306.934054667418","19217.75653016549","19272.25390625","19470","19450","11203"
"2024-04-09","2024-04-09 00:00","19321.795644921276","19361.43009752624","19301.978418618794","19351.521484375","19500","19530","10041"
"2024-04-10","2024-04-10 00:00","19356.475790950622","19361.43009752624","19331.704258072517","19351.521484375","19535","19530","6775"
"2024-04-11","2024-04-11 00:00","19207.848582995546","19326.751953125","19197.939968818093","19326.751953125","19385","19505","15123"
"2024-04-12","2024-04-12 00:00","19401.06599548558","19420.88322326442","19366.385846872607","19410.974609375","19580","19590","11423"
"2024-04-15","2024-04-15 00:00","19212.800228658536","19301.97774390244","19188.028696646343","19297.0234375","19390","19475","18518"
"2024-04-16","2024-04-16 00:00","19123.624015555844","19168.212776213877","18974.994813362406","19029.4921875","19300","19205","22062"
"2024-04-17","2024-04-17 00:00","19044.35711434437","19054.265728867962","18955.179583632038","19004.72265625","19220","19180","8213"
"2024-04-18","2024-04-18 00:00","18935.359591674805","19024.537109375","18915.542365519206","19024.537109375","19110","19200","9329"
"2024-04-19","2024-04-19 00:00","18935.361321931156","18960.132856889206","18489.47369268631","18747.09765625","19110","18920","26445"
"2024-04-22","2024-04-22 00:00","18836.274829593807","18920.498046875","18826.36621579602","18920.498046875","19010","19095","14669"
"2024-04-23","2024-04-23 00:00","19054.266807542263","19059.221115084525","19004.723732119637","19049.3125","19230","19225","11426"
"2024-04-24","2024-04-24 00:00","19267.29923864806","19292.070772768202","19237.573397703884","19257.390625","19445","19435","20068"
"2024-04-25","2024-04-25 00:00","19158.304637562145","19217.756319912998","19123.624489524147","19183.076171875","19335","19360","15449"
"2024-04-26","2024-04-26 00:00","19321.79718486118","19391.157482447863","19247.482580304026","19361.431640625","19500","19540","16787"
"2024-04-30","2024-04-30 00:00","19470.427117598683","19599.23910361842","19445.655581825657","19579.421875","19650","19760","30131"
"2024-05-01","2024-05-01 00:00","19406.022864570095","19505.109016546452","19381.251326576003","19490.24609375","19585","19670","15110"
"2024-05-02","2024-05-02 00:00","19321.797646036273","19371.340716923547","19252.437346794093","19326.751953125","19500","19505","18768"
"2024-05-07","2024-05-07 00:00","19604.19099628615","19624.008222463846","19505.10486539767","19614.099609375","19785","19795","14102"
"2024-05-08","2024-05-08 00:00","19633.917509249055","19688.41488310768","19633.917509249055","19668.59765625","19815","19850","12806"
"2024-05-09","2024-05-09 00:00","19703.280479262292","19708.234786649587","19673.554634938537","19698.326171875","19885","19880","7754"
"2024-05-10","2024-05-10 00:00","19787.502621722848","19842","19782.54831460674","19842","19970","20025","19417"
"2024-05-13","2024-05-13 00:00","19866.76984332224","19906.404296875","19856.861229934046","19906.404296875","20050","20090","13497"
"2024-05-14","2024-05-14 00:00","19965.85767936093","20030.263671875","19946.040450895063","20030.263671875","20150","20215","19861"
"2024-05-15","2024-05-15 00:00","20104.576074890916","20213.570819505898","20104.576074890916","20154.119140625","20290","20340","33131"
"2024-05-16","2024-05-16 00:00","20154.12145357406","20302.750667833454","20084.761153586343","20168.984375","20340","20355","39339"
"2024-05-17","2024-05-17 00:00","20208.618217746","20307.704357573144","20198.709603763284","20277.978515625","20395","20465","32967"
"2024-05-20","2024-05-20 00:00","20382.016902647454","20604.960694727943","20312.656611777966","20327.51953125","20570","20515","52469"
"2024-05-21","2024-05-21 00:00","20411.74424041971","20441.470081546533","20352.29255816606","20362.201171875","20600","20550","33343"
"2024-05-22","2024-05-22 00:00","20401.836759768474","20401.836759768474","20342.385074213053","20382.01953125","20590","20570","20790"
"2024-05-23","2024-05-23 00:00","20382.017431959917","20466.240644488676","20377.063125340577","20456.33203125","20570","20645","13013"
"2024-05-24","2024-05-24 00:00","20253.203441619873","20322.563727378845","20213.568992614746","20292.837890625","20440","20480","25676"
"2024-05-27","2024-05-27 00:00","20352.29219739165","20362.200810924947","20307.703436491815","20347.337890625","20540","20535","14726"
"2024-05-28","2024-05-28 00:00","20362.200254038857","20431.560546875","20362.200254038857","20431.560546875","20550","20620","15160"
"2024-05-29","2024-05-29 00:00","20436.515875095276","20456.33310261052","20292.840975609757","20312.658203125","20625","20500","21376"
"2024-05-30","2024-05-30 00:00","20208.616708386086","20208.616708386086","20035.215976639698","20055.033203125","20395","20240","25145"
"2024-05-31","2024-05-31 00:00","20055.034284877987","20134.303195094897","20030.262750435206","20099.623046875","20240","20285","11271"
"2024-06-03","2024-06-03 00:00","20372.10968598301","20411.744140625","20327.52092451077","20411.744140625","20560","20600","19387"
"2024-06-04","2024-06-04 00:00","20411.744551359883","20421.653165219766","20243.298115741865","20401.8359375","20600","20590","31721"
"2024-06-05","2024-06-05 00:00","20332.474247896855","20332.474247896855","20168.982130406457","20317.611328125","20520","20505","29294"
"2024-06-06","2024-06-06 00:00","20352.291111899096","20396.879870420784","20248.250675348492","20302.748046875","20540","20490","18376"
"2024-06-07","2024-06-07 00:00","20323.45624990419","20328.41439975779","20194.544353710604","20214.376953125","20495","20385","12802"
"2024-06-10","2024-06-10 00:00","20318.49609375","20318.49609375","20229.249405197657","20318.49609375","20490","20490","13187"
"2024-06-11","2024-06-11 00:00","20318.499715129576","20328.416015625","20268.91821265244","20328.416015625","20490","20500","11510"
"2024-06-12","2024-06-12 00:00","20313.540731161564","20323.45703125","20278.833680852036","20323.45703125","20485","20495","9862"
"2024-06-13","2024-06-13 00:00","20437.493874483847","20447.41017427739","20382.954225619385","20412.703125","20610","20585","22382"
"2024-06-14","2024-06-14 00:00","20377.99630436261","20506.908203125","20343.28925469581","20506.908203125","20550","20680","28076"
"2024-06-17","2024-06-17 00:00","20417.66184392475","20437.494444064552","20338.331443365547","20392.87109375","20590","20565","16270"
"2024-06-18","2024-06-18 00:00","20531.698384190066","20536.65653400513","20477.158736224334","20526.740234375","20705","20700","17664"
"2024-06-19","2024-06-19 00:00","20576.32251246396","20650.69476250901","20576.32251246396","20635.8203125","20750","20810","13666"
"2024-06-20","2024-06-20 00:00","20665.569156406884","20749.857706229082","20635.82025646964","20739.94140625","20840","20915","12543"
"2024-06-21","2024-06-21 00:00","20774.647319031854","20789.521768186292","20754.81472015927","20779.60546875","20950","20955","13755"
"2024-06-24","2024-06-24 00:00","20824.2287994283","20824.2287994283","20744.898404001906","20814.3125","21000","20990","15547"
"2024-06-25","2024-06-25 00:00","20809.35545016651","20844.0625","20764.73210038059","20844.0625","20985","21020","13847"
"2024-06-26","2024-06-26 00:00","20908.51839404586","20963.058043639056","20858.93689441568","20948.18359375","21085","21125","25205"
"2024-06-27","2024-06-27 00:00","20953.14312725378","20968.017578125","20883.729023188105","20968.017578125","21130","21145","19791"
"2024-06-28","2024-06-28 00:00","21077.095968375528","21126.677469124472","20977.932966877645","21101.88671875","21255","21280","21899"
"2024-07-01","2024-07-01 00:00","21121.718731690882","21156.42578125","21022.55573295055","21156.42578125","21300","21335","21977"
"2024-07-02","2024-07-02 00:00","21181.216246486296","21181.216246486296","21111.802148300245","21166.341796875","21360","21345","24299"
"2024-07-03","2024-07-03 00:00","21250.630273482955","21305.169921875","21196.090625090907","21305.169921875","21430","21485","17456"
"2024-07-04","2024-07-04 00:00","21439.041849710982","21493.581502890174","21389.46034682081","21444","21620","21625","24577"
"2024-07-05","2024-07-05 00:00","21453.915219337025","21468.78966945443","21344.835918476056","21379.54296875","21635","21560","26134"
"2024-07-08","2024-07-08 00:00","21448.955394431556","21448.955394431556","21339.87610208817","21369.625","21630","21550","20114"
"2024-07-09","2024-07-09 00:00","21463.83034491088","21498.53739328565","21349.792900250923","21488.62109375","21645","21670","22016"
"2024-07-10","2024-07-10 00:00","21488.62440664557","21553.08036356444","21488.62440664557","21543.1640625","21670","21725","14519"
"2024-07-11","2024-07-11 00:00","21716.695563311136","21791.067808390966","21701.82111429517","21776.193359375","21900","21960","20688"
"2024-07-12","2024-07-12 00:00","21250.63050278035","21429.12389944393","21171.300104263206","21399.375","21430","21580","56060"
"2024-07-16","2024-07-16 00:00","21404.333415749392","21429.1241655939","21374.58451593598","21424.166015625","21585","21605","25627"
"2024-07-17","2024-07-17 00:00","21453.914934026572","21468.789383946165","21359.710084535815","21389.458984375","21635","21570","18220"
"2024-07-18","2024-07-18 00:00","20928.351543098095","21037.430845146937","20868.853741980547","20963.05859375","21105","21140","32116"
"2024-07-19","2024-07-19 00:00","20923.39282549622","20982.890625","20883.727625827032","20982.890625","21100","21160","15926"
"2024-07-22","2024-07-22 00:00","20893.64542817865","20908.519879124196","20754.817219353543","20794.482421875","21070","20970","27257"
"2024-07-23","2024-07-23 00:00","20928.352459328882","20928.352459328882","20774.649799712868","20829.189453125","21105","21005","13289"
"2024-07-24","2024-07-24 00:00","20645.735022727273","20720.107267045456","20402.785691287878","20452.3671875","20820","20625","26405"
"2024-07-25","2024-07-25 00:00","20065.632332000125","20095.381230935633","19822.682990693476","19911.9296875","20235","20080","61152"
"2024-07-26","2024-07-26 00:00","19911.929369729663","20030.92496357267","19911.929369729663","19991.259765625","20080","20160","18819"
"2024-07-29","2024-07-29 00:00","20283.790481518776","20318.49752951942","20169.753038088093","20234.208984375","20455","20405","17879"
"2024-07-30","2024-07-30 00:00","20179.668192863464","20313.538227558136","20110.25410079956","20308.580078125","20350","20480","13857"
"2024-07-31","2024-07-31 00:00","19961.512153417465","20214.37780662767","19926.80510297685","20184.62890625","20130","20355","20974"
"2024-08-01","2024-08-01 00:00","20016.05079869727","20030.92524813896","19768.143308002484","19981.34375","20185","20150","23721"
"2024-08-02","2024-08-02 00:00","19416.11475426319","19445.86365327381","19237.621360199486","19262.412109375","19580","19425","34299"
"2024-08-05","2024-08-05 00:00","18374.90453062961","18469.109383862735","17204.781090470788","17482.4375","18530","17630","107391"
"2024-08-06","2024-08-06 00:00","17551.851943081867","18345.15598570704","17551.851943081867","18320.365234375","17700","18475","70893"
"2024-08-07","2024-08-07 00:00","18260.865647234936","18746.764325874366","17849.33921532603","18553.396484375","18415","18710","42347"
"2024-08-08","2024-08-08 00:00","18335.239380146464","18513.732786767683","18186.494874628777","18364.98828125","18490","18520","19153"
"2024-08-09","2024-08-09 00:00","18930.21544407895","18930.21544407895","18677.349810855263","18840.96875","19090","19000","20576"
"2024-08-13","2024-08-13 00:00","18959.96590465661","19064.08705632967","18900.468103700572","19059.12890625","19120","19220","25693"
"2024-08-14","2024-08-14 00:00","19252.494975379763","19262.411274620237","19103.750486772657","19257.453125","19415","19420","19393"
"2024-08-15","2024-08-15 00:00","19267.37160317384","19401.241658059505","19267.37160317384","19351.66015625","19430","19515","14762"
"2024-08-16","2024-08-16 00:00","19892.097105730856","19897.055255557807","19778.05965971096","19877.22265625","20060","20045","19452"
"2024-08-19","2024-08-19 00:00","19837.559082404077","19852.43353310321","19406.20001212936","19480.572265625","20005","19645","26391"
"2024-08-20","2024-08-20 00:00","19783.018092361803","19872.264790522833","19654.106195018092","19867.306640625","19950","20035","14897"
"2024-08-21","2024-08-21 00:00","19520.237649269624","19659.065857087644","19520.237649269624","19644.19140625","19685","19810","9985"
"2024-08-22","2024-08-22 00:00","19644.18916932076","19703.68696589619","19554.942474457617","19654.10546875","19810","19820","8528"
"2024-08-23","2024-08-23 00:00","19678.89678622159","19688.813085937498","19564.859339488634","19634.2734375","19845","19800","5362"
"2024-08-26","2024-08-26 00:00","19579.734127448723","19579.734127448723","19455.78037885763","19520.236328125","19745","19685","10152"
"2024-08-27","2024-08-27 00:00","19564.857421875","19599.564467478933","19495.44333066713","19564.857421875","19730","19730","7642"
"2024-08-28","2024-08-28 00:00","19515.27731012658","19604.524005142404","19495.444711234177","19584.69140625","19680","19750","7713"
"2024-08-29","2024-08-29 00:00","19401.240747753658","19505.36189666826","19386.366297908717","19485.529296875","19565","19650","10421"
"2024-08-30","2024-08-30 00:00","19574.775639204545","19634.2734375","19535.110440340908","19634.2734375","19740","19800","4182"
"2024-09-02","2024-09-02 00:00","19857.389239116","19936.71963308001","19778.058845151994","19837.556640625","20025","20005","12706"
"2024-09-03","2024-09-03 00:00","19926.80333383451","19976.384830062016","19837.556640625","19837.556640625","20095","20005","9614"
"2024-09-04","2024-09-04 00:00","19341.743059071985","19391.324558838896","19217.789309654705","19277.287109375","19505","19440","21715"
"2024-09-05","2024-09-05 00:00","19034.3373224247","19173.165518576796","18940.13247503578","19054.169921875","19195","19215","20525"
"2024-09-06","2024-09-06 00:00","19009.546359215354","19039.295258056063","18865.760014818574","18925.2578125","19170","19085","10777"
"2024-09-09","2024-09-09 00:00","18548.43963943263","18781.47269558161","18543.4814893018","18712.05859375","18705","18870","17547"
"2024-09-10","2024-09-10 00:00","18880.635068439064","18920.300268162675","18816.179118888194","18836.01171875","19040","18995","7106"
"2024-09-11","2024-09-11 00:00","18781.470497669776","18781.470497669776","18493.89782373502","18617.8515625","18940","18775","10272"
"2024-09-12","2024-09-12 00:00","19014.504422418548","19098.79296875","18955.006625008114","19098.79296875","19175","19260","6527"
"2024-09-13","2024-09-13 00:00","19088.878418223994","19088.878418223994","18945.092061307503","18969.8828125","19250","19130","7862"
"2024-09-17","2024-09-17 00:00","19044.253924589204","19059.128374413147","18959.965375586857","19009.546875","19205","19170","4906"
"2024-09-18","2024-09-18 00:00","19188.038810385886","19222.745857329737","19093.83396868115","19128.541015625","19350","19290","5845"
"2024-09-19","2024-09-19 00:00","19336.784252053094","19525.193944765408","19336.784252053094","19470.654296875","19500","19635","9191"
"2024-09-20","2024-09-20 00:00","19654.106376603377","19659.064526547023","19505.36187829407","19520.236328125","19820","19685","10728"
"2024-09-24","2024-09-24 00:00","19693.771694440973","19832.59989369685","19644.19019470673","19822.68359375","19860","19990","11477"
"2024-09-25","2024-09-25 00:00","19797.892881094693","19812.76733104292","19728.478781336282","19753.26953125","19965","19920","9173"
"2024-09-26","2024-09-26 00:00","19946.63610212605","20070.58984375","19931.761653131176","20070.58984375","20115","20240","19340"
"2024-09-27","2024-09-27 00:00","20144.963329460046","20368.080078125","20140.005179489715","20368.080078125","20315","20540","15678"
"2024-09-30","2024-09-30 00:00","19902.01515817223","19916.889608963094","19723.5217486819","19748.3125","20070","19915","22297"
"2024-10-01","2024-10-01 00:00","20075.550517066178","20075.550517066178","19842.517453519104","20050.759765625","20245","20220","9408"
"2024-10-02","2024-10-02 00:00","19832.60070831253","19971.42891327072","19718.563254239732","19862.349609375","20000","20030","9299"
"2024-10-03","2024-10-03 00:00","20239.169434797004","20298.667238133006","20090.424926457","20120.173828125","20410","20290","22787"
"2024-10-04","2024-10-04 00:00","20144.960951946192","20164.793549486873","20070.58871116864","20110.25390625","20315","20280","9610"
"2024-10-07","2024-10-07 00:00","20625.904641044235","20625.904641044235","20501.950887191804","20511.8671875","20800","20685","34828"
"2024-10-08","2024-10-08 00:00","20363.119438026173","20437.491678486458","20254.040152017755","20318.49609375","20535","20490","9151"
"2024-10-09","2024-10-09 00:00","20437.493856465204","20477.15905560439","20377.996057756427","20447.41015625","20610","20620","17075"
"2024-10-10","2024-10-10 00:00","20650.694743755994","20700.276243741006","20611.02954376799","20670.52734375","20825","20845","15790"
"2024-10-11","2024-10-11 00:00","20625.904296875","20655.653197303185","20576.32279616136","20625.904296875","20800","20800","5625"
"2024-10-15","2024-10-15 00:00","20948.18138703863","20992.8047320051","20878.76729486856","20888.68359375","21125","21065","26388"
"2024-10-16","2024-10-16 00:00","20670.526191667665","20744.8984375","20427.576855282026","20744.8984375","20845","20920","9952"
"2024-10-17","2024-10-17 00:00","20774.648153290495","20814.31335262852","20725.066654117963","20784.564453125","20950","20960","8103"
"2024-10-18","2024-10-18 00:00","20863.8939803805","20918.43362719233","20799.438034148334","20849.01953125","21040","21025","6294"
"2024-10-21","2024-10-21 00:00","20903.56001471113","20928.35076425419","20829.187766081937","20853.978515625","21080","21030","10433"
"2024-10-22","2024-10-22 00:00","20913.47571078214","20972.973507967865","20878.7686624238","20943.224609375","21090","21120","11462"
"2024-10-23","2024-10-23 00:00","20977.930195174795","21096.92578125","20953.139448075795","21096.92578125","21155","21275","14662"
"2024-10-24","2024-10-24 00:00","20987.848490733497","21067.17888899755","20963.05774127598","20992.806640625","21165","21170","7362"
"2024-10-25","2024-10-25 00:00","20963.057777325237","20977.932227025325","20853.978479524587","20923.392578125","21140","21100","9829"
"2024-10-28","2024-10-28 00:00","21091.971453274575","21265.506714408708","21082.055152638335","21235.7578125","21270","21415","13840"
"2024-10-29","2024-10-29 00:00","21210.966286706465","21235.75703739219","21126.677734375","21126.677734375","21390","21305","11117"
"2024-10-30","2024-10-30 00:00","21220.880893254805","21265.504240927537","21151.466796875","21151.466796875","21400","21330","8767"
"2024-10-31","2024-10-31 00:00","21101.88651004728","21136.59356022828","20972.974609375","20972.974609375","21280","21150","6065"
"2024-11-01","2024-11-01 00:00","20650.69468787291","20804.3973374105","20596.15503803699","20774.6484375","20825","20950","9268"
"2024-11-05","2024-11-05 00:00","20754.81661120756","20883.728515625","20710.193259678446","20883.728515625","20930","21060","12944"
"2024-11-06","2024-11-06 00:00","20918.434773346657","21359.71012172965","20908.518473382992","21320.044921875","21095","21500","18936"
"2024-11-07","2024-11-07 00:00","21572.90960552984","21617.532953369366","21473.746610330898","21558.03515625","21755","21740","27466"
"2024-11-08","2024-11-08 00:00","21587.787417289986","21632.410772079977","21463.833653984464","21543.1640625","21770","21725","12753"
"2024-11-11","2024-11-11 00:00","21622.492472022685","21622.492472022685","21543.16207084122","21612.576171875","21805","21795","18022"
"2024-11-12","2024-11-12 00:00","21612.577026619572","21657.200379048933","21538.204772570643","21582.828125","21795","21765","13374"
"2024-11-13","2024-11-13 00:00","21577.867454670646","21612.57450250674","21548.11855652542","21602.658203125","21760","21785","10212"
"2024-11-14","2024-11-14 00:00","21662.158731213603","21766.279887852535","21642.326129949048","21711.740234375","21845","21895","10299"
"2024-11-15","2024-11-15 00:00","21716.695629368125","21716.695629368125","21637.365234375","21637.365234375","21900","21820","13780"
"2024-11-18","2024-11-18 00:00","21349.794068515188","21443.998919258753","20353.20591064906","21379.54296875","21530","21560","20084"
"2024-11-19","2024-11-19 00:00","21404.33422936157","21463.83203125","21325.00382684367","21463.83203125","21585","21645","7275"
"2024-11-20","2024-11-20 00:00","21468.78817798132","21612.574519127156","21468.78817798132","21567.951171875","21650","21750","9986"
"2024-11-21","2024-11-21 00:00","21572.909388466713","21587.78383759689","21429.123046875","21429.123046875","21755","21610","7555"
"2024-11-22","2024-11-22 00:00","21429.124638276942","21577.869140625","21429.124638276942","21577.869140625","21610","21760","6069"
"2024-11-25","2024-11-25 00:00","21622.492717448808","21672.07421875","21582.82751640786","21672.07421875","21805","21855","11773"
"2024-11-26","2024-11-26 00:00","21607.61720545564","21612.57535534216","21429.12380954091","21572.91015625","21790","21755","17860"
"2024-11-27","2024-11-27 00:00","21513.414124920393","21513.414124920393","21389.460367574688","21409.29296875","21695","21590","9382"
"2024-11-28","2024-11-28 00:00","21280.3783062645","21369.625","21220.880510440835","21369.625","21460","21550","14684"
"2024-11-29","2024-11-29 00:00","21325.003739860804","21344.836340409383","21077.09623300355","21126.677734375","21505","21305","9151"
"2024-12-02","2024-12-02 00:00","21220.880009041062","21270.46150438929","21161.38221462319","21250.62890625","21400","21430","7668"
"2024-12-03","2024-12-03 00:00","21245.673239368745","21320.04549108182","21225.840638911923","21300.212890625","21425","21480","6380"
"2024-12-04","2024-12-04 00:00","21270.46455888135","21359.71126332421","21255.590108140874","21280.380859375","21450","21460","12303"
"2024-12-05","2024-12-05 00:00","21310.128392533872","21320.0446923908","21215.923543893074","21225.83984375","21490","21405","23872"
"2024-12-06","2024-12-06 00:00","21240.103611732597","21289.718429793174","21215.29620270231","21274.833984375","21405","21440","6040"
"2024-12-09","2024-12-09 00:00","21284.757907042705","21334.372727338843","21235.143086746568","21319.48828125","21450","21485","11985"
"2024-12-10","2024-12-10 00:00","21418.717791118994","21438.563719116326","21349.25704312834","21374.064453125","21585","21540","9693"
"2024-12-11","2024-12-11 00:00","21383.987962002262","21403.83389050528","21334.373140744716","21369.103515625","21550","21535","6611"
"2024-12-12","2024-12-12 00:00","21557.639630045647","21607.254450828263","21498.10184510651","21602.29296875","21725","21770","19551"
"2024-12-13","2024-12-13 00:00","21527.872183573036","21562.602560453655","21478.257359457864","21517.94921875","21695","21685","9251"
"2024-12-16","2024-12-16 00:00","21592.372957422325","21627.10333671965","21537.79664709796","21557.642578125","21760","21725","15351"
"2024-12-17","2024-12-17 00:00","21632.0625","21686.638804472477","21617.178053325686","21632.0625","21800","21800","14711"
"2024-12-18","2024-12-18 00:00","21527.87000493118","21572.523342115874","21517.94704111236","21537.79296875","21695","21705","8569"
"2024-12-19","2024-12-19 00:00","21041.645863009147","21254.98959611676","21041.645863009147","21225.220703125","21205","21390","26481"
"2024-12-20","2024-12-20 00:00","21468.33306368096","21488.178992096655","21264.912297420058","21334.373046875","21635","21500","12833"
"2024-12-23","2024-12-23 00:00","21572.525708888763","21587.41015625","21483.21902472133","21587.41015625","21740","21755","12440"
"2024-12-24","2024-12-24 00:00","21632.0625","21686.638804472477","21592.370642201833","21632.0625","21800","21800","10861"
"2024-12-25","2024-12-25 00:00","21746.176100536508","21770.98351110066","21666.79238673122","21761.060546875","21915","21930","17820"
"2024-12-26","2024-12-26 00:00","21830.523301122194","21914.86850478562","21785.869958006264","21885.099609375","22000","22055","24654"
"2024-12-27","2024-12-27 00:00","21959.51975650865","21969.442720700474","21890.059007165873","21939.673828125","22130","22110","17652"
"2024-12-30","2024-12-30 00:00","21845.406568723756","21885.09842712707","21800.75322802003","21860.291015625","22015","22030","22195"
"2025-01-06","2025-01-06 00:00","21830.521390564532","21830.521390564532","21721.36878361171","21795.791015625","22000","21965","35804"
"2025-01-07","2025-01-07 00:00","21870.212984852777","21954.558180121036","21870.212984852777","21904.943359375","22040","22075","15258"
"2025-01-08","2025-01-08 00:00","21830.520939843216","21890.058724224607","21795.79056562074","21835.482421875","22000","22005","14075"
"2025-01-09","2025-01-09 00:00","21785.869048403998","21795.792013126567","21681.677918817004","21751.138671875","21955","21920","13117"
"2025-01-10","2025-01-10 00:00","21691.600022107486","21751.137808078503","21651.908164793473","21741.21484375","21860","21910","8193"
"2025-01-14","2025-01-14 00:00","21438.564957389637","21522.91015625","21374.06568767289","21522.91015625","21605","21690","24934"
"2025-01-15","2025-01-15 00:00","21532.83316153067","21537.794643825953","21383.988692672163","21433.603515625","21700","21600","11834"
"2025-01-16","2025-01-16 00:00","21612.215802190723","21676.71506881801","21512.98616122566","21656.869140625","21780","21825","8107"
"2025-01-17","2025-01-17 00:00","21508.025033674567","21582.447265625","21433.602801724137","21582.447265625","21675","21750","10384"
"2025-01-20","2025-01-20 00:00","21731.290471282242","21751.136398653278","21686.637134697416","21736.251953125","21900","21905","15810"
"2025-01-21","2025-01-21 00:00","21780.905835295376","21835.48213693279","21686.637677921663","21731.291015625","21950","21900","9031"
"2025-01-22","2025-01-22 00:00","21929.75172708522","21954.559138541197","21895.02135104685","21949.59765625","22100","22120","15974"
"2025-01-23","2025-01-23 00:00","22038.90157602738","22103.400837731195","22014.094167679756","22063.708984375","22210","22235","11167"
"2025-01-24","2025-01-24 00:00","22167.902288360907","22212.55562779583","21999.211894940076","22043.865234375","22340","22215","16222"
"2025-01-27","2025-01-27 00:00","22038.902505735896","22038.902505735896","21850.366194340586","21895.01953125","22210","22065","13004"
"2025-01-28","2025-01-28 00:00","21795.790341231554","21880.13553490352","21761.05996736663","21855.328125","21965","22025","10931"
"2025-01-29","2025-01-29 00:00","22004.174918138815","22009.136400645726","21939.675645549007","21994.251953125","22175","22165","6585"
"2025-01-30","2025-01-30 00:00","21929.751408405904","21954.558819501384","21895.021032872228","21934.712890625","22100","22105","8706"
"2025-01-31","2025-01-31 00:00","21939.67506001516","22093.481013624492","21929.752095266173","22088.51953125","22110","22260","7495"
"2025-02-03","2025-02-03 00:00","21741.213823165825","21805.713088273344","21532.831582049217","21572.5234375","21910","21740","28225"
"2025-02-04","2025-02-04 00:00","21880.13579632957","21924.789134689425","21641.984658410336","21746.17578125","22050","21915","7321"
"2025-02-05","2025-02-05 00:00","21800.751571983794","21810.67453583085","21602.29229504266","21661.830078125","21970","21830","13534"
"2025-02-06","2025-02-06 00:00","21731.294059073778","21780.90888569267","21671.75626713111","21721.37109375","21900","21890","8446"
"2025-02-07","2025-02-07 00:00","21622.140625","21661.832484798073","21547.718387878613","21622.140625","21790","21790","14451"
"2025-02-10","2025-02-10 00:00","21577.48664676442","21597.332576078526","21503.064411836513","21592.37109375","21745","21760","8402"
"2025-02-12","2025-02-12 00:00","21775.94549880763","21880.136625596184","21775.94549880763","21845.40625","21945","22015","11043"
"2025-02-13","2025-02-13 00:00","21984.327580310808","22043.865366581114","21964.48165155404","21989.2890625","22155","22160","11249"
"2025-02-14","2025-02-14 00:00","22009.135217296185","22024.01966401663","21929.75150145382","21969.443359375","22180","22140","5531"
"2025-02-17","2025-02-17 00:00","21919.826395771976","21959.518249815927","21860.28861470605","21899.98046875","22090","22070","8863"
"2025-02-18","2025-02-18 00:00","21899.982833338043","21979.366549997176","21870.21393959087","21949.59765625","22070","22120","5453"
"2025-02-19","2025-02-19 00:00","21994.251861779117","22014.097791724325","21944.63703691609","21959.521484375","22165","22130","10969"
"2025-02-20","2025-02-20 00:00","21845.405553540284","21944.635194937244","21666.79219902576","21691.599609375","22015","21860","16173"
"2025-02-21","2025-02-21 00:00","21632.061376284248","21731.291015625","21597.331002514984","21731.291015625","21800","21900","11549"
"2025-02-25","2025-02-25 00:00","21264.91197892425","21354.218655457298","21250.027532835407","21319.48828125","21430","21485","36692"
"2025-02-26","2025-02-26 00:00","21170.64417456066","21254.989370475243","21066.453050195585","21245.06640625","21335","21410","17416"
"2025-02-27","2025-02-27 00:00","21135.912493805386","21274.833984375","21111.1050847751","21274.833984375","21300","21440","11771"
"2025-02-28","2025-02-28 00:00","20987.06990058501","21036.684723045022","20793.572092990966","20937.455078125","21150","21100","26004"
"2025-03-03","2025-03-03 00:00","21259.952261757968","21289.72115640687","21160.722612928294","21250.029296875","21425","21415","13111"
"2025-03-04","2025-03-04 00:00","20912.648211124528","20957.301552500594","20724.111880870023","20932.494140625","21075","21095","21143"
"2025-03-05","2025-03-05 00:00","20887.838659334127","20912.64606866825","20793.57050386445","20863.03125","21050","21025","12381"
"2025-03-06","2025-03-06 00:00","20952.338754622782","20982.10764700444","20907.685416050295","20962.26171875","21115","21125","8934"
"2025-03-07","2025-03-07 00:00","20570.305364999094","20629.843151873185","20466.114237969432","20510.767578125","20730","20670","22291"
"2025-03-10","2025-03-10 00:00","20396.651767270734","20500.842885517555","20361.921394521793","20490.919921875","20555","20650","13388"
"2025-03-11","2025-03-11 00:00","19925.31178942165","20084.079214038557","19667.31472441918","20074.15625","20080","20230","24541"
"2025-03-12","2025-03-12 00:00","20029.50358718471","20074.156926863845","20004.69617625186","20014.619140625","20185","20170","16490"
"2025-03-13","2025-03-13 00:00","20208.116661377866","20208.116661377866","19890.581805908143","19910.427734375","20365","20065","16867"
"2025-03-14","2025-03-14 00:00","19910.428107503558","20103.92591368164","19910.428107503558","20049.349609375","20065","20205","10125"
"2025-03-17","2025-03-17 00:00","20277.576491824573","20351.99872020171","20227.96167290648","20292.4609375","20435","20450","24898"
"2025-03-18","2025-03-18 00:00","20624.882494188583","20654.65138881575","20555.42174005853","20609.998046875","20785","20770","23848"
"2025-03-19","2025-03-19 00:00","20530.612192406403","20600.072939311594","20505.804782797404","20540.53515625","20690","20700","18238"
"2025-03-21","2025-03-21 00:00","20466.11324589292","20580.22733187002","20466.11324589292","20555.419921875","20625","20715","9879"
"2025-03-24","2025-03-24 00:00","20699.303823815946","20714.188270477367","20639.766037170262","20689.380859375","20860","20850","8704"
"2025-03-25","2025-03-25 00:00","20922.572175159592","20967.22551866835","20833.26548814207","20887.841796875","21085","21050","10596"
"2025-03-26","2025-03-26 00:00","20887.84025566499","20967.223971601008","20863.032844434983","20937.455078125","21050","21100","10523"
"2025-03-27","2025-03-27 00:00","20724.1095670037","20793.5703125","20639.764376043906","20793.5703125","20885","20955","11209"
"2025-03-28","2025-03-28 00:00","20778.68872567365","20778.68872567365","20639.76721556886","20714.189453125","20940","20875","10509"
"2025-03-31","2025-03-31 00:00","20218.040689377016","20227.963654132538","19974.928052866715","19989.8125","20375","20145","22895"
"2025-04-01","2025-04-01 00:00","20247.80859375","20247.80859375","20128.733022505206","20247.80859375","20405","20405","9577"
"2025-04-02","2025-04-02 00:00","20376.80577611145","20376.80577611145","20277.576139996956","20366.8828125","20535","20525","11494"
"2025-04-03","2025-04-03 00:00","19592.8929533293","19806.236685158412","19548.239614109254","19731.814453125","19745","19885","36239"
"2025-04-04","2025-04-04 00:00","19186.050461289306","19290.24158093944","18992.552667653337","19171.166015625","19335","19320","29673"
"2025-04-07","2025-04-07 00:00","18655.173214537506","18655.173214537506","17216.343365543922","17593.416015625","18800","17730","98327"
"2025-04-08","2025-04-08 00:00","18134.217396243886","18347.561130317343","18089.564056554093","18253.29296875","18275","18395","47113"
"2025-04-09","2025-04-09 00:00","17459.45575478507","17558.685398176858","17112.152002913816","17399.91796875","17595","17535","58400"
"2025-04-10","2025-04-10 00:00","19349.7802734375","19359.70323768029","19012.39948918269","19091.783203125","19500","19240","41202"
"2025-04-11","2025-04-11 00:00","18154.062954082056","18645.249680634155","18034.987384008822","18630.365234375","18295","18775","28948"
"2025-04-14","2025-04-14 00:00","18794.095200212145","18794.095200212145","18555.944046671968","18709.75","18940","18855","24694"
"2025-04-15","2025-04-15 00:00","18759.36305678253","18833.785285254293","18754.401574884414","18779.208984375","18905","18925","7976"
"2025-04-16","2025-04-16 00:00","18714.712438536928","18714.712438536928","18426.94644664002","18541.060546875","18860","18685","11522"
"2025-04-17","2025-04-17 00:00","18387.25368767486","18630.366324128197","18362.446275791866","18620.443359375","18530","18765","7352"
"2025-04-18","2025-04-18 00:00","18655.17222963952","18655.17222963952","18516.250734312416","18580.75","18800","18725","8753"
"2025-04-21","2025-04-21 00:00","18357.482032526554","18417.019812091505","18208.637583614174","18218.560546875","18500","18360","16419"
"2025-04-22","2025-04-22 00:00","18054.83466449545","18218.56358560794","17955.605015336365","17995.296875","18195","18135","24859"
"2025-04-23","2025-04-23 00:00","18610.519586595437","18858.593694654563","18610.519586595437","18734.556640625","18755","18880","20981"
"2025-04-24","2025-04-24 00:00","18918.13012284128","18962.78345908717","18779.20863229852","18853.630859375","19065","19000","12134"
"2025-04-25","2025-04-25 00:00","19210.86005956956","19394.434910345408","19200.93709466276","19364.666015625","19360","19515","16447"
"2025-04-28","2025-04-28 00:00","19394.43413850595","19399.3956207619","19315.05042241076","19389.47265625","19545","19540","14548"
"2025-04-30","2025-04-30 00:00","19359.70557500319","19444.05078125","19270.39888603598","19444.05078125","19510","19595","12010"
"2025-05-01","2025-05-01 00:00","19647.46890264905","19821.12077426337","19553.2007437727","19806.236328125","19800","19960","11222"
"2025-05-02","2025-05-02 00:00","19850.889688371284","20039.42600633132","19821.120796061805","20019.580078125","20005","20175","12769"
"2025-05-07","2025-05-07 00:00","19870.735273956507","19885.6197198546","19766.54415266984","19791.3515625","20025","19945","19881"
"2025-05-08","2025-05-08 00:00","19845.928206319702","20019.580078125","19796.313385803904","20019.580078125","20000","20175","9642"
"2025-05-09","2025-05-09 00:00","20153.540339653904","20223.00108922435","20143.617375429556","20213.078125","20310","20370","14877"
"2025-05-12","2025-05-12 00:00","20401.61470614774","20619.919921875","20366.8843309184","20619.919921875","20560","20780","14165"
"2025-05-13","2025-05-13 00:00","20982.107683715385","20996.992129932256","20858.07063190813","20872.955078125","21145","21035","13572"
"2025-05-14","2025-05-14 00:00","20962.261906736552","21061.49154889862","20962.261906736552","21031.72265625","21125","21195","16526"
"2025-05-15","2025-05-15 00:00","20937.4531884859","20947.376152082335","20743.95539835534","20758.83984375","21100","20920","9987"
"2025-05-16","2025-05-16 00:00","20887.839204477878","20907.68513246313","20788.609564551618","20858.0703125","21050","21020","3242"
"2025-05-19","2025-05-19 00:00","20838.22355252151","20838.22355252151","20734.0324347589","20758.83984375","21000","20920","10499"
"2025-05-20","2025-05-20 00:00","20957.299309194856","21026.760055011317","20788.608926497738","20828.30078125","21120","20990","5827"
"2025-05-21","2025-05-21 00:00","20788.610730841934","20838.225553588574","20669.53515625","20669.53515625","20950","20830","5698"
"2025-05-22","2025-05-22 00:00","20520.69003521982","20540.53596368715","20426.421875","20426.421875","20680","20585","9845"
"2025-05-23","2025-05-23 00:00","20480.99785792416","20530.612678316418","20411.537109375","20411.537109375","20640","20570","3668"
"2025-05-26","2025-05-26 00:00","20436.343079100854","20505.803822754024","20411.535670653295","20495.880859375","20595","20655","6185"
"2025-05-27","2025-05-27 00:00","20500.845024432914","20590.151706533543","20391.69241297659","20560.3828125","20660","20720","5785"
"2025-05-28","2025-05-28 00:00","20838.22528653295","20863.032697588347","20753.880088944603","20778.6875","21000","20940","8816"
"2025-05-29","2025-05-29 00:00","21086.30105288574","21215.299600503397","21076.378087684385","21190.4921875","21250","21355","19051"
"2025-05-30","2025-05-30 00:00","20694.341984487008","20853.10941280242","20570.304931115592","20763.802734375","20855","20925","19917"
"2025-06-02","2025-06-02 00:00","20763.801712407403","20763.801712407403","20595.111328125","20595.111328125","20925","20755","9557"
"2025-06-03","2025-06-03 00:00","20694.342116000837","20753.879901997483","20659.611740836128","20709.2265625","20855","20870","7067"
"2025-06-04","2025-06-04 00:00","20972.184777070535","20996.9921875","20912.646992039816","20996.9921875","21135","21160","14243"
"2025-06-05","2025-06-05 00:00","20699.303372950573","20768.764122524233","20664.572998163745","20729.072265625","20860","20890","8148"
"2025-06-06","2025-06-06 00:00","20746.601321039678","20821.08648614633","20716.807254997017","20806.189453125","20890","20950","5281"
"2025-06-09","2025-06-09 00:00","20999.850684149667","21034.61042753795","20930.331197373103","20935.296875","21145","21080","9178"
"2025-06-10","2025-06-10 00:00","21004.816976411195","21173.650020666035","20984.95426532239","21024.6796875","21150","21170","21244"
"2025-06-11","2025-06-11 00:00","21128.958150533803","21163.71789367217","21089.232729804247","21133.923828125","21275","21280","6641"
"2025-06-12","2025-06-12 00:00","21044.542355968602","21064.40506701718","20930.33176743928","20955.16015625","21190","21100","9736"
"2025-06-13","2025-06-13 00:00","20915.435159056888","20955.160581961078","20622.460165138473","20731.705078125","21060","20875","16370"
"2025-06-16","2025-06-16 00:00","20920.40093991241","20935.297973574823","20855.8471273753","20905.50390625","21065","21050","11218"
"2025-06-17","2025-06-17 00:00","20984.95428646693","21104.13055311984","20984.95428646693","21059.439453125","21130","21205","9029"
"2025-06-18","2025-06-18 00:00","21004.818074813742","21054.474855132452","20955.161294495032","20994.88671875","21150","21140","7133"
"2025-06-19","2025-06-19 00:00","20960.12466789908","20989.918732814356","20865.77679566736","20880.673828125","21105","21025","4107"
"2025-06-20","2025-06-20 00:00","20900.53822836253","20960.126363012176","20875.709838925177","20905.50390625","21045","21050","3786"
"2025-06-23","2025-06-23 00:00","20930.329913985257","21094.197265625","20900.53585005076","21094.197265625","21075","21240","14790"
"2025-06-24","2025-06-24 00:00","21183.58152415801","21272.963724681882","21183.58152415801","21267.998046875","21330","21415","17345"
"2025-06-25","2025-06-25 00:00","21267.997257536208","21342.482421875","21238.20319180069","21342.482421875","21415","21490","9781"
"2025-06-26","2025-06-26 00:00","21312.688333867394","21317.654011484792","21248.134524841236","21307.72265625","21460","21455","9244"
"2025-06-27","2025-06-27 00:00","21402.071431548655","21441.796854159416","21362.34600893789","21407.037109375","21550","21555","15634"
"2025-06-30","2025-06-30 00:00","21546.075579800137","21551.04125750924","21481.521769581792","21491.453125","21695","21640","10348"
"2025-07-01","2025-07-01 00:00","21491.452817492474","21496.41849513053","21416.967652921685","21446.76171875","21640","21595","6801"
"2025-07-02","2025-07-02 00:00","21407.03522793672","21516.28013051492","21362.344131427457","21511.314453125","21555","21660","8455"
"2025-07-03","2025-07-03 00:00","21546.07535998246","21585.80078125","21501.384261056475","21585.80078125","21695","21735","9873"
"2025-07-04","2025-07-04 00:00","21759.59896968958","21769.530324764746","21635.45703125","21635.45703125","21910","21785","8500"
"2025-07-07","2025-07-07 00:00","21650.354962731322","21739.737162118745","21426.899464262766","21734.771484375","21800","21885","28675"
"2025-07-08","2025-07-08 00:00","21769.53214407357","21888.70841493529","21754.635110215855","21868.845703125","21920","22020","21021"
"2025-07-09","2025-07-09 00:00","21953.260884851312","21988.02062839213","21908.569786013115","21958.2265625","22105","22110","11501"
"2025-07-10","2025-07-10 00:00","21997.952554860483","21997.952554860483","21898.638999308067","21978.08984375","22150","22130","5317"
"2025-07-11","2025-07-11 00:00","22047.610228997975","22132.026754649545","21918.50260153087","22077.404296875","22200","22230","9689"
"2025-07-14","2025-07-14 00:00","22022.779845089688","22042.642555209273","21948.294682141244","22007.8828125","22175","22160","13685"
"2025-07-15","2025-07-15 00:00","22156.8546960373","22271.065287253987","22141.95766240034","22266.099609375","22310","22420","14973"
"2025-07-16","2025-07-16 00:00","22266.097895586427","22310.788993057497","22201.544088128212","22206.509765625","22420","22360","15512"
"2025-07-17","2025-07-17 00:00","22211.475251153293","22335.6171875","22206.509573699423","22335.6171875","22365","22490","6494"
"2025-07-18","2025-07-18 00:00","22375.344928431427","22529.280945471233","22360.447894524346","22484.58984375","22530","22640","17639"
"2025-07-22","2025-07-22 00:00","22330.65181852535","22390.23994879493","22295.892075868094","22380.30859375","22485","22535","16511"
"2025-07-23","2025-07-23 00:00","22325.687825520832","22444.864095052082","22216.44291178385","22405.138671875","22480","22560","17396"
"2025-07-24","2025-07-24 00:00","22494.519816547607","22544.176593184577","22444.863039910637","22504.451171875","22650","22660","14522"
"2025-07-25","2025-07-25 00:00","22544.176066779502","22638.52394018673","22504.450646397512","22554.107421875","22700","22710","14947"
"2025-07-28","2025-07-28 00:00","22802.3903632804","22827.21875","22688.17978437024","22827.21875","22960","22985","26800"
"2025-07-29","2025-07-29 00:00","22713.008622666173","22792.45946174852","22648.454815911766","22673.283203125","22870","22830","14224"
"2025-07-30","2025-07-30 00:00","22663.351538498464","22663.351538498464","22608.729087375876","22628.591796875","22820","22785","8130"
"2025-07-31","2025-07-31 00:00","22752.734397982946","22832.185238307637","22752.734397982946","22787.494140625","22910","22945","9335"
"2025-08-01","2025-08-01 00:00","22827.219537729157","22832.185215244433","22703.077599847227","22752.734375","22985","22910","10762"
"2025-08-04","2025-08-04 00:00","22032.712425511974","22216.44250433639","22032.712425511974","22186.6484375","22185","22340","27361"
"2025-08-05","2025-08-05 00:00","22276.02908140261","22370.376953125","22246.23501664817","22370.376953125","22430","22525","11847"
"2025-08-06","2025-08-06 00:00","22261.132639503987","22425","22261.132639503987","22425","22415","22580","8268"
"2025-08-07","2025-08-07 00:00","22479.624165780973","22564.040691254417","22469.69280984292","22484.58984375","22635","22640","7062"
"2025-08-08","2025-08-08 00:00","22474.656011562085","22569.003882578367","22464.724656718266","22534.244140625","22630","22690","10956"
"2025-08-12","2025-08-12 00:00","22678.25170701163","22787.49662436531","22668.320350888567","22737.83984375","22835","22895","19324"
"2025-08-13","2025-08-13 00:00","22871.910990092292","22926.53344360749","22842.116924538543","22866.9453125","23030","23025","14369"
"2025-08-14","2025-08-14 00:00","22901.705805425045","22901.705805425045","22713.010050740275","22722.94140625","23060","22880","12061"
"2025-08-15","2025-08-15 00:00","22926.533751727082","22931.49942938611","22842.117231523625","22911.63671875","23085","23070","8154"
"2025-08-18","2025-08-18 00:00","22926.533203125","22941.430235745614","22881.842105263157","22926.533203125","23085","23085","17487"
"2025-08-19","2025-08-19 00:00","22961.294862046492","22991.08892977406","22852.049947045405","22857.015625","23120","23015","9154"
"2025-08-20","2025-08-20 00:00","22832.18543344565","22832.18543344565","22643.489686061803","22658.38671875","22990","22815","14236"
"2025-08-21","2025-08-21 00:00","22678.25170701163","22737.83984375","22673.2860289501","22737.83984375","22835","22895","5714"
"2025-08-22","2025-08-22 00:00","22782.528748502504","22827.21984674499","22742.803327842517","22797.42578125","22940","22955","7720"
"2025-08-25","2025-08-25 00:00","22961.2938027255","22981.156513627513","22896.739992293966","22956.328125","23120","23115","16231"
"2025-08-26","2025-08-26 00:00","22951.362117938734","22951.362117938734","22708.043912880534","22876.876953125","23110","23035","11618"
"2025-08-27","2025-08-27 00:00","22901.70538540089","22966.25919503016","22881.842674745727","22946.396484375","23060","23105","11738"
"2025-08-28","2025-08-28 00:00","22866.945597816502","22911.636696704743","22842.117209545257","22876.876953125","23025","23035","13382"
"2025-08-29","2025-08-29 00:00","22881.84293760832","22926.534037095837","22866.945904445813","22921.568359375","23040","23080","4512"
"2025-09-01","2025-09-01 00:00","22881.841487279842","22926.532583934688","22817.287681000624","22837.150390625","23040","22995","10307"
"2025-09-02","2025-09-02 00:00","22822.253974780702","22926.533203125","22822.253974780702","22926.533203125","22980","23085","9176"
"2025-09-03","2025-09-03 00:00","22926.533751727082","22936.465107045133","22817.28884322849","22911.63671875","23085","23070","10206"
"2025-09-04","2025-09-04 00:00","22852.047470294547","22941.429663789833","22852.047470294547","22906.669921875","23010","23065","7144"
"2025-09-05","2025-09-05 00:00","23115.228801233356","23140.05718877496","23070.53770365847","23125.16015625","23275","23285","13688"
"2025-09-08","2025-09-08 00:00","23174.81752548937","23199.645913667526","23115.2293938618","23179.783203125","23335","23340","19246"
"2025-09-09","2025-09-09 00:00","23120.194982489225","23149.98904818831","23025.84710777546","23040.744140625","23280","23200","18757"
"2025-09-10","2025-09-10 00:00","23179.78348835653","23189.71484375","23125.16103369245","23189.71484375","23340","23350","10380"
"2025-09-11","2025-09-11 00:00","23219.50785914179","23289.02734375","23199.64514925373","23289.02734375","23380","23450","8186"
"2025-09-12","2025-09-12 00:00","23388.341248607576","23636.62512598133","23239.370922183323","23403.23828125","23550","23565","15280"
"2025-09-16","2025-09-16 00:00","23507.51812678345","23522.415159816897","23457.86135000528","23492.62109375","23670","23655","22459"
"2025-09-17","2025-09-17 00:00","23462.82779858051","23492.621865626326","23333.720174715305","23383.376953125","23625","23545","12630"
"2025-09-18","2025-09-18 00:00","23447.929732039167","23517.44921875","23447.929732039167","23517.44921875","23610","23680","13463"
"2025-09-19","2025-09-19 00:00","23676.35094736842","23711.110690789475","23522.414940789473","23586.96875","23840","23750","28397"
"2025-09-22","2025-09-22 00:00","23726.008646574734","23780.6311026468","23696.214579626336","23721.04296875","23890","23885","13706"
"2025-09-24","2025-09-24 00:00","23691.248112903017","23815.39005438752","23641.591336309215","23795.52734375","23855","23960","18083"
"2025-09-25","2025-09-25 00:00","23820.35685219656","23845.185241661016","23780.631429053436","23800.494140625","23985","23965","13379"
"2025-09-26","2025-09-26 00:00","23805.45788818359","23835.251953125","23765.732468261718","23835.251953125","23970","24000","16740"
"2025-09-29","2025-09-29 00:00","23865.046611930993","23904.772032841407","23840.218223861983","23889.875","24030","24055","16771"
"2025-09-30","2025-09-30 00:00","23835.251953125","23865.046018066405","23785.595178222655","23835.251953125","24000","24000","16340"
"2025-10-01","2025-10-01 00:00","23835.252963701216","23835.252963701216","23656.488566473457","23666.419921875","24000","23830","12061"
"2025-10-02","2025-10-02 00:00","23810.426085358555","23874.979899562866","23800.494729327125","23855.1171875","23975","24020","9296"
"2025-10-03","2025-10-03 00:00","23894.84074432171","24009.051329757993","23855.115323300393","23994.154296875","24060","24160","11692"
"2025-10-06","2025-10-06 00:00","24386.44311776356","24485.756671490963","24331.82066321349","24446.03125","24555","24615","22981"
"2025-10-07","2025-10-07 00:00","24480.79079659401","24575.138671875","24446.031053069433","24575.138671875","24650","24745","23916"
"2025-10-08","2025-10-08 00:00","24639.692591292132","24773.765888342696","24639.692591292132","24748.9375","24810","24920","20438"
"2025-10-09","2025-10-09 00:00","24902.873923605934","24967.427734375","24828.38875733393","24967.427734375","25075","25140","23499"
"2025-10-10","2025-10-10 00:00","24907.840903973178","24907.840903973178","24778.733275683047","24808.52734375","25080","24980","20066"
"2025-10-14","2025-10-14 00:00","24411.27159605101","24580.104638009052","24143.125","24143.125","24580","24310","33701"
"2025-10-15","2025-10-15 00:00","24341.751690028275","24376.511433363692","24267.266525738105","24366.580078125","24510","24535","13496"
"2025-10-16","2025-10-16 00:00","24371.545253477863","24450.99609375","24297.060090722738","24450.99609375","24540","24620","12614"
"2025-10-17","2025-10-17 00:00","24098.433747548956","24167.95323497234","23899.806640625","23899.806640625","24265","24065","27144"
"2025-10-20","2025-10-20 00:00","24331.821736570775","24401.34122724669","24277.199279611126","24381.478515625","24500","24550","15900"
"2025-10-21","2025-10-21 00:00","24614.864159173794","24679.41796875","24550.310349597585","24679.41796875","24785","24850","14744"
"2025-10-22","2025-10-22 00:00","24684.383120764305","24729.07421875","24580.10389213102","24729.07421875","24855","24900","12853"
"2025-10-23","2025-10-23 00:00","24560.241704917004","24739.0061006665","24560.241704917004","24679.41796875","24730","24850","15682"
"2025-10-27","2025-10-27 00:00","25250.47129488815","25305.09375","25185.91748430141","25305.09375","25425","25480","22176"
"2025-10-28","2025-10-28 00:00","25305.094481842887","25310.060159723937","25121.364400243947","25126.330078125","25480","25300","26946"
"2025-10-29","2025-10-29 00:00","25185.91665440455","25310.05859375","25126.328523518736","25310.05859375","25360","25485","23141"
"2025-10-30","2025-10-30 00:00","25329.92161182922","25478.891940853897","25235.573736780258","25354.75","25505","25530","19362"
"2025-10-31","2025-10-31 00:00","25424.26953125","25488.82334060669","25369.647077178954","25424.26953125","25600","25600","12576"
"2025-11-04","2025-11-04 00:00","25419.303918544018","25424.269596199527","25086.603515625","25086.603515625","25595","25260","29124"
"2025-11-05","2025-11-05 00:00","24947.564212668785","25007.15234375","24669.486267623113","25007.15234375","25120","25180","24245"
"2025-11-06","2025-11-06 00:00","25245.503834497827","25250.46951188463","25096.533512893788","25141.224609375","25420","25315","15852"
"2025-11-07","2025-11-07 00:00","24868.113895244725","24957.49609375","24758.868985960504","24957.49609375","25040","25130","17946"
"2025-11-10","2025-11-10 00:00","25106.46629213483","25190.8828125","25002.187061095505","25190.8828125","25280","25365","18326"
"2025-11-11","2025-11-11 00:00","25394.475706765126","25444.13248366533","25324.956219104835","25364.681640625","25570","25540","18540"
"2025-11-12","2025-11-12 00:00","25454.063445524465","25622.896484375","25424.26937984496","25622.896484375","25630","25800","18161"
"2025-11-13","2025-11-13 00:00","25598.068425032605","25702.34765625","25573.24003664751","25702.34765625","25775","25880","19102"
"2025-11-14","2025-11-14 00:00","25215.71150783402","25369.64751743285","25156.12337508609","25235.57421875","25390","25410","31374"
"2025-11-17","2025-11-17 00:00","25195.84687100855","25270.33203125","25131.293065465958","25270.33203125","25370","25445","15175"
"2025-11-18","2025-11-18 00:00","25086.603647914588","25126.329069368134","24773.765953967908","24853.216796875","25260","25025","27134"
"2025-11-19","2025-11-19 00:00","24838.3183116041","24878.043730735015","24709.21069942863","24768.798828125","25010","24940","21661"
"2025-11-20","2025-11-20 00:00","25329.922224153495","25513.652301058744","25329.922224153495","25444.1328125","25505","25620","27547"
"2025-11-21","2025-11-21 00:00","24878.044350685428","24977.357900987565","24838.318930564572","24858.181640625","25050","25030","29065"
"2025-11-25","2025-11-25 00:00","25245.504717358646","25275.298782721384","25175.985231512263","25205.779296875","25420","25380","21781"
"2025-11-26","2025-11-26 00:00","25404.406842756485","25459.029296875","25344.818710990832","25459.029296875","25580","25635","32130"
"2025-11-27","2025-11-27 00:00","25593.102703651683","25647.725158005618","25573.239992977527","25632.828125","25770","25810","20337"
"2025-11-28","2025-11-28 00:00","25667.587342299885","25682.484375","25622.896244199535","25682.484375","25845","25860","13503"
"2025-12-01","2025-12-01 00:00","25722.209946475545","25727.175624071388","25404.406580341485","25483.857421875","25900","25660","25831"
"2025-12-02","2025-12-02 00:00","25558.341773315904","25578.20448306785","25488.822289184092","25523.58203125","25735","25700","9712"
"2025-12-03","2025-12-03 00:00","25603.035197050292","25717.245788503387","25598.069519161025","25672.5546875","25780","25850","21963"
"2025-12-04","2025-12-04 00:00","25652.690857606645","25821.52389848133","25652.690857606645","25667.587890625","25830","25845","33446"
"2025-12-05","2025-12-05 00:00","25493.787990121673","25622.895603628327","25468.959602908853","25558.341796875","25670","25735","20657"
"2025-12-08","2025-12-08 00:00","25612.698437121486","25637.541015625","25528.233670209545","25637.541015625","25775","25800","14349"
"2025-12-09","2025-12-09 00:00","25642.5095313257","25657.41507842781","25607.729921420785","25637.541015625","25805","25800","13134"
"2025-12-10","2025-12-10 00:00","25692.195078276112","25726.9746887089","25647.4784362911","25687.2265625","25855","25850","15294"
"2025-12-11","2025-12-11 00:00","25746.84796875","25746.84796875","25498.4221875","25587.85546875","25910","25750","15499"
"2025-12-12","2025-12-12 00:00","25746.848514361525","25811.439218855292","25707.100388519204","25806.470703125","25910","25970","23964"
"2025-12-15","2025-12-15 00:00","25637.54093853296","25657.415001276007","25523.265077760425","25553.076171875","25800","25715","31108"
"2025-12-16","2025-12-16 00:00","25493.453750598364","25553.075938282476","25259.93351550226","25299.681640625","25655","25460","22694"
"2025-12-17","2025-12-17 00:00","25314.58796589214","25433.832344926766","25225.15468161617","25399.052734375","25475","25560","18267"
"2025-12-18","2025-12-18 00:00","25235.091792283016","25399.052813969436","25195.34366581358","25359.3046875","25395","25520","16655"
"2025-12-19","2025-12-19 00:00","25433.830704800195","25513.326952363546","25389.114065545808","25488.484375","25595","25650","14378"
"2025-12-22","2025-12-22 00:00","26015.147184862868","26015.147184862868","25905.83984375","25905.83984375","26180","26070","38020"
"2025-12-23","2025-12-23 00:00","25990.305234375002","25990.305234375002","25821.375703125","25836.28125","26155","26000","23729"
"2025-12-24","2025-12-24 00:00","25985.336562080618","25985.336562080618","25861.123672204514","25915.77734375","26150","26080","18037"
"2025-12-25","2025-12-25 00:00","26228.793984375","26293.3846875","25915.7775","26084.70703125","26395","26250","23574"
"2025-12-26","2025-12-26 00:00","26134.391485975437","26293.383981707604","26084.706331059133","26194.013671875","26300","26360","43596"
"2025-12-29","2025-12-29 00:00","26149.297890743845","26208.920078600375","26049.927577649625","26129.423828125","26315","26295","53599"
"2025-12-30","2025-12-30 00:00","26015.147656399065","26084.706874731684","25985.336562827946","26039.990234375","26180","26205","22432"
"2026-01-05","2026-01-05 00:00","26154.266405658593","26268.54226571371","26154.266405658593","26253.63671875","26320","26420","45197"
"2026-01-06","2026-01-06 00:00","26328.164296875002","26353.006875","26263.57359375","26333.1328125","26495","26500","46818"
"2026-01-07","2026-01-07 00:00","26412.62898425725","26452.377109139507","26353.006796933874","26372.880859375","26580","26540","35685"
"2026-01-08","2026-01-08 00:00","26333.13257696957","26372.880701614053","26189.04562513332","26203.951171875","26500","26370","29200"
"2026-01-09","2026-01-09 00:00","26313.25812711705","26407.659921757386","26313.25812711705","26402.69140625","26480","26570","22416"
"2026-01-13","2026-01-13 00:00","26790.235861034165","26904.51171875","26720.67664329409","26904.51171875","26960","27075","33464"
"2026-01-14","2026-01-14 00:00","26929.35562344585","26993.946328815735","26909.481560255113","26974.072265625","27100","27145","29124"
"2026-01-15","2026-01-15 00:00","26760.424611398215","26914.448592637233","26725.64500273134","26859.794921875","26930","27030","45218"
"2026-01-16","2026-01-16 00:00","26904.512734837022","26909.481250577526","26825.016482988936","26884.638671875","27075","27055","31948"
"2026-01-19","2026-01-19 00:00","26780.298668403426","26780.298668403426","26427.534066277887","26611.369140625","26950","26780","50140"
"2026-01-20","2026-01-20 00:00","26576.590234814397","26591.495781777277","26477.219921728534","26502.0625","26745","26670","35662"
"2026-01-21","2026-01-21 00:00","26308.29109099974","26392.755859375","26039.991238513627","26392.755859375","26475","26560","30469"
"2026-01-22","2026-01-22 00:00","26710.740234375","26735.582812717985","26641.18101501465","26710.740234375","26880","26880","24925"
"2026-01-23","2026-01-23 00:00","26829.983594472713","26874.700233796833","26745.518831304926","26854.826171875","27000","27025","24268"
"2026-01-26","2026-01-26 00:00","26357.975941236477","26372.881488422852","26049.927966051433","26179.109375","26525","26345","73517"
"2026-01-27","2026-01-27 00:00","26288.41671587117","26427.53515625","26223.826011409572","26427.53515625","26455","26595","32592"
"2026-01-28","2026-01-28 00:00","26194.013908550398","26333.13234357305","26194.013908550398","26323.1953125","26360","26490","50472"
"2026-01-29","2026-01-29 00:00","26328.1640625","26328.1640625","26198.98265739998","26328.1640625","26495","26495","27163"
"2026-01-30","2026-01-30 00:00","26263.57406329946","26288.416641868604","26154.266717595223","26218.857421875","26430","26385","22896"
"2026-02-02","2026-02-02 00:00","26298.353044568394","26417.597418849455","25915.77734375","25915.77734375","26465","26080","53670"
"2026-02-03","2026-02-03 00:00","26536.841173917484","26611.36890610411","26437.47086433532","26606.400390625","26705","26775","35726"
"2026-02-04","2026-02-04 00:00","26502.06179912131","26651.11726480816","26497.093283598417","26611.369140625","26670","26780","23500"
"2026-02-05","2026-02-05 00:00","26601.433438815482","26631.24453344247","26432.503902595883","26556.716796875","26770","26725","24094"
"2026-02-06","2026-02-06 00:00","26059.865073277288","26263.57421875","25945.58921118284","26263.57421875","26225","26430","38340"
"2026-02-09","2026-02-09 00:00","26909.480074567924","26909.480074567924","26685.896876016308","26735.58203125","27080","26905","43884"
"2026-02-10","2026-02-10 00:00","26834.952029176526","26889.605699297048","26700.80211160797","26770.361328125","27005","26940","24118"
"2026-02-12","2026-02-12 00:00","26447.408359902478","26511.999062265568","26338.101017441862","26492.125","26615","26660","38647"
"2026-02-13","2026-02-13 00:00","26039.990781697707","26119.487032891593","25950.557499104583","26010.1796875","26205","26175","43240"
"2026-02-16","2026-02-16 00:00","26010.17906312512","26099.612343571396","26010.17906312512","26079.73828125","26175","26245","21675"
"2026-02-17","2026-02-17 00:00","26124.45523498898","26129.423750628954","25885.966484270175","25920.74609375","26290","26085","22978"
"2026-02-18","2026-02-18 00:00","26084.706410858624","26288.415546638662","26044.95828680398","26278.478515625","26250","26445","22367"
"2026-02-19","2026-02-19 00:00","26477.219375804656","26591.49523349719","26417.597189182467","26531.873046875","26645","26700","15085"
"2026-02-20","2026-02-20 00:00","26502.06265572361","26566.65335960895","26442.440467521756","26546.779296875","26670","26715","12117"
"2026-02-24","2026-02-24 00:00","26392.75461142322","26541.8100779787","26348.037971456575","26531.873046875","26560","26700","22561"
"2026-02-25","2026-02-25 00:00","26760.42578125","26815.079454401457","26725.646171062708","26760.42578125","26930","26930","35457"
"2026-02-26","2026-02-26 00:00","27013.819843893743","27048.599453771847","26944.260624137532","27003.8828125","27185","27175","30458"
"2026-02-27","2026-02-27 00:00","26825.016482988936","26904.512734837022","26780.299841324388","26884.638671875","26995","27055","22058"
"2026-03-02","2026-03-02 00:00","26661.054921860443","26790.236328488914","26571.621640348425","26666.0234375","26830","26835","29468"
"2026-03-03","2026-03-03 00:00","26829.984847954034","26864.764457942125","26571.622030899664","26591.49609375","27000","26760","27175"
"2026-03-04","2026-03-04 00:00","26343.069687911495","26417.59742184561","26044.95875217504","26412.62890625","26510","26580","42632"
"2026-03-05","2026-03-05 00:00","26482.18765436818","26571.62093350113","26372.880313205682","26402.69140625","26650","26570","24978"
"2026-03-06","2026-03-06 00:00","26333.133276695626","26611.370156600336","26333.133276695626","26591.49609375","26500","26760","20763"
"2026-03-09","2026-03-09 00:00","25726.97468121408","25940.620859524664","25548.108113326147","25935.65234375","25890","26100","59507"
"2026-03-10","2026-03-10 00:00","26248.66890559982","26308.29109505036","26164.204137211556","26268.54296875","26415","26435","22796"
"2026-03-11","2026-03-11 00:00","26482.187891356505","26641.180389015684","26432.502735838014","26531.873046875","26650","26700","31531"
"2026-03-12","2026-03-12 00:00","26333.13265598422","26571.62140456672","26189.045703715627","26288.416015625","26500","26455","18810"
"2026-03-13","2026-03-13 00:00","26134.39203216547","26288.416015625","26049.9272670425","26288.416015625","26300","26455","31088"
"2026-03-16","2026-03-16 00:00","26059.86538901908","26139.36164187405","26039.99132580534","26104.58203125","26225","26270","21507"
"2026-03-17","2026-03-17 00:00","26293.385472011385","26293.385472011385","26134.39296726755","26184.078125","26460","26350","12923"
"2026-03-18","2026-03-18 00:00","26268.54125821059","26521.935546875","26268.54125821059","26521.935546875","26435","26690","19086"
"2026-03-19","2026-03-19 00:00","26104.580312648668","26228.79319955697","26039.989611456353","26109.548828125","26270","26275","21836"
"2026-03-23","2026-03-23 00:00","25324.52468782207","25428.86351820156","25170.500700119013","25309.619140625","25485","25470","57199"
"2026-03-24","2026-03-24 00:00","25707.0994505411","25707.0994505411","25369.2403932089","25538.169921875","25870","25700","19921"
"2026-03-25","2026-03-25 00:00","25816.407577075337","25945.588985274713","25786.59648287548","25885.966796875","25980","26050","38236"
"2026-03-26","2026-03-26 00:00","25925.71453125","25925.71453125","25776.6590625","25836.28125","26090","26000","17039"
"2026-03-27","2026-03-27 00:00","25612.698280299097","25717.037109375","25438.800231839257","25717.037109375","25775","25880","34245"
"2026-03-30","2026-03-30 00:00","25220.185854781208","25433.83203125","25016.476709776078","25433.83203125","25380","25595","36210"
"2026-03-31","2026-03-31 00:00","25120.815624382532","25339.43031731624","24946.917573185263","25145.658203125","25280","25305","25949"
"2026-04-01","2026-04-01 00:00","25836.280626678174","25905.83984375","25597.791882431913","25905.83984375","26000","26070","21428"
"2026-04-02","2026-04-02 00:00","26074.769761118663","26074.769761118663","25423.894220206595","25582.88671875","26240","25745","31257"
"2026-04-03","2026-04-03 00:00","25930.683517156864","26035.022347174163","25637.541089965398","25846.21875","26095","26010","11171"
"2026-04-06","2026-04-06 00:00","25846.21797054186","26044.958593152714","25846.21797054186","25995.2734375","26010","26160","14829"
"2026-04-07","2026-04-07 00:00","26134.392108971908","26134.392108971908","25975.399609449647","26000.2421875","26300","26165","11376"
"2026-04-08","2026-04-08 00:00","26566.653824778867","26680.9296875","26487.157572451117","26680.9296875","26735","26850","32814"
"2026-04-09","2026-04-09 00:00","26680.92898441867","26765.393750291132","26631.243828023104","26666.0234375","26850","26835","26878"
"2026-04-10","2026-04-10 00:00","26849.859295604674","26889.607421875","26750.48897992886","26889.607421875","27020","27060","18006"
"2026-04-13","2026-04-13 00:00","26725.645780295315","26899.543828689133","26616.33843559063","26834.953125","26895","27005","18844"
"2026-04-14","2026-04-14 00:00","27108.221561814193","27306.962189100217","27103.253046132042","27167.84375","27280","27340","18693"
"2026-04-15","2026-04-15 00:00","27366.58499643923","27490.797891303242","27366.58499643923","27470.923828125","27540","27645","35327"
"2026-04-16","2026-04-16 00:00","27659.726328096927","27664.694843693855","27580.230078546083","27654.7578125","27835","27830","22218"
"2026-04-17","2026-04-17 00:00","27674.631328377378","27724.31648336549","27639.8517198857","27684.568359375","27850","27860","15108"
"2026-04-20","2026-04-20 00:00","27803.814139746562","27903.18445475638","27719.34937198822","27838.59375","27980","28015","45661"
"2026-04-21","2026-04-21 00:00","27947.900935658996","28042.302734375","27823.688042611622","28042.302734375","28125","28220","38996"
"2026-04-22","2026-04-22 00:00","27873.372500166934","27932.994687333066","27813.7503130008","27903.18359375","28050","28080","19466"
"2026-04-23","2026-04-23 00:00","28022.428673918846","28047.271252530478","27684.569604800676","27918.08984375","28200","28095","27558"
"2026-04-24","2026-04-24 00:00","27923.057578291697","27942.931640625","27838.592813375155","27942.931640625","28100","28120","14572"
"2026-04-27","2026-04-27 00:00","28002.55484250443","28067.145547428587","27942.932653343665","28047.271484375","28180","28225","33609"
"2026-04-28","2026-04-28 00:00","28101.923983266843","28121.798045489806","27962.805547706117","28022.427734375","28280","28200","24982"
"2026-04-30","2026-04-30 00:00","27972.743751390124","28067.14555090636","27853.499373053826","27923.05859375","28150","28100","25203"
"2026-05-01","2026-05-01 00:00","27823.687889928697","27987.648907851493","27803.813827150178","27873.373046875","28000","28050","34933"
"2026-05-07","2026-05-07 00:00","28370.223985964953","28563.99609375","28191.357424932597","28563.99609375","28550","28745","33074"
"2026-05-08","2026-05-08 00:00","28419.91031102723","28484.501016279566","28186.390068961096","28464.626953125","28600","28645","38247"
"2026-05-11","2026-05-11 00:00","28539.154689954616","28573.934300475106","28305.634447888486","28464.626953125","28720","28645","39120"
"2026-05-12","2026-05-12 00:00","28559.02695162731","28598.77507542916","28429.845549271307","28509.341796875","28740","28690","23238"
"2026-05-13","2026-05-13 00:00","28509.34234478135","28618.649687337154","28429.84609564986","28603.744140625","28690","28785","20378"
"2026-05-14","2026-05-14 00:00","28817.391641325918","28896.887894129573","28698.14726212043","28797.517578125","29000","28980","24636"
"2026-05-15","2026-05-15 00:00","28921.729610374525","28986.32031385071","28653.429765165758","28737.89453125","29105","28920","29474"
"2026-05-18","2026-05-18 00:00","28559.027106180092","28568.96413718433","28419.90867212076","28429.845703125","28740","28610","31895"
"2026-05-19","2026-05-19 00:00","28718.01945058997","28718.01945058997","28519.278831554744","28633.5546875","28900","28815","23048"
"2026-05-20","2026-05-20 00:00","28559.027891048627","28593.807500519284","28345.381718586017","28405.00390625","28740","28585","25650"
"2026-05-21","2026-05-21 00:00","28718.02070278738","28847.202110792998","28544.12265354905","28742.86328125","28900","28925","21155"
"2026-05-22","2026-05-22 00:00","28961.47711089796","29115.501092788134","28926.697502084047","29055.87890625","29145","29240","26376"
"2026-05-25","2026-05-25 00:00","29314.242032978545","30099.267497590514","29180.092111810678","29642.1640625","29500","29830","57996"
"2026-05-26","2026-05-26 00:00","29761.409536918458","29761.409536918458","29428.51897949383","29582.54296875","29950","29770","33464"
"2026-05-27","2026-05-27 00:00","29582.54147993037","29592.478510995174","29344.052734375","29344.052734375","29770","29530","43714"
"2026-05-28","2026-05-28 00:00","29368.89578121033","29463.29757783408","29165.186641127497","29353.990234375","29555","29540","27292"
"2026-05-29","2026-05-29 00:00","29552.73109346157","29746.50320385918","29468.266327390815","29607.384765625","29740","29795","27223"
"2026-06-01","2026-06-01 00:00","29632.226954492417","29811.093515585933","29632.226954492417","29806.125","29820","29995","34579"
"2026-06-02","2026-06-02 00:00","29900.52789148266","29910.464923018546","29676.94468192521","29870.716796875","30090","30060","36206"
"2026-06-03","2026-06-03 00:00","30148.952968339087","30377.504688270463","29920.40124840771","30228.44921875","30340","30420","53794"
"2026-06-04","2026-06-04 00:00","29910.464447371112","30606.056643821605","29880.65335323752","30357.630859375","30100","30550","64997"
"2026-06-05","2026-06-05 00:00","3045.7001953125","3080.479806025693","3028.8072415375204","3045.7001953125","3065","3065","309785"
"2026-06-08","2026-06-08 00:00","294.5","305.5","292","299.6000061035156","294.5","299.6000061035156","4410080"
"2026-06-09","2026-06-09 00:00","2988","2996","2900","2933","2988","2933","540727"
"2026-06-10","2026-06-10 00:00","2919","2931","2880","2908","2919","2908","361948"
"2026-06-11","2026-06-11 00:00","2850","2875","2828","2871","2850","2871","302384"
"2026-06-12","2026-06-12 00:00","2930","2935","2905","2922","2930","2922","429896"
"2026-06-15","2026-06-15 00:00","2947","2982","2944","2974","2947","2974","617208"
"2026-06-16","2026-06-16 00:00","2986","2986","2967","2983","2986","2983","337726"
"2026-06-17","2026-06-17 00:00","2974","2982","2917","2982","2974","2982","259877"
"2026-06-18","2026-06-18 00:00","2963","2980","2962","2978","2963","2978","608113"
"2026-06-19","2026-06-19 00:00","2995","2995","2961","2968","2995","2968","266837"
"2026-06-22","2026-06-22 00:00","2955","2986","2955","2982","2955","2982","284097"
"2026-06-23","2026-06-23 00:00","2983","2983","2930","2934","2983","2934","241264"
"2026-06-24","2026-06-24 00:00","2940","2949","2926","2941","2940","2941","229904"
"2026-06-25","2026-06-25 00:00","2952","2960","2940","2958","2952","2958","241074"
"2026-06-26","2026-06-26 00:00","2937","2944","2902","2914","2937","2914","405441"
"2026-06-29","2026-06-29 00:00","2938","2947","2921","2943","2938","2943","274090"
"2026-06-30","2026-06-30 00:00","2960","2977","2954","2971","2960","2971","299051"
"2026-07-01","2026-07-01 00:00","2990","2994","2982","2984","2990","2984","366977"
"2026-07-02","2026-07-02 00:00","2978","2990","2967","2983","2978","2983","253520"
"2026-07-03","2026-07-03 00:00","2969","2989","2961","2982","2969","2982","320158"
"2026-07-06","2026-07-06 00:00","2993","2998","2984","2994","2993","2994","452250"
"2026-07-07","2026-07-07 00:00","3007","3007","2980","2992","3007","2992","406488"
"2026-07-08","2026-07-08 00:00","2984","2994","2973","2982","2984","2982","280927"
"2026-07-09","2026-07-09 00:00","2980","2983","2975","2979","2980","2979","233588"
"2026-07-10","2026-07-10 00:00","2998","2999","2981","2988","2998","2988","304484"
"2026-07-13","2026-07-13 00:00","2990","2998","2967","2983","2990","2983","486809"
"2026-07-14","2026-07-14 00:00","2971","2981","2960","2981","2971","2981","269836"
"2026-07-15","2026-07-15 00:00","2995","3005","2989","3002","2995","3002","298802"
"2026-07-16","2026-07-16 00:00","2999","3007","2992","3000","2999","3000","309644"
"2026-07-17","2026-07-17 00:00","2980","2981","2945","2959","2980","2959","560220"
"2026-07-21","2026-07-21 00:00","2949","2973","2938","2970","2949","2970","245224"
"2026-07-22","2026-07-22 00:00","3000","3003","2981","2991","3000","2991","322902"
"2026-07-23","2026-07-23 00:00","2995","3005","2992","2996","2995","2996","173401"
"2026-07-24","2026-07-24 00:00","2980","2983","2967","2970","2980","2970","357421"
"2026-07-27","2026-07-27 00:00","2998","2999","2980","2993","2998","2993","196754"
"2026-07-28","2026-07-28 00:00","2976","2983","2959","2969","2976","2969","266925"
"2026-07-29","2026-07-29 00:00","2986","2987","2941","2962","2986","2962","463235"
"2026-07-30","2026-07-30 00:00","2943","2958","2937","2948","2943","2948","275512"
"2026-07-31","2026-07-31 00:00","2946","2968","2944","2968","2946","2968","342998"
"2026-08-03","2026-08-03 00:00","2921","2925","2874","2900","2921","2900","657109"
"2026-08-04","2026-08-04 00:00","2930","2940","2920","2939","2930","2939","245962"
"2026-08-05","2026-08-05 00:00","2980","2986","2976","2981","2980","2981","330289"
"2026-08-06","2026-08-06 00:00","2980","2982","2972","2982","2980","2982","305076"
"2026-08-07","2026-08-07 00:00","2984","2984","2976","2982","2984","2982","196731"
"2026-08-10","2026-08-10 00:00","2987","3007","2985","3007","2987","3007","283058"
"2026-08-12","2026-08-12 00:00","3018","3022","3006","3022","3018","3022","311924"
"2026-08-13","2026-08-13 00:00","3025","3035","3023","3034","3025","3034","215343"
"2026-08-14","2026-08-14 00:00","3047","3059","3041","3045","3047","3045","294220"
"2026-08-17","2026-08-17 00:00","3043","3047","3034","3047","3043","3047","221141"
"2026-08-18","2026-08-18 00:00","3032","3040","3024","3025","3032","3025","304231"
"2026-08-19","2026-08-19 00:00","3008","3008","2990","2997","3008","2997","279336"
"2026-08-20","2026-08-20 00:00","2997","3008","2991","3000","2997","3000","227701"
"2026-08-21","2026-08-21 00:00","2993","2999","2990","2997","2993","2997","174309"
"2026-08-24","2026-08-24 00:00","3006","3009","2992","2999","3006","2999","314391"
"2026-08-25","2026-08-25 00:00","2999","3007","2990","3007","2999","3007","181240"
"2026-08-26","2026-08-26 00:00","3014","3014","3003","3009","3014","3009","170847"
"2026-08-27","2026-08-27 00:00","3029","3029","3016","3022","3029","3022","340799"
"2026-08-28","2026-08-28 00:00","3024","3040","3024","3032","3024","3032","270440"
"2026-08-31","2026-08-31 00:00","3020","3028","3011","3025","3020","3025","281505"
"2026-09-01","2026-09-01 00:00","3023","3027","3019","3027","3023","3027","174514"
"2026-09-02","2026-09-02 00:00","3008","3012","2992","2995","3008","2995","294608"
"2026-09-03","2026-09-03 00:00","2997","2999","2960","2970","2997","2970","391448"
"2026-09-04","2026-09-04 00:00","2969","2983","2950","2980","2969","2980","368001"
"2026-09-07","2026-09-07 00:00","2975","2976","2962","2965","2975","2965","253989"
"2026-09-08","2026-09-08 00:00","2943","2949","2911","2924","2943","2924","481925"
"2026-09-09","2026-09-09 00:00","2901","2920","2901","2904","2901","2904","239929"
"2026-09-10","2026-09-10 00:00","2900","2906","2892","2904","2900","2904","256256"
"2026-09-11","2026-09-11 00:00","2886","2895","2882","2893","2886","2893","181363"
"2026-09-14","2026-09-14 00:00","2874","2894","2862","2894","2874","2894","222254"
"2026-09-15","2026-09-15 00:00","2890","2899","2882","2886","2890","2886","175025"
"2026-09-16","2026-09-16 00:00","2896","2901","2888","2897","2896","2897","148009"
"2026-09-17","2026-09-17 00:00","2908","2915","2900","2905","2908","2905","151212"
"2026-09-18","2026-09-18 00:00","2926","2962","2922","2951","2926","2951","305900"
"2026-09-24","2026-09-24 00:00","2981","2981","2959","2964","2981","2964","234882"
"2026-09-25","2026-09-25 00:00","2971","2977","2968","2977","2971","2977","243158"
"2026-09-28","2026-09-28 00:00","2973","2979","2966","2968","2973","2968","339937"
"2026-09-29","2026-09-29 00:00","2952","2959","2940","2953","2952","2953","277799"
"2026-09-30","2026-09-30 00:00","2959","2959","2936","2954","2959","2954","163638"
"2026-10-01","2026-10-01 00:00","2958","2976","2950","2972","2958","2972","237077"
"2026-10-02","2026-10-02 00:00","2957","2958","2950","2950","2957","2950","189613"
"2026-10-05","2026-10-05 00:00","2966","2971","2963","2967","2966","2967","302503"
"2026-10-06","2026-10-06 00:00","2988","2993","2982","2993","2988","2993","405111"
